request_id,type,ttft_ms,tokens_received,total_ms,error
2,short,1051.9977980002295,128,8884.236906000297,
20,short,1050.843884000642,128,8883.63907600069,
31,short,1050.145473000157,128,8883.381375999306,
15,short,1051.2586219992954,128,8884.986426000978,
12,short,1051.46646600042,128,8885.65382500019,
26,short,1050.635339001019,128,8885.274434000166,
29,short,1051.8509430003178,128,8885.60692000101,
0,short,1055.2555559988832,128,8889.345407998917,
45,short,1050.892600997031,128,8885.362713997893,
24,short,1052.2414719998778,128,8887.057343999913,
25,short,1052.177520999976,128,8887.329883000348,
13,short,1053.0056160023378,128,8888.645566003106,
27,short,1052.1677399992768,128,8888.258251998195,
40,short,1051.4546869999322,128,8888.018834997638,
36,short,1051.6806850027933,128,8893.243384001835,
5,short,1053.6722100005136,128,8895.50073600185,
21,short,1052.6961299983668,128,8894.913716998417,
47,short,1051.1298150013317,128,8893.58272499885,
17,short,1052.9928420000942,128,8895.641699000407,
10,short,1053.4684350022872,128,8896.308104001946,
22,short,1052.783418999752,128,8895.99750799971,
41,short,1051.6735169985623,128,8895.10891700047,
28,short,1052.491780003038,128,8896.139361000678,
8,short,1053.7319770010072,128,8897.578078998777,
39,short,1051.8842279998353,128,8896.102611997776,
44,short,1051.6315499990014,128,8896.121366000443,
9,short,1053.8343590014847,128,8898.539778001577,
32,short,1052.4323639983777,128,8897.499224000057,
14,short,1053.664506001951,128,8898.98490500127,
35,short,1052.3567519994685,128,8897.871508001117,
23,short,1053.1537999995635,128,8898.86043899969,
16,short,1054.8409759976494,128,8899.655359997269,
38,short,1053.6329780006781,128,8898.681203001615,
11,short,1055.330151997623,128,8900.591146997613,
42,short,1053.5178090030968,128,8898.981526999705,
33,short,1054.009456998756,128,8899.843930001225,
37,short,1053.8183429998753,128,8899.860789999366,
7,short,1055.736075999448,128,8901.993559000402,
4,short,1056.0353540022334,128,8902.639766001812,
46,short,1053.429543000675,128,8900.295826999354,
18,short,1055.242331000045,128,8902.32233200004,
3,short,1056.3831589970505,128,8903.676596997684,
1,short,1056.726326001808,128,8904.392806001852,
30,short,1054.729789000703,128,8902.624583999568,
43,short,1054.0620339997986,128,8902.183389000129,
6,short,1056.3082830012718,128,8904.75379000054,
34,short,1054.5879259989306,128,8903.294870000536,
19,short,1055.5667110020295,128,8904.486250001355,
97,short,216.6440330001933,128,8101.170071000524,
98,short,216.22601299895905,128,8101.097680999374,
99,short,215.71582999968086,128,8100.853462001396,
100,short,215.26449900193256,128,8100.656088001415,
101,short,214.81752500039875,128,8100.471515001118,
102,short,214.37066400176263,128,8100.273054998979,
103,short,214.04591200189316,128,8100.190207002015,
104,short,213.67281600032584,128,8100.045786002738,
105,short,213.3274280022306,128,8099.928634001117,
106,short,212.98996699988493,128,8099.816227997508,
107,short,212.4742999985756,128,8103.438431000541,
108,short,214.53029600161244,128,8103.236918999755,
109,short,214.07567899950664,128,8103.008455000236,
110,short,209.11712199813337,128,8098.282994997135,
111,short,208.83437700103968,128,8098.22961700047,
112,short,208.49466800063965,128,8098.0854610024835,
113,short,208.27049999934388,128,8098.098635000497,
114,short,208.10471400181996,128,8098.202993001905,
115,short,207.91584999824408,128,8098.2672609970905,
96,short,220.56012200118857,128,8111.169522999262,
116,short,207.54350700008217,128,8098.378178998246,
117,short,207.3511269991286,128,8098.415995998948,
118,short,207.14968199899886,128,8098.533254000358,
119,short,206.95282599990605,128,8098.5726049984805,
120,short,206.58079700297094,128,8098.430489000748,
121,short,206.28968899836764,128,8098.376179001207,
122,short,206.03013900108635,128,8098.368402999768,
123,short,205.72258200263605,128,8098.319229000481,
124,short,205.46754200040596,128,8098.298958000669,
125,short,205.3225380004733,128,8098.3983789992635,
126,short,205.13924999977462,128,8098.435027997766,
127,short,204.75617699776194,128,8098.28160699908,
128,short,204.46601699950406,128,8098.234567001782,
129,short,204.32935999997426,128,8098.367619000783,
130,short,204.10348199948203,128,8098.378408998542,
131,short,203.75498099747347,128,8098.2755629993335,
132,short,203.54880900049466,128,8098.299158002192,
133,short,203.31722699847887,128,8098.320254997816,
134,short,202.9550150000432,128,8098.2008800019685,
135,short,202.69674800147186,128,8098.195665003004,
136,short,202.46566499918117,128,8098.201010998309,
137,short,202.16213099774905,128,8098.153455997817,
138,short,201.9380480014661,128,8098.205191003217,
139,short,257.96475800234475,128,8140.515392002271,
140,short,257.8106100008881,128,8140.836146998481,
141,short,257.485034999263,128,8140.919286001008,
142,short,257.2240260014951,128,8140.899497000646,
143,short,256.9905780001136,128,8140.905150998151,
145,short,163.90777099877596,128,8227.419983999425,
146,short,163.65053900153725,128,8227.48633000083,
147,short,163.34755799834966,128,8227.40022599828,
148,short,164.56628300147713,128,8231.08177100221,
149,short,164.2840200001956,128,8231.139417999657,
150,short,164.10841300239554,128,8231.11237500052,
151,short,164.0517820014793,128,8231.111408000288,
152,short,163.84303100130637,128,8231.075040002906,
153,short,163.64376099954825,128,8231.03775799973,
154,short,159.50651799721527,128,8227.085822996742,
155,short,159.33223300089594,128,8226.997518002463,
156,short,159.11349299858557,128,8226.941224998882,
157,short,156.47524599989993,128,8226.897814001859,
158,short,156.31034100078978,128,8226.887926000927,
159,short,157.50465900055133,128,8226.806555998337,
160,short,157.51975100283744,128,8226.773239999602,
144,short,166.44809500212432,128,8238.246658002026,
161,short,225.63068800081965,128,8278.984673001105,
162,short,225.40380999998888,128,8279.307607001101,
163,short,225.14707099981024,128,8279.474541999662,
164,short,224.92312400208903,128,8279.599902001792,
165,short,224.66799600078957,128,8279.68317700288,
166,short,224.32051499708905,128,8279.781667999487,
167,short,224.13366800174117,128,8280.137200999889,
168,short,223.89444000145886,128,8280.244442001276,
169,short,223.6689089986612,128,8280.372867000551,
170,short,223.3891309988394,128,8280.433971998718,
171,short,223.0792560003465,128,8280.56581599958,
172,short,222.88409400061937,128,8280.999108003016,
173,short,222.6143920015602,128,8286.029763999977,
174,short,222.4384490000375,128,8286.148975003016,
175,short,222.20981400096207,128,8286.125844999333,
176,short,221.94214800038026,128,8286.059884001588,
177,short,221.60358800101676,128,8285.919137000747,
178,short,221.4855929996702,128,8285.991073000332,
179,short,221.21978200084413,128,8285.914669999329,
180,short,221.01558899885276,128,8285.90842199992,
181,short,220.70992400040268,128,8285.802139002044,
182,short,220.49203300048248,128,8285.78405799999,
183,short,220.24118999979692,128,8285.724121997191,
184,short,220.00322599706124,128,8285.677036998095,
185,short,219.72232600091957,128,8285.58725000039,
186,short,219.38177099946188,128,8285.408866999205,
187,short,176.92689099931158,128,8243.162101996859,
188,short,176.3730079983361,128,8242.79812199893,
189,short,176.04743099946063,128,8242.673139000544,
190,short,175.80719200122985,128,8242.613935002737,
191,short,175.5668190016877,128,8242.551508999895,
89,long,962.7289939999173,512,33090.9405780003,
60,long,1047.2233920008875,512,33167.4491249978,
58,long,1047.997308000049,512,33169.338621999486,
78,long,1045.7852610015834,512,33167.522566000116,
83,long,1045.425742999214,512,33167.447192998225,
68,long,1047.0326980030222,512,33169.336610000755,
62,long,1047.7859960010392,512,33170.419084999594,
66,long,1047.3322719990392,512,33170.24884800048,
77,long,1047.635941002227,512,33169.494828001916,
67,long,1048.7644219974754,512,33170.895842999016,
50,long,1050.6978389967117,512,33173.10331999761,
64,long,1049.2647159990156,512,33175.14328999823,
94,long,1046.1067750002258,512,33172.29887099893,
80,long,1047.5836469995556,512,33174.05896700075,
55,long,1050.4724979982711,512,33177.27182899762,
61,long,1049.8270650023187,512,33176.8831920017,
63,long,1049.6504080001614,512,33176.99149300097,
73,long,1048.6047779995715,512,33176.3170919985,
79,long,1048.033522998594,512,33175.9739659974,
54,long,1050.8175130016753,512,33179.05891100236,
90,long,1046.92692000026,512,33175.412942997355,
81,long,1047.936047998519,512,33176.69555499742,
69,long,1049.2544609987817,512,33178.27312999725,
53,long,1051.1292480005068,512,33180.448557999625,
74,long,1050.0948620028794,512,33178.42460200336,
57,long,1052.0238540011633,512,33180.61979400227,
85,long,1049.0325589998974,512,33177.89510500006,
88,long,1048.6789159986074,512,33177.71061399981,
87,long,1048.8583779988403,512,33178.11333300051,
95,long,1048.162320999836,512,33177.58760799916,
52,long,1052.78975499823,512,33182.41458299963,
84,long,1049.3547629994282,512,33179.18757099687,
82,long,1049.602948998654,512,33179.60498699904,
48,long,1053.3100139982707,512,33183.49778600168,
75,long,1050.436866000382,512,33180.816633001086,
59,long,1052.18391499875,512,33182.75575499865,
93,long,1048.615775998769,512,33179.38718899677,
72,long,1050.882109997474,512,33181.84255699816,
70,long,1051.0944380002911,512,33182.253077000496,
71,long,1051.0259270013194,512,33182.37232600222,
51,long,1053.2232920013485,512,33184.75747900084,
65,long,1051.7342720013403,512,33183.46186499912,
92,long,1048.8871199995629,512,33180.877647999296,
76,long,1050.6142500016722,512,33182.94633199912,
56,long,1052.8519360013888,512,33185.46188799883,
91,long,1049.1434290015604,512,33182.097980003164,
86,long,1049.77781100024,512,33183.91518900171,
49,long,1053.7194659991655,512,33188.178147000144,
205,short,161.85507200134452,128,8254.46529599867,
206,short,161.74041900012526,128,8255.599355998129,
193,short,168.65680200135102,128,8262.86204400094,
194,short,168.46045200145454,128,8262.99422000011,
195,short,165.81060500175226,128,8259.252976000425,
207,short,163.03978999712854,128,8256.591715999093,
208,short,160.484562999045,128,8253.922801999579,
196,short,165.73794900250505,128,8261.29455300179,
197,short,165.48789599983138,128,8261.438949000876,
198,short,165.44486199927633,128,8261.540275998414,
199,short,165.4293379979208,128,8261.927362000279,
200,short,165.25027999887243,128,8261.978628001089,
201,short,165.056118999928,128,8262.034100000164,
202,short,164.86471299867844,128,8262.080417000107,
192,short,171.21143600161304,128,8268.756064000627,
203,short,164.7711050027283,128,8262.480231001973,
204,short,164.60566399837262,128,8262.564544998895,
217,short,170.4615679991548,128,8229.669435000687,
218,short,170.11414599983254,128,8230.099197997333,
219,short,169.63897900131997,128,8231.122695000522,
220,short,168.94234199935454,128,8230.73531299815,
210,short,173.32187600186444,128,8235.731893000775,
211,short,172.91062599906581,128,8235.582043998875,
212,short,172.55412400118075,128,8235.464380999474,
213,short,172.20678000012413,128,8235.410319000948,
214,short,171.72818300241488,128,8235.373596002319,
215,short,171.1445149994688,128,8235.052420997818,
216,short,170.82457699871156,128,8234.940711998206,
209,short,174.67128900170792,128,8238.84529299903,
231,short,226.58240099917748,128,8292.843704999541,
232,short,226.37594800107763,128,8292.997818000003,
233,short,226.16766700230073,128,8293.056472000899,
234,short,225.92936600267421,128,8293.03591200005,
221,short,228.79416599971591,128,8297.907260999636,
222,short,228.46859700075584,128,8297.820851003053,
235,short,225.59505899698706,128,8294.708261997584,
223,short,228.29051300141145,128,8298.143297000934,
224,short,228.08518900274066,128,8298.128983002243,
236,short,225.4988320019038,128,8295.216960999824,
225,short,227.85076799846138,128,8298.32883799827,
237,short,225.21878400220885,128,8295.367180002359,
226,short,227.55310899810866,128,8298.410119001346,
238,short,225.07937900081743,128,8295.574555999337,
239,short,224.89503899851115,128,8295.747994001431,
227,short,227.44602099919575,128,8299.02519299867,
228,short,227.2100859991042,128,8298.993238000548,
229,short,227.0325009994849,128,8299.034619998565,
230,short,226.77490799833322,128,8299.006391000148,
291,short,326.4816629998677,128,8132.590242999868,
292,short,326.2465029984014,128,8132.682658000704,
293,short,326.0214010006166,128,8132.665561999602,
296,short,323.5369639987766,128,8130.375469001592,
297,short,323.6563659993408,128,8131.39153299926,
298,short,323.11092099917005,128,8131.105434000347,
299,short,322.9006699984893,128,8131.083074000344,
300,short,322.662375998334,128,8131.035791997419,
301,short,322.42746300107683,128,8131.014082002366,
302,short,322.0485710007779,128,8130.8324150013505,
304,short,321.4845830007107,128,8130.458139999973,
305,short,297.51518800185295,128,8106.691703000251,
289,short,328.0593140007113,128,8137.438558998838,
290,short,327.71473899993,128,8137.320223002462,
294,short,326.56664200112573,128,8136.389409999538,
295,short,324.7555750022002,128,8134.800104999158,
310,short,294.90458500004024,128,8104.599780999706,
311,short,294.69184700064943,128,8104.58320899852,
312,short,294.39763299888,128,8104.477244996815,
313,short,293.95680200104835,128,8104.223335001734,
314,short,293.6783650002326,128,8104.131103998952,
315,short,293.4536600005231,128,8104.149646998849,
316,short,292.85866699865437,128,8103.772733000369,
306,short,297.617784999602,128,8108.720318003179,
307,short,296.12050899959286,128,8107.407676001458,
308,short,295.78643499917234,128,8108.0710839996755,
309,short,295.45217600025353,128,8108.00194499825,
322,short,223.09540099740843,128,8035.884541997802,
323,short,222.87456800040673,128,8036.8540980016405,
325,short,222.41283699986525,128,8036.643741001171,
326,short,222.21804400032852,128,8036.6457980017,
328,short,221.78753099797177,128,8036.4042979999795,
330,short,221.40838699851884,128,8036.229904999345,
333,short,220.63362799963215,128,8035.695413000212,
334,short,220.39657599816564,128,8035.660264999024,
335,short,220.1835059968289,128,8035.654520997923,
318,short,225.78701699967496,128,8046.106279001833,
319,short,225.5228879985225,128,8046.067293998931,
320,short,225.30663699944853,128,8046.06128299929,
321,short,223.80999400047585,128,8045.562794999569,
324,short,223.03221100082737,128,8045.0833270006115,
327,short,222.6516390001052,128,8044.795874000556,
329,short,222.25477400206728,128,8044.59198600307,
331,short,221.7426749994047,128,8044.304983999609,
332,short,221.50515400062432,128,8044.275672000367,
303,short,323.7746370032255,128,8146.75046100092,
317,short,226.77078700144193,128,8049.96398000003,
288,short,331.3462490004895,128,8154.728977999184,
337,short,154.41810199990869,128,8111.5519589984615,
338,short,154.35357900059898,128,8111.779138002021,
339,short,154.1893079993315,128,8111.874690999684,
336,short,158.21149900148157,128,8117.83372300124,
340,short,222.25167400029022,128,8179.6422119987255,
341,short,222.15389399934793,128,8179.836385999806,
342,short,222.07644399895798,128,8180.027206999512,
343,short,222.0242830007919,128,8180.244909999601,
344,short,221.88553199885064,128,8180.3591630014125,
345,short,221.7539029988984,128,8180.464182001742,
346,short,221.62781999941217,128,8180.573566998646,
347,short,221.4689640022698,128,8180.652645001828,
348,short,221.39493400027277,128,8180.864625999675,
349,short,221.2991879969195,128,8181.020374999207,
350,short,221.22774599847617,128,8181.204742999398,
351,short,221.055426998646,128,8181.304361001821,
352,short,220.98008899774868,128,8181.485374996555,
353,short,220.9063900008914,128,8181.6601740029,
354,short,220.86334999767132,128,8181.883801997174,
355,short,220.74209999846062,128,8182.003780999366,
356,short,220.62164200178813,128,8182.116278003377,
357,short,220.42213199893013,128,8182.149799999024,
358,short,220.31560899995384,128,8184.723042002588,
359,short,220.35662200141815,128,8184.838599001523,
360,short,220.23664800144616,128,8184.859818000405,
361,short,219.31354100161116,128,8184.063145999971,
362,short,219.10237900010543,128,8183.978093002224,
363,short,218.9904340011708,128,8183.914800003549,
364,short,218.10112899765954,128,8182.989068998722,
365,short,217.96839400121826,128,8182.934808002756,
366,short,218.0036600002495,128,8182.99154000124,
367,short,217.88074099822552,128,8182.993636997708,
368,short,217.72348000013153,128,8182.962626000517,
369,short,217.607336002402,128,8182.880272001057,
370,short,217.79890700054239,128,8182.983286002127,
371,short,217.6397059993178,128,8182.9546820008545,
372,short,212.8974309998739,128,8178.2932999994955,
373,short,212.9681160004111,128,8178.316884001106,
374,short,212.87736299927928,128,8178.320397997595,
375,short,211.99199400143698,128,8177.520558001561,
376,short,211.82795599816018,128,8177.454952998232,
377,short,211.6944110020995,128,8177.350518999447,
378,short,212.04144600051222,128,8181.348766000156,
379,short,211.82947399938712,128,8181.285615002707,
380,short,211.9422100004158,128,8181.363650001003,
381,short,211.78556999802822,128,8181.346687000769,
382,short,211.69143499719212,128,8181.324063996726,
383,short,211.72625499821152,128,8181.3904299997375,
385,short,175.75052699976368,128,8291.907820999768,
386,short,175.5795950011816,128,8291.951469000196,
387,short,170.52904299998772,128,8287.073507999594,
384,short,178.8961649981502,128,8296.799314000964,
389,short,229.72718099845224,128,8355.419167000946,
390,short,229.34318900297512,128,8355.392943001789,
391,short,229.45738400085247,128,8355.231705001643,
392,short,229.17873699771008,128,8355.15084799772,
393,short,228.88523999790777,128,8355.231265999464,
394,short,228.5948360004113,128,8356.433175002167,
395,short,228.28303699861863,128,8356.347892000485,
396,short,227.87754499950097,128,8356.135732999974,
397,short,227.51159500330687,128,8356.046998000238,
398,short,227.14323899708688,128,8355.894070999057,
399,short,226.8384449998848,128,8355.7863620008,
400,short,226.44384099839954,128,8355.576346999442,
401,short,226.08085599858896,128,8355.438031998347,
402,short,225.70116399947437,128,8355.261264001456,
403,short,225.427880002826,128,8355.285620000359,
404,short,225.1382200010994,128,8355.211074002,
405,short,224.84999500011327,128,8355.112847999408,
406,short,222.0286310002848,128,8352.477710999665,
407,short,222.6492510017124,128,8352.402628999698,
408,short,222.5078850024147,128,8352.44776000036,
409,short,222.32066200012923,128,8352.443332998519,
410,short,222.13778299919795,128,8352.47744300068,
411,short,221.91982499862206,128,8352.448972000275,
412,short,221.67238000110956,128,8352.392267999676,
413,short,221.53520099891466,128,8352.452478000487,
414,short,221.34911100147292,128,8352.430293001817,
415,short,221.22062899870798,128,8352.494819999265,
416,short,221.03941600289545,128,8352.50066700246,
417,short,220.82708800007822,128,8352.46817299776,
418,short,220.56029699888313,128,8352.388872001029,
419,short,220.47742499853484,128,8353.282165000564,
420,short,220.23018300023978,128,8353.250438998657,
421,short,220.00218500033952,128,8353.2278269995,
388,short,233.1058519994258,128,8366.516210000555,
422,short,219.84782100116718,128,8353.449427002488,
423,short,219.6524329992826,128,8353.444552001747,
424,short,219.4513079994067,128,8353.426580000814,
425,short,219.2321490001632,128,8353.397811002651,
426,short,215.09633399909944,128,8349.4563259992,
427,short,215.04411199930473,128,8349.603115999344,
428,short,214.75884699975722,128,8349.50563700113,
429,short,214.6456050031702,128,8349.587942000653,
430,short,214.42676700098673,128,8349.552380001114,
431,short,214.20448100252543,128,8349.51911600001,
240,long,144.5677279989468,512,32190.792165998573,
241,long,161.40981699936674,512,32249.946243999148,
242,long,405.9981179998431,512,32575.056235000375,
243,long,406.5221009986999,512,32575.255829000525,
244,long,406.40215299936244,512,32575.3660090013,
245,long,406.60021000076085,512,32575.800566999533,
246,long,408.27515899945865,512,32576.020009000786,
247,long,408.00622000097064,512,32576.251744001638,
248,long,408.2294939980784,512,32576.379152997106,
249,long,409.626610999112,512,32576.974569001322,
250,long,409.5517080022546,512,32577.221535000717,
251,long,400.78130399706424,512,32574.230840000382,
252,long,400.9459670014621,512,32574.549307999405,
253,long,402.38261400008923,512,32574.761657000636,
254,long,402.2568449981918,512,32581.213960998866,
255,long,403.5509669993189,512,32581.375986999774,
256,long,403.2773310027551,512,32581.437901000754,
257,long,402.847091001604,512,32581.317111998942,
258,long,398.5161629971117,512,32581.44976999756,
259,long,433.30110299939406,512,32623.162857998977,
260,long,433.0715210016933,512,32623.333814000944,
261,long,432.8361439984292,512,32623.561044998496,
262,long,432.75717700089444,512,32623.80892099827,
263,long,432.6130090012157,512,32623.830201999226,
264,long,432.5344410026446,512,32624.18107800113,
265,long,432.3224020008638,512,32624.386121999123,
266,long,432.11264299679897,512,32624.508044998947,
267,long,432.05460700119147,512,32624.69302699901,
268,long,432.1286720005446,512,32624.820786000782,
269,long,431.9487679968006,512,32629.841592999583,
270,long,429.3002040030842,512,32630.011747001845,
271,long,429.1610690015659,512,32630.072389001725,
272,long,429.01432699727593,512,32630.158732998098,
273,long,428.86227399867494,512,32630.240506998234,
274,long,565.641778997815,512,32803.48684599812,
275,long,565.4777250019833,512,32803.78342500262,
276,long,565.6832049971854,512,32803.946209998685,
277,long,565.491633999045,512,32804.20208499709,
278,long,565.2840319999086,512,32804.27638800029,
279,long,565.1266099994245,512,32804.356341999664,
280,long,564.948083996569,512,32804.57552699954,
281,long,564.746082000056,512,32804.67233200034,
282,long,564.4270599987067,512,32804.6929259981,
283,long,564.1143719985848,512,32804.90060000011,
284,long,563.8320919970283,512,32804.919377998885,
285,long,563.4202410001308,512,32804.77752700244,
286,long,562.4059950023366,512,32804.134263999,
287,long,562.0947200004593,512,32804.1126820026,
433,short,189.4325100001879,128,8285.173403000954,
434,short,189.36609299998963,128,8285.396876999584,
435,short,185.64609000168275,128,8281.969473999197,
432,short,193.37960600023507,128,8291.69039199769,
437,short,167.61174899875186,128,8290.110137000738,
438,short,167.36287400271976,128,8290.206974001194,
439,short,167.28213999886066,128,8290.831158999936,
440,short,167.11565599689493,128,8290.708398999413,
441,short,165.6554410001263,128,8289.427772000636,
442,short,165.42946800109348,128,8289.406657000654,
443,short,165.23604100075318,128,8289.412410002114,
444,short,165.30640000200947,128,8289.296289000049,
445,short,165.16462599975057,128,8289.273223999771,
436,short,168.56907900000806,128,8296.216308997828,
446,short,232.18271100267884,128,8330.664725999668,
447,short,232.0145699995919,128,8331.002507999074,
448,short,231.7742770028417,128,8331.08782400086,
449,short,231.57664999962435,128,8331.261000999802,
450,short,231.28056600035052,128,8331.331941000826,
451,short,231.09131100136437,128,8331.592006001301,
452,short,230.90296299778856,128,8331.727577999118,
453,short,230.71751699899323,128,8331.842930998391,
454,short,230.49870500108227,128,8331.918125000811,
455,short,230.273606000992,128,8332.059325002774,
456,short,230.16562100019655,128,8332.19764399837,
457,short,229.94604500127025,128,8332.463813003415,
458,short,229.75599100027466,128,8332.573704999959,
459,short,229.5375959984085,128,8332.647158997133,
460,short,229.28450299878023,128,8332.761382996978,
461,short,229.14236900032847,128,8343.098532001022,
462,short,228.9209970003867,128,8343.091432998335,
463,short,229.4478320000053,128,8343.19406099894,
464,short,229.2752979992656,128,8343.204338998476,
465,short,229.05971100044553,128,8343.171725999127,
466,short,228.0449280005996,128,8342.308303002937,
467,short,227.9317100001208,128,8342.361945000448,
468,short,227.70957600005204,128,8342.35801899922,
469,short,227.56074300195905,128,8342.38887399988,
470,short,227.3174879992439,128,8342.327778998879,
471,short,227.1511549988645,128,8342.305076999764,
472,short,226.96124499998405,128,8342.36751500066,
473,short,226.7692019995593,128,8342.367231001845,
474,short,226.54693300137296,128,8342.33843200127,
475,short,226.24738800004707,128,8342.235583997535,
476,short,226.2064239985193,128,8342.392144997575,
477,short,225.93695799878333,128,8342.306945000018,
478,short,225.8266429998912,128,8342.391336998844,
479,short,225.61407800094457,128,8342.36219000013,
529,short,181.42053500196198,128,7935.653977001493,
530,short,181.13672500112443,128,7935.673463998683,
531,short,175.9363260025566,128,7930.623891999858,
528,short,203.73322399973404,128,7940.758804001234,
533,short,144.7582010005135,128,7923.7708910004585,
534,short,143.89757600292796,128,7923.278255002515,
535,short,143.71437999943737,128,7923.238387997117,
536,short,143.65098599955672,128,7924.079307002103,
537,short,143.4527299970796,128,7924.117045000457,
538,short,143.24560300156008,128,7924.139079001179,
539,short,143.04859199910425,128,7924.139992999699,
540,short,143.06642500014277,128,7924.106040998595,
541,short,140.096971001185,128,7921.325814000738,
532,short,145.75034899826278,128,7929.726873000618,
543,short,217.5853900007496,128,8005.441970999527,
544,short,217.75892499863403,128,8005.46528400082,
545,short,217.36012200199184,128,8005.283759001031,
546,short,216.9790340012696,128,8005.113639999763,
547,short,216.51351599939517,128,8004.8602930000925,
548,short,216.1987669969676,128,8004.753304998303,
549,short,215.89062299972284,128,8004.636376997951,
550,short,215.5893319977622,128,8004.522063998593,
551,short,215.18992300116224,128,8004.311089000112,
552,short,214.87376200093422,128,8004.20169499921,
553,short,214.41076299743145,128,8003.960088997701,
554,short,214.10335499967914,128,8003.847266998491,
555,short,213.8028769986704,128,8003.775384000619,
556,short,213.39013000033447,128,8003.608854000049,
557,short,202.8476750019763,128,7993.278669000574,
558,short,202.64994700119132,128,7993.359339001472,
559,short,202.36927500081947,128,7993.3033590023115,
560,short,202.20227599929785,128,7993.360134998511,
561,short,202.0082260023628,128,7993.381280000904,
562,short,201.78209799996694,128,7993.352392000816,
563,short,201.51304099999834,128,7994.057526000688,
564,short,201.3460469970596,128,7994.205949999014,
565,short,201.12146600149572,128,7994.188512002438,
566,short,201.23808499920415,128,7994.2246669997985,
567,short,201.0417570018035,128,7994.214130001637,
568,short,200.79212600103347,128,8001.01173600342,
569,short,200.58348800012027,128,8001.054424003087,
570,short,200.37355900058174,128,8001.06353099909,
571,short,200.13369000298553,128,8001.036683002894,
572,short,199.81363699844223,128,8000.937665998208,
573,short,199.70948999980465,128,8001.096056999813,
574,short,199.43403100114665,128,8001.017039001454,
575,short,199.28487200013478,128,8001.1036270007025,
542,short,220.08327200092026,128,8022.162965000462,
577,short,185.63421700309846,128,8135.8673840004485,
578,short,185.42644499757444,128,8135.987547997502,
579,short,181.44073599978583,128,8132.205117999547,
576,short,189.09193400031654,128,8140.5614180002885,
581,short,179.70081400198978,128,8136.97627700094,
582,short,179.4741060002707,128,8137.104001998523,
583,short,178.57602200092515,128,8136.302552000416,
584,short,178.92238299828023,128,8137.0761139987735,
585,short,178.724985998997,128,8137.169841000286,
586,short,178.5346290016605,128,8137.1865600012825,
587,short,178.34034399857046,128,8137.18300599794,
588,short,178.2915799994953,128,8137.132103998738,
589,short,175.6753830013622,128,8134.662560001743,
580,short,181.19270200259052,128,8143.007866001426,
591,short,169.82885000106762,128,8135.641574001056,
592,short,169.64265099886688,128,8135.752864000096,
593,short,169.4173399991996,128,8135.741048001364,
594,short,169.22205899754772,128,8135.7450719988265,
595,short,169.03235600329936,128,8135.750954003015,
596,short,168.87388299801387,128,8135.788739997224,
597,short,168.694364001567,128,8135.852403000172,
598,short,168.51282299830928,128,8135.905664999882,
599,short,168.2972050002718,128,8135.882591999689,
600,short,168.07920100109186,128,8135.858064000786,
601,short,167.94483400008176,128,8135.930036998616,
602,short,167.72207200119738,128,8135.8968960012135,
603,short,167.4848850016133,128,8135.846790002688,
604,short,167.2631330002332,128,8135.809969000547,
605,short,166.97028699854854,128,8135.706417997426,
606,short,166.81468000024324,128,8136.477365002065,
607,short,167.04063699944527,128,8136.486856001284,
590,short,172.08526200192864,128,8142.041158000211,
608,short,230.23272800128325,128,8194.939184999384,
609,short,230.04782699717907,128,8195.979758998874,
610,short,229.07480399953783,128,8195.236453997495,
611,short,228.73768499994185,128,8195.097271000122,
612,short,228.6644069972681,128,8195.248594998702,
613,short,228.44797400102834,128,8195.224188999418,
614,short,228.28860799927497,128,8195.257200000924,
615,short,221.24609199818224,128,8188.361462998728,
616,short,221.04136900088633,128,8188.343908001116,
617,short,220.84269700280856,128,8188.336271003209,
618,short,220.6486169998243,128,8188.3325449998665,
619,short,220.43437200045446,128,8188.303933999123,
620,short,220.14039300120203,128,8188.200060001691,
621,short,220.10169900022447,128,8188.366301001224,
622,short,219.83019700201112,128,8188.281733000622,
623,short,219.57610300160013,128,8188.302482998552,
625,short,186.79780900129117,128,8290.557580003224,
626,short,186.5972480009077,128,8290.689763998671,
627,short,182.89343699871097,128,8287.191661001998,
624,short,190.38739499956137,128,8295.456726002158,
629,short,186.62539499928243,128,8292.648072998418,
630,short,186.94200000027195,128,8292.795692999789,
631,short,185.96084999808227,128,8292.027014998894,
632,short,185.6791459977103,128,8291.939351998735,
633,short,185.4752910003299,128,8292.827860997932,
634,short,185.28655499903834,128,8292.913348999718,
635,short,185.10685200089938,128,8292.929620001814,
636,short,184.8932610009797,128,8292.898599000182,
637,short,182.14483900010237,128,8290.339274997677,
628,short,193.4782059979625,128,8298.671619999368,
639,short,177.76881100144237,128,8296.125250999467,
640,short,177.58169900116627,128,8296.279534999485,
641,short,177.35462199925678,128,8296.264774999145,
642,short,177.1593240009679,128,8296.266295998066,
643,short,176.96232800153666,128,8296.26588300016,
644,short,176.74115400222945,128,8296.239745002822,
645,short,176.50560300171492,128,8296.187510000891,
646,short,176.31290200006333,128,8296.17696599962,
647,short,176.08216399821686,128,8296.167313998012,
648,short,175.85664299986092,128,8296.13476799932,
649,short,175.71305299861706,128,8296.189931999834,
650,short,176.10667899862165,128,8296.239278999565,
651,short,175.92972700003884,128,8296.246792000602,
652,short,175.71421899992856,128,8296.215000002121,
653,short,174.73533700103872,128,8295.457105999958,
654,short,174.54733699923963,128,8295.493830999476,
655,short,173.3367429987993,128,8294.492848999653,
638,short,180.05864999940968,128,8302.66099200162,
657,short,179.94064400045318,128,8296.323597001901,
658,short,179.70553200211725,128,8296.508391002135,
659,short,179.480582002725,128,8296.601242000179,
660,short,179.15392899885774,128,8296.640948999993,
661,short,179.05804499969236,128,8297.115253997617,
662,short,178.84153599879937,128,8297.23526899761,
663,short,178.6822710018896,128,8297.457734002819,
664,short,178.44097299894202,128,8297.510884000076,
665,short,178.27107600169256,128,8304.701671000657,
666,short,178.079607001564,128,8304.742751002777,
667,short,177.88701799872797,128,8304.750586001319,
668,short,177.65895299817203,128,8304.71545600085,
669,short,177.36015199989197,128,8304.626877001283,
670,short,177.3074809971149,128,8304.796720000013,
671,short,176.95110900240252,128,8304.623607000394,
656,short,182.1634410007391,128,8310.007684998709,
480,long,207.2889729970484,512,32243.072515997483,
481,long,219.65620800256147,512,32236.47693699968,
483,long,363.48506699869176,512,32497.934928000177,
484,long,363.45111099944916,512,32498.45325899878,
485,long,363.34655199971166,512,32498.08712199956,
486,long,364.4823889990221,512,32497.92688099842,
487,long,364.1554229980102,512,32497.749997000938,
488,long,363.7270500003069,512,32497.581195999373,
489,long,362.9920450002828,512,32497.044195002672,
490,long,363.70245500074816,512,32498.541302000376,
491,long,361.94737700134283,512,32498.421503001737,
492,long,358.9976099974592,512,32498.13421899671,
493,long,360.12176900112536,512,32498.0480919985,
494,long,353.5000619995117,512,32491.568346998974,
495,long,353.0694949986355,512,32491.47641899981,
496,long,353.177761000552,512,32491.61762100266,
497,long,353.58575099962763,512,32491.68208899937,
498,long,353.26851599893416,512,32491.571937996923,
482,long,367.0149040008255,512,32507.491675001802,
499,long,467.3517459996219,512,32611.11603700192,
500,long,466.94067399948835,512,32611.144000999047,
501,long,466.4331179992587,512,32611.00959200121,
502,long,465.98405400072807,512,32610.85860700041,
503,long,465.5998449998151,512,32610.819764999178,
504,long,464.95367099851137,512,32611.364027998206,
505,long,464.55432299990207,512,32611.319968000316,
506,long,464.1918590023124,512,32611.285535000206,
507,long,463.8153779997083,512,32611.221569997724,
508,long,463.43887600232847,512,32611.164686000848,
509,long,458.2058460000553,512,32606.215585001337,
510,long,457.8656809972017,512,32606.24365900003,
511,long,458.20551499855355,512,32606.359351997526,
512,long,457.91929100232664,512,32606.36580100254,
513,long,457.62875600121333,512,32606.403156998567,
514,long,453.3825219987193,512,32594.004531998507,
515,long,452.9218370007584,512,32593.903707998834,
516,long,452.5596659987059,512,32594.78572199805,
517,long,452.1231600010651,512,32594.675510001252,
518,long,451.87103200078127,512,32594.808424000803,
519,long,451.60461500199744,512,32594.86189400195,
520,long,451.1834920012916,512,32594.713823000347,
521,long,450.90113599871984,512,32594.73305999927,
522,long,450.5672260020219,512,32594.66827900178,
523,long,450.0210040023376,512,32594.394654002826,
524,long,449.77449100042577,512,32594.425570998283,
525,long,449.47873999990406,512,32594.420410998282,
526,long,448.9176099996257,512,32594.233829997393,
527,long,448.71671599685214,512,32594.32496899899,
673,short,190.2565210002649,128,8319.160856000963,
674,short,190.05719200140447,128,8319.293589000154,
675,short,186.1142909983755,128,8315.553004998947,
672,short,191.6844779989333,128,8321.867531998578,
677,short,189.87960199956433,128,8311.92461899991,
678,short,189.7795879995101,128,8312.042567999015,
679,short,189.70167899897206,128,8312.065401998552,
680,short,188.74591300118482,128,8311.981017002836,
681,short,188.5333329992136,128,8311.970598999324,
682,short,188.39641100203153,128,8311.960813000042,
683,short,188.27161399894976,128,8311.960734998138,
684,short,188.1137710006442,128,8311.926261998451,
685,short,185.62527500034776,128,8309.510579001653,
676,short,205.40431699919282,128,8317.858245001844,
687,short,183.08956599867088,128,8304.213523999351,
688,short,182.95178900007159,128,8304.53076199774,
689,short,182.73298900021473,128,8304.63602799864,
690,short,182.54075799995917,128,8304.803918003017,
691,short,182.35252200247487,128,8304.973982001684,
692,short,182.1962079993682,128,8305.178369002533,
693,short,182.0164879973163,128,8305.287180999585,
694,short,181.7953289973957,128,8305.363457999192,
695,short,181.62346399913076,128,8305.439005998778,
696,short,181.40979099916876,128,8305.595788999199,
697,short,181.2348950006708,128,8305.654839001363,
698,short,181.65177699847845,128,8305.93256299835,
699,short,181.475486002455,128,8306.040727002255,
700,short,181.22860000221408,128,8306.080338999891,
701,short,180.9559100001934,128,8306.175808000262,
702,short,180.8012180008518,128,8306.498256999475,
703,short,178.70509899876197,128,8308.024849000503,
686,short,185.53163899923675,128,8315.466217001813,
705,short,183.4983810003905,128,8302.351158999954,
706,short,183.18530399847077,128,8302.387618001376,
707,short,182.78586299857125,128,8302.304172000731,
708,short,182.1568439991097,128,8302.046271997824,
709,short,181.9215030009218,128,8302.261371001805,
710,short,181.51548099922366,128,8302.243551999709,
711,short,181.24660100147594,128,8302.331008002511,
712,short,173.836129000847,128,8295.211145999929,
713,short,173.63000299883424,128,8295.241014999192,
714,short,173.43188700033352,128,8295.569761001389,
715,short,173.24205499971868,128,8295.743904000119,
716,short,173.00977799823158,128,8295.866472999478,
717,short,172.75513499771478,128,8296.788517000095,
718,short,172.78600200006622,128,8297.019452998939,
719,short,172.43313099970692,128,8296.865598997101,
704,short,185.0514159996237,128,8309.658092999598,
769,short,184.6396700020705,128,7952.407741002389,
770,short,184.44214199917042,128,7952.6456900021,
771,short,182.6961900005699,128,7951.218325000809,
768,short,188.16080200122087,128,7958.664805999433,
773,short,180.49590499867918,128,7951.535588999832,
774,short,180.3941299986036,128,7951.6310850012815,
775,short,179.50537499928032,128,7950.840431996767,
776,short,179.39897199903498,128,7951.587471998209,
777,short,179.26927299777162,128,7951.659755999572,
778,short,179.144500001712,128,7951.666059001582,
779,short,179.01927899947623,128,7951.666838001984,
780,short,178.8624679975328,128,7951.63281999703,
781,short,176.3141560004442,128,7949.17513800101,
772,short,182.32574600187945,128,7955.3007159993285,
783,short,172.79076100021484,128,7956.550197999604,
784,short,172.49478899975657,128,7956.600723999145,
785,short,172.10708700076793,128,7956.417644003523,
786,short,171.7450150026707,128,7956.250579001789,
787,short,171.3818239986722,128,7956.0806559966295,
788,short,171.11603499870398,128,7956.006587999582,
789,short,170.81826199864736,128,7955.891282999801,
790,short,170.54204499800107,128,7955.859903999226,
791,short,170.16908900041017,128,7955.672495998442,
792,short,169.8989709984744,128,7955.606774001353,
793,short,169.47876199992606,128,7955.385925000883,
794,short,169.75293599898578,128,7955.275370000891,
795,short,169.46167499918374,128,7955.157035998127,
796,short,169.07872200317797,128,7954.950827002904,
797,short,168.55156000019633,128,7954.608159998315,
798,short,164.97819500000332,128,7951.230648999626,
799,short,163.77222400114988,128,7950.215245000436,
782,short,175.30885499945725,128,7962.972737997916,
801,short,173.4811329988588,128,7955.3275639991625,
802,short,173.16589999973075,128,7956.480141001521,
803,short,172.76982800103724,128,7956.321087000106,
804,short,172.24290699959965,128,7955.99173699884,
805,short,171.95439100032672,128,7955.90110899866,
806,short,171.5727060000063,128,7955.703277999419,
807,short,171.30484500012244,128,7955.626121001842,
808,short,171.0213799997291,128,7955.520036000962,
809,short,170.51834299854818,128,7955.205311001919,
810,short,170.15401200114866,128,7955.030668003019,
811,short,169.79852499935078,128,7954.865911997331,
812,short,168.53937300038524,128,7953.795584002364,
813,short,168.17419499784592,128,7953.6229639998055,
814,short,168.1145069997001,128,7953.766524999082,
815,short,167.76749600103358,128,7953.599923999718,
800,short,174.76006799915922,128,7960.7622629991965,
817,short,183.02581200259738,128,8117.059378000704,
818,short,182.7127559990913,128,8117.237178001233,
819,short,177.63716500121518,128,8112.505657001748,
816,short,186.77885199940647,128,8127.027462000115,
821,short,185.4520999986562,128,8120.611917998758,
822,short,185.76355400000466,128,8120.775749001041,
823,short,184.80476799959433,128,8120.091626999056,
824,short,184.5806099991023,128,8120.112299999164,
825,short,184.39236099948175,128,8121.059561999573,
826,short,184.21091599884676,128,8121.124833996873,
827,short,184.01925999933155,128,8121.157203997427,
828,short,183.80448799871374,128,8121.249003997946,
829,short,183.253096001863,128,8120.9829399995215,
820,short,192.35052400108543,128,8127.5159060023725,
831,short,172.86826800045674,128,8123.227356001735,
832,short,172.80347399719176,128,8123.416215999896,
833,short,172.63884800195228,128,8123.46216700098,
834,short,172.5546759989811,128,8123.51391500124,
835,short,172.47422099899268,128,8123.620211998059,
836,short,172.42706599790836,128,8123.70964299771,
837,short,172.21581200283254,128,8123.67192000238,
838,short,172.06011799862608,128,8123.750081998878,
830,short,174.1982769999595,128,8126.060745998984,
839,short,171.97896300058346,128,8123.999791998358,
840,short,171.86771600245265,128,8124.009546001616,
841,short,171.8988350003201,128,8124.138504997973,
842,short,171.7725420021452,128,8124.1873190010665,
843,short,171.64711299847113,128,8124.23059700086,
844,short,171.4884980028728,128,8124.302837000869,
845,short,171.3490729998739,128,8124.297997997928,
846,short,171.4250209988677,128,8124.415463000332,
847,short,169.67525399741135,128,8122.800365999865,
849,short,177.47367799893254,128,8124.723052998888,
850,short,177.29689100087853,128,8124.795083000208,
851,short,177.12904699874343,128,8124.822586996743,
852,short,176.96907500067027,128,8124.781750000693,
853,short,177.1553610014962,128,8124.95543499972,
854,short,176.99633599841036,128,8124.9720489977335,
855,short,176.95075200026622,128,8125.058721998357,
856,short,176.7661699996097,128,8125.050400001783,
857,short,176.76515100174583,128,8125.18267500127,
858,short,176.72503300127573,128,8125.251814999501,
859,short,176.6498680008226,128,8125.306139001623,
860,short,176.54409199894872,128,8125.333159001457,
861,short,176.42957999851205,128,8125.307008998789,
862,short,176.92020100002992,128,8125.68236199877,
863,short,176.69224299970665,128,8125.692216999596,
848,short,182.49297899819794,128,8131.232274998183,
865,short,185.45013400216703,128,8266.763527000876,
866,short,185.11504900016007,128,8266.902813000343,
867,short,176.51500000283704,128,8258.71171000108,
864,short,188.2736850020592,128,8273.260984002263,
869,short,189.2087830019591,128,8274.45100100158,
870,short,189.48405599803664,128,8275.148893000733,
871,short,189.26465500044287,128,8275.196166003298,
872,short,188.17269099963596,128,8274.334906996955,
873,short,187.936959999206,128,8274.292480997246,
874,short,187.7198389993282,128,8274.257745000796,
875,short,187.42053999812924,128,8274.13692099799,
876,short,187.11853700006031,128,8274.013608999667,
877,short,184.01640400043107,128,8271.929606999038,
868,short,197.24606800082256,128,8281.275620000088,
879,short,176.12319600084447,128,8274.812133000523,
880,short,175.8691720024217,128,8275.098051999521,
881,short,175.5595180002274,128,8275.145526000415,
882,short,175.2777209985652,128,8275.265516000218,
883,short,175.01403000278515,128,8275.390607002919,
884,short,174.79666299914243,128,8275.556629996572,
885,short,174.4997380010318,128,8275.565894000465,
886,short,174.26688200066565,128,8275.66774099978,
887,short,174.07319500125595,128,8275.744573998963,
888,short,174.32764700060943,128,8275.788820999878,
889,short,174.04657000224688,128,8275.881394001772,
890,short,173.84887099979096,128,8276.131467999221,
891,short,173.6205550005252,128,8276.20819400181,
892,short,173.3269010001095,128,8276.208372000838,
893,short,173.0513719994633,128,8276.228190999973,
894,short,172.73113500050385,128,8276.283511000656,
895,short,172.5048890002654,128,8278.293577001023,
878,short,178.03865400128416,128,8285.848740000802,
896,short,179.9924490005651,128,8275.133773000562,
897,short,179.71509800190688,128,8275.223908000044,
898,short,179.46307599777356,128,8275.18237899858,
899,short,179.19896899911691,128,8275.111840001045,
900,short,178.85033399943495,128,8274.969485999463,
901,short,178.67515300167724,128,8275.855274001515,
902,short,178.40186699686456,128,8275.817726997047,
903,short,178.17945999922813,128,8275.802240998019,
904,short,177.82523999994737,128,8275.636829999712,
905,short,177.5661579995358,128,8275.590183999157,
906,short,177.30939600005513,128,8275.538108999172,
907,short,177.04195300029824,128,8275.555436001014,
908,short,176.7440279982111,128,8275.472585999523,
909,short,176.21208699711133,128,8275.16121699955,
910,short,176.0401190003904,128,8275.220685001841,
911,short,175.5851759990037,128,8275.00040799714,
720,long,192.5813730013033,512,32257.188602001406,
721,long,197.19465100206435,512,32259.817493999435,
722,long,176.89326300023822,512,32260.273383999447,
723,long,296.8001869994623,512,32387.570424998557,
724,long,296.5558149990102,512,32387.653296998906,
725,long,296.2519449974934,512,32388.08300600067,
726,long,296.2776170024881,512,32388.124439999956,
727,long,296.08916199867963,512,32388.07045899739,
728,long,295.9031380014494,512,32388.01258100284,
729,long,294.02278999987175,512,32386.266658999375,
730,long,294.2691370008106,512,32386.2938630009,
731,long,293.94651600159705,512,32387.45358400047,
732,long,293.8247509991925,512,32387.349969998468,
733,long,293.5469750009361,512,32387.3255360013,
734,long,293.202790999203,512,32387.273610002012,
735,long,292.7040790018509,512,32387.059904001944,
736,long,293.0393619972165,512,32387.10790299956,
737,long,292.7481910010101,512,32387.084735000826,
738,long,292.21237499950803,512,32386.817165999673,
740,long,166.47496100267745,512,32277.338755000528,
741,long,166.1445610006922,512,32277.42705700075,
739,long,167.0326399980695,512,32278.666191999946,
742,long,288.84281200225814,512,32412.192220999714,
743,long,288.718798001355,512,32412.45824699945,
744,long,287.5839959997393,512,32411.771474002308,
745,long,287.20859000168275,512,32411.72335900046,
746,long,287.15505600121105,512,32412.02471900033,
747,long,286.9786019982712,512,32412.19662000003,
748,long,286.7158740009472,512,32412.27601100036,
749,long,286.4635609985271,512,32412.342546998843,
750,long,286.2051890006114,512,32412.32021000178,
751,long,285.9585969999898,512,32412.55915599686,
752,long,285.9667850025289,512,32413.497577003,
753,long,285.6920780031942,512,32413.460809002572,
754,long,163.77215800093836,512,32284.28651699869,
755,long,297.6548789993103,512,32405.648062998807,
756,long,297.2513089989661,512,32405.6782330008,
757,long,296.9544789993961,512,32405.680077998113,
758,long,296.53461999987485,512,32405.531659998815,
759,long,296.2562610009627,512,32405.529269002727,
760,long,295.97291899699485,512,32405.508879997797,
761,long,295.68493500119075,512,32405.495985000016,
762,long,295.4167839998263,512,32405.53324999928,
763,long,295.1462460005132,512,32405.530448002537,
764,long,294.8222019986133,512,32405.46969499701,
765,long,294.5794779989228,512,32405.50401099972,
766,long,294.2064489980112,512,32405.458803998044,
767,long,293.81709700101055,512,32405.371867000213,
913,short,194.16010299755726,128,8286.123586996837,
914,short,193.81974900170462,128,8286.159134000627,
915,short,188.85984200096573,128,8281.45387100085,
912,short,195.273665998684,128,8288.702444999217,
917,short,189.9915020003391,128,8276.78184099932,
918,short,189.7063659998821,128,8276.836645000003,
919,short,189.4593420001911,128,8276.80464599689,
920,short,190.05788700087578,128,8276.828051999473,
921,short,189.87271100195358,128,8276.83615800197,
922,short,189.69000200013397,128,8276.829671998712,
923,short,189.50404899806017,128,8277.764833997935,
924,short,188.47986499895342,128,8277.002237999113,
925,short,185.73754699900746,128,8274.459800999466,
916,short,197.72947299861698,128,8283.30342299887,
927,short,181.93255000005593,128,8269.776640998316,
928,short,181.60753099800786,128,8270.743253997352,
929,short,181.19027599823312,128,8270.575309001288,
930,short,180.8027349979966,128,8270.403472000908,
931,short,180.42034999962198,128,8270.228692999808,
932,short,180.13295600030688,128,8270.227850000083,
933,short,179.79994399865973,128,8270.102109996515,
934,short,179.48595300185843,128,8269.979470998805,
935,short,179.1665529999591,128,8269.845833001455,
936,short,178.78638399997726,128,8269.629962996987,
937,short,178.31683799886378,128,8269.364294999832,
938,short,178.04483600048115,128,8269.248338998295,
939,short,177.750618000573,128,8269.2032499981,
940,short,177.45428800117224,128,8269.094508999842,
941,short,177.0602830001735,128,8268.897469999501,
942,short,174.78748799840105,128,8266.829647000122,
943,short,172.76659600247513,128,8264.619362002122,
926,short,183.89015400316566,128,8277.112687999761,
945,short,182.95711300015682,128,8266.862324002432,
946,short,182.7818940000725,128,8267.118468000263,
947,short,182.58861700087436,128,8267.147366001154,
948,short,182.35610400006408,128,8267.108484000346,
949,short,181.2564299980295,128,8266.24086299853,
950,short,181.10470399915357,128,8266.304458000377,
951,short,180.88297700160183,128,8267.186447999848,
952,short,180.70940200050245,128,8267.274695001106,
953,short,180.46432100163656,128,8267.226013002073,
954,short,180.2771729999222,128,8267.196397999214,
955,short,179.99015899840742,128,8267.172603998915,
956,short,179.77335499745095,128,8267.163333999633,
957,short,179.5389660001092,128,8267.133286997705,
958,short,179.21076600032393,128,8267.03498400093,
959,short,179.0603959998407,128,8267.149889998109,
944,short,184.03373700130032,128,8272.385852000298,
1009,short,180.74438999974518,128,8065.913219998038,
1010,short,180.43329599822755,128,8065.9457849978935,
1011,short,179.18425099924207,128,8064.9552770009905,
1008,short,184.26768700010143,128,8070.56992499929,
1013,short,180.16856199756148,128,8070.4367279977305,
1014,short,179.9552840020624,128,8070.564519002801,
1015,short,179.7504249989288,128,8070.575050001935,
1016,short,180.3225769981509,128,8071.361469999829,
1017,short,180.1535859995056,128,8071.409274998587,
1018,short,179.02946100002737,128,8070.464533997438,
1019,short,178.73506199975964,128,8070.346357002563,
1012,short,181.54980599865667,128,8073.337437999726,
1020,short,178.5328110017872,128,8070.497423999768,
1021,short,176.14009799945052,128,8068.339118999575,
1023,short,171.87197800012655,128,8074.628935999499,
1024,short,171.66307700244943,128,8074.735422000231,
1025,short,171.4824039991072,128,8074.713478999911,
1026,short,171.2962849996984,128,8074.714365997352,
1027,short,171.02479399909498,128,8074.64889000039,
1028,short,170.8529620009358,128,8074.681548001536,
1029,short,170.66988199803745,128,8074.679610999738,
1030,short,170.49270899951807,128,8074.679650999315,
1031,short,170.31519399824901,128,8074.678072000097,
1032,short,170.1016900005925,128,8074.641475002863,
1033,short,169.94548500224482,128,8074.670893001894,
1034,short,169.756799001334,128,8074.6688620019995,
1035,short,169.5676130002539,128,8074.657965997176,
1036,short,169.38804399978835,128,8074.656101998698,
1037,short,169.17451200060896,128,8074.618973001634,
1038,short,169.4520159981039,128,8074.56498099782,
1039,short,167.6861000014469,128,8072.977029001777,
1022,short,175.08919799729483,128,8081.587054999545,
1041,short,176.73615600142512,128,8077.594729998964,
1042,short,176.57955200047581,128,8078.550790000008,
1043,short,176.3945889979368,128,8078.590107998025,
1044,short,176.15401000148267,128,8078.533048999816,
1045,short,175.89474199849064,128,8078.461334000167,
1046,short,174.89379299877328,128,8077.670146001765,
1047,short,174.6300729973882,128,8077.594517999387,
1048,short,174.46887600090122,128,8077.617220998945,
1049,short,174.2867089997162,128,8077.610950000235,
1050,short,174.10418199870037,128,8077.577820997249,
1051,short,173.92657899836195,128,8077.5748470005055,
1052,short,173.74197599929175,128,8077.60152499759,
1053,short,173.5117780008295,128,8077.56897299987,
1054,short,173.21463999905973,128,8077.461241999117,
1055,short,173.01728500024183,128,8077.459950996854,
1040,short,178.33516500104452,128,8082.974811997701,
1057,short,188.70015900029102,128,8237.705860999995,
1058,short,188.4478259999014,128,8237.895529997331,
1059,short,184.9320750006882,128,8234.71129400059,
1056,short,192.38283800223144,128,8247.6887490011,
1061,short,187.6653899998928,128,8239.04501099969,
1062,short,187.91932900057873,128,8239.205535999645,
1063,short,186.9775019986264,128,8238.485621001018,
1064,short,186.83365000106278,128,8239.23405000096,
1065,short,186.65281200082973,128,8239.271112001006,
1066,short,186.47452699951828,128,8239.277995999146,
1067,short,186.29623399829143,128,8239.2809319972,
1068,short,186.10598500163178,128,8239.2701509998,
1069,short,185.85023000196088,128,8239.194057001441,
1060,short,194.01503499830142,128,8245.007481000357,
1070,short,178.0810409982223,128,8241.533112999605,
1071,short,177.77349699827028,128,8241.561538998212,
1072,short,177.60091700256453,128,8241.603498001496,
1073,short,177.38320299758925,128,8241.574538998975,
1074,short,177.17987899959553,128,8241.560297999968,
1075,short,176.97626299923286,128,8241.546070999902,
1076,short,176.8231130008644,128,8241.581324000435,
1077,short,176.64520499965874,128,8241.58331900253,
1078,short,176.46890399919357,128,8241.587138996692,
1079,short,176.2923749993206,128,8241.589539000415,
1080,short,176.08078200282762,128,8241.557656001532,
1081,short,175.8679829981702,128,8241.585020998173,
1082,short,175.7414339990646,128,8241.668773000129,
1083,short,175.56347000208916,128,8241.673817003175,
1084,short,175.38682000304107,128,8241.67556500106,
1085,short,175.17347999819322,128,8241.658595001354,
1086,short,174.9324960001104,128,8241.608037998958,
1087,short,173.7755409994861,128,8240.035217000695,
1089,short,181.8001580031705,128,8239.356335001503,
1090,short,181.62910499813734,128,8240.43894100032,
1091,short,181.44491700149956,128,8240.50676600018,
1092,short,181.230685000628,128,8240.484940997703,
1093,short,180.97119099911652,128,8240.39086799894,
1094,short,180.8922510026605,128,8240.496260001237,
1095,short,180.68165200020303,128,8240.466626000853,
1096,short,180.53134200090426,128,8240.49840600128,
1097,short,180.2929719997337,128,8240.466900999309,
1098,short,180.1471329999913,128,8240.505293997558,
1099,short,179.93534999914118,128,8240.47791400153,
1100,short,179.7379239978909,128,8240.533026000776,
1101,short,179.52306999723078,128,8240.55655599659,
1102,short,179.22878500030492,128,8240.471719000197,
1103,short,178.97345800156472,128,8240.419518002454,
1088,short,184.0118820000498,128,8245.626919000642,
1105,short,189.50994700207957,128,8380.301075001626,
1106,short,189.1823590012791,128,8380.301392000547,
1107,short,180.40195699722972,128,8371.724961998552,
1104,short,193.25441500041052,128,8385.101170999405,
1109,short,188.77467199854436,128,8382.989554000233,
1110,short,189.05389200153877,128,8383.104859000014,
1111,short,188.11587299933308,128,8382.38688599813,
1112,short,187.92677999954321,128,8382.392093000817,
1113,short,187.74024600133998,128,8383.24771200132,
1114,short,187.55894499918213,128,8383.30634599697,
1115,short,187.37896099992213,128,8383.313566999277,
1116,short,187.19927900019684,128,8383.353591998457,
1117,short,184.39377899994724,128,8380.741365999711,
1108,short,195.6850709975697,128,8389.094873997237,
1119,short,176.90175699681276,128,8382.116725999367,
1120,short,176.68499600040377,128,8382.215221998194,
1121,short,176.5207829994324,128,8382.308057000046,
1122,short,176.3004019994696,128,8382.288289998542,
1123,short,176.10850300116,128,8382.306322000659,
1124,short,175.91801800153917,128,8382.304269001907,
1125,short,175.76127400025143,128,8382.333982997807,
1126,short,175.5799759994261,128,8382.332410001254,
1127,short,175.40041400206974,128,8382.329855001444,
1128,short,175.21137800213182,128,8382.315995000681,
1129,short,174.95189400142408,128,8382.263694002177,
1130,short,174.71389700222062,128,8382.218326001748,
1131,short,174.58182900008978,128,8382.27637199816,
1132,short,174.40229500061832,128,8382.276501000888,
1133,short,174.20482299712603,128,8382.25729199985,
1134,short,174.49694000242744,128,8383.092759002466,
1135,short,174.25975399964955,128,8383.081844000117,
1118,short,179.07774100240204,128,8388.510046999727,
1136,short,182.5460229993041,128,8385.48479200108,
1137,short,181.28100899775745,128,8384.464119997574,
1138,short,181.0818960002507,128,8384.467776999372,
1139,short,180.890581003041,128,8384.458603002713,
1140,short,180.67433800024446,128,8384.422031002032,
1141,short,180.40411299807602,128,8384.349186999316,
1142,short,180.31790999884834,128,8384.459461001825,
1143,short,180.10808100007125,128,8384.474795999267,
1144,short,179.96731099992758,128,8384.508580998954,
1145,short,179.71921299977112,128,8384.451128000364,
1146,short,179.55774599977303,128,8384.475965001911,
1147,short,179.29954799910774,128,8384.398477999639,
1148,short,179.06888899960904,128,8384.349634998216,
1149,short,178.83774900110438,128,8384.302400998422,
1150,short,178.53588900106843,128,8384.190297001624,
1151,short,178.4046290013066,128,8384.306646999903,
960,long,195.10503700075787,512,32634.743059003085,
961,long,198.1839680011035,512,32637.051755002176,
962,long,190.32755099760834,512,32649.07514799779,
963,long,201.87118900139467,512,32651.623574998666,
964,long,351.92462299892213,512,32850.853566000296,
965,long,351.43102400252246,512,32850.918340001954,
966,long,351.04081700046663,512,32850.863157000276,
967,long,350.8258600013505,512,32850.91823300172,
968,long,350.55709000153,512,32850.92383899973,
969,long,350.2872839999327,512,32850.93674300151,
970,long,349.87605700007407,512,32850.80386100162,
971,long,349.1906449999078,512,32850.94913600187,
972,long,348.88135899745976,512,32850.955422996776,
973,long,348.57959399960237,512,32850.92803400039,
974,long,348.3179359973292,512,32850.93868900003,
975,long,348.0465690008714,512,32850.98968899911,
976,long,347.67033599928254,512,32850.89550799967,
977,long,347.4997479970625,512,32851.01200899953,
978,long,347.2895349987084,512,32851.057121999474,
979,long,333.6759339981654,512,32846.41133200057,
980,long,331.50751200082595,512,32846.41485300017,
981,long,331.38994600085425,512,32846.4837490028,
982,long,305.1181490009185,512,32823.94656100223,
983,long,304.5031569999992,512,32823.80081700103,
984,long,304.02621000030194,512,32824.53844600241,
985,long,303.6363370010804,512,32824.51059300001,
986,long,302.97567999878083,512,32824.16672299951,
987,long,302.528242002154,512,32824.113162001595,
988,long,302.1366749999288,512,32824.0786819988,
989,long,301.75335699823336,512,32824.02022399765,
990,long,301.37447500237613,512,32823.95208100206,
991,long,300.7597870018799,512,32823.629845999676,
993,long,341.22386000308325,512,32869.20902100246,
994,long,309.304770999006,512,32837.93080699979,
992,long,341.47528799803695,512,32873.73150499843,
995,long,259.77265300025465,512,32788.2303539991,
996,long,259.3265400028031,512,32788.1564700001,
997,long,259.01629500003764,512,32788.19198800193,
998,long,258.7528250005562,512,32788.24945499946,
999,long,258.441916997981,512,32788.24675899887,
1000,long,258.1766229995992,512,32788.320742001815,
1001,long,257.9022840000107,512,32788.38816800271,
1002,long,257.58811199921183,512,32788.39661899838,
1003,long,257.31126200116705,512,32788.434289999714,
1004,long,257.0404920006695,512,32788.472076998005,
1005,long,256.7041620022792,512,32788.45671700037,
1006,long,256.40194899824564,512,32788.509562997206,
1007,long,256.09287199768005,512,32788.51626799951,
1153,short,195.01089999903343,128,8373.04795000091,
1154,short,194.81434800036368,128,8373.180775000947,
1155,short,191.07743299900903,128,8369.651682001859,
1152,short,198.56602900108555,128,8377.607156002341,
1157,short,190.36177700036205,128,8363.65556400051,
1158,short,190.14132100346615,128,8363.73929200272,
1159,short,189.94655400092597,128,8364.450080000097,
1160,short,188.92458000118495,128,8363.66382000051,
1161,short,188.69020900092437,128,8363.627078000718,
1162,short,188.50250300238258,128,8363.622071999998,
1163,short,188.2815009994374,128,8363.631684998836,
1164,short,188.13577399851056,128,8363.640251998731,
1165,short,185.3812970002764,128,8361.066759000096,
1156,short,196.71543199729058,128,8369.52089499755,
1167,short,181.3239449984394,128,8358.531101999688,
1168,short,181.08563900023,128,8358.590742998786,
1169,short,180.91451399959624,128,8358.674985000107,
1170,short,180.6731979995675,128,8358.650346999639,
1171,short,180.46695399971213,128,8358.687230000214,
1172,short,180.26239599930705,128,8358.70499199882,
1173,short,180.08889900011127,128,8358.738740000263,
1174,short,179.90448699856643,128,8358.741220999946,
1175,short,179.72040099994047,128,8358.755508998001,
1176,short,179.50368599849753,128,8358.732338001573,
1177,short,179.27830800181255,128,8358.693943999242,
1178,short,179.53172700072173,128,8358.665151998139,
1179,short,179.38403200241737,128,8358.666825002729,
1180,short,179.19780700322008,128,8358.72902200208,
1181,short,178.14237300262903,128,8357.865747002506,
1182,short,177.8781360007997,128,8357.884028002445,
1183,short,176.60561199954827,128,8357.598661001248,
1166,short,183.06907700025477,128,8365.000818001135,
1185,short,185.6902049985365,128,8353.507539999555,
1186,short,185.46343599882675,128,8353.505215996847,
1187,short,185.32896900069318,128,8353.599222999037,
1188,short,185.1395740013686,128,8353.593137999269,
1189,short,184.92846799927065,128,8353.558415001316,
1190,short,184.6607830011635,128,8353.484169001604,
1191,short,184.52898699979414,128,8353.584199001489,
1192,short,184.28586099980748,128,8353.59463200075,
1193,short,184.1204349984764,128,8353.620477999357,
1194,short,183.88251500073238,128,8353.572357998928,
1195,short,183.7192450002476,128,8353.540061001695,
1196,short,183.53198199838516,128,8353.589536000072,
1197,short,183.34594599946286,128,8353.58821599948,
1198,short,183.13102300089668,128,8353.55711399825,
1199,short,182.79753300157608,128,8353.402736000135,
1184,short,186.91407100050128,128,8357.776247998117,
1249,short,181.39600299764425,128,7972.999974997947,
1250,short,181.1931430020195,128,7973.126230001071,
1251,short,177.59014900002512,128,7969.726834002358,
1248,short,184.79120900155976,128,7977.581815001031,
1253,short,179.86344400196685,128,7974.881174999609,
1254,short,179.37515400262782,128,7974.307711003348,
1255,short,179.1380049980944,128,7974.310974997934,
1256,short,178.97686300057103,128,7975.172168000427,
1257,short,178.7959579996823,128,7975.223478999396,
1258,short,178.56440600007772,128,7975.179649001802,
1259,short,178.36480400001165,128,7975.166370000807,
1260,short,178.18129000079352,128,7975.165971998649,
1261,short,175.42574499748298,128,7972.606318999169,
1252,short,186.3552129980235,128,7980.73192299853,
1263,short,171.7364460018871,128,7976.768906999496,
1264,short,171.50166200008243,128,7976.849308000965,
1265,short,171.32287899949006,128,7976.8794199990225,
1266,short,171.07247700187145,128,7976.817377999396,
1267,short,170.87277899918263,128,7976.836780999292,
1268,short,170.68668600040837,128,7976.845388999209,
1269,short,170.53393600144773,128,7976.890768000885,
1270,short,170.34454800159438,128,7976.889071000187,
1271,short,170.1605419984844,128,7976.8887359969085,
1272,short,169.98336300093797,128,7976.89257300226,
1273,short,169.7724659970845,128,7976.860374998068,
1274,short,169.61770099806017,128,7976.897370997904,
1275,short,169.42046199983452,128,7976.8945969990455,
1276,short,169.75024699786445,128,7976.823002998572,
1277,short,169.55137300101342,128,7976.846483001282,
1278,short,168.55660199871636,128,7976.036788000783,
1279,short,167.2161149981548,128,7974.931369000842,
1262,short,174.18039599942858,128,7984.331992996886,
1281,short,176.20872200131998,128,7978.378019000957,
1282,short,175.9640490017773,128,7978.430944000138,
1283,short,175.83421000017552,128,7978.511574001459,
1284,short,175.65777100026025,128,7978.517101000762,
1285,short,175.44089399962104,128,7978.477566000947,
1286,short,175.14150500210235,128,7978.364365000743,
1287,short,174.98947900094208,128,7978.403037999669,
1288,short,174.7771090012975,128,7978.372339999623,
1289,short,174.614401999861,128,7978.39465600191,
1290,short,174.43682000157423,128,7978.395062000345,
1291,short,174.22742700000526,128,7978.374784001062,
1292,short,174.0451400000893,128,7978.378364001401,
1293,short,173.8638560018444,128,7978.38169500028,
1294,short,173.65344399877358,128,7978.423428998212,
1295,short,173.24434699912672,128,7978.205965999223,
1280,short,177.53429600270465,128,7982.728842001961,
1297,short,185.39067299934686,128,8137.383550998493,
1298,short,185.1903630013112,128,8137.522899000032,
1299,short,181.56116300087888,128,8134.15049300238,
1296,short,188.85940499967546,128,8142.066833999706,
1301,short,182.9674869986775,128,8136.778341999161,
1302,short,183.23121999856085,128,8136.871849997988,
1303,short,182.21056900074473,128,8136.768497999583,
1304,short,182.0082630001707,128,8136.803002998931,
1305,short,181.8205929994292,128,8136.801784999989,
1306,short,181.6361870005494,128,8136.798565999925,
1307,short,181.44205799762858,128,8136.783034999098,
1308,short,181.2582790007582,128,8136.778787000367,
1309,short,178.62970900023356,128,8134.329763997812,
1300,short,189.5673370017903,128,8142.631154998526,
1311,short,173.08308800056693,128,8140.236136998283,
1312,short,172.87387699980172,128,8140.340491001552,
1313,short,172.71145299673663,128,8140.390575998026,
1314,short,172.46419100047206,128,8140.324594998674,
1315,short,172.26585800017347,128,8140.312551000534,
1316,short,172.06696399807697,128,8140.299026999855,
1317,short,171.90286299955915,128,8140.320431000873,
1318,short,171.71769500055234,128,8140.313957999751,
1319,short,171.5361380011018,128,8140.308383000956,
1320,short,171.35781299657538,128,8140.304705997551,
1321,short,171.13930600316962,128,8140.271105003194,
1322,short,170.91757800153573,128,8140.233858001011,
1323,short,170.7862830007798,128,8140.290404000552,
1324,short,170.55524899842567,128,8140.235532999213,
1325,short,170.90886599908117,128,8140.22326399936,
1326,short,170.64881500118645,128,8140.131685999222,
1327,short,167.3932119992969,128,8137.053751001076,
1310,short,175.37929500031169,128,8146.111547001055,
1329,short,178.33183000038844,128,8141.1148510014755,
1330,short,178.09787200167193,128,8141.982217999612,
1331,short,177.98189899986028,128,8142.077111002436,
1332,short,177.8048480009602,128,8142.0826250032405,
1333,short,177.5919329993485,128,8142.046560999006,
1334,short,177.32570599764585,128,8141.9721669990395,
1335,short,177.24310999983572,128,8142.084871997213,
1336,short,177.03306900148164,128,8142.054929001461,
1337,short,176.8799029996444,128,8142.086782998376,
1338,short,176.6423830013082,128,8142.027591999067,
1339,short,176.48003599970252,128,8142.0551750015875,
1340,short,176.2499319993367,128,8142.035307999322,
1341,short,176.04308299996774,128,8142.044741001882,
1342,short,175.82651000338956,128,8142.016424000758,
1343,short,175.3265929983172,128,8141.7071930009115,
1328,short,179.8015120002674,128,8146.345681998355,
1345,short,185.6178159978299,128,8288.176049998583,
1346,short,185.3657760002534,128,8288.258268999925,
1347,short,181.69960500017623,128,8284.835374997783,
1344,short,189.26315600037924,128,8292.450985998585,
1349,short,188.42812799994135,128,8297.770960001799,
1350,short,187.97926099796314,128,8297.202541998558,
1351,short,187.7469889986969,128,8297.188374999678,
1352,short,187.5865839974722,128,8297.223823999957,
1353,short,187.40479800180765,128,8297.229117000825,
1354,short,187.22678099948098,128,8298.110720003024,
1355,short,187.04678699941724,128,8298.177542001213,
1356,short,186.86839799920563,128,8298.189674998866,
1357,short,184.06444799984456,128,8295.568946999992,
1348,short,194.6436010002799,128,8303.674245998991,
1359,short,179.1914599998563,128,8297.083154000575,
1360,short,178.98944300031872,128,8297.208019001118,
1361,short,178.83464700207696,128,8297.27709400322,
1362,short,178.626840999641,128,8297.254797002097,
1363,short,178.44368900114205,128,8297.260458999517,
1364,short,178.26046600021073,128,8297.269579998101,
1365,short,178.109950000362,128,8297.308089997387,
1366,short,177.9342390000238,128,8297.312075999798,
1367,short,177.7506930011441,128,8297.308322002209,
1368,short,177.57586700099637,128,8297.313969000243,
1369,short,177.3659829996177,128,8297.347872998216,
1370,short,177.1536999985983,128,8297.336407998955,
1371,short,177.61156100095832,128,8297.422766998352,
1372,short,177.44376300106524,128,8297.507282000879,
1373,short,177.27275600191206,128,8297.579563000909,
1374,short,177.06746600015322,128,8297.567763998813,
1375,short,175.26510700190556,128,8295.953092001582,
1358,short,181.44634899726952,128,8303.394858998217,
1377,short,183.0138090008404,128,8300.42580600275,
1378,short,182.76693300140323,128,8300.701014999504,
1379,short,182.6370130002033,128,8301.046316002612,
1380,short,182.45953799851122,128,8301.171882001654,
1381,short,182.24303899842198,128,8301.263849996758,
1382,short,181.9745350003359,128,8301.426904999971,
1383,short,181.89249799979734,128,8301.908490000642,
1384,short,181.68368100305088,128,8302.000149000378,
1385,short,181.54093900011503,128,8302.212131002307,
1386,short,181.3026899981196,128,8302.268181996624,
1387,short,181.1082060012268,128,8302.512476002448,
1388,short,180.8997400003136,128,8310.490563002531,
1389,short,180.7121179990645,128,8310.571596997761,
1390,short,180.4987479990814,128,8310.566789001314,
1391,short,180.02155599970138,128,8310.294848000922,
1376,short,185.1866120014165,128,8315.64881000304,
1200,long,197.99515799968503,512,32333.109980998415,
1201,long,205.78839399968274,512,32330.99026900163,
1202,long,198.2893710010103,512,32326.951900002314,
1203,long,208.18529799726093,512,32364.791934000095,
1204,long,172.72241600221605,512,32326.763142002164,
1205,long,288.163404999068,512,32454.343692999828,
1206,long,288.0991579986585,512,32454.980968999735,
1207,long,287.7467460020853,512,32454.97110600263,
1208,long,287.54039500199724,512,32455.075887999556,
1209,long,287.2578099995735,512,32455.13415000096,
1210,long,286.9816870006616,512,32455.21216600173,
1211,long,285.98020500066923,512,32453.886801999033,
1212,long,285.8635230004438,512,32455.429669000296,
1213,long,285.60151100100484,512,32455.531708001217,
1214,long,285.31255300185876,512,32455.598003001796,
1215,long,285.0321730002179,512,32455.635960999643,
1216,long,284.7620979991916,512,32455.680579998443,
1217,long,284.3864480018965,512,32455.60942100201,
1218,long,284.23813200060977,512,32455.79333400019,
1219,long,279.5765980008582,512,32461.18891199876,
1220,long,279.24999999959255,512,32461.19814299891,
1221,long,277.0229579982697,512,32461.299480997695,
1222,long,164.9639590032166,512,32349.36222500255,
1223,long,164.5074330008356,512,32350.020675999986,
1224,long,233.92355800024234,512,32409.784278999723,
1225,long,233.59609700128203,512,32409.84890300024,
1226,long,233.2807960010541,512,32409.86065099787,
1227,long,232.84049200083246,512,32409.69696600223,
1228,long,232.5160180007515,512,32409.68449900174,
1229,long,232.20974699870567,512,32409.669748998567,
1230,long,231.89746500065667,512,32409.631761998753,
1231,long,231.5884929994354,512,32409.592749001604,
1232,long,184.45232900194242,512,32362.71218500042,
1233,long,183.88296799821546,512,32363.060464998853,
1234,long,180.3485370000999,512,32359.840179997263,
1235,long,152.11538400035352,512,32337.507672000356,
1236,long,288.8795350008877,512,32458.07893700112,
1237,long,288.5511390013562,512,32458.176969001215,
1238,long,288.2457380001142,512,32458.181292997324,
1239,long,287.9717489995528,512,32458.183150996774,
1240,long,287.6115219987696,512,32458.088842999132,
1241,long,287.3164429984172,512,32458.467305998056,
1242,long,287.00227300214465,512,32458.453420000296,
1243,long,286.705828999402,512,32458.411306997732,
1244,long,286.4072609991126,512,32458.37100100107,
1245,long,286.09385500021745,512,32458.316781001486,
1246,long,285.70955699979095,512,32458.21366400196,
1247,long,285.4488900011347,512,32458.228629999212,
1393,short,196.79043100040872,128,8304.962046997389,
1394,short,196.55169700126862,128,8305.065331998776,
1395,short,193.29362400094396,128,8302.00710400095,
1392,short,200.4920569997921,128,8309.750779997557,
1397,short,190.7172970022657,128,8293.78717399959,
1398,short,190.62348799707252,128,8293.903026999033,
1399,short,190.55019699953846,128,8293.922416996793,
1400,short,190.50797800082364,128,8293.954444001429,
1401,short,189.50282299920218,128,8293.978163001157,
1402,short,189.35608000174398,128,8293.971385999612,
1403,short,189.23617100153933,128,8293.968491001579,
1404,short,189.1160610030056,128,8293.967084002361,
1405,short,186.56039300185512,128,8291.53474800114,
1396,short,207.66084599745227,128,8299.825334997877,
1407,short,180.59477700080606,128,8288.521599999513,
1408,short,180.38341400097124,128,8288.6475339983,
1409,short,180.22206800014828,128,8288.699345001078,
1410,short,180.00781099908636,128,8288.673805000144,
1411,short,179.81555799997295,128,8288.673348000884,
1412,short,179.62399200041546,128,8288.672867998685,
1413,short,179.47034900134895,128,8288.707663999958,
1414,short,179.29069899764727,128,8288.708893996954,
1415,short,179.11245199866244,128,8288.73048999958,
1416,short,178.86886399719515,128,8288.670260997606,
1417,short,178.64422500133514,128,8288.626499001111,
1418,short,178.4072090013069,128,8288.580034000915,
1419,short,178.7605680001434,128,8288.482187999762,
1420,short,178.53842600015923,128,8288.500842001667,
1421,short,178.34754099749262,128,8288.503826999658,
1422,short,178.13304599985713,128,8288.466709000204,
1423,short,176.22793999908026,128,8286.745814999449,
1406,short,182.88314200253808,128,8294.764155001758,
1425,short,181.55702399963047,128,8281.630426001357,
1426,short,181.06102700039628,128,8281.399498002429,
1427,short,180.79706699791132,128,8281.380905998958,
1428,short,180.5018380000547,128,8282.1632769992,
1429,short,180.04442600067705,128,8281.93430399915,
1430,short,179.40654400081257,128,8281.489829001657,
1431,short,179.20302700076718,128,8281.474860999879,
1432,short,178.81344000124955,128,8281.295338001655,
1433,short,178.5429129995464,128,8281.214176000503,
1434,short,178.05470500024967,128,8280.90793299998,
1435,short,169.88982099792338,128,8272.926319998078,
1436,short,169.62567499649595,128,8272.916893998627,
1437,short,169.4184949992632,128,8272.897423001268,
1438,short,169.18503300257726,128,8272.85043899974,
1439,short,168.78125999937765,128,8272.640887997113,
1424,short,183.0780259988387,128,8287.149595998926,
1489,short,180.2151590018184,128,7975.349443000596,
1490,short,180.0183429986646,128,7975.474881000991,
1491,short,176.19916900002863,128,7971.858570002951,
1488,short,183.6532540000917,128,7979.718640999636,
1493,short,179.71243200008757,128,7976.99786800149,
1494,short,179.50244299936458,128,7977.125910001632,
1495,short,179.8777889998746,128,7977.132952000829,
1496,short,178.82966300021508,128,7977.0618160000595,
1497,short,178.60019499858026,128,7977.081274999364,
1498,short,178.41510099970037,128,7977.083682002558,
1499,short,178.23355400105356,128,7977.101266002137,
1500,short,178.05324900109554,128,7977.104306999536,
1501,short,175.31028799930937,128,7974.624890000996,
1492,short,186.64485199769842,128,7983.025354998972,
1503,short,171.247106998635,128,7978.6499939982605,
1504,short,171.0364220016345,128,7978.81435599993,
1505,short,170.87352499947883,128,7978.871276998689,
1506,short,170.65611699945293,128,7978.8400159995945,
1507,short,170.46790099993814,128,7978.841642001498,
1508,short,170.28106300131185,128,7978.8398729979235,
1509,short,170.12580599839566,128,7978.872075000254,
1510,short,169.92505000234814,128,7978.851804000442,
1511,short,169.74230499909027,128,7978.849303999596,
1512,short,169.56094399938593,128,7978.846703001182,
1513,short,169.3450489983661,128,7978.809808999358,
1514,short,169.1877060002298,128,7978.839318999235,
1515,short,168.98361099811154,128,7978.875916000106,
1516,short,168.79835600047954,128,7978.890087000764,
1517,short,168.6196939990623,128,7978.893796000193,
1518,short,168.40600399882533,128,7978.861673997017,
1519,short,166.88286000135122,128,7977.784782000526,
1502,short,173.51792300178204,128,7985.028408002108,
1521,short,178.32179199831444,128,7980.249329997605,
1522,short,178.05630300063058,128,7980.303557000298,
1523,short,177.0233269999153,128,7979.487988002802,
1524,short,176.79710899756174,128,7979.447785997763,
1525,short,176.57854400022188,128,7979.412534998119,
1526,short,176.31816699940828,128,7979.339669996989,
1527,short,176.2041539986967,128,7980.113876998075,
1528,short,175.98966600053245,128,7980.191508999269,
1529,short,175.83413399916026,128,7980.250594999234,
1530,short,175.60096599845565,128,7980.201604998001,
1531,short,175.37142299988773,128,7980.16841199933,
1532,short,175.18172600102844,128,7980.166812998505,
1533,short,174.9965400013025,128,7980.167347002862,
1534,short,174.77861099905567,128,7980.13691199958,
1535,short,174.40104799970868,128,7979.952877998585,
1520,short,179.58266500136233,128,7985.370974998659,
1537,short,183.0455550007173,128,8131.072324998968,
1538,short,182.8472969973518,128,8131.206369998836,
1539,short,179.43356599789695,128,8127.998626998306,
1536,short,186.421132999385,128,8135.630701999617,
1541,short,182.65274800069164,128,8135.328943000786,
1542,short,182.44779800079414,128,8135.473078000359,
1543,short,181.46232600338408,128,8134.712457002024,
1544,short,182.05070800104295,128,8134.696797002107,
1545,short,181.86867400072515,128,8135.5141710009775,
1546,short,181.67230600010953,128,8135.548698999628,
1547,short,181.4813189994311,128,8135.543054999289,
1548,short,181.22895600026823,128,8135.487919000298,
1549,short,178.4853409990319,128,8132.92711000031,
1540,short,189.26440500217723,128,8141.19981100157,
1551,short,172.89831299785874,128,8137.027564000164,
1552,short,172.6805289981712,128,8138.113723998686,
1553,short,172.51745500107063,128,8138.207990999945,
1554,short,172.30128000301193,128,8138.182729002438,
1555,short,172.11375500119175,128,8138.188549997722,
1556,short,171.92499699740438,128,8138.190616999054,
1557,short,171.76864000066416,128,8138.2236770004965,
1558,short,171.58828600076959,128,8138.262356998894,
1559,short,171.40824899979634,128,8138.276632002089,
1560,short,171.22951799683506,128,8138.280346000101,
1561,short,171.01796800125157,128,8138.259564999316,
1562,short,170.74848399715847,128,8138.219554999523,
1563,short,171.1682679997466,128,8138.327990000107,
1564,short,170.99168800268671,128,8138.341868001589,
1565,short,170.81393399712397,128,8138.344191997021,
1566,short,169.83767399869976,128,8137.545018998935,
1567,short,168.49667499991483,128,8136.388143997465,
1550,short,175.2966349995404,128,8145.790203998331,
1569,short,177.21807299676584,128,8137.361756998871,
1570,short,176.97884300287114,128,8137.449920002837,
1571,short,176.85292800160823,128,8137.531672000478,
1572,short,176.67124299987336,128,8137.535517998913,
1573,short,176.4594960004615,128,8137.502879002568,
1574,short,175.49707999933162,128,8136.72765499723,
1575,short,175.30293299932964,128,8136.778364998463,
1576,short,175.0664510000206,128,8136.728286001016,
1577,short,174.9049850004667,128,8136.758256001485,
1578,short,174.66139099997235,128,8136.693451997417,
1579,short,174.49526600103127,128,8136.720225000317,
1580,short,174.30609700022615,128,8136.731894999684,
1581,short,174.11859200001345,128,8136.790606000432,
1582,short,173.90233100013575,128,8137.194835999253,
1583,short,173.4884309989866,128,8137.0188309992955,
1568,short,178.6279089974414,128,8142.3766299994895,
1585,short,189.6359299971664,128,8287.55022599944,
1586,short,189.4357730016054,128,8287.676230000216,
1587,short,185.82805899859522,128,8284.272813998541,
1584,short,193.12670700310264,128,8292.147355001362,
1589,short,184.45389900080045,128,8288.951943002758,
1590,short,184.23097899722052,128,8289.056392997736,
1591,short,184.02819999755593,128,8289.06548699888,
1592,short,183.04521500249393,128,8288.275974002318,
1593,short,182.81465300242417,128,8289.008224001009,
1594,short,182.6253250001173,128,8289.053332002368,
1595,short,183.434283000679,128,8289.038566003,
1596,short,183.26189599974896,128,8289.036079000653,
1597,short,180.64513300123508,128,8286.59363100087,
1588,short,191.04310799957602,128,8294.674434000626,
1599,short,176.54012000275543,128,8291.710394001711,
1600,short,176.29123799997615,128,8291.802310999628,
1601,short,176.1282570005278,128,8291.86781899989,
1602,short,175.91247699965606,128,8291.833528997813,
1603,short,175.72398799893563,128,8291.829724999843,
1604,short,175.53667199899792,128,8291.82929200033,
1605,short,175.34333299772698,128,8291.820914997516,
1606,short,175.151180003013,128,8291.80753000037,
1607,short,174.96063100043102,128,8291.79606100297,
1608,short,174.77920000237646,128,8291.79442700115,
1609,short,174.52512500312878,128,8291.719500000909,
1610,short,174.24429200036684,128,8291.623206001532,
1611,short,174.09832699922845,128,8291.668655998365,
1612,short,173.91682000015862,128,8291.666827000881,
1613,short,173.73894400225254,128,8291.663785003038,
1614,short,173.52742399816634,128,8291.628077000496,
1615,short,170.63823500211583,128,8288.405479001085,
1598,short,179.71584500264726,128,8298.727943001722,
1617,short,182.55439799759188,128,8292.262628998287,
1618,short,182.32496199925663,128,8292.466937000427,
1619,short,182.19389600199065,128,8292.77595700114,
1620,short,182.01479999697767,128,8292.897872997855,
1621,short,181.77908799771103,128,8292.964887998096,
1622,short,181.48689600275247,128,8293.031779001467,
1623,short,181.40088899963303,128,8293.492199001776,
1624,short,181.18529099956504,128,8293.573701997957,
1625,short,181.033043001662,128,8293.800200000987,
1626,short,180.79314199712826,128,8293.858814999112,
1627,short,180.6076459979522,128,8294.102150997787,
1628,short,180.37126600029296,128,8294.233556000108,
1629,short,179.75068599844235,128,8294.679678998364,
1630,short,179.492418999871,128,8294.646227997873,
1631,short,179.029671002354,128,8294.366916001309,
1616,short,184.08283700046013,128,8299.566994999623,
1440,long,195.09239200124284,512,32310.79345100079,
1441,long,198.43105000109063,512,32308.22592199911,
1442,long,204.89270499820122,512,32309.71245299952,
1443,long,162.04067899889196,512,32268.70508600041,
1444,long,192.76547800109256,512,32307.873204001226,
1445,long,173.95592899993062,512,32308.03199699949,
1446,long,237.75509199913358,512,32374.0107420017,
1447,long,237.7766480021819,512,32374.612270003126,
1448,long,237.37984800027334,512,32374.532924997766,
1449,long,237.09906300064176,512,32374.529640997935,
1450,long,236.7455899984634,512,32374.451339997904,
1451,long,236.42571800155565,512,32374.401229000796,
1452,long,234.5697190030478,512,32372.814999002003,
1453,long,235.1335339990328,512,32374.170872997638,
1454,long,234.7692030016333,512,32374.138303002837,
1455,long,234.40695599856554,512,32374.107656996784,
1456,long,234.10853400127962,512,32374.09295999896,
1457,long,233.78810999929556,512,32374.046360997454,
1458,long,233.32242800097447,512,32373.852906002867,
1459,long,234.84076900058426,512,32369.680771000276,
1460,long,234.4435019986122,512,32369.649698001012,
1461,long,233.9919900005043,512,32369.49762400036,
1462,long,233.7390909997339,512,32369.57045699819,
1463,long,232.64390400072443,512,32368.760396999278,
1464,long,299.35536600169144,512,32424.20995900102,
1465,long,299.0049620020727,512,32424.219136002648,
1466,long,298.9091199997347,512,32425.208050000947,
1467,long,298.6971509999421,512,32425.298664002185,
1468,long,298.4009829997376,512,32425.258438997844,
1469,long,298.40374199920916,512,32425.37599899879,
1470,long,298.2752370007802,512,32425.51831900346,
1471,long,298.07134800284985,512,32425.576258003275,
1472,long,297.8643239985104,512,32425.621806996787,
1473,long,297.0277589993202,512,32424.950166998315,
1474,long,297.10431399871595,512,32425.11892299808,
1475,long,325.8982240004116,512,32417.640628998925,
1476,long,204.51678399695083,512,32301.235413997347,
1477,long,338.21512700160383,512,32494.383753000875,
1478,long,337.8922300034901,512,32494.50854600218,
1479,long,337.5982629986538,512,32494.551993997447,
1480,long,337.5543230031326,512,32494.57783500111,
1481,long,336.8581440008711,512,32494.166254000447,
1482,long,336.57052900161943,512,32494.162262999453,
1483,long,336.29935199860483,512,32494.204245998844,
1484,long,336.0308810006245,512,32494.242638000287,
1485,long,335.7639140012907,512,32494.309101002727,
1486,long,335.47531899967,512,32494.304723000823,
1487,long,335.14307600125903,512,32494.24485200143,
1633,short,194.12487299996428,128,8283.547391001775,
1634,short,193.92543700087117,128,8283.677375002299,
1635,short,190.28117100242525,128,8280.241521002608,
1632,short,197.65512000230956,128,8288.18389600201,
1637,short,187.29126900143456,128,8276.009860001068,
1638,short,187.19957700159284,128,8276.271211001585,
1639,short,187.1218910018797,128,8276.48040799977,
1640,short,186.29632200099877,128,8275.911903001543,
1641,short,186.12192299769958,128,8276.006313997641,
1642,short,185.99633300254936,128,8276.120548001927,
1643,short,185.87216600280954,128,8276.259555001161,
1644,short,185.75184599831118,128,8276.370399998996,
1645,short,183.272089001548,128,8274.104846001137,
1636,short,196.5919379981642,128,8289.294515998336,
1647,short,179.66027200236567,128,8271.257827000227,
1648,short,179.44398399777128,128,8272.316260998196,
1649,short,179.28570799995214,128,8272.426188999816,
1650,short,179.07461499999044,128,8272.40600100049,
1651,short,178.8968919972831,128,8272.411119000026,
1652,short,178.7116320010682,128,8272.415008999815,
1653,short,178.5593019994849,128,8272.49637299974,
1654,short,178.37988400060567,128,8272.519231999468,
1655,short,178.1999509985326,128,8272.522126000695,
1656,short,178.0217730010918,128,8272.523816998728,
1657,short,177.81149999791523,128,8272.493849999591,
1658,short,177.59638799907407,128,8272.467342001619,
1659,short,178.08001299999887,128,8272.469944000477,
1660,short,177.90551799771492,128,8272.539596997376,
1661,short,177.72938599955523,128,8272.621169999184,
1662,short,177.52282400033437,128,8272.656509001536,
1663,short,175.61954600023455,128,8270.948779001628,
1646,short,181.94948900054442,128,8278.532661999634,
1665,short,184.89972400129773,128,8269.925102998968,
1666,short,184.4335149980907,128,8269.802899998467,
1667,short,184.1742249998788,128,8269.80929400088,
1668,short,183.87970300318557,128,8269.71683100055,
1669,short,183.4930090008129,128,8269.517713000823,
1670,short,182.87229700217722,128,8269.085130999883,
1671,short,182.6742040029785,128,8269.062510000367,
1672,short,182.26919999870006,128,8268.872245000239,
1673,short,181.99596300109988,128,8269.366410000657,
1674,short,181.5204279992031,128,8269.104654002149,
1675,short,181.17741699825274,128,8268.89680399836,
1676,short,180.10726300053648,128,8268.06790000046,
1677,short,179.8866060016735,128,8268.08483000059,
1678,short,179.66882600012468,128,8268.05662300103,
1679,short,179.18075499983388,128,8267.75988999725,
1664,short,186.318479001784,128,8275.163247999444,
1729,short,182.66712200056645,128,8044.866100997751,
1730,short,182.46252600147272,128,8045.002987000771,
1731,short,178.78358599773492,128,8041.532813997037,
1728,short,186.17767199975788,128,8049.523309000506,
1733,short,181.82991199864773,128,8048.138211997866,
1734,short,181.4324770020903,128,8048.2772899995325,
1735,short,181.05405000096653,128,8048.294740001438,
1736,short,181.58539100113558,128,8048.384469002485,
1737,short,181.29946200133418,128,8048.391236003226,
1738,short,180.98366000049282,128,8048.368079002103,
1739,short,180.6964820025314,128,8048.3728740000515,
1740,short,180.39287799911108,128,8048.36167099711,
1741,short,170.54983699927106,128,8038.8246629991045,
1732,short,188.89359000240802,128,8058.0167060034,
1743,short,171.322512000188,128,8047.900909998134,
1744,short,171.06112399778794,128,8047.981972998969,
1745,short,170.8975029978319,128,8048.029342000518,
1746,short,170.679356000619,128,8047.99679899952,
1747,short,170.49127399877761,128,8047.997732999647,
1748,short,170.256433000759,128,8047.9517499989015,
1749,short,170.0816049997229,128,8049.191542999324,
1750,short,169.89916199963773,128,8049.264338002104,
1751,short,169.71856099917204,128,8049.271815998509,
1752,short,169.5396510003775,128,8049.289688999124,
1753,short,169.32537200045772,128,8049.258408998867,
1754,short,169.16976700304076,128,8049.328986002365,
1755,short,168.96366999935708,128,8049.339998000505,
1756,short,169.25631699996302,128,8049.245268000959,
1757,short,169.05372200199054,128,8049.2166000003635,
1758,short,168.83622699970147,128,8049.174651001522,
1759,short,166.96448899892857,128,8047.4880280016805,
1742,short,174.51841200090712,128,8055.661867998424,
1761,short,176.11424600181635,128,8053.089288001502,
1762,short,175.83077299786964,128,8053.178354999545,
1763,short,175.67965099806315,128,8053.264633999788,
1764,short,175.4945829998178,128,8053.270589000022,
1765,short,175.2814600004058,128,8053.244782000547,
1766,short,175.03262900208938,128,8053.18663000071,
1767,short,174.92192500139936,128,8053.274649999366,
1768,short,174.12700000204495,128,8052.666054001747,
1769,short,173.94201199931558,128,8053.372973998194,
1770,short,173.75935499876505,128,8053.410686999996,
1771,short,173.54395000074874,128,8053.450665000128,
1772,short,173.3172719978029,128,8053.422657998453,
1773,short,173.1253239995567,128,8053.424268000526,
1774,short,172.90993700225954,128,8053.395306000311,
1775,short,172.50485200202093,128,8053.182427000138,
1760,short,177.458829999523,128,8058.398354998644,
1777,short,186.37929500255268,128,8227.846176003368,
1778,short,186.17500399705023,128,8227.983396998752,
1779,short,182.4925479995727,128,8224.577414999658,
1776,short,189.89689700174495,128,8232.883647000563,
1781,short,186.62667899843655,128,8231.09026900056,
1782,short,186.23333200230263,128,8231.054755000514,
1783,short,185.85625600098865,128,8230.900855000073,
1784,short,186.3680540009227,128,8230.822484998498,
1785,short,186.08069300171337,128,8230.7100370017,
1786,short,185.7911740007694,128,8231.556901999284,
1787,short,185.487964998174,128,8231.494567000482,
1788,short,185.19210100203054,128,8231.383674999961,
1789,short,178.9268130014534,128,8225.300862002769,
1780,short,193.46843200037256,128,8237.138586999208,
1791,short,177.3143579994212,128,8234.866520997457,
1792,short,177.22072299875435,128,8235.930333001306,
1793,short,177.17798599915113,128,8236.01894300009,
1794,short,177.01994600065518,128,8235.99155500051,
1795,short,176.95056600132375,128,8235.992926001927,
1796,short,175.64547999791102,128,8234.761815998354,
1797,short,175.5336320020433,128,8234.727613002178,
1798,short,175.4252880018612,128,8234.721387001628,
1799,short,175.29979900064063,128,8234.7029320008,
1800,short,175.1771759991243,128,8234.699144999468,
1801,short,174.9824339967745,128,8234.637228997599,
1802,short,174.85746099919197,128,8234.622364998359,
1803,short,174.91137400065782,128,8234.689417000482,
1804,short,174.79181599992444,128,8234.704362002958,
1805,short,174.67829599991092,128,8234.707554001943,
1806,short,174.52245299864444,128,8234.729705000063,
1807,short,173.38309100159677,128,8233.67530700125,
1790,short,182.41935100013507,128,8242.105028999504,
1809,short,179.0692989998206,128,8232.766387998709,
1810,short,178.81474800014985,128,8232.841591001488,
1811,short,178.67805599962594,128,8232.911692000926,
1812,short,178.49308099903283,128,8233.778207999421,
1813,short,178.27903099896503,128,8233.800294998218,
1814,short,178.00357899977826,128,8233.732409997174,
1815,short,177.91715999919688,128,8233.849683001608,
1816,short,176.99895199984894,128,8233.114784998179,
1817,short,176.8055610009469,128,8233.155007001187,
1818,short,176.50116000004346,128,8233.051074999821,
1819,short,176.3208049997047,128,8233.062462997623,
1820,short,176.12893900150084,128,8233.058596000774,
1821,short,175.94418799853884,128,8233.071490998555,
1822,short,175.72943400227814,128,8233.043285003077,
1823,short,175.31495300136157,128,8232.817644002353,
1808,short,180.48280899893143,128,8238.186867998593,
1825,short,194.439490998775,128,8390.283357999579,
1826,short,194.1657289971772,128,8390.345031999459,
1827,short,190.17865099885967,128,8386.566533001314,
1824,short,197.99032799710403,128,8395.119451997743,
1829,short,188.51352999990922,128,8390.1213249992,
1830,short,188.2940450013848,128,8390.239650001604,
1831,short,188.6934169997403,128,8390.256377999322,
1832,short,188.54350000037812,128,8390.296344998205,
1833,short,187.40135899861343,128,8390.280269999494,
1834,short,187.16357099765446,128,8390.296653997211,
1835,short,186.97772300220095,128,8390.300096001738,
1836,short,186.79516400152352,128,8390.298767000786,
1837,short,184.32597699938924,128,8388.007169996854,
1828,short,195.11893699745997,128,8396.13965499666,
1839,short,178.4209310026199,128,8393.292922999535,
1840,short,178.1802539990167,128,8394.369785997696,
1841,short,178.01910799971665,128,8394.494901000144,
1842,short,177.8034849994583,128,8394.473184998787,
1843,short,177.61564000102226,128,8394.475854998745,
1844,short,177.42645899852505,128,8394.477597998048,
1845,short,177.28238199924817,128,8394.512716000463,
1846,short,177.10645099941758,128,8394.516309999744,
1847,short,176.91900999852805,128,8394.553671001631,
1848,short,176.73931199897197,128,8394.567989998905,
1849,short,176.4877979985613,128,8394.498522000504,
1850,short,176.26523199942312,128,8394.46351499646,
1851,short,176.12485000063316,128,8394.512106999173,
1852,short,175.9425980017113,128,8394.5107010004,
1853,short,175.70819499815116,128,8394.452188000287,
1854,short,175.48073799844133,128,8394.401203000598,
1855,short,174.05787999814493,128,8392.637802997342,
1838,short,181.5410460003477,128,8402.368347000447,
1857,short,183.9409730018815,128,8395.60881700163,
1858,short,183.71182899863925,128,8395.702582998638,
1859,short,182.7205949994095,128,8394.91433099829,
1860,short,182.48888299785904,128,8395.78861499831,
1861,short,182.25609700311907,128,8395.802003000426,
1862,short,181.97892399984994,128,8395.735950998642,
1863,short,181.89625200102455,128,8395.852802001173,
1864,short,181.63560700122616,128,8395.773984000698,
1865,short,181.46157899900572,128,8395.784357999219,
1866,short,181.21934900045744,128,8395.71990100012,
1867,short,181.04985600075452,128,8395.738776001963,
1868,short,180.86725600005593,128,8395.73712100173,
1869,short,180.68137700174702,128,8395.737632999953,
1870,short,180.46694099757588,128,8395.709162999992,
1871,short,180.0902050017612,128,8395.521449001535,
1856,short,185.43034799949965,128,8401.039424999908,
1680,long,191.91019299978507,512,32598.887945998285,
1681,long,200.7276570002432,512,32604.38277800131,
1682,long,197.95204999900307,512,32605.024770000455,
1683,long,200.6342169988784,512,32609.909086000698,
1684,long,203.79959099955158,512,32609.94150999977,
1685,long,181.1633149991394,512,32613.384463998955,
1686,long,178.67825500070467,512,32610.37109699828,
1687,long,292.27424900091137,512,32739.059267998528,
1688,long,292.25570400012657,512,32739.776359001553,
1689,long,291.9027579991962,512,32739.740378001443,
1690,long,291.7051000003994,512,32739.810054998088,
1691,long,291.44518799876096,512,32739.818743000797,
1692,long,291.18147999906796,512,32739.82799499936,
1693,long,289.4523380018654,512,32738.36946600204,
1694,long,289.95577699970454,512,32739.85197500224,
1695,long,289.62771100123064,512,32739.854171002662,
1696,long,289.3254340015119,512,32739.830763999635,
1697,long,289.08054099883884,512,32739.868967000803,
1698,long,288.81089399874327,512,32739.879558997927,
1699,long,290.3341689998342,512,32741.452479000145,
1700,long,290.03095900043263,512,32742.064781999943,
1701,long,290.51177199653466,512,32742.343104997417,
1702,long,290.1127709992579,512,32742.342759996973,
1703,long,289.8798619971785,512,32742.783518999204,
1704,long,173.4418679989176,512,32626.812734997657,
1705,long,173.0250000000524,512,32626.797230001102,
1706,long,240.28968799757422,512,32677.899782996974,
1707,long,239.98507000214886,512,32678.008874001534,
1708,long,239.67188599999645,512,32678.02662900067,
1709,long,239.25498199969297,512,32677.920099999028,
1710,long,238.91802999787615,512,32677.91940799725,
1711,long,238.62532900238875,512,32677.976410002884,
1712,long,238.32614999992074,512,32677.960010001698,
1713,long,238.02186899774824,512,32677.937282998755,
1714,long,237.57431999911205,512,32677.746557998034,
1715,long,239.3268439991516,512,32687.55642999895,
1716,long,234.77936099880026,512,32684.535167998547,
1717,long,150.8015629988222,512,32617.96979800056,
1718,long,277.21379599825013,512,32747.804147998977,
1719,long,276.88813200074947,512,32747.95019299927,
1720,long,276.58449599766755,512,32747.96711199815,
1721,long,276.32394800093607,512,32748.021030998643,
1722,long,276.0222739998426,512,32747.99396600065,
1723,long,275.7251670009282,512,32747.987863000162,
1724,long,275.42607099894667,512,32747.957790998043,
1725,long,275.09326200015494,512,32747.896560998925,
1726,long,274.80964999995194,512,32747.88417399759,
1727,long,274.53916300146375,512,32747.887024001102,
1873,short,193.51746200118214,128,8319.287964000978,
1874,short,193.3138219974353,128,8319.527421997918,
1875,short,189.45701499978895,128,8315.983081000013,
1872,short,197.1073829990928,128,8330.381642997963,
1877,short,194.00545300231897,128,8313.63167300151,
1878,short,193.79486700199777,128,8313.810782001383,
1879,short,194.19109299997217,128,8313.845094002318,
1880,short,193.08930799888913,128,8312.936426998931,
1881,short,192.84031200004392,128,8312.884343002224,
1882,short,192.6526749994082,128,8312.876927000616,
1883,short,192.47181600076146,128,8313.802561999182,
1884,short,192.28975000078208,128,8313.855145999696,
1885,short,189.65116999970633,128,8311.400234000757,
1876,short,200.55424999736715,128,8319.462668998312,
1887,short,183.57748899870785,128,8303.890218998276,
1888,short,183.30628200055799,128,8304.006719001336,
1889,short,183.14248400201905,128,8305.134570000519,
1890,short,182.92347099850303,128,8305.176033998578,
1891,short,182.73266599862836,128,8305.18993700025,
1892,short,182.54172999877483,128,8305.193932999828,
1893,short,182.38507299975026,128,8305.234044997633,
1894,short,182.15792400224018,128,8305.198509999173,
1895,short,181.96433400225942,128,8305.188891001308,
1896,short,181.7812999979651,128,8305.19118599841,
1897,short,181.60151800111635,128,8305.213476000063,
1898,short,181.3939349995053,128,8305.199759997777,
1899,short,181.26683599984972,128,8305.220239999471,
1900,short,181.09115799961728,128,8305.302140001004,
1901,short,180.91349099995568,128,8305.32435999703,
1902,short,180.70093999995152,128,8305.298278999544,
1903,short,177.8626820014324,128,8302.656813000795,
1886,short,186.77002899858053,128,8312.352708999242,
1905,short,188.37635200179648,128,8300.667078001425,
1906,short,188.13802099975874,128,8300.74155499824,
1907,short,187.0656519968179,128,8299.923260998185,
1908,short,186.83213999975123,128,8299.877639001352,
1909,short,186.59429000035743,128,8299.834392000776,
1910,short,186.33519399736542,128,8299.758162997023,
1911,short,186.2543530005496,128,8299.852357002237,
1912,short,186.04423600118025,128,8299.856909001392,
1913,short,185.89004200111958,128,8300.589017002494,
1914,short,185.64910300119664,128,8300.566115998663,
1915,short,185.48975399971823,128,8300.540907999675,
1916,short,185.30193100014003,128,8300.598409998202,
1917,short,185.12650100092287,128,8300.601486000232,
1918,short,184.9130159971537,128,8300.580548999278,
1919,short,184.45810200137203,128,8300.32188900077,
1904,short,189.6454649977386,128,8305.838819997007,
1969,short,183.2262099997024,128,8040.3616199982935,
1970,short,182.91830299858702,128,8040.45913599839,
1971,short,173.01522500201827,128,8030.767217001994,
1968,short,186.75482899925555,128,8045.304324998142,
1973,short,180.66342900056043,128,8041.953377000027,
1974,short,180.43953999949736,128,8042.076743000507,
1975,short,180.2321649993246,128,8042.079153998202,
1976,short,180.07161999776145,128,8042.119562000153,
1977,short,180.77113500112318,128,8042.201093001495,
1978,short,179.67297900031554,128,8042.168824998953,
1979,short,179.4452079993789,128,8042.178237999906,
1980,short,179.26401600198005,128,8042.181099001027,
1981,short,176.83404800118296,128,8039.944116000697,
1972,short,187.75555300089763,128,8048.015577001934,
1983,short,171.31903999688802,128,8042.219715996907,
1984,short,170.02408999906038,128,8041.262343998824,
1985,short,169.79617000106373,128,8041.244500000175,
1986,short,169.5675700029824,128,8041.230359001929,
1987,short,169.37390100065386,128,8041.239905000111,
1988,short,169.1789609976695,128,8041.234329997678,
1989,short,169.01366399906692,128,8041.2678139982745,
1990,short,168.83178499847418,128,8041.272200000094,
1991,short,168.64676399927703,128,8041.265945001214,
1992,short,168.41811799895368,128,8041.207918999135,
1993,short,168.190238000534,128,8041.1577699997,
1994,short,168.01709900028072,128,8041.170969998348,
1995,short,167.80119500253932,128,8041.144367001834,
1996,short,167.6124850018823,128,8041.13488800067,
1997,short,167.4269169998297,128,8041.126104999421,
1998,short,167.2052399990207,128,8041.083755000727,
1999,short,165.30647200124804,128,8039.368412002659,
1982,short,173.62088600202696,128,8048.550606003118,
2001,short,176.7339100006211,128,8045.006402000581,
2002,short,176.46475899891811,128,8045.066276001307,
2003,short,176.33136700169416,128,8045.141032001993,
2004,short,176.13790999894263,128,8045.131155999115,
2005,short,175.91549899952952,128,8045.085779998772,
2006,short,175.66661999808275,128,8045.81207999945,
2007,short,175.55785100194043,128,8045.941890002723,
2008,short,174.64499899870134,128,8045.2154419981525,
2009,short,174.4668659994204,128,8045.210632000817,
2010,short,174.28228499920806,128,8045.202501001768,
2011,short,174.0648630002397,128,8045.171329998993,
2012,short,173.87689799943473,128,8045.166115000029,
2013,short,173.68714999975055,128,8045.172974998422,
2014,short,173.4749159986677,128,8045.142902999942,
2015,short,173.07996100134915,128,8044.930187003047,
2000,short,178.07559400171158,128,8050.138316000812,
2017,short,184.42496599891456,128,8206.813270997372,
2018,short,184.21852200117428,128,8206.948511000519,
2019,short,180.43568299981416,128,8203.371472998697,
2016,short,187.95974599925103,128,8211.572406002233,
2021,short,183.82065300102113,128,8210.635204999562,
2022,short,183.6152769974433,128,8210.78129200032,
2023,short,184.13319699902786,128,8210.826280999754,
2024,short,183.9170200000808,128,8210.791976998735,
2025,short,182.83810900175013,128,8209.894970001187,
2026,short,182.60351500066463,128,8209.84106800097,
2027,short,182.4064760003239,128,8209.824700999889,
2028,short,182.22499300100026,128,8209.824451001623,
2029,short,179.6148239991453,128,8207.393852000678,
2020,short,190.29717500234256,128,8216.315319001296,
2031,short,176.3880770013202,128,8214.612761003082,
2032,short,176.18006699922262,128,8214.95940100067,
2033,short,175.99144099949626,128,8215.176465000695,
2034,short,175.76366099820007,128,8215.269739997893,
2035,short,175.57278500316897,128,8215.461194002273,
2036,short,175.37352699946496,128,8215.649701000075,
2037,short,175.21176599984756,128,8215.89966800093,
2038,short,175.03243100145482,128,8216.024991001177,
2039,short,174.85341599967796,128,8216.14440600024,
2040,short,174.6747819997836,128,8216.299620999052,
2041,short,174.4595419986581,128,8216.416571998707,
2042,short,174.24383999968995,128,8216.575004000333,
2043,short,174.11723900295328,128,8216.885275000095,
2044,short,173.94085799969616,128,8217.008448002161,
2045,short,173.7612260003516,128,8217.124699000124,
2046,short,173.550121999142,128,8217.239713998424,
2047,short,172.0383550018596,128,8216.832494999835,
2030,short,178.65012300171657,128,8224.060150001606,
2049,short,180.1746990022366,128,8215.405376999115,
2050,short,179.943203998846,128,8215.530325000145,
2051,short,179.81101500117802,128,8215.621581002779,
2052,short,179.63391200100887,128,8215.635253000073,
2053,short,178.62722299832967,128,8214.816307998262,
2054,short,178.31163899973035,128,8214.695186001336,
2055,short,178.22449300001608,128,8214.867492999474,
2056,short,178.01390000022366,128,8214.866213998903,
2057,short,177.86269999851356,128,8215.65674699741,
2058,short,177.6234770004521,128,8215.640209000412,
2059,short,177.46667500250624,128,8215.720307001902,
2060,short,177.26673599827336,128,8215.716504997545,
2061,short,177.07761200290406,128,8215.744428001926,
2062,short,176.86540899740066,128,8215.724420999322,
2063,short,176.51207800008706,128,8215.564706002624,
2048,short,181.5063049980381,128,8220.838060999085,
2065,short,191.3261190020421,128,8357.81266000049,
2066,short,191.12319300256786,128,8357.96046500036,
2067,short,187.41249600134324,128,8354.498198001238,
2064,short,194.94602100166958,128,8362.44857100246,
2069,short,188.51986699883128,128,8359.84398599976,
2070,short,188.2811879986548,128,8359.978855001827,
2071,short,188.07967099928646,128,8360.044968998409,
2072,short,188.70401800086256,128,8360.123956001189,
2073,short,188.53097399914986,128,8361.066418998234,
2074,short,188.35261300046113,128,8361.123615002725,
2075,short,188.17006699828198,128,8361.156545997801,
2076,short,187.98996599798556,128,8361.200972998631,
2077,short,184.69033499786747,128,8358.175974997721,
2068,short,195.32055300078355,128,8366.534947999753,
2079,short,179.74497999966843,128,8363.027098999737,
2080,short,179.34593500103801,128,8364.030845001253,
2081,short,179.05372199675185,128,8364.059301999077,
2082,short,178.64619100146228,128,8363.884211001277,
2083,short,178.2603450010356,128,8363.772215001518,
2084,short,177.8501180015155,128,8363.604462003423,
2085,short,177.5740319972101,128,8363.586577997921,
2086,short,177.27454700070666,128,8363.510727001994,
2087,short,176.92931000055978,128,8363.3786399987,
2088,short,176.61021899766638,128,8363.266200998623,
2089,short,176.21052500180667,128,8363.084380001965,
2090,short,175.7490960007999,128,8362.861252000584,
2091,short,175.50128199945902,128,8362.849466997432,
2092,short,175.2059040009044,128,8362.774057000934,
2093,short,174.87963899839087,128,8362.67117099851,
2094,short,173.20053400180768,128,8361.218234000262,
2095,short,171.9200740008091,128,8360.177110000222,
2078,short,182.06282900064252,128,8371.408934999636,
2097,short,183.068384998478,128,8363.435400999151,
2098,short,183.56857600156218,128,8363.674095999158,
2099,short,183.4350400022231,128,8363.83833400032,
2100,short,183.2487219980976,128,8363.882095000008,
2101,short,183.03043500054628,128,8363.90003100314,
2102,short,182.69767799938563,128,8363.793325999723,
2103,short,182.59428900273633,128,8364.786140002252,
2104,short,181.6241109991097,128,8364.058503000706,
2105,short,181.44087600012426,128,8364.11132899957,
2106,short,181.1523969990958,128,8364.058482999098,
2107,short,180.97610200129566,128,8364.149306002219,
2108,short,180.77138700027717,128,8364.195088997803,
2109,short,180.579588002729,128,8364.30080900027,
2110,short,180.3602990003128,128,8364.3247229993,
2111,short,179.93536300127744,128,8364.162003999809,
2096,short,185.22482499975013,128,8369.651839002472,
1920,long,199.50835999770788,512,32533.209884997632,
1921,long,197.6266370002122,512,32532.046619999164,
1922,long,202.00070600185427,512,32524.62944400031,
1923,long,200.62280000274768,512,32522.753229000955,
1924,long,195.90027099911822,512,32523.737208000966,
1925,long,201.69507700120448,512,32521.29087100184,
1926,long,193.5128219993203,512,32523.83042099973,
1927,long,170.06292899895925,512,32524.76569999999,
1928,long,288.0413689999841,512,32651.845476000744,
1929,long,287.81265699944925,512,32652.53786700123,
1930,long,287.51073100283975,512,32652.51032100059,
1931,long,287.5440880015958,512,32652.579248999245,
1932,long,287.3928260014509,512,32652.58008100136,
1933,long,287.2396749990003,512,32652.573900002608,
1934,long,285.5474809985026,512,32651.03380200162,
1935,long,285.7759240032465,512,32652.444405001006,
1936,long,285.6080450001173,512,32652.482355002576,
1937,long,285.4190890029713,512,32652.44934600196,
1938,long,285.34509200108005,512,32652.476176001073,
1939,long,365.53873600132647,512,32719.695602001593,
1940,long,364.5205300017551,512,32719.11121300218,
1941,long,364.09757399815135,512,32719.02434099684,
1942,long,363.7482350022765,512,32718.96186000231,
1943,long,362.99722499825293,512,32718.50005699889,
1944,long,362.5810650009953,512,32718.398963002983,
1945,long,362.2057440006756,512,32718.363689000398,
1946,long,309.789314000227,512,32666.21615999975,
1947,long,309.33368299884023,512,32666.023974998097,
1948,long,309.0537839998433,512,32665.990856999997,
1949,long,308.74230400149827,512,32666.00678800023,
1950,long,308.32652100070845,512,32665.890568998293,
1951,long,308.8661129986576,512,32666.68183100046,
1952,long,308.605100002751,512,32666.72705500241,
1953,long,308.32425100015826,512,32666.7128529989,
1954,long,308.0429690016899,512,32666.695570998854,
1955,long,258.7162849995366,512,32617.60425600005,
1956,long,257.2958689997904,512,32616.489453001122,
1957,long,158.02941500078305,512,32528.351393000776,
1958,long,198.26315099999192,512,32571.985299000517,
1959,long,272.5227219998487,512,32615.68929400164,
1960,long,272.21203800218063,512,32615.800775001844,
1961,long,271.9289659980859,512,32616.894438997406,
1962,long,271.6874239995377,512,32617.089667000982,
1963,long,271.3896229979582,512,32617.159132998495,
1964,long,271.146338996914,512,32617.22151599679,
1965,long,270.8925980005006,512,32617.43815599766,
1966,long,270.62971299892524,512,32617.44953499874,
1967,long,270.3649430004589,512,32617.463965998468,
2113,short,196.7780330014648,128,8292.977328001143,
2114,short,196.53418799862266,128,8293.074666999019,
2115,short,192.944203998195,128,8289.749441999447,
2112,short,199.63733899930958,128,8297.937528997863,
2117,short,191.8347230021027,128,8285.62338499978,
2118,short,191.57075399925816,128,8285.71097099848,
2119,short,191.33262200193712,128,8285.685284001374,
2120,short,191.10594900121214,128,8284.82337999958,
2121,short,190.88552099856315,128,8284.804810999049,
2122,short,190.6771200010553,128,8285.666544001288,
2123,short,190.46190900189686,128,8285.675044000527,
2124,short,190.21811000129674,128,8285.590039999079,
2125,short,187.1865710018028,128,8282.78184300143,
2116,short,199.7363709997444,128,8291.656736000732,
2127,short,185.18581299940706,128,8278.129202997661,
2128,short,184.88231700030155,128,8279.192821999459,
2129,short,184.6903250007017,128,8279.270963001181,
2130,short,184.39087599836057,128,8279.16827000081,
2131,short,184.14845999723184,128,8279.124877997674,
2132,short,183.88991699976032,128,8279.061735000141,
2133,short,183.69287400128087,128,8279.1114870015,
2134,short,183.48070599677158,128,8279.098840997904,
2135,short,183.27324699930614,128,8279.09242199894,
2136,short,183.05474400040112,128,8279.066113002045,
2137,short,182.7917080008774,128,8279.03415900073,
2138,short,182.53116699997918,128,8278.981826002564,
2139,short,182.36539200006519,128,8278.992029001529,
2140,short,182.14416400223854,128,8279.03250700183,
2141,short,181.9191070026136,128,8279.00521400079,
2142,short,181.6533890014398,128,8278.92433499801,
2143,short,179.5244940003613,128,8276.988714998879,
2126,short,188.45967800007202,128,8286.66020199671,
2145,short,190.09645500045735,128,8275.592280999263,
2146,short,190.47661700096796,128,8275.593907997973,
2147,short,190.3035520008416,128,8275.651235999248,
2148,short,190.07848700130126,128,8275.614949001465,
2149,short,189.8266420030268,128,8275.549632002367,
2150,short,188.6553839976841,128,8274.56586399785,
2151,short,188.52340200101025,128,8274.604618000012,
2152,short,188.25244400068186,128,8274.55604699935,
2153,short,188.09138399956282,128,8275.197374998243,
2154,short,187.77147299988428,128,8275.105591001193,
2155,short,187.55330100248102,128,8275.049976000446,
2156,short,187.25781200191705,128,8275.021732002642,
2157,short,187.02580700119142,128,8274.991695001518,
2158,short,186.7591509981139,128,8274.915237998357,
2159,short,186.3896949980699,128,8274.74065899878,
2144,short,192.31933599803597,128,8280.868344998453,
2209,short,191.968053997698,128,8101.011606999236,
2210,short,191.70652100001462,128,8101.109924999037,
2211,short,187.79630299832206,128,8097.45499699784,
2208,short,195.35574300243752,128,8105.798942000547,
2213,short,182.17454900150187,128,8104.600941998797,
2214,short,181.96787999841035,128,8104.748737998307,
2215,short,181.720877000771,128,8104.777584001567,
2216,short,182.33590100135189,128,8104.800618999434,
2217,short,181.26335399938398,128,8104.901484999573,
2218,short,181.0377490000974,128,8104.945418999705,
2219,short,180.85078200238058,128,8104.953584999748,
2220,short,180.62061900127446,128,8104.90727800061,
2221,short,178.0551759984519,128,8102.547865997622,
2212,short,189.1578530012339,128,8110.86417900151,
2223,short,170.8200070024759,128,8104.5754959995975,
2224,short,170.54105900024297,128,8104.663873000391,
2225,short,170.37079999863636,128,8105.7861109984515,
2226,short,170.1463600002171,128,8105.8273800008465,
2227,short,169.95011600010912,128,8105.835923997802,
2228,short,169.70002800007933,128,8105.785659001413,
2229,short,169.52694799692836,128,8105.805216997396,
2230,short,169.35217100035516,128,8105.789697001455,
2231,short,169.16171699995175,128,8105.779665998853,
2232,short,168.92907199871843,128,8105.793479997374,
2233,short,168.69149100239156,128,8105.7420690012805,
2234,short,168.4869210002944,128,8105.730948998826,
2235,short,168.26833199957036,128,8105.710051000642,
2236,short,168.07925700049964,128,8105.705721998675,
2237,short,167.89299200172536,128,8105.701180000324,
2238,short,167.6744120013609,128,8105.664975999389,
2239,short,165.8200220008439,128,8104.001284998958,
2222,short,173.98784900069586,128,8113.016235001851,
2241,short,176.23234799975762,128,8107.921101000102,
2242,short,176.68551099995966,128,8108.000913001888,
2243,short,176.55885299973306,128,8108.079983998323,
2244,short,176.37371700038784,128,8109.029184000974,
2245,short,176.15599000055226,128,8109.086759999627,
2246,short,175.91405599887366,128,8109.046777997719,
2247,short,175.79101199953584,128,8109.122339999885,
2248,short,174.9125809983525,128,8108.4294079992105,
2249,short,174.7102269982861,128,8108.411997000076,
2250,short,174.49081299855607,128,8108.371489997808,
2251,short,174.24813700199593,128,8108.3291600007215,
2252,short,174.0345479993266,128,8108.310057999915,
2253,short,173.83246399913332,128,8108.345599001041,
2254,short,173.61120499845129,128,8108.317485999578,
2255,short,173.36412900112919,128,8108.256101000734,
2240,short,178.22803399758413,128,8113.387856999907,
2257,short,188.8499389970093,128,8262.45749499867,
2258,short,188.596610998502,128,8262.561920000735,
2259,short,184.86239699996077,128,8259.04345500021,
2256,short,192.54506299694185,128,8267.325119999441,
2261,short,185.6584679990192,128,8264.213734000805,
2262,short,185.38383099803468,128,8264.362686000823,
2263,short,185.79011299880221,128,8264.407899998332,
2264,short,184.63653399885516,128,8263.448902001983,
2265,short,184.36761599878082,128,8263.36754300064,
2266,short,184.17440899793291,128,8264.410509997106,
2267,short,183.97117299900856,128,8264.463219999016,
2268,short,183.79314000048907,128,8264.468235000095,
2269,short,181.1020320019452,128,8261.957754002651,
2260,short,192.3823880024429,128,8270.405835999554,
2271,short,177.52699099946767,128,8266.79071000035,
2272,short,176.23498700049822,128,8266.851158998179,
2273,short,176.00090999985696,128,8266.895959997782,
2274,short,175.76976900090813,128,8266.86753499962,
2275,short,175.5741110027884,128,8266.87011100148,
2276,short,175.38305799826048,128,8266.87000200036,
2277,short,175.22485699737445,128,8266.902469997149,
2278,short,174.99965399838402,128,8266.862937998667,
2279,short,174.79500199988252,128,8266.840683998453,
2280,short,174.61015400112956,128,8266.837891998875,
2281,short,174.39159299829043,128,8266.816962997837,
2282,short,174.1658520004421,128,8266.788581000583,
2283,short,174.03299899888225,128,8266.858275001141,
2284,short,173.85093700067955,128,8266.863468001247,
2285,short,173.66929999843705,128,8266.976926999632,
2286,short,173.45220599963795,128,8266.954198999883,
2287,short,172.0941320018028,128,8265.240407999954,
2270,short,179.85668300025281,128,8274.22763100185,
2289,short,182.84154899811256,128,8269.17338199928,
2290,short,182.60523000208195,128,8269.276341001387,
2291,short,181.5151259979757,128,8268.396864998067,
2292,short,181.2409869999101,128,8268.360089998168,
2293,short,181.0042090000934,128,8268.321927000216,
2294,short,180.78127199987648,128,8268.236771000375,
2295,short,180.7125819977955,128,8269.109376997221,
2296,short,180.5024749992299,128,8269.126898998366,
2297,short,180.3508269986196,128,8269.17012299964,
2298,short,180.09863599945675,128,8269.098283002677,
2299,short,179.93037500127684,128,8269.12062500196,
2300,short,179.6917450010369,128,8269.10715700069,
2301,short,179.49993900037953,128,8269.131248998747,
2302,short,179.28332399969804,128,8269.108906999463,
2303,short,178.95689099896117,128,8268.98028800133,
2288,short,184.25462699815398,128,8274.48416399784,
2305,short,191.1360589983815,128,8421.283798998047,
2306,short,190.92526699751033,128,8421.415753000474,
2307,short,187.0813610003097,128,8417.772911998327,
2304,short,194.6386640011042,128,8426.011689000006,
2309,short,190.47983500058763,128,8426.09795899989,
2310,short,190.24187399918446,128,8426.419601000816,
2311,short,190.04079199658008,128,8426.640338999277,
2312,short,190.56759999875794,128,8426.915785999881,
2313,short,189.3275980000908,128,8425.983995999559,
2314,short,189.07672799832653,128,8426.07597299866,
2315,short,188.8848019989382,128,8426.194879000832,
2316,short,188.7016059990856,128,8426.310462000401,
2317,short,186.12023599780514,128,8424.02631799996,
2308,short,197.1006320018205,128,8436.765156002366,
2319,short,181.62839700016775,128,8426.04543699781,
2320,short,181.47225900247577,128,8427.147883001453,
2321,short,181.41745100001572,128,8427.260861000832,
2322,short,181.24804999752087,128,8427.270528998633,
2323,short,181.17191499914043,128,8427.280866999354,
2324,short,181.10097399767255,128,8427.293541997642,
2325,short,181.05751400071313,128,8427.332505001687,
2326,short,180.93522500203107,128,8427.340633003041,
2327,short,180.79695100095705,128,8427.330853999592,
2328,short,180.66688900216832,128,8427.327526002045,
2329,short,180.50006200064672,128,8427.289089002443,
2330,short,180.3905240012682,128,8427.309883001726,
2331,short,180.42812299972866,128,8427.384906997759,
2332,short,180.1891600007366,128,8427.27887000001,
2333,short,180.052235002222,128,8427.273892000812,
2334,short,179.88688200057368,128,8427.23370100066,
2335,short,178.07872599951224,128,8425.50256299728,
2318,short,187.06170999939786,128,8434.346603997255,
2337,short,184.23435099975904,128,8428.7214520009,
2338,short,184.1162679993431,128,8428.851361000852,
2339,short,184.10125400259858,128,8428.896067001915,
2340,short,183.9599900013127,128,8428.903235002508,
2341,short,183.79891899894574,128,8428.890675997536,
2342,short,182.91556399708497,128,8428.051659997436,
2343,short,183.08827800137806,128,8428.133551002247,
2344,short,182.92498200025875,128,8428.93363499752,
2345,short,182.89652000021306,128,8429.044623000664,
2346,short,182.71084300067741,128,8428.994588000933,
2347,short,182.6676460004819,128,8428.981290002412,
2348,short,182.57652199827135,128,8428.972077999788,
2349,short,182.49715199999628,128,8428.97308999818,
2350,short,182.38728800133686,128,8428.944107999996,
2351,short,182.2257690000697,128,8428.817526000785,
2336,short,187.908415999118,128,8434.160947999771,
2160,long,198.2491899980232,512,32723.832659998152,
2161,long,197.96163099817932,512,32724.631157998374,
2162,long,201.54968299902976,512,32729.129151997768,
2163,long,202.3765000012645,512,32727.92123399995,
2164,long,195.9711849995074,512,32726.418812999327,
2165,long,196.91844599947217,512,32726.373147997947,
2166,long,196.3092959995265,512,32727.210742999887,
2167,long,189.46810400302638,512,32727.923770002235,
2168,long,173.15899200184504,512,32731.252888002928,
2169,long,289.1513379981916,512,32860.80038900036,
2170,long,288.90818400032003,512,32861.44084300031,
2171,long,288.60243799863383,512,32861.396889999014,
2172,long,288.6302400002023,512,32861.46120599733,
2173,long,288.4785220012418,512,32861.46349400224,
2174,long,288.33695800130954,512,32861.46011200253,
2175,long,286.7113790016447,512,32860.02643000029,
2176,long,286.9319759993232,512,32861.46758599716,
2177,long,286.7689739978232,512,32861.50543799886,
2178,long,286.5785869980755,512,32861.48822099858,
2179,long,349.8050259986485,512,32917.82264699941,
2180,long,349.36596199986525,512,32917.84452600041,
2181,long,348.94457300106296,512,32917.81258500123,
2182,long,348.7316299979284,512,32917.97344599763,
2183,long,348.4943410003325,512,32918.03893300312,
2184,long,348.10504100096296,512,32917.97649900036,
2185,long,347.81155500240857,512,32918.044756999734,
2186,long,347.56840399859357,512,32918.11108299953,
2187,long,347.90767999948,512,32918.14957899987,
2188,long,347.617266997986,512,32918.20154099696,
2189,long,347.3459940032626,512,32918.22221300026,
2190,long,347.0483460005198,512,32919.23789000066,
2191,long,345.88667700154474,512,32918.441992002045,
2192,long,345.6311549998645,512,32918.612110999675,
2193,long,345.39001699886285,512,32918.686474000424,
2194,long,345.12841399919125,512,32918.75107599844,
2195,long,344.89262599890935,512,32918.78689499936,
2196,long,344.51524800169864,512,32918.68715799865,
2197,long,305.70693499976187,512,32880.251413000224,
2198,long,161.75390300122672,512,32765.13673700174,
2200,long,179.96157900051912,512,32757.63353200091,
2199,long,180.28537399732159,512,32763.42428999851,
2201,long,306.7769089975627,512,32882.055648999085,
2202,long,306.3438649987802,512,32882.98566500089,
2203,long,306.00041399884503,512,32883.10393800202,
2204,long,305.67004199838266,512,32883.14327399712,
2205,long,305.21331099953386,512,32882.995690000826,
2206,long,304.9413459993957,512,32883.08695700107,
2207,long,304.6720860002097,512,32883.07569300014,
2353,short,196.5283069985162,128,8334.297080000397,
2354,short,196.3322359988524,128,8334.453624000162,
2355,short,192.60108900198247,128,8330.931136999425,
2352,short,200.13647799714818,128,8339.1803049999,
2357,short,192.6858490005543,128,8323.816154002998,
2358,short,192.27306299944757,128,8323.941006998211,
2359,short,191.88253700122004,128,8323.922087001847,
2360,short,192.40432100195903,128,8324.02719500169,
2361,short,192.07241500043892,128,8324.004941001476,
2362,short,191.7657619997044,128,8324.001144999784,
2363,short,191.4675999978499,128,8324.000904998684,
2364,short,191.17266600005678,128,8324.002776997077,
2365,short,184.24658500225632,128,8317.370875000051,
2356,short,199.76939900152502,128,8334.765405001235,
2367,short,184.95540599906235,128,8316.849573999207,
2368,short,184.69819800156984,128,8316.951734999748,
2369,short,184.49030599731486,128,8316.957872997591,
2370,short,184.2632539992337,128,8316.917753996677,
2371,short,184.05964500198024,128,8316.902496000694,
2372,short,183.86110199935501,128,8316.894472998683,
2373,short,183.70098599916673,128,8316.975243000343,
2374,short,183.51808899751632,128,8316.977078000491,
2375,short,183.33467199772713,128,8316.977095000766,
2376,short,183.15165999956662,128,8316.976313999476,
2377,short,182.87361500188126,128,8316.915254999913,
2378,short,183.31610300083412,128,8316.928553998878,
2379,short,183.1858639998245,128,8316.923228998348,
2380,short,183.00000399904093,128,8316.980051000428,
2381,short,182.81750599999214,128,8317.012881001574,
2382,short,182.60081100015668,128,8316.99098700119,
2383,short,180.82218199924682,128,8315.404081000452,
2366,short,188.2949249993544,128,8324.285413000325,
2385,short,190.1477449973754,128,8312.651713997184,
2386,short,189.9045499994827,128,8312.724799001444,
2387,short,189.74271700062673,128,8312.809618000756,
2388,short,189.55119000020204,128,8312.809670998831,
2389,short,189.32969399975264,128,8312.857667999197,
2390,short,189.04625099821715,128,8312.808369999402,
2391,short,188.12197700026445,128,8312.9687369983,
2392,short,187.834369000484,128,8312.955280001916,
2393,short,187.66962200243142,128,8313.016173000506,
2394,short,187.41573900115327,128,8312.959546001366,
2395,short,187.24425099935615,128,8312.925928999903,
2396,short,187.04836599863484,128,8312.995256997965,
2397,short,186.85383899719454,128,8312.992420000228,
2398,short,186.62292099907063,128,8312.951519998023,
2399,short,186.2600799977372,128,8312.784650999674,
2384,short,191.40212000274914,128,8318.12958700175,
2449,short,182.8167499988922,128,8043.588933000137,
2450,short,182.62033499922836,128,8043.718921999243,
2451,short,178.73832199984463,128,8040.040351002972,
2448,short,186.35158200049773,128,8048.179666999204,
2453,short,181.47326499820338,128,8046.564027998102,
2454,short,181.05731199830188,128,8046.53256399979,
2455,short,180.65774899878306,128,8046.354014000826,
2456,short,181.10868300209404,128,8046.26440300126,
2457,short,180.8046160003869,128,8046.949920997577,
2458,short,180.50756299999193,128,8046.892633003154,
2459,short,180.20924399752403,128,8046.782372999587,
2460,short,179.91388099835603,128,8046.668117000081,
2461,short,172.7327830012655,128,8039.680779998889,
2452,short,188.81118500212324,128,8052.629269001045,
2463,short,170.98569800145924,128,8049.316557000566,
2464,short,170.77498900107457,128,8050.510599998233,
2465,short,170.61622500114026,128,8050.62576400087,
2466,short,170.40224100128398,128,8050.598629000888,
2467,short,170.21232900151517,128,8050.597935001861,
2468,short,169.98416500064195,128,8050.553562999994,
2469,short,169.8269389999041,128,8050.590509999893,
2470,short,169.6426810012781,128,8050.5871259993,
2471,short,169.4602860006853,128,8050.5849569999555,
2472,short,169.21715500211576,128,8050.523401001556,
2473,short,168.969524998829,128,8050.451715997042,
2474,short,168.81096699944464,128,8050.499726999988,
2475,short,168.60849400109146,128,8050.509312000941,
2476,short,168.4001539979363,128,8050.483573999372,
2477,short,168.2055199999013,128,8050.467867000407,
2478,short,167.98597000160953,128,8050.423813001544,
2479,short,166.5937310026493,128,8048.663913999917,
2462,short,173.18088799947873,128,8056.476047997421,
2481,short,174.6787560005032,128,8050.629132001632,
2482,short,174.40683300083037,128,8050.620048001292,
2483,short,174.2781670000113,128,8051.5390950022265,
2484,short,174.00914799873135,128,8051.4832730004855,
2485,short,173.74895499960985,128,8051.404451998678,
2486,short,172.5849059985194,128,8050.420850999217,
2487,short,172.44877900157007,128,8050.482774000557,
2488,short,172.19526099870563,128,8050.411496999004,
2489,short,172.02527400149847,128,8050.426906000212,
2490,short,171.83868199936114,128,8050.417005997588,
2491,short,171.59836499922676,128,8050.364612998237,
2492,short,171.4121669974702,128,8050.356539999484,
2493,short,171.22410900265095,128,8050.350150002487,
2494,short,171.0110790008912,128,8050.311971001065,
2495,short,170.78381999817793,128,8050.273245997232,
2480,short,175.94130100042094,128,8055.641782000748,
2497,short,188.49114600016037,128,8223.421908998716,
2498,short,188.2876679992478,128,8223.581268000999,
2499,short,184.6876039999188,128,8220.193672997993,
2496,short,191.87550399874453,128,8228.13586600023,
2501,short,185.64884400257142,128,8224.767923002219,
2502,short,185.955903998547,128,8224.902046000352,
2503,short,185.80725900028483,128,8224.932515000546,
2504,short,184.87144199752947,128,8224.15680300037,
2505,short,184.63689299824182,128,8224.947678998433,
2506,short,184.44896799701382,128,8225.001920000068,
2507,short,184.25780400139047,128,8224.99873900233,
2508,short,184.07457600187627,128,8224.998162000702,
2509,short,181.48548400131403,128,8222.589607001282,
2500,short,191.90703999993275,128,8230.65517699797,
2511,short,176.0416620018077,128,8226.112880001892,
2512,short,175.77373700260068,128,8226.20570700019,
2513,short,175.61401199782267,128,8226.261874999182,
2514,short,175.39836700234446,128,8226.236287002394,
2515,short,175.19833799815387,128,8226.228894996893,
2516,short,175.0033810021705,128,8226.223550002032,
2517,short,174.84778100333642,128,8226.257219001127,
2518,short,174.66632799914805,128,8226.34039300101,
2519,short,174.4853370000783,128,8226.355128997966,
2520,short,174.30884500208776,128,8226.363002002472,
2521,short,174.07410599844297,128,8226.323037000839,
2522,short,173.83693100055098,128,8226.286742999946,
2523,short,173.7068759975955,128,8226.36395399968,
2524,short,173.52852000112762,128,8226.367185001436,
2525,short,173.35243799971067,128,8226.372655997693,
2526,short,173.14385099962237,128,8226.343037000333,
2527,short,171.92703099863138,128,8224.758895001287,
2510,short,179.32442299934337,128,8234.78007399899,
2529,short,182.12623199724476,128,8228.633399998216,
2530,short,181.0412320010073,128,8227.916300002107,
2531,short,180.88004699893645,128,8227.9790759967,
2532,short,180.69951600045897,128,8227.986559999408,
2533,short,180.471004001447,128,8227.939653999783,
2534,short,180.1857899990864,128,8227.843331998884,
2535,short,180.1027889996476,128,8227.962941997248,
2536,short,179.89228000078583,128,8228.699251998478,
2537,short,179.7406219993718,128,8228.788952998002,
2538,short,179.50247800035868,128,8228.73432599954,
2539,short,179.34130899811862,128,8228.830105999805,
2540,short,179.15785000150208,128,8228.836606002005,
2541,short,178.97232900213567,128,8228.870303999429,
2542,short,178.75927600107389,128,8228.847514001245,
2543,short,178.51004600015585,128,8228.789527998742,
2528,short,183.27604399746633,128,8233.753966997028,
2545,short,190.76561700057937,128,8365.447198000766,
2546,short,190.55817000116804,128,8365.581768000993,
2547,short,186.84810000195284,128,8362.118049000856,
2544,short,194.26103600198985,128,8369.987608999509,
2549,short,189.09174600048573,128,8368.254526998498,
2550,short,188.87704400185612,128,8368.432202001713,
2551,short,188.6864730004163,128,8368.561444000079,
2552,short,188.4784790017875,128,8367.814059998636,
2553,short,188.25018100324087,128,8367.810129002464,
2554,short,188.06659499750822,128,8367.849761998514,
2555,short,187.88670399953844,128,8367.888951001078,
2556,short,187.6962660026038,128,8367.917294002837,
2557,short,185.1226979997591,128,8366.544393000368,
2548,short,195.81055100206868,128,8374.654135001038,
2559,short,180.10480699740583,128,8369.570241000474,
2560,short,179.89133999799378,128,8370.720980001352,
2561,short,179.73002399958204,128,8370.874484000524,
2562,short,179.51336099940818,128,8370.892601000378,
2563,short,179.3234359975031,128,8370.942203000595,
2564,short,179.13452699940535,128,8370.991241998126,
2565,short,178.89605399977881,128,8370.985940997343,
2566,short,178.70287600089796,128,8371.008420999715,
2567,short,178.50706200260902,128,8371.023854000669,
2568,short,178.3233409987588,128,8371.04888199974,
2569,short,178.09714000031818,128,8371.042923998175,
2570,short,177.86735499976203,128,8371.038470999338,
2571,short,177.7381100000639,128,8371.142836997024,
2572,short,177.5584440001694,128,8371.18727699999,
2573,short,177.37864599985187,128,8371.243935001985,
2574,short,177.16348699832452,128,8371.253952998813,
2575,short,173.92467099853093,128,8368.252401000063,
2558,short,182.2035869990941,128,8377.439638999931,
2577,short,183.90584100052365,128,8370.438635000028,
2578,short,183.66048799725831,128,8370.470711997768,
2579,short,183.53901100272196,128,8370.586716002435,
2580,short,183.35834000026807,128,8370.632422000199,
2581,short,183.14352000015788,128,8370.663399000478,
2582,short,182.86876900310745,128,8370.626369000092,
2583,short,182.02077000023564,128,8370.037322001735,
2584,short,181.757911999739,128,8370.000284998241,
2585,short,181.55987499994808,128,8370.145167002192,
2586,short,181.29584299822454,128,8370.114376000856,
2587,short,181.12026100061485,128,8370.226045997697,
2588,short,180.91378600001917,128,8370.265161000134,
2589,short,180.72483699870645,128,8370.365597998898,
2590,short,180.5095599993365,128,8370.398487000784,
2591,short,180.26646300131688,128,8370.39858299977,
2576,short,185.25936500009266,128,8375.611504998233,
2400,long,201.24341500195442,512,32539.790274000552,
2401,long,201.4950789998693,512,32540.563078997366,
2402,long,198.32269399921643,512,32542.114882999158,
2403,long,201.01548899765476,512,32545.420662998367,
2404,long,196.80760700066458,512,32543.924720001087,
2405,long,198.43797600333346,512,32546.270284001366,
2406,long,197.25903699873015,512,32545.279292000487,
2407,long,199.4387029990321,512,32547.74917299801,
2408,long,191.77508500069962,512,32542.883755999355,
2409,long,188.2965519980644,512,32543.897532999836,
2410,long,240.8654339997156,512,32609.929578000447,
2411,long,240.63766299877898,512,32610.140626999055,
2412,long,240.33963900001254,512,32610.178701001132,
2413,long,240.37379499714007,512,32610.599471998285,
2414,long,240.2617369989457,512,32610.84406000009,
2415,long,240.07174700091127,512,32611.003073001484,
2416,long,238.42442799650598,512,32609.697665997373,
2417,long,238.63453100057086,512,32610.276535000594,
2418,long,238.4596789997886,512,32610.483668999223,
2419,long,363.27623300167033,512,32739.833381001517,
2420,long,363.04104900045786,512,32739.86599499767,
2421,long,362.7854149999621,512,32739.910615000554,
2422,long,362.43045299852383,512,32739.765454996814,
2423,long,362.55287599851727,512,32739.888126998267,
2424,long,362.44576800163486,512,32739.921598000365,
2425,long,362.06674999993993,512,32739.794686000096,
2426,long,362.0377759980329,512,32741.186032999394,
2427,long,361.8758450029418,512,32741.23694300215,
2428,long,361.58554800204,512,32741.195393002272,
2429,long,361.29621799773304,512,32741.152007998608,
2430,long,360.2033000024676,512,32740.187393002998,
2431,long,359.8950839987083,512,32740.16448600014,
2432,long,359.44583599848556,512,32739.98240599758,
2433,long,359.42968299787026,512,32740.015889998176,
2434,long,359.24628900102107,512,32740.0158010023,
2435,long,359.0055469976505,512,32740.000574998703,
2436,long,358.7530910008354,512,32739.99972599995,
2437,long,358.4130790004565,512,32739.82790700029,
2438,long,299.9750570015749,512,32681.527104999986,
2439,long,262.8721869987203,512,32644.682266000018,
2440,long,257.6462889992399,512,32639.745152002433,
2442,long,231.7528029998357,512,32609.161930999107,
2443,long,231.29310900185374,512,32609.300127001916,
2444,long,230.94755000056466,512,32611.762954002188,
2445,long,230.61386900008074,512,32611.874591999367,
2446,long,230.2751850002096,512,32611.88441900231,
2447,long,230.00796400083345,512,32611.985745999846,
2441,long,232.9627770013758,512,32616.666843998246,
2593,short,193.5551700007636,128,8287.136342998565,
2594,short,193.31649300147546,128,8287.22596499938,
2595,short,189.82924199735862,128,8283.936795996851,
2592,short,196.2353749986505,128,8291.671957998915,
2597,short,190.51017799938563,128,8281.136850997427,
2598,short,190.64849699861952,128,8281.32512600132,
2599,short,190.40526499884436,128,8281.486951997067,
2600,short,190.20475399884162,128,8281.668102998083,
2601,short,189.98325799839222,128,8281.764829000167,
2602,short,189.7666949989798,128,8281.84026999952,
2603,short,189.55144199935603,128,8281.917768999847,
2604,short,188.3501480006089,128,8281.00778299995,
2605,short,185.72639799822355,128,8278.671133997705,
2596,short,197.90708599975915,128,8291.228428999602,
2607,short,183.05432300257962,128,8275.155873001495,
2608,short,182.73649199909414,128,8275.1818680008,
2609,short,182.5101899994479,128,8275.182319997839,
2610,short,182.23593400034588,128,8275.102727999183,
2611,short,181.97917799989227,128,8275.0546640018,
2612,short,181.73114800083567,128,8275.007552001625,
2613,short,181.52348100193194,128,8275.002070000482,
2614,short,181.3044419977814,128,8274.968424997496,
2615,short,181.08791499980725,128,8274.938965001638,
2616,short,180.85854500168352,128,8274.89373500066,
2617,short,180.59694800103898,128,8274.817516001349,
2618,short,180.31872700157692,128,8274.74188600172,
2619,short,180.61873999977252,128,8274.692677998246,
2620,short,180.3760040020279,128,8274.693862000277,
2621,short,180.14448100075242,128,8275.466806000622,
2622,short,179.8732729985204,128,8275.42650399846,
2623,short,177.92363800253952,128,8273.681241000304,
2606,short,185.73458900209516,128,8282.299799000612,
2625,short,188.77406700266874,128,8272.067699999752,
2626,short,188.48043699836126,128,8272.055479999835,
2627,short,188.26129599983688,128,8272.97446800003,
2628,short,188.0269240027701,128,8272.970821002673,
2629,short,187.77314399994793,128,8272.888363000675,
2630,short,187.42471700170427,128,8272.7380000033,
2631,short,187.25521599844797,128,8272.777673999371,
2632,short,186.87865899846656,128,8272.62006700039,
2633,short,186.6624239992234,128,8272.59598299861,
2634,short,186.31677599842078,128,8272.435268998379,
2635,short,186.07236399839167,128,8272.341956999298,
2636,short,185.76641099934932,128,8272.293717996945,
2637,short,185.50256199887372,128,8272.233495001274,
2638,short,185.21886599774007,128,8272.151326000312,
2639,short,184.85122300262447,128,8271.994380000251,
2624,short,189.66038199869217,128,8277.028557997255,
2689,short,183.7168890015164,128,8107.376790001581,
2690,short,183.52065699946252,128,8107.502802999079,
2691,short,179.9536079997779,128,8104.199845998664,
2688,short,186.67424399973243,128,8111.4520969968,
2693,short,182.287551000627,128,8109.158916999149,
2694,short,182.38660900169634,128,8109.079224999732,
2695,short,181.99448499944992,128,8108.892686999752,
2696,short,181.71365700254682,128,8108.802746999572,
2697,short,181.41731899959268,128,8108.686290997866,
2698,short,181.12064600063604,128,8109.521777001646,
2699,short,180.8267770029488,128,8109.474684002635,
2700,short,180.53794799925527,128,8109.3725049977365,
2701,short,173.9944370019657,128,8103.037566001149,
2692,short,188.89555399800884,128,8115.0889249984175,
2703,short,171.4901480008848,128,8111.007052000787,
2704,short,171.28027599756024,128,8111.135479997756,
2705,short,171.1202209990006,128,8111.188326001866,
2706,short,170.9033119986998,128,8111.1708549979085,
2707,short,170.71571799897356,128,8111.180676001823,
2708,short,170.5297589978727,128,8111.18506299681,
2709,short,170.3750039996521,128,8111.22273699948,
2710,short,170.19524100032868,128,8111.2230959988665,
2711,short,170.0175530022534,128,8111.22638300003,
2712,short,169.8491669994837,128,8111.2262130009185,
2713,short,169.63910699996632,128,8111.194094999519,
2714,short,169.4873220003501,128,8111.228793997725,
2715,short,169.87347699978272,128,8111.22283199802,
2716,short,168.88739700152655,128,8110.412941001414,
2717,short,168.6664879998716,128,8110.369149999315,
2718,short,168.45293500227854,128,8110.330475003138,
2719,short,167.339528001321,128,8109.4041370015475,
2702,short,173.57815799914533,128,8116.942979999294,
2721,short,179.1986310017819,128,8112.755359001312,
2722,short,178.06145999929868,128,8111.883243000193,
2723,short,177.89173500204924,128,8112.763318000361,
2724,short,177.71007499686675,128,8112.811609997152,
2725,short,177.49950500001432,128,8112.784562999877,
2726,short,177.2577249976166,128,8112.7293440004,
2727,short,177.1452600005432,128,8112.810046997765,
2728,short,176.9586900009017,128,8112.832323000475,
2729,short,176.81944699870655,128,8112.866601997666,
2730,short,176.64404899915098,128,8112.869828000839,
2731,short,176.42919400168466,128,8112.843481001619,
2732,short,176.2423520012817,128,8112.858041000436,
2733,short,176.0591159982141,128,8112.860350000119,
2734,short,175.8515109977452,128,8112.83273799927,
2735,short,175.65012599879992,128,8112.821188999078,
2720,short,180.34611699840752,128,8117.7331209983095,
2737,short,187.95569500070997,128,8284.281052001461,
2738,short,187.6952739985427,128,8284.34867499891,
2739,short,184.63074900137144,128,8281.58848699968,
2736,short,191.2881930002186,128,8288.770585997554,
2741,short,185.8098679986142,128,8282.396727998275,
2742,short,186.11920600233134,128,8282.680470001651,
2743,short,185.93379900266882,128,8282.87704000104,
2744,short,185.79144699833705,128,8283.093580997956,
2745,short,184.65480899976683,128,8282.287909998558,
2746,short,184.46374899940565,128,8282.335873002012,
2747,short,184.27212800088455,128,8282.426974998089,
2748,short,184.07468000077643,128,8282.513649002794,
2749,short,181.68918399896938,128,8280.412529999012,
2740,short,190.3210329983267,128,8289.800965998438,
2751,short,176.34183499831124,128,8285.322601997905,
2752,short,176.1305169966363,128,8285.40384399821,
2753,short,175.96957699788618,128,8285.435507998045,
2754,short,175.74846299976343,128,8285.395143997448,
2755,short,175.56026500096777,128,8285.392382000282,
2756,short,175.36978100179113,128,8285.387632000493,
2757,short,175.21484199824044,128,8285.419084997557,
2758,short,175.03526300060912,128,8285.415783000644,
2759,short,174.8573370023223,128,8285.415965001448,
2760,short,174.67932799991104,128,8285.414754001977,
2761,short,174.46787399967434,128,8285.388651001995,
2762,short,174.24946100072702,128,8285.380407000048,
2763,short,174.71707699951367,128,8285.4510319994,
2764,short,174.54084500059253,128,8286.26763200009,
2765,short,174.36535299930256,128,8286.303753000539,
2766,short,174.15327399794478,128,8286.272540997743,
2767,short,172.404536002432,128,8284.67287100284,
2750,short,178.54384499878506,128,8291.324690999318,
2769,short,180.9496300011233,128,8287.062931001856,
2770,short,179.87224100215826,128,8287.0543680001,
2771,short,179.6930179989431,128,8287.101959998836,
2772,short,179.50970200035954,128,8287.10184800002,
2773,short,179.298163002386,128,8287.068768000609,
2774,short,178.9961360009329,128,8286.952854999981,
2775,short,178.8892910008144,128,8287.037060999864,
2776,short,178.67790899981628,128,8287.002223001764,
2777,short,178.52157800007262,128,8286.999280997406,
2778,short,178.2820200023707,128,8286.932970000635,
2779,short,178.10274099974777,128,8286.938556000678,
2780,short,177.91500100065605,128,8286.992495999584,
2781,short,177.7294309977151,128,8287.003671997809,
2782,short,177.51581799893756,128,8286.974237998948,
2783,short,177.28728399742977,128,8286.948870998458,
2768,short,182.05147300250246,128,8291.935105000448,
2785,short,188.1696300006297,128,8442.651991001185,
2786,short,187.86543700116454,128,8442.678778999834,
2787,short,184.4291979978152,128,8439.44605499928,
2784,short,191.4867380000942,128,8447.25032900169,
2789,short,190.38486600038595,128,8448.449800001981,
2790,short,190.44823800140875,128,8448.448963001283,
2791,short,190.10638700274285,128,8448.338163001608,
2792,short,189.8001049994491,128,8448.252071997558,
2793,short,189.51014900085283,128,8448.154211000656,
2794,short,189.2227099997399,128,8448.049244998401,
2795,short,188.93677599771763,128,8448.969304998172,
2796,short,188.6516720005602,128,8448.95311199798,
2797,short,184.6423879978829,128,8445.149888997548,
2788,short,196.51448099830304,128,8454.485942998872,
2799,short,182.66747099914937,128,8448.703760997887,
2800,short,182.46743300187518,128,8448.829943001329,
2801,short,182.32254199756426,128,8448.903085998609,
2802,short,182.11230699671432,128,8448.87923299757,
2803,short,181.92855599772884,128,8448.883182998543,
2804,short,181.74472600003355,128,8448.890528998163,
2805,short,181.59554999874672,128,8448.928551999416,
2806,short,181.41853899942362,128,8448.96723599959,
2807,short,181.23301999730757,128,8449.000493998028,
2808,short,181.7532739987655,128,8449.012516000948,
2809,short,181.5272149979137,128,8448.95824500054,
2810,short,181.31083000116632,128,8448.920688999351,
2811,short,180.3689359985583,128,8448.170244999346,
2812,short,180.1580079991254,128,8448.14050900095,
2813,short,179.97672199999215,128,8448.139508000168,
2814,short,179.76828800237854,128,8448.189307000575,
2815,short,178.7224489999062,128,8447.38435799809,
2798,short,184.65402500078198,128,8454.366309000761,
2817,short,188.4705109987408,128,8450.836888001504,
2818,short,188.22455599729437,128,8451.090368998848,
2819,short,188.09184999918216,128,8451.483582997753,
2820,short,187.91353599954164,128,8451.614785000857,
2821,short,187.70430500080693,128,8451.714555998478,
2822,short,187.44511799741304,128,8451.8204149972,
2823,short,187.3652360009146,128,8452.302280998993,
2824,short,187.19015800161287,128,8452.426840001863,
2825,short,187.04174300000886,128,8452.543644001707,
2826,short,186.81008800194832,128,8452.597188999789,
2827,short,186.58701400272548,128,8452.82125200174,
2828,short,186.4001100002497,128,8455.087901002116,
2829,short,186.21773099948769,128,8455.138237000938,
2830,short,185.9952910017455,128,8455.112468000152,
2831,short,185.75273400347214,128,8455.099931001314,
2816,short,190.4256180023367,128,8459.980237999844,
2640,long,199.97400300053414,512,32749.866610000026,
2641,long,201.3044949999312,512,32749.212643000646,
2642,long,202.59241500025382,512,32742.696809000336,
2643,long,199.3497830007982,512,32740.318571999524,
2644,long,198.95970399738871,512,32738.212266998744,
2645,long,199.6953220004798,512,32735.425156999554,
2646,long,196.74302299972624,512,32735.9470099982,
2647,long,191.6927750025934,512,32733.255148999888,
2648,long,210.25743399877683,512,32737.632156000473,
2649,long,184.69460300184437,512,32735.875229998783,
2651,long,243.16821200045524,512,32800.75775200021,
2652,long,243.044478000229,512,32801.38592399817,
2653,long,242.3324049996154,512,32800.99444999723,
2654,long,241.88932299875887,512,32800.82649799806,
2655,long,241.42483999821707,512,32800.635526000406,
2656,long,240.96864400053164,512,32800.521813998785,
2657,long,240.5590320013289,512,32799.919025001145,
2658,long,240.15517699808697,512,32801.11999699875,
2650,long,246.86560000191093,512,32808.1317210017,
2659,long,297.06247500143945,512,32871.933329002786,
2660,long,296.559944999899,512,32871.89882999883,
2661,long,296.1779770012072,512,32871.85536600009,
2662,long,295.84973200326203,512,32871.80744300349,
2663,long,295.4002330006915,512,32871.63291300021,
2664,long,295.16099199827295,512,32871.720474999165,
2665,long,294.9006280032336,512,32871.730793001916,
2666,long,293.17578799964394,512,32870.273398999416,
2667,long,293.6265079988516,512,32871.26134400023,
2668,long,293.3469240015256,512,32871.28252600087,
2669,long,293.04049399797805,512,32871.241845998156,
2670,long,292.69252300218795,512,32871.15660500058,
2671,long,292.3996130011801,512,32871.10209599996,
2672,long,292.07652699915343,512,32871.06803300048,
2673,long,291.706592997798,512,32870.9595750006,
2674,long,291.45334100030595,512,32871.04281899883,
2675,long,291.19581199847744,512,32871.07632400148,
2676,long,290.88949200013303,512,32871.03299699811,
2677,long,290.58316000009654,512,32870.98265300301,
2678,long,290.09125900120125,512,32870.7265439989,
2679,long,289.87671399954706,512,32871.978666997165,
2680,long,289.5240760008164,512,32871.91251499826,
2681,long,300.42343600143795,512,32870.6615709998,
2682,long,299.8301739971794,512,32870.55213599888,
2683,long,297.0274420003989,512,32868.29668899736,
2684,long,296.60693899859325,512,32870.75176899816,
2685,long,296.2350210000295,512,32870.82014100088,
2686,long,295.89182199924835,512,32870.82228399959,
2687,long,294.56954099805444,512,32869.87680499806,
2833,short,191.88349499745527,128,8276.28472699871,
2834,short,191.6863629994623,128,8276.42307899805,
2835,short,188.04145800095284,128,8272.985154002527,
2832,short,195.32994099790812,128,8280.715569999302,
2837,short,192.42129199847113,128,8268.241746998683,
2838,short,192.2814039971854,128,8268.325227996684,
2839,short,192.20365500223124,128,8268.324296001083,
2840,short,192.15862299824948,128,8269.142738998198,
2841,short,192.03357700098422,128,8269.20733299994,
2842,short,190.87882799794897,128,8268.182630999945,
2843,short,190.6706010013295,128,8268.110191998858,
2844,short,190.52344000010635,128,8268.0972929993,
2845,short,188.29233799988288,128,8265.991346997907,
2836,short,202.9307989978406,128,8273.944692999066,
2847,short,185.60894500114955,128,8263.372666999203,
2848,short,185.40712100002565,128,8264.526415998262,
2849,short,185.24812200121232,128,8264.610235000873,
2850,short,185.0331739988178,128,8264.583811000193,
2851,short,184.8409520025598,128,8264.581049999833,
2852,short,184.65312199987238,128,8264.593652998883,
2853,short,184.459218999109,128,8264.62658699893,
2854,short,184.24268500166363,128,8264.609577003284,
2855,short,184.0544620026776,128,8264.606114000344,
2856,short,183.87350999910268,128,8264.67635500012,
2857,short,183.65943000026164,128,8264.65917799942,
2858,short,183.43769800048904,128,8264.628498000093,
2859,short,183.30724400220788,128,8264.626620002673,
2860,short,183.6558060022071,128,8264.644105001935,
2861,short,183.44915899797343,128,8264.62362699749,
2862,short,183.18494200138957,128,8264.53644400317,
2863,short,181.86813399734092,128,8263.402960998064,
2846,short,187.73143100042944,128,8270.533574999718,
2865,short,187.76465599876246,128,8256.453493999288,
2866,short,187.21789399933186,128,8256.239509999432,
2867,short,187.57496800026274,128,8256.256862001464,
2868,short,187.27922800098895,128,8256.149677999929,
2869,short,186.89010099842562,128,8255.944492000708,
2870,short,186.25674200302456,128,8255.498139002157,
2871,short,186.05577899870696,128,8256.176136997965,
2872,short,185.7668199991167,128,8256.138642998849,
2864,short,189.32543499977328,128,8259.883901999274,
2873,short,185.50233900168678,128,8256.250700000237,
2874,short,185.00441599826445,128,8255.935102999501,
2875,short,182.62737600161927,128,8253.631908002717,
2876,short,182.39814800108434,128,8253.642682000645,
2877,short,182.20151700006681,128,8253.635582997958,
2878,short,181.94927900185576,128,8253.570109001885,
2879,short,181.74499700035085,128,8253.5595929985,
2929,short,183.15777099996922,128,8076.519706999534,
2930,short,182.95578500328702,128,8076.65102500323,
2931,short,179.49306599984993,128,8073.4438830004365,
2928,short,186.45479200131376,128,8081.031552999775,
2933,short,181.5535860005184,128,8078.927619000751,
2934,short,181.33992000002763,128,8079.228875998524,
2935,short,180.34153100234107,128,8078.627651000716,
2936,short,180.8458499981498,128,8078.792731997964,
2937,short,180.66476600142778,128,8078.937551999843,
2938,short,180.47601400030544,128,8079.046959999687,
2939,short,180.28664499797742,128,8079.143355000269,
2940,short,180.10712999966927,128,8079.253022999183,
2941,short,177.62988100002985,128,8077.086490997317,
2932,short,188.14322300022468,128,8090.25576500062,
2943,short,169.92398200090975,128,8078.40998300162,
2944,short,169.68593500132556,128,8078.525406999688,
2945,short,169.52164099711808,128,8078.576112999144,
2946,short,169.30701899764244,128,8078.547318997153,
2947,short,169.10452100273687,128,8078.581150002719,
2948,short,168.87531999964267,128,8078.559227000369,
2949,short,168.70160100006615,128,8078.579125998658,
2950,short,168.51651000251877,128,8078.577497999504,
2951,short,168.26328400202328,128,8078.541666000092,
2952,short,168.06852399895433,128,8078.595957998914,
2953,short,167.85326400349732,128,8078.580743000202,
2954,short,167.69824199946015,128,8078.616229002364,
2955,short,168.1315089990676,128,8078.605253002024,
2956,short,167.9542109995964,128,8078.6050140013685,
2957,short,167.79181599849835,128,8078.603994999867,
2958,short,167.58183099955204,128,8078.56874600111,
2959,short,165.8196299977135,128,8076.987797998299,
2942,short,173.12973200023407,128,8085.552815999108,
2961,short,178.95537699951092,128,8079.7214769991115,
2962,short,178.66216199763585,128,8080.602476999047,
2963,short,178.52774000130012,128,8080.70276899889,
2964,short,178.34308499732288,128,8080.706061999081,
2965,short,178.13205199854565,128,8080.673731001298,
2966,short,177.18870200042147,128,8079.902827001206,
2967,short,177.04278599921963,128,8079.938522998418,
2968,short,176.85859599805553,128,8079.932151998946,
2969,short,176.66952199942898,128,8079.919022999093,
2970,short,176.48838000241085,128,8079.932213000575,
2971,short,176.312373001565,128,8079.934399000194,
2972,short,176.0972110023431,128,8079.9092130000645,
2973,short,175.90849200132652,128,8079.905994000001,
2974,short,175.72104400096578,128,8079.901518998668,
2975,short,175.45969800266903,128,8079.814638000244,
2960,short,180.1745779994235,128,8084.721266000997,
2977,short,184.85720299941022,128,8248.317459001555,
2978,short,184.60324499756098,128,8248.392495999724,
2979,short,181.11580799813964,128,8245.183517999976,
2976,short,188.17336299980525,128,8252.85577500108,
2981,short,182.3995560007461,128,8250.060642003518,
2982,short,182.5137129999348,128,8250.120966000395,
2983,short,182.1456079997006,128,8250.129541000206,
2984,short,181.84190000101808,128,8250.18724199981,
2985,short,181.54331500045373,128,8250.185140001122,
2986,short,181.2569789981353,128,8250.185614997463,
2987,short,180.95652799820527,128,8250.171133997355,
2988,short,180.65439100246294,128,8250.159110000823,
2989,short,172.7978009985236,128,8242.587616998208,
2980,short,188.66394399810815,128,8264.780671001063,
2991,short,175.5334679983207,128,8255.27058499938,
2992,short,175.43011599991587,128,8255.34554999831,
2993,short,175.3778530001,128,8255.388859997765,
2994,short,175.16969200005406,128,8255.307458999596,
2995,short,175.0705319973349,128,8255.287201998726,
2996,short,174.9871020001592,128,8255.279034998239,
2997,short,174.93432500123163,128,8255.302370002028,
2998,short,174.77050800152938,128,8255.259970002953,
2999,short,174.57573000137927,128,8255.189603998588,
3000,short,174.42981799831614,128,8255.164924001292,
3001,short,174.2686479992699,128,8255.136493000464,
3002,short,174.18738200285588,128,8255.099198002426,
3003,short,174.21773000023677,128,8255.16565900034,
3004,short,174.09476499960874,128,8255.170937998628,
3005,short,173.97085800257628,128,8255.169784999453,
3006,short,173.81595899860258,128,8255.136493000464,
3007,short,172.17395700208726,128,8253.570123000827,
2990,short,179.3555770018429,128,8261.019272002159,
3009,short,187.73193200104288,128,8256.118455999967,
3010,short,187.5809660014056,128,8256.107136003266,
3011,short,187.6039620001393,128,8256.977420001931,
3012,short,187.4784469982842,128,8257.06164499934,
3013,short,187.32279799951357,128,8257.038848001685,
3014,short,187.1717579997494,128,8256.963924999582,
3015,short,187.35785500030033,128,8257.071023999742,
3016,short,187.22587099910015,128,8257.062421002047,
3017,short,187.09539599876734,128,8257.053009001538,
3018,short,186.99359400125104,128,8257.077990001562,
3019,short,186.81553400165285,128,8257.018406999123,
3020,short,186.82823599738185,128,8257.044461999612,
3021,short,186.75441199957277,128,8257.100070000888,
3022,short,186.70442499933415,128,8257.11494999996,
3023,short,186.5146710006229,128,8256.99761800206,
3008,short,191.6944959993998,128,8261.961462998443,
3025,short,188.9296569970611,128,8415.704676997848,
3026,short,188.65105300210416,128,8415.76671599978,
3027,short,185.14852699809126,128,8412.474507000297,
3024,short,192.04466399969533,128,8420.098085000063,
3029,short,189.2091990011977,128,8420.877665001171,
3030,short,189.31996800165507,128,8420.98418200112,
3031,short,188.9672219986096,128,8421.015014999284,
3032,short,188.69919099961407,128,8421.113382002659,
3033,short,188.4130530015682,128,8421.124955999403,
3034,short,188.12567699933425,128,8421.129595997627,
3035,short,187.83546399936313,128,8421.130127000652,
3036,short,187.5502380025864,128,8421.18110299998,
3037,short,176.29861600289587,128,8410.237432999565,
3028,short,195.33461800165242,128,8429.000084001018,
3039,short,179.5449249984813,128,8419.869194000057,
3040,short,179.34202200194704,128,8420.1767630002,
3041,short,179.18344999998226,128,8420.469362001313,
3042,short,178.97272999834968,128,8420.569770998554,
3043,short,178.786221997143,128,8420.750831999612,
3044,short,178.60125200240873,128,8420.936086000438,
3045,short,178.44667000099435,128,8421.165956002369,
3046,short,178.26947000139626,128,8421.294857002067,
3047,short,178.6981109980843,128,8421.398209000472,
3048,short,178.52831200070796,128,8421.51232499964,
3049,short,178.32410900155082,128,8421.616941002867,
3050,short,178.1008819998533,128,8421.769743999903,
3051,short,177.966066999943,128,8422.066340001038,
3052,short,177.788454999245,128,8422.185434999847,
3053,short,177.6220550018479,128,8422.29720600153,
3054,short,177.41475900038495,128,8422.374374000356,
3055,short,175.70841599808773,128,8423.814571997355,
3038,short,181.56209999870043,128,8430.317599999398,
3057,short,184.9493120025727,128,8423.371320001024,
3058,short,183.91374999919208,128,8422.592077997251,
3059,short,183.7016079989553,128,8422.584494001057,
3060,short,183.51525099933497,128,8422.58271800165,
3061,short,183.30465699909837,128,8422.562259998813,
3062,short,183.04208100016695,128,8422.487965999608,
3063,short,182.971322999947,128,8422.599622001144,
3064,short,182.79686899768421,128,8422.604686998966,
3065,short,182.5924920012767,128,8422.593740000593,
3066,short,182.41110499729984,128,8422.593240000424,
3067,short,182.16573999961838,128,8422.526488997391,
3068,short,181.9570500010741,128,8422.509896998235,
3069,short,181.76039299942204,128,8422.50348699963,
3070,short,181.5747949985962,128,8422.503591998975,
3071,short,181.28924999837182,128,8422.40307999964,
3056,short,186.00547299865866,128,8427.266055998189,
2880,long,200.277713000105,512,32620.56189299983,
2881,long,197.26022200120497,512,32620.57067600108,
2882,long,196.5775050011871,512,32622.402657001658,
2883,long,196.6032060008729,512,32623.699260999274,
2884,long,196.61064699903363,512,32625.717183000233,
2885,long,198.53028199941036,512,32623.487208998995,
2886,long,198.28921500084107,512,32622.86122599835,
2887,long,197.1148760021606,512,32625.042342002416,
2888,long,195.76430799861555,512,32620.06743600068,
2889,long,200.747599999886,512,32622.659271000884,
2890,long,182.53795099735726,512,32620.57803999778,
2891,long,253.2890859984036,512,32687.02025099992,
2892,long,253.20690399894374,512,32687.72273599825,
2893,long,252.84480099799111,512,32687.693751999177,
2894,long,252.62702300096862,512,32687.75976699908,
2895,long,252.27990799976396,512,32687.71172199922,
2896,long,251.99585299924365,512,32687.721156999032,
2897,long,250.84774900096818,512,32686.295755000174,
2898,long,248.82944799901452,512,32685.88341099894,
2900,long,210.93037200262188,512,32681.842623002012,
2901,long,206.69452799847932,512,32681.874262001656,
2902,long,208.5009420006827,512,32681.983624002896,
2903,long,208.43654300188064,512,32682.021605000045,
2899,long,210.75515700067626,512,32686.17018399891,
2904,long,329.6715469987248,512,32810.13794699902,
2905,long,329.4239409988222,512,32810.442718997365,
2906,long,329.1797960009717,512,32810.61462500293,
2907,long,327.84778799759806,512,32809.59690599775,
2908,long,328.0900979989383,512,32809.75688300168,
2909,long,327.8414439992048,512,32810.89156300004,
2910,long,327.57142199989175,512,32810.94769900301,
2911,long,327.2766669979319,512,32810.9669589976,
2912,long,327.011722001771,512,32811.02840400126,
2913,long,326.7405449987564,512,32811.124251002184,
2914,long,326.32093999927747,512,32811.02705699959,
2915,long,326.04625500243856,512,32811.10671300121,
2916,long,325.7905690006737,512,32811.18645699826,
2917,long,325.5270570007269,512,32811.2556039996,
2918,long,325.25940599953174,512,32811.373557997285,
2919,long,323.7001319976116,512,32810.122904997115,
2920,long,323.44480699975975,512,32810.28766899908,
2921,long,286.5499949984951,512,32771.96113399987,
2922,long,286.03747399756685,512,32771.94125999813,
2923,long,285.4743560019415,512,32771.757824000815,
2924,long,282.5800779974088,512,32769.24771099948,
2925,long,282.1484390005935,512,32769.15496299989,
2926,long,281.7701730018598,512,32769.06561299984,
2927,long,281.428225000127,512,32769.09610800067,
3073,short,197.1757470018929,128,8286.30731800149,
3074,short,197.03366800240474,128,8286.457518002862,
3075,short,193.67383099961444,128,8283.24487899954,
3072,short,203.29980099995737,128,8291.066464000323,
3077,short,190.58141200002865,128,8278.104165001423,
3078,short,190.62339199808775,128,8278.079126997909,
3079,short,190.25811900064582,128,8277.932002001762,
3080,short,189.98456299959798,128,8277.857747998496,
3081,short,189.69388199911918,128,8277.76995000022,
3082,short,189.40330300029018,128,8277.664610999636,
3083,short,189.0661090001231,128,8278.482748999522,
3084,short,188.75956699775998,128,8278.420847000234,
3085,short,184.19268099751207,128,8274.041586999374,
3076,short,196.96565600315807,128,8284.052810002322,
3087,short,186.6385959983745,128,8275.804997996602,
3088,short,186.2087330009672,128,8275.712269001815,
3089,short,185.92804799845908,128,8275.644631998148,
3090,short,185.5394879967207,128,8275.442334997933,
3091,short,185.17422399963834,128,8275.309869000921,
3092,short,184.7925160000159,128,8275.12408000257,
3093,short,184.5150030021614,128,8275.034808000783,
3094,short,184.22840000130236,128,8274.982502000057,
3095,short,183.94068899942795,128,8274.889194002753,
3096,short,183.63002100159065,128,8274.770113999693,
3097,short,183.22836700099288,128,8274.552593000408,
3098,short,182.77512599888723,128,8274.29039100025,
3099,short,182.53095299951383,128,8274.180167998566,
3100,short,182.24499200005084,128,8274.140771998646,
3101,short,181.95891700088396,128,8274.052188000496,
3102,short,178.7876470007177,128,8271.062619998702,
3103,short,177.70658299923525,128,8270.174733999738,
3086,short,188.78496899924357,128,8282.077731000754,
3105,short,188.61057100002654,128,8270.735710000736,
3106,short,189.10585699995863,128,8270.841373996518,
3107,short,188.9826990009169,128,8271.839027998794,
3108,short,188.8043640028627,128,8271.886621001613,
3109,short,188.5955349971482,128,8271.863158999622,
3110,short,188.34995499855722,128,8271.786974997667,
3111,short,188.27759600026184,128,8271.924674001639,
3112,short,188.08525199710857,128,8272.018004998245,
3113,short,187.90330999763682,128,8272.034232999431,
3114,short,187.72529600028065,128,8272.040243999072,
3115,short,187.4857319999137,128,8271.980819001328,
3116,short,187.32826400082558,128,8271.94580899959,
3117,short,187.1454280008038,128,8272.008646999893,
3118,short,186.9616859985399,128,8272.01277000131,
3119,short,186.7484769973089,128,8271.986896997987,
3104,short,190.4660469990631,128,8275.902015997417,
3169,short,186.23903300249367,128,8129.665645999921,
3170,short,186.03435399927548,128,8129.871916000411,
3171,short,182.26947500079405,128,8126.417219002178,
3168,short,189.59290600105305,128,8137.301328999456,
3173,short,183.84051000248292,128,8133.828567002638,
3174,short,184.20360700110905,128,8133.9475470012985,
3175,short,184.0077230008319,128,8133.950617000664,
3176,short,183.8463709973439,128,8133.979965998151,
3177,short,183.6643089991412,128,8133.981431998109,
3178,short,182.50675200033584,128,8133.90112200068,
3179,short,182.26685199988424,128,8133.916155002225,
3180,short,182.07935700047528,128,8133.9168429985875,
3181,short,179.70563800190575,128,8131.736669001839,
3172,short,190.54917500034207,128,8139.498132000881,
3183,short,173.71572800038848,128,8133.026206000068,
3184,short,173.50771699784673,128,8133.1334479982615,
3185,short,173.34809299791232,128,8133.178708998457,
3186,short,173.08893699737382,128,8133.125525997457,
3187,short,172.89346299730823,128,8133.1201949979,
3188,short,172.70350200124085,128,8133.117429999402,
3189,short,172.4927649993333,128,8133.09632399978,
3190,short,172.2979590012983,128,8133.084327000688,
3191,short,172.10729799990077,128,8133.142383998347,
3192,short,171.9236760000058,128,8133.145407999109,
3193,short,171.70675400120672,128,8133.103044001473,
3194,short,171.54603699964355,128,8133.1306629981555,
3195,short,171.3392620004015,128,8133.1182190006075,
3196,short,171.15286300031585,128,8133.1113779997395,
3197,short,170.97072300020955,128,8133.104643002298,
3198,short,170.75248199762427,128,8133.061350999924,
3199,short,169.00262299895985,128,8131.495032001112,
3182,short,175.61563100025523,128,8139.038150999113,
3201,short,182.67738000213285,128,8135.041006000392,
3202,short,182.21423599970876,128,8135.0596960000985,
3203,short,182.05972899886547,128,8135.131082999578,
3204,short,181.87449799734168,128,8135.131290000572,
3205,short,181.66085299890256,128,8135.097949998453,
3206,short,181.36984599914285,128,8134.990952999942,
3207,short,181.23368099986692,128,8134.998435001762,
3208,short,181.04818200299633,128,8134.982924002543,
3209,short,180.86625799696776,128,8135.01278199692,
3210,short,180.6873550012824,128,8135.01323699893,
3211,short,180.5095879972214,128,8135.008253997512,
3212,short,180.29122200096026,128,8134.993327003031,
3213,short,180.10581099952105,128,8134.989655998652,
3214,short,179.92143699666485,128,8134.986449997086,
3215,short,179.65277500115917,128,8134.8957029986195,
3200,short,184.63631700069527,128,8140.034291998745,
3217,short,190.70096400173497,128,8292.829605001316,
3218,short,190.39531700036605,128,8292.84757500136,
3219,short,183.92927999957465,128,8286.57961800127,
3216,short,194.05290800204966,128,8297.265327000787,
3221,short,185.17194299784023,128,8295.886372998211,
3222,short,185.449790002167,128,8296.016169999348,
3223,short,185.26568400193355,128,8296.03241100267,
3224,short,185.10986999899615,128,8296.07292199944,
3225,short,184.02749000233598,128,8295.174210001278,
3226,short,183.77740900177741,128,8296.01695400197,
3227,short,183.57895200097119,128,8296.070301999862,
3228,short,183.396170999913,128,8296.07348799982,
3229,short,181.06538400024874,128,8293.968756999675,
3220,short,191.4891289998195,128,8301.538007999625,
3231,short,177.5651710013335,128,8296.000663001905,
3232,short,177.47125399910146,128,8296.142588998919,
3233,short,177.3993659990083,128,8296.182349000446,
3234,short,177.23876500167535,128,8296.215154001402,
3235,short,177.16019100043923,128,8296.228243001678,
3236,short,177.0806749991607,128,8296.230391999416,
3237,short,177.0306200014602,128,8296.261318999314,
3238,short,176.83729300188133,128,8296.295340001961,
3239,short,176.706603000639,128,8296.307476000948,
3240,short,176.5849680014071,128,8296.313917999214,
3241,short,176.42496599728474,128,8296.322078997036,
3242,short,176.3166810014809,128,8296.304799001518,
3243,short,176.34790199736017,128,8296.36928599939,
3244,short,176.22769599984167,128,8296.374433000892,
3245,short,176.10815299849492,128,8296.378746999835,
3246,short,175.95395900207222,128,8296.343763999175,
3247,short,174.2658829971333,128,8294.73212999801,
3230,short,181.62416399718495,128,8303.277030998288,
3249,short,182.61468299897388,128,8297.178027001792,
3250,short,182.45946300157811,128,8297.168391000014,
3251,short,182.4868379990221,128,8297.235408997949,
3252,short,182.35986699801288,128,8297.23644799742,
3253,short,182.20352199932677,128,8297.21562999839,
3254,short,182.04373600019608,128,8297.816234000493,
3255,short,182.23105700235465,128,8297.958447001292,
3256,short,182.07236300077057,128,8297.929894000845,
3257,short,181.94768500325154,128,8297.927925003023,
3258,short,181.81648199970368,128,8297.91878299875,
3259,short,181.6268160000618,128,8297.84917500001,
3260,short,181.63170099796844,128,8297.876009000902,
3261,short,181.55631099944003,128,8297.884536998026,
3262,short,181.4826450026885,128,8297.885040999972,
3263,short,181.34368999744765,128,8297.81684399859,
3248,short,186.45545799881802,128,8302.79769399931,
3265,short,195.1893879995623,128,8461.307466001017,
3266,short,194.99747500231024,128,8461.43319300245,
3267,short,191.59139200201025,128,8458.2202720012,
3264,short,198.46614899870474,128,8465.497532000882,
3269,short,187.22908099880442,128,8461.495584997465,
3270,short,187.01772100030212,128,8461.62332699896,
3271,short,187.37959999998566,128,8461.635673000274,
3272,short,187.2316539993335,128,8462.437104000855,
3273,short,186.1357109992241,128,8461.602207997203,
3274,short,185.88848299987148,128,8461.542754997936,
3275,short,185.7029410020914,128,8461.538072999247,
3276,short,185.47343899990665,128,8461.49281399994,
3277,short,183.16942299861694,128,8459.409384999162,
3268,short,193.14085500082,128,8467.139249001775,
3279,short,181.6277789985179,128,8468.646590001299,
3280,short,181.40701800075476,128,8468.76665000309,
3281,short,181.18025800140458,128,8468.76818400051,
3282,short,180.9541589973378,128,8468.750058000296,
3283,short,180.76108600143925,128,8468.76182699998,
3284,short,180.57051000141655,128,8468.781679999665,
3285,short,180.30971700136433,128,8468.712889000017,
3286,short,180.11279099664534,128,8468.695710998873,
3287,short,179.92101200070465,128,8468.68405600253,
3288,short,179.70755900023505,128,8468.651141996816,
3289,short,179.4816269975854,128,8468.604621997656,
3290,short,179.26031799652264,128,8468.57296899907,
3291,short,179.70135700306855,128,8468.634457000007,
3292,short,179.52533299830975,128,8468.668976998742,
3293,short,179.35157200190588,128,8468.694990002405,
3294,short,179.14328799815848,128,8468.664836000244,
3295,short,176.26660000314587,128,8465.972975001932,
3278,short,183.64285899951938,128,8474.668594000832,
3297,short,185.2536959995632,128,8468.016593000357,
3298,short,185.02726099904976,128,8468.926117999217,
3299,short,184.89651100026094,128,8469.033813998976,
3300,short,184.70760000127484,128,8469.030025000393,
3301,short,183.80925100063905,128,8468.32280399758,
3302,short,183.51136499768472,128,8468.210617000295,
3303,short,183.42111300080433,128,8468.314478999673,
3304,short,183.24219200076186,128,8468.315317997622,
3305,short,183.0643039975257,128,8468.312659999356,
3306,short,182.8894060017774,128,8468.31316099997,
3307,short,182.65931199857732,128,8468.242570001166,
3308,short,182.50116399940453,128,8468.273698999838,
3309,short,182.31909400128643,128,8468.277259999013,
3310,short,182.13973499950953,128,8468.322744000034,
3311,short,181.82265799987363,128,8468.215160999534,
3296,short,186.40372500158264,128,8472.912845001701,
3120,long,198.9356339981896,512,32779.92285799701,
3121,long,196.96079099958297,512,32779.42955199978,
3122,long,199.70681500126375,512,32777.683700001944,
3123,long,198.6223849999078,512,32781.040519999806,
3124,long,193.12307599830092,512,32781.09896699971,
3125,long,200.0804369999969,512,32782.757896002295,
3126,long,196.6981079967809,512,32783.22331099844,
3127,long,193.68216799921356,512,32780.84304199729,
3128,long,199.34866500261705,512,32787.04703800031,
3129,long,204.5839310012525,512,32780.50896100103,
3130,long,185.24444200011203,512,32783.73098500015,
3131,long,181.2215499994636,512,32784.00484299709,
3132,long,246.90321199886966,512,32843.777045000024,
3133,long,246.82704199949512,512,32844.3937009979,
3134,long,246.46738800220191,512,32844.34238000176,
3135,long,246.23016800251207,512,32844.37803900073,
3136,long,245.94260300000315,512,32844.3609370006,
3137,long,245.67079299959005,512,32844.360432998656,
3138,long,244.39351799810538,512,32842.889817999094,
3139,long,187.21597100011422,512,32786.38797700114,
3140,long,186.86019799861242,512,32786.45867399973,
3141,long,186.4888809977856,512,32786.383103000844,
3142,long,186.2169050000375,512,32786.36747800192,
3143,long,183.70683700049995,512,32784.12950799975,
3145,long,161.11044800345553,512,32783.9335810022,
3146,long,161.1425609989965,512,32784.07279599924,
3144,long,162.46044599756715,512,32787.67449799852,
3147,long,280.4686119998223,512,32912.89951299768,
3148,long,279.97735099779675,512,32912.82240699729,
3149,long,278.621364999708,512,32911.850350999885,
3150,long,278.32415200100513,512,32911.83184300098,
3151,long,278.01024000291363,512,32911.78820999994,
3152,long,277.64864299751935,512,32911.696120998386,
3153,long,277.3165090002294,512,32911.63040300307,
3154,long,276.99479399962,512,32911.609033002605,
3155,long,276.59287299684365,512,32911.478951999015,
3156,long,276.2872500024969,512,32911.486450000666,
3157,long,275.97003399932873,512,32911.458040998696,
3158,long,275.5845629981195,512,32911.35077400031,
3159,long,275.2604679990327,512,32911.301021002146,
3160,long,274.7602999988885,512,32911.049906997505,
3161,long,278.80181199725484,512,32914.22442199837,
3162,long,278.31623800011585,512,32914.156291000836,
3163,long,277.9233719993499,512,32914.1111200006,
3164,long,277.5404569983948,512,32914.02341700086,
3165,long,277.2046230020351,512,32913.97793000215,
3166,long,276.9312229975185,512,32913.99412899773,
3167,long,276.51731399964774,512,32913.84990200095,
3313,short,197.71347400092054,128,8297.111373998632,
3314,short,197.5238659979368,128,8297.232865999831,
3315,short,194.26519599801395,128,8294.172416997753,
3312,short,199.48420400032774,128,8300.527390001662,
3317,short,193.7100110008032,128,8286.764066000615,
3318,short,193.99593799971626,128,8286.906100998749,
3319,short,193.0412219990103,128,8286.200885999278,
3320,short,192.8117290008231,128,8287.023048000265,
3321,short,192.62706500012428,128,8287.09188799985,
3322,short,192.4471159982204,128,8287.124233000213,
3323,short,192.26421499843127,128,8287.150512998778,
3324,short,192.04335800168337,128,8287.19133100094,
3325,short,189.60915000207024,128,8284.979708001629,
3316,short,199.80799100085278,128,8293.128655001055,
3327,short,179.66862399771344,128,8280.042753998714,
3328,short,179.45777799832285,128,8280.244569999923,
3329,short,179.27339500238304,128,8280.378362000192,
3330,short,179.04662499859114,128,8280.37950399812,
3331,short,178.83669100046973,128,8280.407399000978,
3332,short,178.6450310028158,128,8280.454339001153,
3333,short,178.48921100085136,128,8280.533023000316,
3334,short,178.30808700091438,128,8280.573947002267,
3335,short,178.12742800015258,128,8280.609920999268,
3336,short,177.94802299977164,128,8280.638322001323,
3337,short,177.73393300012685,128,8280.677169001137,
3338,short,177.5150540015602,128,8280.7013620004,
3339,short,177.96889600140275,128,8280.715100001544,
3340,short,177.7695990022039,128,8280.810840002232,
3341,short,177.59104200013098,128,8280.870582002535,
3342,short,177.3803450014384,128,8280.88134599966,
3343,short,175.6388430003426,128,8279.376422997302,
3326,short,181.77216999902157,128,8287.09991699725,
3345,short,186.31681500119157,128,8276.216792000923,
3346,short,186.0557340005471,128,8276.220463001664,
3347,short,185.91012099932414,128,8276.36520699889,
3348,short,185.73104499955662,128,8276.405363001686,
3349,short,185.5213429989817,128,8276.42140000171,
3350,short,185.25828699785052,128,8276.392108000437,
3351,short,185.17350899855956,128,8276.53838599872,
3352,short,184.99888899896177,128,8276.62553600021,
3353,short,184.83202299830737,128,8276.67695099808,
3354,short,184.65665499752504,128,8276.724253999419,
3355,short,184.4178360006481,128,8276.708466997661,
3356,short,184.255693002342,128,8276.717210999777,
3357,short,184.0273369998613,128,8276.805153996975,
3358,short,183.82029100030195,128,8276.83763800087,
3359,short,183.5533649973513,128,8276.838669997233,
3344,short,188.255023000238,128,8281.760769998073,
3409,short,181.46951200105832,128,8073.609017999843,
3410,short,181.27500899936422,128,8073.738662998949,
3411,short,178.78149600073812,128,8071.441580999817,
3408,short,183.9389159977145,128,8078.069262999634,
3413,short,182.6466620004794,128,8076.643268002954,
3414,short,182.85111500154017,128,8076.672456001688,
3415,short,181.80912200114108,128,8076.460815002065,
3416,short,181.60758700105362,128,8076.471698001114,
3417,short,181.39939699904062,128,8076.443666999694,
3418,short,181.19394399764133,128,8076.413440998294,
3419,short,180.93435199989472,128,8076.377892000892,
3420,short,180.7162180011801,128,8076.3478740009305,
3421,short,177.84782900343998,128,8073.666654003318,
3412,short,184.19599600019865,128,8081.174181999813,
3423,short,170.06221100018593,128,8075.5911040032515,
3424,short,169.73006700209226,128,8075.571355002467,
3425,short,169.51006799718016,128,8075.574641999992,
3426,short,169.23956600294332,128,8075.494493001315,
3427,short,168.98471699823858,128,8075.442800000019,
3428,short,168.73320800004876,128,8075.397266999062,
3429,short,168.5179980013345,128,8075.384900999779,
3430,short,168.29422199953115,128,8075.348540998675,
3431,short,168.5941930008994,128,8075.319511000998,
3432,short,168.33971599771758,128,8075.264590999723,
3433,short,168.0686190011329,128,8075.195037003141,
3434,short,167.854934999923,128,8075.181885000347,
3435,short,167.58882000067388,128,8075.157888000831,
3436,short,167.3524739999266,128,8075.123947000975,
3437,short,167.12436099987826,128,8075.080338003318,
3438,short,166.85435399995185,128,8075.796389999596,
3439,short,164.78442399966298,128,8073.9739460004785,
3422,short,171.77870600062306,128,8081.639088999509,
3441,short,180.41934500070056,128,8079.337815001054,
3442,short,180.2208370027074,128,8079.370683000889,
3443,short,180.21924999993644,128,8079.409393998503,
3444,short,180.0511440014816,128,8080.215685000439,
3445,short,179.84783599968068,128,8080.185653001536,
3446,short,179.66195799817797,128,8080.081565,
3447,short,179.7758700013219,128,8080.122721999942,
3448,short,179.6055790000537,128,8080.086338999536,
3449,short,179.43933800052037,128,8080.042790003063,
3450,short,179.3047299979662,128,8079.997218999779,
3451,short,179.14319800183875,128,8079.954175002058,
3452,short,179.04582600021968,128,8079.869522000081,
3453,short,178.92051200033166,128,8079.822329997114,
3454,short,178.7686930001655,128,8079.745404000278,
3455,short,178.59014500209014,128,8079.640861000371,
3440,short,183.40761500076042,128,8084.310440000991,
3457,short,185.30576799821574,128,8246.167426998,
3458,short,185.110762999102,128,8246.315988999413,
3459,short,181.57860700011952,128,8243.052989997523,
3456,short,188.34318999870447,128,8250.57665300119,
3461,short,186.45168299917714,128,8250.551653000002,
3462,short,185.60733199774404,128,8250.0352499992,
3463,short,186.02743500014185,128,8250.96483300149,
3464,short,185.87450999984867,128,8251.058387002558,
3465,short,185.6983690013294,128,8251.102312002331,
3466,short,185.48329900295357,128,8251.086652002414,
3467,short,185.2855040015129,128,8251.154049001343,
3468,short,185.1053079990379,128,8251.193985997816,
3469,short,183.5972810004023,128,8249.900880997302,
3460,short,192.6773530030914,128,8256.75201100239,
3471,short,177.2928780010261,128,8255.329444000381,
3472,short,177.09121399821015,128,8255.49295199744,
3473,short,176.93625899846666,128,8255.655435998051,
3474,short,176.7270299969823,128,8255.687642998964,
3475,short,176.5398190000269,128,8255.738776002545,
3476,short,176.35661000167602,128,8255.791766001494,
3477,short,176.20429000089644,128,8255.874867001694,
3478,short,176.02678799812566,128,8255.924076998781,
3479,short,175.8268429985037,128,8255.946495999524,
3480,short,175.6311259996437,128,8255.963118001091,
3481,short,176.07716099882964,128,8255.97513899993,
3482,short,175.83801700311597,128,8255.96110600236,
3470,short,178.7997390019882,128,8259.19346000228,
3483,short,175.72570400079712,128,8256.356197001878,
3484,short,175.54973000005702,128,8256.406974000129,
3485,short,174.56693400163203,128,8255.69906400051,
3486,short,174.31653499806998,128,8255.693711998902,
3487,short,173.35959499905584,128,8254.979478999303,
3489,short,180.4376029976993,128,8253.155039998092,
3490,short,180.20905299999868,128,8253.22917000085,
3491,short,179.22517199986032,128,8252.50761999996,
3492,short,178.9997339983529,128,8252.505610998924,
3493,short,178.77982800200698,128,8252.511252001568,
3494,short,178.50699300106498,128,8252.468073998898,
3495,short,178.43043799803127,128,8252.636662000441,
3496,short,178.25357300171163,128,8252.70547800028,
3497,short,178.07648300004075,128,8252.759235001577,
3498,short,177.90003700065427,128,8252.806527001667,
3499,short,177.64537000039127,128,8252.808918001392,
3500,short,177.47956399762188,128,8252.896999998484,
3501,short,177.29345699990517,128,8252.959396999358,
3502,short,177.1107429995027,128,8253.016520000529,
3503,short,176.83912200300256,128,8252.983086000313,
3488,short,181.6171820028103,128,8257.948660000693,
3505,short,192.3854950000532,128,8392.953108002985,
3506,short,192.12477800101624,128,8393.014348999714,
3507,short,188.75144599951454,128,8389.840396997897,
3504,short,194.90809600029024,128,8397.482519998448,
3509,short,187.97037699914654,128,8393.4066719994,
3510,short,187.30610800048453,128,8392.589235001651,
3511,short,187.0687660011754,128,8392.545531001815,
3512,short,186.88721100261318,128,8393.375470001047,
3513,short,186.6413770003419,128,8393.364874002145,
3514,short,186.4143589991727,128,8393.321908999496,
3515,short,186.1970569989353,128,8393.309598999622,
3516,short,185.9847709965834,128,8393.325766999624,
3517,short,183.2778310017602,128,8390.798786000232,
3508,short,195.3975479991641,128,8399.187300001358,
3519,short,181.19415799810668,128,8394.406852999964,
3520,short,180.9951920004096,128,8394.440619002125,
3521,short,180.89733200031333,128,8394.45635499942,
3522,short,180.69125100009842,128,8394.380412999453,
3523,short,180.56683400209295,128,8394.33426600226,
3524,short,180.44071500116843,128,8394.289251002192,
3525,short,180.34759500005748,128,8394.303634999233,
3526,short,180.1813830024912,128,8394.327442001668,
3527,short,180.01572600041982,128,8394.293290999485,
3528,short,179.85783699987223,128,8394.260765999206,
3529,short,179.6405950008193,128,8394.197765999706,
3530,short,179.44900500151562,128,8394.099024000752,
3531,short,179.457033998915,128,8394.112884998322,
3532,short,179.2858430017077,128,8394.0669170006,
3533,short,179.0684939987841,128,8393.971622001118,
3534,short,178.88001800019993,128,8393.905375000031,
3535,short,178.6680350014649,128,8393.858880001062,
3518,short,185.24799100123346,128,8400.547432000167,
3536,short,188.87519399868324,128,8397.22035199884,
3537,short,188.8506489995052,128,8397.62587199948,
3538,short,188.6792309996963,128,8397.779555998568,
3539,short,188.67551299990737,128,8398.076605000824,
3540,short,188.50698100141017,128,8398.16802200221,
3541,short,188.30428200089955,128,8398.228072001075,
3542,short,188.08379800248076,128,8398.283490001631,
3543,short,188.23464100205456,128,8398.740454002109,
3544,short,188.06337400019402,128,8398.8238560014,
3545,short,187.89606700011063,128,8398.905440000817,
3546,short,187.69545400209608,128,8403.29855100208,
3547,short,187.43907599855447,128,8403.2331649978,
3548,short,187.39319299857016,128,8403.271833998588,
3549,short,187.2693369987246,128,8403.246841997316,
3550,short,187.17396300053224,128,8403.200779001054,
3551,short,187.03067599926726,128,8403.137424997112,
3360,long,196.54329500190215,512,32605.112586999894,
3361,long,199.72931000302196,512,32604.16633800196,
3362,long,202.2010870023223,512,32603.820943000756,
3363,long,198.74948500000755,512,32600.939897998614,
3364,long,195.17251500292332,512,32600.369489002333,
3365,long,197.52119999975548,512,32601.97753600005,
3366,long,198.91501200254424,512,32600.991860999784,
3367,long,197.13911500002723,512,32599.879302000772,
3368,long,192.53686299998662,512,32596.00569900067,
3369,long,201.18051800091052,512,32600.27848500249,
3370,long,188.77712299945415,512,32599.47095700045,
3371,long,185.73761799780186,512,32597.51280799901,
3372,long,186.53583299965248,512,32599.94226699928,
3373,long,253.25211900053546,512,32662.665519001166,
3374,long,253.18977900315076,512,32663.262906000455,
3375,long,252.83315900014713,512,32663.26198599927,
3376,long,252.6164000009885,512,32663.389848003135,
3377,long,252.34278500283835,512,32663.459041999886,
3378,long,252.07316299929516,512,32663.54979099924,
3379,long,197.49258999945596,512,32607.177338999463,
3380,long,197.180715000286,512,32607.789716003026,
3381,long,196.88760500139324,512,32608.004121000704,
3382,long,196.5875749992847,512,32608.171013001993,
3383,long,196.32704100149567,512,32608.460670002387,
3384,long,187.5150180021592,512,32602.657707000617,
3385,long,186.97022899868898,512,32602.53792599906,
3386,long,184.6189099996991,512,32600.4988579989,
3387,long,172.90492199754226,512,32607.090091998543,
3388,long,293.3581260003848,512,32728.08460200031,
3389,long,293.6702619990683,512,32728.06728499927,
3390,long,293.4597070016025,512,32728.19113500009,
3391,long,293.2242179995228,512,32728.232522000326,
3392,long,292.96357699786313,512,32728.234790996794,
3393,long,292.67152800093754,512,32728.19666199939,
3394,long,292.4291159979475,512,32728.19577900009,
3395,long,292.1662369990372,512,32728.223586997046,
3396,long,291.81528399931267,512,32728.13545199824,
3397,long,291.59515900028055,512,32728.18787200231,
3398,long,291.3684170016495,512,32728.225905000727,
3399,long,291.10532499908004,512,32728.219220996834,
3400,long,290.83931100103655,512,32728.20696599956,
3401,long,347.22524500102736,512,32781.27872200275,
3402,long,346.9444639995345,512,32781.44674700161,
3403,long,346.60906700082705,512,32781.41603400218,
3404,long,346.3085279981897,512,32781.41990699805,
3405,long,346.03526100181625,512,32781.423661999725,
3406,long,345.7762759971956,512,32781.428402999154,
3407,long,345.53225499985274,512,32781.475804000365,
3553,short,192.4942090008699,128,8275.480309999693,
3554,short,192.29578500016942,128,8275.612401001126,
3555,short,188.7272230014787,128,8272.285991002718,
3552,short,195.8335339986661,128,8279.844128999684,
3557,short,191.8249209993519,128,8272.107250999397,
3558,short,191.77695400139783,128,8272.449694999523,
3559,short,190.87182200019015,128,8271.834798997588,
3560,short,190.77796599958674,128,8272.00394999818,
3561,short,190.6649140000809,128,8272.136146002595,
3562,short,190.532581997104,128,8272.227312998439,
3563,short,190.35847800114425,128,8272.301279001113,
3564,short,190.2352780016372,128,8272.44382900244,
3565,short,187.78769300115528,128,8270.252368998626,
3556,short,204.80336499895202,128,8283.615815002122,
3567,short,180.55617500067456,128,8266.054146999522,
3568,short,180.32270199910272,128,8266.189809000934,
3569,short,180.14525699982187,128,8266.256926002825,
3570,short,179.9219889981032,128,8266.229495999141,
3571,short,179.71379099981277,128,8266.230286000791,
3572,short,179.44650699791964,128,8266.170693997992,
3573,short,179.24049499924877,128,8266.169686998182,
3574,short,179.04503699901397,128,8266.177542998776,
3575,short,178.8561329994991,128,8266.182651001145,
3576,short,178.63837600089028,128,8266.154475000803,
3577,short,178.40256400086218,128,8266.10512499974,
3578,short,178.15862300267327,128,8266.065824001998,
3580,short,178.37010299990652,128,8265.8628829995,
3579,short,178.54624099709326,128,8266.312617997755,
3581,short,178.18760500085773,128,8266.961392000667,
3582,short,177.95888500040746,128,8266.954730999714,
3583,short,176.17550200156984,128,8265.358558001026,
3566,short,182.23176499668625,128,8272.236332999455,
3585,short,183.01433899978292,128,8262.257927002793,
3586,short,182.5976760010235,128,8263.06125499832,
3587,short,182.0861039996089,128,8262.769263998052,
3588,short,181.78344300031313,128,8262.730064998323,
3589,short,181.46689000059268,128,8262.608436998562,
3590,short,181.05005500183324,128,8262.370415999612,
3591,short,180.35525799859897,128,8261.876335000125,
3592,short,180.1009460032219,128,8261.825594003312,
3593,short,179.78778799806605,128,8261.731434999092,
3594,short,175.12532500040834,128,8257.25487499949,
3595,short,174.87413300113985,128,8257.187628001702,
3596,short,174.56014300114475,128,8257.05673000266,
3597,short,174.34828499972355,128,8256.99674399948,
3598,short,174.13387099804822,128,8257.085211997037,
3599,short,173.9224259981711,128,8257.09600999835,
3584,short,184.27862200042,128,8267.696430000797,
3649,short,186.0394460018142,128,8152.495841000928,
3650,short,185.80017099884572,128,8152.6163529997575,
3651,short,182.4254050006857,128,8149.469253999996,
3648,short,189.33465200098,128,8159.234918999573,
3653,short,183.0656319980335,128,8152.431578000687,
3654,short,183.1585330000962,128,8152.404950000346,
3655,short,182.77512499844306,128,8152.230567000515,
3656,short,182.49663900132873,128,8152.144793999469,
3657,short,182.1970169985434,128,8152.0262799967895,
3658,short,181.88988999827416,128,8151.899226999376,
3659,short,181.56558999908157,128,8151.771356999234,
3660,short,181.25353600044036,128,8151.64166699833,
3661,short,173.30716300057247,128,8143.882213000325,
3652,short,189.66986699888366,128,8159.397028000967,
3663,short,172.93029299980844,128,8151.520649000304,
3664,short,172.82180400070501,128,8154.448380002577,
3665,short,172.771809000551,128,8154.573113002698,
3666,short,172.6323830007459,128,8154.548663998867,
3667,short,172.55659100192133,128,8154.5497799997975,
3668,short,172.48167100115097,128,8154.552268999396,
3669,short,172.42216899830964,128,8154.569570000604,
3670,short,172.29427499842132,128,8154.56468100092,
3671,short,172.1676910019596,128,8154.565354001534,
3672,short,172.04555100033758,128,8154.563184998551,
3673,short,171.88904200156685,128,8154.558267000539,
3674,short,171.83266400024877,128,8154.600238001876,
3675,short,171.83482000109507,128,8154.640651999216,
3676,short,170.85821499858866,128,8153.794021000067,
3677,short,170.73827599961078,128,8153.758320000634,
3678,short,170.6194360012887,128,8153.754787002981,
3679,short,169.54180899847415,128,8152.7955749988905,
3662,short,177.0579629992426,128,8160.303650998685,
3681,short,177.11711199808633,128,8155.963401000918,
3682,short,177.1913949996815,128,8156.114929002797,
3683,short,177.04150799909257,128,8156.0814719996415,
3684,short,177.0716490027553,128,8156.142223000643,
3685,short,176.94797099829884,128,8156.143584001256,
3686,short,176.79477099954966,128,8156.113405999349,
3687,short,176.67221400188282,128,8156.057448999491,
3688,short,176.83835299976636,128,8156.1360159976175,
3689,short,176.71854799846187,128,8156.135280998569,
3690,short,176.59787999946275,128,8156.137170997681,
3691,short,176.47788799877162,128,8156.143430998782,
3692,short,176.35669299852452,128,8156.1438309981895,
3693,short,176.26046199802659,128,8156.068939999386,
3694,short,176.16762699981336,128,8156.049943998369,
3695,short,176.0352499986766,128,8155.988638998679,
3680,short,181.19464000119478,128,8161.057065000932,
3697,short,186.46063399864943,128,8322.554425998533,
3698,short,186.23672600006103,128,8322.659396002564,
3699,short,180.50877600035165,128,8317.134285000066,
3696,short,190.7448599995405,128,8326.981319998595,
3701,short,185.56344399985392,128,8325.793953001266,
3702,short,185.35010499908822,128,8325.934325999697,
3703,short,185.15533599929768,128,8326.009303997125,
3704,short,184.99905999851762,128,8326.06684699931,
3705,short,184.81893399803084,128,8326.922876000026,
3706,short,187.00152399833314,128,8326.952936000453,
3707,short,186.82259699926362,128,8326.944892000029,
3708,short,186.6491330001736,128,8326.94726200134,
3709,short,182.28110499694594,128,8322.79334699706,
3700,short,192.65422300304635,128,8331.75790200039,
3711,short,180.5599160034035,128,8326.221173003432,
3712,short,180.28510300064227,128,8326.283252001303,
3713,short,180.1218330001575,128,8326.343744000042,
3714,short,179.9075779999839,128,8326.313939996908,
3715,short,179.7220530024788,128,8326.315456000884,
3716,short,179.5370100007858,128,8326.317702001688,
3717,short,179.38381000203663,128,8326.35012800165,
3718,short,179.20283400235348,128,8326.347985999746,
3719,short,179.02769300053478,128,8326.423028000136,
3720,short,178.81865899835248,128,8326.441517998319,
3721,short,178.58861700005946,128,8326.414810999268,
3722,short,178.3622879993345,128,8326.37728500049,
3723,short,178.2293629985361,128,8326.437736999651,
3724,short,178.05251999743632,128,8326.438311996753,
3725,short,177.8766000024916,128,8326.43919000111,
3726,short,177.7027909993194,128,8326.438654999947,
3727,short,175.98123000061605,128,8324.930128001142,
3710,short,184.92391700056032,128,8335.176271000819,
3729,short,183.65022799844155,128,8326.167680999788,
3730,short,183.4758580007474,128,8326.277939002466,
3731,short,183.25537599957897,128,8327.132143000199,
3732,short,183.12628800049424,128,8327.239346999704,
3733,short,182.9468440009805,128,8327.25844000015,
3734,short,182.74035899958108,128,8327.230961000168,
3735,short,182.4788100020669,128,8327.154055001301,
3736,short,182.4187480015098,128,8327.271392001421,
3737,short,182.24339000153122,128,8327.275621002627,
3738,short,182.06297099823132,128,8327.272004997212,
3739,short,181.8872330004524,128,8327.270384001167,
3740,short,181.6553329990711,128,8327.210438998009,
3741,short,181.52678299884428,128,8327.248329998838,
3742,short,181.35679999977583,128,8327.25064600163,
3743,short,181.00828499882482,128,8327.08442600051,
3728,short,184.99180800063186,128,8331.233812001301,
3745,short,192.6261370026623,128,8476.594224001019,
3746,short,192.42673899861984,128,8476.719522001076,
3747,short,188.98620400068467,128,8473.478970001452,
3744,short,196.00510999953258,128,8480.98679100076,
3749,short,187.74369500169996,128,8478.370560002077,
3750,short,187.99215499893762,128,8478.404677000071,
3751,short,187.79243900280562,128,8478.413205000834,
3752,short,186.7845449996821,128,8478.318729998136,
3753,short,186.5603510013898,128,8478.333992999978,
3754,short,186.37899500026833,128,8478.342811999028,
3755,short,186.19857899830095,128,8478.34389199852,
3756,short,185.98000700148987,128,8478.303853000398,
3757,short,183.39316600031452,128,8475.893312999688,
3748,short,193.859055001667,128,8483.7818470005,
3759,short,179.55193200032227,128,8484.457017999375,
3760,short,179.32787099925918,128,8484.589825999137,
3761,short,179.16725000031875,128,8484.65565099832,
3762,short,178.95240299912984,128,8484.626801000559,
3763,short,178.76173399781692,128,8484.627423000347,
3764,short,178.57318499955,128,8484.633472999121,
3765,short,178.36794100003317,128,8484.618264999881,
3766,short,178.1641910019971,128,8484.593867000513,
3767,short,177.92403899875353,128,8484.621668998443,
3768,short,177.73074199794792,128,8484.6234430006,
3769,short,177.52256500170915,128,8484.586736001802,
3770,short,177.30328100151382,128,8484.601382999244,
3771,short,177.17025299862144,128,8484.71182999856,
3772,short,176.99333600103273,128,8484.719420001056,
3773,short,176.81820500001777,128,8484.73690100218,
3774,short,176.6030580001825,128,8484.70381900188,
3775,short,174.75670000203536,128,8483.0339250002,
3758,short,181.31478399664047,128,8490.549742997246,
3777,short,187.1316310025577,128,8486.968149001768,
3778,short,186.11113400038448,128,8486.26482400141,
3779,short,185.85295299999416,128,8486.210115999711,
3780,short,185.7055640030012,128,8486.258963999717,
3781,short,185.52681100118207,128,8486.273308000818,
3782,short,185.31509099921095,128,8486.239341000328,
3783,short,185.04539800051134,128,8486.15215099926,
3784,short,184.96292999770958,128,8486.901383999793,
3785,short,184.8015370014764,128,8486.999946999276,
3786,short,184.62842700319015,128,8487.023366000358,
3787,short,184.4443189984304,128,8487.018121999427,
3788,short,184.20439799956512,128,8486.956838998594,
3789,short,184.04399300197838,128,8486.984549999761,
3790,short,183.86095699679572,128,8487.016977000167,
3791,short,183.57020600160467,128,8486.918073998822,
3776,short,188.39482300245436,128,8491.869246001443,
3600,long,198.45357699887245,512,32857.14627299967,
3601,long,198.1433079999988,512,32857.82044199732,
3602,long,197.92415499978233,512,32854.82428999967,
3603,long,198.16427800105885,512,32852.83859999981,
3604,long,195.8346409992373,512,32854.2852999999,
3605,long,195.39649999933317,512,32854.150880000816,
3606,long,193.93726199996308,512,32855.71160899781,
3607,long,194.6709740004735,512,32857.251094003004,
3608,long,197.60120600039954,512,32857.597952002834,
3609,long,198.5114640010579,512,32859.25685899929,
3610,long,198.9748329979193,512,32857.71645499699,
3611,long,196.72298200021032,512,32859.66734300018,
3612,long,188.65808500049752,512,32855.90028099978,
3614,long,196.4287350019731,512,32855.32870899988,
3615,long,196.15783200060832,512,32855.95120799917,
3616,long,195.794224000565,512,32855.86813400005,
3617,long,195.74293799814768,512,32855.92146300041,
3618,long,195.4970830011007,512,32855.89599100058,
3613,long,204.8121469997568,512,32862.08742200324,
3619,long,254.7454640007345,512,32920.025251998595,
3620,long,253.69349899847293,512,32920.15315199751,
3621,long,253.32692400115775,512,32920.1639089988,
3622,long,252.86042600055225,512,32919.986277000135,
3623,long,252.28471200171043,512,32919.70330700133,
3624,long,191.11477800106513,512,32863.350482002716,
3625,long,190.69431100069778,512,32863.340223000705,
3626,long,190.28800800151657,512,32863.224667002214,
3627,long,176.12634300166974,512,32854.2636730017,
3628,long,166.07904600095935,512,32854.979195999476,
3629,long,294.7595250006998,512,32983.85142599727,
3630,long,294.365915000526,512,32983.86703900178,
3631,long,294.845267002529,512,32985.16624500189,
3632,long,294.6108299984189,512,32985.33909699836,
3633,long,294.3581810031901,512,32985.41747400304,
3634,long,294.06623500108253,512,32985.434289003024,
3635,long,293.8266109995311,512,32985.49299099977,
3636,long,293.5634919995209,512,32985.58588300148,
3637,long,293.21662400252535,512,32985.55432500143,
3638,long,292.9837810006575,512,32985.6612170006,
3639,long,292.7511779998895,512,32985.779373000696,
3640,long,292.48721499971,512,32985.817636999855,
3641,long,298.85306999858585,512,32986.63363599917,
3642,long,298.3116380019055,512,32986.489295002684,
3643,long,298.13106399888056,512,32986.63474299974,
3644,long,297.8264439989289,512,32986.60413199832,
3645,long,297.52340100094443,512,32986.59847300223,
3646,long,297.24631600038265,512,32986.59056000179,
3647,long,296.96097200212535,512,32986.563020000176,
3793,short,198.1666689971462,128,8301.047818997176,
3794,short,197.9712930005917,128,8301.1797950021,
3795,short,194.5252219993563,128,8297.932948997186,
3792,short,201.50273100080085,128,8305.616579000343,
3797,short,196.1904070012679,128,8294.122682000307,
3798,short,195.97427299959236,128,8294.247861998883,
3799,short,195.80358999883174,128,8293.537790999835,
3800,short,195.6036280025728,128,8293.517296002392,
3801,short,195.415326001239,128,8294.385986002453,
3802,short,195.23561400274048,128,8294.447669002693,
3803,short,195.05818799734698,128,8294.458340998972,
3804,short,194.8826640000334,128,8294.465017002949,
3805,short,192.55707200136385,128,8292.321095999796,
3796,short,202.57408999896143,128,8299.795965998783,
3807,short,182.1928619974642,128,8286.904693999531,
3808,short,181.96336999972118,128,8287.045794000733,
3809,short,181.78610900213243,128,8287.101949001226,
3810,short,181.56281700066756,128,8287.07360500266,
3811,short,181.35205200087512,128,8287.068359000841,
3812,short,181.1473730012949,128,8287.065825999889,
3813,short,180.97444099839777,128,8287.127814997802,
3814,short,180.69711299904156,128,8287.096986998222,
3815,short,180.49661199984257,128,8287.10286000205,
3816,short,180.28171399782877,128,8287.075072999869,
3817,short,180.0119369981985,128,8286.990696997236,
3818,short,180.25030200078618,128,8286.939510999218,
3819,short,180.0967960007256,128,8286.933113002306,
3820,short,179.90689699945506,128,8286.950640998839,
3821,short,179.71831999966525,128,8286.987119001424,
3822,short,179.53494399989722,128,8286.987376999605,
3823,short,177.78274900047109,128,8285.417052000412,
3806,short,183.79063400061568,128,8292.929043000186,
3825,short,184.115258998645,128,8280.751433998375,
3826,short,183.92818099891883,128,8281.783096001163,
3827,short,183.68076700062375,128,8281.759915000293,
3828,short,183.52157300250838,128,8281.852135001827,
3829,short,183.3355130002019,128,8281.857875001151,
3830,short,183.1190240009164,128,8281.825367001147,
3831,short,182.19438300002366,128,8281.143140997301,
3832,short,181.97188200065284,128,8281.17177799868,
3833,short,181.76800899891532,128,8281.198548000248,
3834,short,181.57961500037345,128,8281.201874000544,
3835,short,181.39379399872269,128,8281.250047999492,
3836,short,181.14799199975096,128,8281.19727000012,
3837,short,180.92956799955573,128,8281.134647997533,
3838,short,180.73341700073797,128,8281.1840760005,
3839,short,180.47706200013636,128,8281.127354999626,
3824,short,185.03430800046772,128,8285.898963000363,
3889,short,186.1542799997551,128,8118.036359999678,
3890,short,185.95873400045093,128,8118.17152599906,
3891,short,182.33368400251493,128,8114.749422002205,
3888,short,189.41746799828252,128,8122.375392998947,
3893,short,183.10858000040753,128,8118.815240999538,
3894,short,183.35988900071243,128,8118.991670999094,
3895,short,183.16726199918776,128,8119.015475000197,
3896,short,182.1780129976105,128,8118.972569998732,
3897,short,181.94105800284888,128,8118.958927003405,
3898,short,181.7530220032495,128,8118.955964000634,
3899,short,181.57003899978008,128,8118.952897999407,
3900,short,181.38871299743187,128,8118.952560998878,
3901,short,178.94617400088464,128,8116.7210419989715,
3892,short,189.54746300005354,128,8124.558849998721,
3903,short,172.5571580027463,128,8121.015365002677,
3904,short,172.35074899872416,128,8122.0667060006235,
3905,short,172.19330800071475,128,8122.163501000614,
3906,short,171.98313399785548,128,8122.142782998708,
3907,short,171.79963600210613,128,8122.149734001141,
3908,short,171.58344400013448,128,8122.122357999615,
3909,short,171.37095300131477,128,8122.097596999083,
3910,short,171.1737429977802,128,8122.099553998851,
3911,short,170.99535499801277,128,8122.143771000992,
3912,short,170.81817299913382,128,8122.194801999285,
3913,short,170.6080900003144,128,8122.167175002687,
3914,short,170.45517299993662,128,8122.201665002649,
3915,short,170.2859979995992,128,8122.225685001467,
3916,short,170.0784679997014,128,8122.196396001527,
3917,short,169.9020890009706,128,8122.195135998481,
3918,short,169.72826200071722,128,8122.197832999518,
3919,short,167.9360109992558,128,8120.581365998078,
3902,short,174.5748220018868,128,8127.954462001071,
3921,short,176.0385289999249,128,8124.4906920001085,
3922,short,175.8945390029112,128,8124.712116001319,
3923,short,175.64683400269132,128,8124.680742999772,
3924,short,175.51397900024313,128,8124.748869999166,
3925,short,175.33803199694376,128,8124.753404998046,
3926,short,175.0874159988598,128,8124.681371999031,
3927,short,174.8082769991015,128,8124.591017996863,
3928,short,174.68665699925623,128,8124.673239999538,
3929,short,174.50458199891727,128,8125.287095001113,
3930,short,174.2781909997575,128,8125.285332000203,
3931,short,174.09449499973562,128,8125.28144099997,
3932,short,173.9173470014066,128,8125.279984000372,
3933,short,173.70336200110614,128,8125.271005999821,
3934,short,173.5264159979124,128,8125.320568000461,
3935,short,173.31322300015017,128,8125.308835002215,
3920,short,178.111811997951,128,8130.326406997483,
3937,short,189.33407599979546,128,8295.460746998288,
3938,short,189.13653599884128,128,8295.594940998853,
3939,short,185.7509809997282,128,8292.416505999427,
3936,short,192.52056700133835,128,8299.879310001415,
3941,short,189.24562900065212,128,8300.372241999867,
3942,short,189.02346700269845,128,8300.491572001192,
3943,short,188.03786499847774,128,8299.713517000782,
3944,short,188.72145699788234,128,8300.537143997644,
3945,short,188.54225700124516,128,8300.60315299852,
3946,short,188.36329400073737,128,8300.610037000297,
3947,short,188.17311100065126,128,8300.59980200167,
3948,short,187.97321999954875,128,8300.628217999474,
3949,short,185.47444400246604,128,8298.3149770007,
3940,short,195.57860200075083,128,8306.010692998825,
3951,short,178.19447799774935,128,8299.102310000308,
3952,short,177.94184500235133,128,8300.221173001773,
3953,short,177.77874700186658,128,8300.310506001551,
3954,short,177.56100699989474,128,8300.284359000216,
3955,short,177.37027099792613,128,8300.286395999137,
3956,short,177.18283200156293,128,8300.304923999647,
3957,short,177.00720599896158,128,8300.323990999459,
3958,short,176.75801099903765,128,8300.296026998694,
3959,short,176.55631299930974,128,8300.28387999846,
3960,short,176.3735929998802,128,8300.28345000028,
3961,short,176.16072000237182,128,8300.266393001948,
3962,short,175.94290600027307,128,8300.241140001162,
3963,short,175.8139179983118,128,8300.307721998252,
3964,short,175.6384629989043,128,8300.312742998358,
3965,short,175.4821009999432,128,8300.313979998464,
3966,short,175.30935400282033,128,8300.314535001235,
3967,short,174.1032259997155,128,8298.746738000773,
3950,short,181.21255900041433,128,8307.087998997304,
3969,short,183.23683900234755,128,8302.451801999268,
3970,short,183.07908799761208,128,8302.634063998994,
3971,short,182.8576219995739,128,8302.643426999566,
3972,short,182.72900699957972,128,8302.71886400078,
3973,short,182.55080099697807,128,8302.726878999238,
3974,short,182.3375300009502,128,8302.696481001476,
3975,short,182.0589140006632,128,8302.608174999477,
3976,short,181.36039399905712,128,8302.80566700094,
3977,short,181.1504219986091,128,8302.806201998465,
3978,short,180.9719450029661,128,8302.8108360013,
3979,short,180.79746899820748,128,8302.81323699819,
3980,short,180.54053000014392,128,8302.733888001967,
3981,short,180.3303720007534,128,8302.725319001183,
3982,short,180.12940599874128,128,8302.817508996668,
3983,short,179.87738300143974,128,8302.767246001167,
3968,short,184.57189599939738,128,8307.70944699907,
3985,short,192.5208120010211,128,8446.537679999892,
3986,short,192.31886999841663,128,8446.665995998046,
3987,short,188.86612999995123,128,8443.420278999838,
3984,short,195.81961299991235,128,8451.004565999028,
3989,short,191.57686499966076,128,8448.683295999217,
3990,short,191.37202199999592,128,8448.822671998641,
3991,short,190.3506769995147,128,8448.01551799901,
3992,short,190.8377820000169,128,8448.00705400121,
3993,short,190.65466499887407,128,8448.006574999454,
3994,short,190.47517799845082,128,8448.87623500108,
3995,short,190.2452889989945,128,8448.872293000022,
3996,short,190.0605650007492,128,8448.874231002264,
3997,short,187.72509100017487,128,8446.774197000195,
3988,short,197.88565400085645,128,8454.252194002038,
3999,short,183.33875199823524,128,8450.991145000444,
4000,short,183.2073039986426,128,8451.07822600039,
4001,short,183.15816999893286,128,8451.137998999911,
4002,short,182.9975300024671,128,8451.106649001304,
4003,short,182.90796499786666,128,8451.089319998573,
4004,short,182.83148399859783,128,8451.085685999715,
4005,short,182.74963500152808,128,8451.079300000856,
4006,short,182.61885099855135,128,8451.06952399874,
4007,short,182.48196200147504,128,8451.073849999375,
4008,short,182.35438199917553,128,8451.069635997555,
4009,short,182.19395800042548,128,8451.032252000005,
4010,short,182.08904299899586,128,8450.998570999218,
4011,short,182.15431700082263,128,8451.062256001023,
4012,short,182.0370340028603,128,8451.065198001743,
4013,short,181.91829599891207,128,8451.066372999776,
4014,short,181.7977089995111,128,8451.065943001595,
4015,short,180.06819899892434,128,8449.458062001213,
3998,short,188.11569799800054,128,8458.906689997093,
4017,short,183.70515100104967,128,8447.776429999067,
4018,short,184.25586100056535,128,8447.898107999208,
4019,short,184.03178500011563,128,8448.735605998081,
4020,short,183.89971100259572,128,8448.875981001038,
4021,short,183.74564699843177,128,8448.892207998142,
4022,short,183.53741800092394,128,8448.858797997673,
4023,short,182.56187200313434,128,8448.068215002422,
4024,short,182.44660300115356,128,8448.144426001818,
4025,short,182.26312900151243,128,8448.191436000343,
4026,short,182.08675099958782,128,8448.198431000492,
4027,short,181.90023900024244,128,8448.190414001147,
4028,short,181.65665999913472,128,8448.124537000695,
4029,short,181.38881599952583,128,8448.043390999374,
4030,short,181.18834600318223,128,8448.028951999731,
4031,short,180.84724800064578,128,8447.87673799874,
4016,short,185.8303890003299,128,8453.004007002164,
3840,long,197.0722259975446,512,32764.403233999474,
3841,long,195.75004700163845,512,32760.318369000743,
3842,long,197.40943699798663,512,32761.086693000834,
3843,long,199.5209850028914,512,32764.89648900315,
3844,long,197.24249000137206,512,32768.34669100208,
3845,long,198.45135699870298,512,32767.364425999403,
3846,long,196.19547300317208,512,32768.191862000094,
3847,long,196.9928090002213,512,32768.71182099785,
3848,long,198.68587300152285,512,32769.636291002826,
3849,long,199.6206930016342,512,32768.945098003314,
3850,long,197.0568420001655,512,32766.7297400003,
3851,long,188.07505199947627,512,32766.11257100012,
3852,long,192.54745099897264,512,32771.68617699863,
3854,long,196.88121899889666,512,32770.901349998894,
3855,long,196.81336099893088,512,32771.47863999926,
3856,long,196.40040100057377,512,32771.35718799764,
3857,long,196.12791399777052,512,32771.38953800022,
3858,long,192.5634409999475,512,32768.11748699765,
3853,long,201.8964720009535,512,32777.61348000058,
3860,long,189.4339289974596,512,32766.6849849993,
3861,long,189.56777499988675,512,32767.417868999473,
3862,long,189.41368899686495,512,32767.6487969984,
3863,long,189.12198199905106,512,32767.680150998785,
3859,long,194.6250869987125,512,32772.83167299902,
3864,long,187.00664900097763,512,32764.61078200009,
3865,long,186.63063799976953,512,32764.595969001675,
3866,long,186.3423579998198,512,32764.66400999925,
3867,long,188.83162699785316,512,32773.2060620001,
3868,long,184.5530820028216,512,32772.15188500122,
3870,long,168.08483799832175,512,32770.124745999055,
3869,long,171.38702100055525,512,32773.2660790025,
3871,long,229.83790999933262,512,32832.57363399753,
3872,long,229.44559200186632,512,32832.59224599897,
3874,long,228.8054769996961,512,32832.34035700298,
3875,long,228.4464559998014,512,32832.29641700018,
3873,long,229.1218829996069,512,32833.3316850003,
3876,long,228.11521399853518,512,32832.61928599677,
3877,long,227.79262299809488,512,32832.65049699912,
3878,long,227.36637699927087,512,32832.53714899911,
3879,long,227.04749699914828,512,32832.57844199761,
3880,long,226.74598900266574,512,32832.61743100229,
3881,long,171.45742800130392,512,32777.473997000925,
3882,long,246.9562219994259,512,32832.72792599746,
3883,long,246.53640299948165,512,32832.626321000134,
3884,long,246.38381299882894,512,32832.843371998024,
3885,long,246.08655200063367,512,32832.85419999811,
3886,long,245.79280199759523,512,32832.9037279982,
3887,long,245.52215400035493,512,32832.95455700136,
4033,short,194.83353000032366,128,8269.712242999958,
4034,short,194.6318699992844,128,8269.876323000062,
4035,short,191.13099000242073,128,8266.579602001002,
4032,short,198.04763800129876,128,8274.304439000844,
4037,short,190.92960800116998,128,8261.186706000444,
4038,short,191.22794900249573,128,8261.480999000923,
4039,short,191.0264059988549,128,8261.657295999612,
4040,short,190.8681550012261,128,8261.870918999193,
4041,short,189.81564899877412,128,8261.131019997265,
4042,short,189.590928999678,128,8261.198956999579,
4043,short,189.40576299792156,128,8261.3043679994,
4044,short,189.16928299950087,128,8261.359579002601,
4045,short,186.92967099923408,128,8259.409489997779,
4036,short,197.0664830005262,128,8270.002871999168,
4047,short,184.34246399920085,128,8255.64028900044,
4048,short,184.24700300238328,128,8255.933879001532,
4049,short,184.22390799969435,128,8256.17051199879,
4050,short,184.0659900008177,128,8256.293397000263,
4051,short,183.99389299884206,128,8256.48663299944,
4052,short,183.91835700094816,128,8256.674805998045,
4053,short,183.87778699980117,128,8256.888377996802,
4054,short,183.73712600077852,128,8256.985804000578,
4055,short,183.62871000135783,128,8257.140238001739,
4056,short,183.51278000045568,128,8257.255923999764,
4057,short,183.35637200289057,128,8257.336860002397,
4058,short,183.25351200110163,128,8257.48166500125,
4059,short,183.29581000216422,128,8257.590979999804,
4060,short,183.1756649989984,128,8257.800674000464,
4061,short,183.05800300004194,128,8258.029778997297,
4062,short,182.93677900146577,128,8258.155912000802,
4063,short,180.2353029997903,128,8261.696170000505,
4046,short,188.24663900159067,128,8269.389675999264,
4065,short,192.1442719976767,128,8254.254392999428,
4066,short,191.37268899794435,128,8253.542349997588,
4067,short,191.19901600060984,128,8253.409617002035,
4068,short,191.22870300270733,128,8253.495314002066,
4069,short,191.10448900028132,128,8253.53843099947,
4070,short,190.94930400024168,128,8253.521250000631,
4071,short,190.79425300151343,128,8254.169324998657,
4072,short,190.93932499890798,128,8254.24245999966,
4073,short,190.81061299948487,128,8254.276988998754,
4074,short,190.6876459979685,128,8254.280725999706,
4075,short,190.56444099987857,128,8254.357057998277,
4076,short,190.38332600030117,128,8254.312945002312,
4077,short,190.38898699727724,128,8254.281936999178,
4078,short,190.30163399656885,128,8254.328292998252,
4079,short,190.11800199950812,128,8254.223169999023,
4064,short,194.98294799996074,128,8259.213277000526,
4129,short,185.23019299755106,128,8126.5179379988695,
4130,short,185.08907800060115,128,8126.753877000738,
4131,short,181.5534880006453,128,8123.480162001215,
4128,short,190.75210899973172,128,8133.682633997523,
4133,short,183.7016150020645,128,8128.45871600075,
4134,short,183.3160290007072,128,8128.411770001549,
4135,short,183.56738400325412,128,8128.247867000027,
4136,short,183.30362900087493,128,8128.169509000145,
4137,short,183.01346299995203,128,8128.063309999561,
4138,short,182.72240100122872,128,8128.820857000392,
4139,short,182.43025000265334,128,8128.776864999963,
4140,short,182.14185800025007,128,8128.677028998936,
4141,short,176.7455240005802,128,8123.474461001024,
4132,short,190.3110610001022,128,8134.303890998126,
4143,short,176.03905299984035,128,8130.71994299753,
4144,short,175.76034900048398,128,8130.669754998962,
4145,short,175.56406899893773,128,8130.562399997871,
4146,short,175.21532599857892,128,8130.341451000277,
4147,short,174.95259099814575,128,8130.15086499945,
4148,short,174.69876099858084,128,8129.969287998392,
4149,short,174.5433479991334,128,8129.886949998763,
4150,short,174.26776499996777,128,8129.734008998639,
4151,short,174.03130200182204,128,8129.619879000529,
4152,short,173.79643700041925,128,8129.502277999563,
4153,short,173.48295600095298,128,8129.287345000193,
4154,short,173.33335199873545,128,8129.221240000334,
4155,short,173.15816400150652,128,8129.072946001543,
4156,short,172.82126099962625,128,8128.856382998492,
4157,short,172.5739280009293,128,8128.7276379989635,
4158,short,166.32831799870473,128,8122.600318001787,
4159,short,165.20493799907854,128,8121.597646000737,
4142,short,180.025851001119,128,8136.731095000869,
4161,short,181.15857999873697,128,8131.827881999925,
4162,short,181.27602400272735,128,8132.022940000752,
4163,short,181.1399159996654,128,8131.98090700098,
4164,short,181.13423700197018,128,8132.000749999861,
4165,short,180.9967270019115,128,8131.990087000304,
4166,short,180.10771099943668,128,8131.226143999811,
4167,short,179.94424699645606,128,8131.882705998578,
4168,short,180.10522600161494,128,8132.007315001829,
4169,short,179.98071399779292,128,8132.01410399779,
4170,short,179.782700000942,128,8131.941260999156,
4171,short,179.6457790005661,128,8131.92660599816,
4172,short,179.5216039972729,128,8131.925075998879,
4173,short,179.4691850009258,128,8131.898424999235,
4174,short,179.39258399928804,128,8131.9086809999135,
4175,short,179.34891100230743,128,8131.936167999811,
4160,short,184.0706630027853,128,8136.748955002986,
4177,short,188.6622210004134,128,8291.260044999945,
4178,short,188.344213001983,128,8291.283402999397,
4179,short,182.4004239970236,128,8285.591675998148,
4176,short,191.9242910007597,128,8295.63177700038,
4181,short,187.05155499992543,128,8297.60860800161,
4182,short,186.85563200051547,128,8297.743159000674,
4183,short,186.66273299822933,128,8297.762940001121,
4184,short,187.15857999995933,128,8297.798912997678,
4185,short,186.10899099803646,128,8297.709222999401,
4186,short,185.86687599963625,128,8297.699534999992,
4187,short,185.66926299899933,128,8297.685347999504,
4188,short,185.48544599980232,128,8297.680650000984,
4189,short,183.10071100131609,128,8295.476706000045,
4180,short,192.9033870001149,128,8303.065247997438,
4191,short,177.3207700025523,128,8298.435170003359,
4192,short,177.11905400210526,128,8298.568512000202,
4193,short,176.95929999899818,128,8298.623233000399,
4194,short,176.74798799998825,128,8298.598369998217,
4195,short,176.56067599818925,128,8298.634438997397,
4196,short,176.37249600011273,128,8298.652814999514,
4197,short,176.21622500155354,128,8298.688342001697,
4198,short,176.03588600104558,128,8298.724141001003,
4199,short,175.86162500083447,128,8298.732440001913,
4200,short,175.68744299933314,128,8298.73707400111,
4201,short,175.46334900180227,128,8298.704856999393,
4202,short,175.238438998349,128,8298.670080999727,
4203,short,175.108552997699,128,8298.733268999058,
4204,short,174.9335679996875,128,8298.73841099834,
4205,short,174.75813000055496,128,8298.741179998615,
4206,short,174.58137200083002,128,8298.738718000095,
4207,short,172.82255200188956,128,8297.16797799847,
4190,short,179.3296210016706,128,8304.48870300097,
4209,short,180.76024600304663,128,8298.689971001295,
4210,short,180.6077990004269,128,8299.646532999759,
4211,short,180.3897540012258,128,8299.658887000987,
4212,short,180.26687000019592,128,8299.722299001587,
4213,short,180.08778899820754,128,8299.722561001545,
4214,short,179.12677800268284,128,8298.939660002361,
4215,short,178.8114939990919,128,8298.82295400239,
4216,short,178.72175800221157,128,8298.929753000266,
4217,short,178.5414240002865,128,8298.927005998848,
4218,short,178.36532100045588,128,8298.928567000985,
4219,short,178.18579400045564,128,8298.927241001365,
4220,short,177.93658300070092,128,8298.851554998691,
4221,short,177.77489900254295,128,8298.881200000324,
4222,short,177.59531300180242,128,8298.879590001889,
4223,short,177.36876400158508,128,8298.803659999976,
4208,short,181.96913600331754,128,8303.587403002894,
4225,short,195.46428299872787,128,8449.048807000509,
4226,short,195.21911699848715,128,8449.130064997007,
4227,short,191.98097799744573,128,8446.098440999776,
4224,short,196.96440600091591,128,8451.664834999974,
4229,short,188.30673000047682,128,8446.365073999914,
4230,short,188.56562200016924,128,8446.465750999778,
4231,short,188.3808480015432,128,8446.474472999398,
4232,short,187.44256900026812,128,8446.509297999,
4233,short,187.21291499969084,128,8446.521163001307,
4234,short,187.029712000367,128,8446.520678000525,
4235,short,186.85050200292608,128,8446.519749002618,
4236,short,186.6688600021007,128,8446.513110000524,
4237,short,184.3771519997972,128,8444.419011000718,
4228,short,194.20668599923374,128,8451.962882998487,
4239,short,181.46653800067725,128,8451.97377400109,
4240,short,181.25764800061006,128,8452.080299000954,
4241,short,181.09820000245236,128,8452.134680999734,
4242,short,180.8494859978964,128,8452.071375999367,
4243,short,180.64604600294842,128,8452.055100002326,
4244,short,180.45391900159302,128,8452.110743000958,
4245,short,180.26287199973012,128,8452.113220002502,
4246,short,180.10490300002857,128,8452.108407000196,
4247,short,179.91593300030218,128,8452.098571000533,
4248,short,179.7342280005978,128,8452.093064999644,
4249,short,179.5214310004667,128,8452.056977999746,
4250,short,179.30562600304256,128,8452.026548002323,
4251,short,179.17505000150413,128,8452.084961001674,
4252,short,178.99739800122916,128,8452.086689998396,
4253,short,178.82250099864905,128,8452.10256700011,
4254,short,178.63314100031857,128,8452.095847002056,
4255,short,176.78542900102912,128,8450.424402999488,
4238,short,183.34412099648034,128,8457.733808998455,
4257,short,186.98309500177857,128,8451.843041999382,
4258,short,186.81897799979197,128,8453.071588999592,
4259,short,186.59908200061182,128,8453.125788997568,
4260,short,186.47010499989847,128,8453.24608199735,
4261,short,186.291333000554,128,8453.30710500275,
4262,short,186.06579100014642,128,8453.30210300017,
4263,short,185.79716800013557,128,8453.269672001625,
4264,short,185.71564800004126,128,8453.460016000463,
4265,short,185.5379869994067,128,8453.513406999264,
4266,short,185.35986300048535,128,8453.564128001744,
4267,short,185.176106999279,128,8453.60310400065,
4268,short,184.95414399876609,128,8453.587705997052,
4269,short,184.7970009985147,128,8453.677580000658,
4270,short,184.64509800105589,128,8453.765324000415,
4271,short,184.43354099872522,128,8453.75976899959,
4256,short,189.03385699741193,128,8458.60028899915,
4080,long,194.44024199765408,512,32744.9278699969,
4081,long,199.1098719990987,512,32746.277665999514,
4082,long,200.479508999706,512,32755.875605002075,
4083,long,203.06566600265796,512,32755.60300300276,
4084,long,197.0377279976674,512,32752.42513199919,
4085,long,199.81573200129787,512,32752.76589400164,
4086,long,196.7462210013764,512,32752.16480400195,
4087,long,198.43880199914565,512,32747.867449001205,
4088,long,195.56869000007282,512,32749.524243998167,
4089,long,196.78948300133925,512,32749.58433700158,
4090,long,202.48688100036816,512,32750.618583999312,
4091,long,195.47286400120356,512,32751.084490999347,
4092,long,186.85582600301132,512,32752.972703001433,
4094,long,189.0204650007945,512,32750.261100998614,
4095,long,189.05555099991034,512,32750.820823999675,
4096,long,188.67249400136643,512,32750.757827001507,
4097,long,188.45157499890774,512,32750.809932000266,
4093,long,192.87775400152896,512,32756.39283399869,
4098,long,246.92412899821647,512,32811.91180300084,
4100,long,194.7390909990645,512,32748.09257999732,
4101,long,194.22757500069565,512,32748.805415001698,
4102,long,194.74299900321057,512,32748.993691002397,
4103,long,192.10209800075972,512,32746.67439699988,
4099,long,199.99586600170005,512,32754.247175002092,
4105,long,195.15955300084897,512,32749.009906001447,
4106,long,194.86012200286495,512,32748.996871003328,
4104,long,197.9287980029767,512,32752.295963000506,
4107,long,184.88733200138086,512,32744.31860799814,
4108,long,190.4101680011081,512,32746.872024999902,
4109,long,175.91692399946623,512,32748.487521999778,
4110,long,173.28605899820104,512,32746.2831169978,
4111,long,165.36948900102288,512,32753.18814899947,
4112,long,232.12707100174157,512,32813.49611300175,
4113,long,231.76827700081049,512,32814.59073699807,
4116,long,230.8021130011184,512,32813.94157699833,
4115,long,231.16092399868648,512,32814.62828599979,
4114,long,231.47151800003485,512,32815.2540129995,
4117,long,230.48243899756926,512,32814.50109999787,
4118,long,230.1690249987587,512,32814.492700999836,
4119,long,229.74688400063314,512,32814.34020099914,
4120,long,229.42590800084872,512,32814.4194819979,
4121,long,175.80983899824787,512,32761.116874997242,
4122,long,180.67267200240167,512,32764.927285999875,
4123,long,180.32051699992735,512,32765.16908100166,
4124,long,179.84226699991268,512,32765.0859710011,
4125,long,179.60457699882681,512,32765.598904999933,
4126,long,179.25211500187288,512,32765.63961300053,
4127,long,178.899298000033,512,32765.787881002325,
4273,short,195.17519200235256,128,8243.354881000414,
4274,short,194.97148399750586,128,8243.492993999098,
4275,short,193.32786399900215,128,8242.055635000725,
4272,short,198.31033399896114,128,8247.702049997315,
4277,short,194.39317399883294,128,8237.61820299842,
4278,short,194.746949000546,128,8237.752577999345,
4279,short,193.82463299916708,128,8236.98691699974,
4280,short,193.64971700269962,128,8237.825819000136,
4281,short,193.4788809994643,128,8237.939475999156,
4282,short,193.30720699872472,128,8237.964156996895,
4283,short,193.13906300158123,128,8237.974781000958,
4284,short,192.94757600073353,128,8237.958006000554,
4285,short,190.50588100071764,128,8235.690959001658,
4276,short,195.91541800036794,128,8241.450399000314,
4287,short,184.43528400166542,128,8228.91131399956,
4288,short,184.21538500115275,128,8229.041634000168,
4289,short,184.03888400280266,128,8229.089563999878,
4290,short,183.8176340024802,128,8229.061522000848,
4291,short,183.5519980013487,128,8229.005027998937,
4292,short,183.34211600085837,128,8229.002461001073,
4293,short,183.17233500056318,128,8229.037294000591,
4294,short,183.00153100062744,128,8229.03913600021,
4295,short,182.817298998998,128,8229.051304999302,
4296,short,182.63230599768576,128,8229.05897199962,
4297,short,182.414601000346,128,8229.060374000255,
4298,short,182.18254599923966,128,8229.043655999703,
4299,short,182.02677599765593,128,8229.043392999301,
4300,short,182.25444999916363,128,8229.060787998606,
4301,short,182.07898599939654,128,8229.101485001593,
4302,short,181.89776899816934,128,8229.10373799823,
4303,short,180.26657500013243,128,8227.652390000003,
4286,short,185.90018699978827,128,8234.721904002072,
4305,short,189.01568799992674,128,8224.669168001128,
4306,short,188.81120400328655,128,8224.720852002065,
4307,short,188.5105459987244,128,8224.646987000597,
4308,short,188.30725500083645,128,8225.50895400127,
4309,short,188.07907300288207,128,8225.50498900091,
4310,short,187.80920199787943,128,8225.426959001197,
4311,short,187.4485510015802,128,8225.265902998217,
4312,short,187.27424800090375,128,8225.302251998073,
4313,short,187.03891199766076,128,8225.28423499898,
4314,short,186.80896099976962,128,8225.254566998046,
4315,short,186.58022499948856,128,8225.210201999289,
4316,short,186.27611299962155,128,8225.089871997625,
4317,short,186.0376200020255,128,8225.002069000766,
4318,short,185.81685800018022,128,8225.038010998105,
4304,short,191.01531599881127,128,8230.42093299955,
4319,short,185.48961199849145,128,8225.078087998554,
4369,short,184.40022799768485,128,8143.734854998911,
4370,short,184.2016650007281,128,8143.566418999399,
4371,short,180.81951099884463,128,8140.213899998344,
4368,short,187.4801509984536,128,8147.367327997927,
4373,short,182.76136699932977,128,8147.678838002321,
4374,short,183.11520000133896,128,8147.504508000566,
4375,short,182.0626730004733,128,8146.466938000231,
4376,short,181.81033699875115,128,8147.01362499909,
4377,short,181.611703003,128,8146.841800000402,
4378,short,181.42657199859968,128,8146.680049998395,
4379,short,181.24511999849346,128,8146.522686998651,
4380,short,181.06439500115812,128,8146.362539002439,
4381,short,180.5235760002688,128,8145.858103998762,
4372,short,188.9429300026677,128,8151.555322001514,
4383,short,174.9964379996527,128,8147.154803999001,
4384,short,174.79159999857075,128,8146.987419000652,
4385,short,174.6331129979808,128,8147.780873001466,
4386,short,174.41738599882228,128,8147.595140999329,
4387,short,174.22933299894794,128,8147.433585996623,
4388,short,174.0430970021407,128,8147.274440001638,
4389,short,173.88800800108584,128,8147.142098998302,
4382,short,175.66912499751197,128,8148.9447169988125,
4390,short,173.72183599945856,128,8147.017229999619,
4391,short,173.53744700085372,128,8146.852779998881,
4392,short,173.3254479986499,128,8146.6613539996615,
4393,short,173.10360799820046,128,8146.459635998326,
4394,short,172.9504060022009,128,8146.329179999157,
4395,short,172.7803510002559,128,8146.182624001085,
4396,short,172.56937300044228,128,8146.0129669976595,
4397,short,172.39049399722717,128,8145.855214999756,
4398,short,172.21759799940628,128,8145.702194000478,
4399,short,171.05398899730062,128,8144.044491000386,
4413,short,176.27797199747874,128,8141.543616999115,
4414,short,176.12580200147931,128,8141.403337001975,
4415,short,175.97551000289968,128,8141.253931000392,
4400,short,180.43868799941265,128,8145.827503998589,
4401,short,179.3248499998299,128,8146.4152189983,
4402,short,179.17767700055265,128,8146.34617199772,
4403,short,178.11520699979155,128,8145.476667999901,
4404,short,177.95302300146432,128,8145.44330300123,
4405,short,177.77053399913711,128,8145.282853001845,
4406,short,177.56218199792784,128,8145.149254996795,
4407,short,177.32108199925278,128,8145.055111999682,
4408,short,177.21106099997996,128,8145.415860999492,
4409,short,177.01875700004166,128,8145.300660002249,
4410,short,176.84284299684805,128,8145.146015998762,
4411,short,176.6667999982019,128,8145.019927997055,
4412,short,176.49256399818114,128,8144.894542001566,
4320,long,195.5984800006263,512,30588.12855800352,
4321,long,199.76201800091076,512,30576.08392399925,
4322,long,202.51314800043474,512,30495.180709000124,
4323,long,199.8667240004579,512,30473.962881998887,
4324,long,196.82893999925,512,30446.660565998172,
4325,long,194.92476600134978,512,30433.06112800201,
4326,long,193.71712400243268,512,30421.047095001995,
4327,long,197.93445200048154,512,30405.227683000703,
4328,long,196.7054980013927,512,30372.44966599974,
4329,long,197.62959299987415,512,30341.11656999812,
4330,long,202.68905300326878,512,30310.781113999838,
4331,long,203.2618220000586,512,30293.152055000974,
4332,long,191.9060399995942,512,30274.441637000564,
4334,long,194.17712400172604,512,30259.489214000496,
4335,long,194.10157600214006,512,30259.59281100222,
4336,long,193.7416030013992,512,30259.323530000984,
4337,long,190.28720800270094,512,30255.860385001142,
4333,long,198.88673999957973,512,30261.696646000928,
4338,long,191.19839400082128,512,30240.776328999345,
4339,long,191.2446739988809,512,30182.201862997317,
4340,long,190.5740180009161,512,30181.39412600067,
4341,long,190.06127399916295,512,30180.904829998326,
4342,long,189.80678600200918,512,30180.889669001772,
4343,long,187.15027600046596,512,30178.247971001838,
4345,long,189.70184000136214,512,30162.643438001396,
4346,long,187.29467599769123,512,30160.28475799976,
4344,long,191.86772199827828,512,30163.80913499961,
4347,long,192.35047500114888,512,30125.058216999605,
4348,long,195.7031130004907,512,30091.071538001415,
4349,long,191.42408599873306,512,30052.484855998046,
4350,long,191.55068799955188,512,30052.178060999722,
4351,long,169.39803499917616,512,30026.228907998302,
4352,long,165.5848539994622,512,29999.792911999975,
4357,long,290.2645299982396,512,30070.494233998033,
4353,long,291.3778120018833,512,30071.860166000988,
4356,long,290.56027199840173,512,30070.917796001595,
4355,long,290.83415100103593,512,30071.26075799897,
4358,long,290.0167389998387,512,30070.366607000324,
4359,long,289.75485900082276,512,30070.150722000108,
4354,long,291.09619300288614,512,30071.75913100218,
4360,long,289.3019240000285,512,30069.791580001038,
4361,long,289.0642790007405,512,30069.623142000637,
4366,long,286.34816799967666,512,30035.346726999705,
4367,long,285.85547400143696,512,30035.135747999448,
4364,long,287.4103970025317,512,30036.970126002416,
4365,long,286.6150660011044,512,30036.181283001497,
4362,long,288.3776039998338,512,30038.102398000774,
4363,long,287.8081689996179,512,30037.55141900183,
