request_id,type,ttft_ms,tokens_received,total_ms,error
89,short,174.18796400306746,128,6163.380671001505,
95,short,230.51211499841884,128,6259.415172000445,
36,short,233.65254700183868,128,6266.535904000193,
34,short,233.41424400132382,128,6267.068402001314,
90,short,230.79723799673957,128,6264.290289997007,
93,short,230.10680500010494,128,6264.362566998898,
37,short,233.4668719995534,128,6267.800596000598,
91,short,230.4179849998036,128,6264.994777000538,
92,short,230.39046399935614,128,6265.146797999478,
41,short,233.7695079986588,128,6268.426636997901,
40,short,233.25414300052216,128,6268.7438700013445,
33,short,233.6452189992997,128,6269.38369599884,
42,short,233.68440299964277,128,6269.637718000013,
38,short,232.73818500092602,128,6270.0694459999795,
39,short,233.39812500125845,128,6270.25235399924,
94,short,230.02371700204094,128,6267.391064000549,
35,short,234.00781300006201,128,6271.251701997244,
59,short,276.46321399879525,128,6308.575431998179,
43,short,278.5723529996176,128,6310.022958001355,
63,short,277.4998639979458,128,6309.023249999882,
56,short,278.00237300107256,128,6309.715929000959,
65,short,277.4777599988738,128,6312.17194400233,
53,short,278.3941349989618,128,6313.220639000065,
44,short,279.5533160024206,128,6314.1238810021605,
64,short,275.62738400229136,128,6313.135554999462,
58,short,276.4297350004199,128,6313.771524000913,
4,short,279.6059989996138,128,6317.065529998217,
3,short,279.7211549986969,128,6317.339263998292,
62,short,277.29092400113586,128,6314.11743800345,
10,short,280.3854029989452,128,6317.3875879983825,
6,short,281.08224099923973,128,6317.901170998084,
61,short,277.91545700165443,128,6314.899624001555,
48,short,277.1084029991471,128,6316.034668998327,
57,short,276.69647299990174,128,6315.737328997784,
45,short,278.43883100285893,128,6316.687698003079,
7,short,280.6627350000781,128,6319.098027001019,
50,short,278.47938000195427,128,6316.921388002811,
9,short,280.9358910017181,128,6319.461376999243,
8,short,281.05071800018777,128,6319.783475999429,
60,short,278.0853879994538,128,6316.960356998607,
49,short,279.2006849995232,128,6317.9120589993545,
1,short,282.2711970002274,128,6321.163186999911,
46,short,277.15083500152105,128,6318.563492000976,
54,short,278.1306079996284,128,6318.577315996663,
2,short,281.1715949974314,128,6321.833345999039,
11,short,280.7858660016791,128,6321.473873002105,
47,short,278.8052920004702,128,6319.639900000766,
51,short,278.67006399901584,128,6319.669083997724,
5,short,281.3111530012975,128,6322.498612000345,
55,short,278.76100199864595,128,6319.857407997915,
52,short,279.1164589980326,128,6320.369781999034,
25,short,329.8087379989738,128,6350.417755998933,
24,short,329.9051319991122,128,6350.942822999059,
86,short,321.79538299897104,128,6347.768401999929,
82,short,326.6194979987631,128,6348.41373800009,
26,short,329.84694299739203,128,6352.005286000349,
0,short,332.90704200044274,128,6355.406452999887,
72,short,327.2571429988602,128,6352.473258997634,
68,short,323.1884289998561,128,6352.924115999485,
17,short,326.123976999952,128,6356.041917999391,
76,short,327.0191170013277,128,6352.890897000179,
87,short,326.37398499718984,128,6352.427008998347,
31,short,327.0001509990834,128,6355.86721800064,
15,short,326.3772499994957,128,6357.033559001138,
77,short,322.81542000055197,128,6353.651157001877,
27,short,329.8958939994918,128,6356.745420998777,
23,short,327.52764799806755,128,6357.167002999631,
69,short,324.927038000169,128,6354.720899998938,
85,short,322.3869100002048,128,6354.008604001137,
70,short,323.27468099902035,128,6355.076969997754,
75,short,324.5953350015043,128,6354.971536999074,
12,short,330.8302020013798,128,6358.884494999074,
88,short,323.8477150007384,128,6354.696006001177,
81,short,326.281025998469,128,6355.357615000685,
14,short,330.7613289980509,128,6359.409618999052,
29,short,326.7579149978701,128,6358.761199997389,
19,short,327.2571670022444,128,6359.490655002446,
13,short,330.8737100014696,128,6360.090574999049,
21,short,327.25006499822484,128,6359.787637000409,
28,short,330.10418199773994,128,6359.6204969981045,
78,short,324.01661399853765,128,6356.92475599717,
22,short,327.2568930005946,128,6360.341742001765,
80,short,326.42642299833824,128,6357.2326749999775,
66,short,327.2097170010966,128,6358.204097999987,
20,short,327.3780599993188,128,6361.054380002315,
16,short,329.7008130030008,128,6361.482383999828,
30,short,328.8713629990525,128,6360.8950979978545,
74,short,327.4712639977224,128,6359.519703997648,
73,short,327.57014900198556,128,6359.817569998995,
18,short,327.50641200254904,128,6363.174335001531,
83,short,323.864814999979,128,6359.715143000358,
84,short,326.3459320005495,128,6359.869728999911,
32,short,326.8069780024234,128,6362.988543001848,
79,short,326.6299599999911,128,6360.508260000643,
71,short,326.66780200088397,128,6361.174304998713,
67,short,327.31915499971365,128,6361.603153000033,
96,short,150.16975199978333,128,6466.005717000371,
98,short,125.08165699910023,128,6477.955681999447,
99,short,124.6861869985878,128,6482.381040001201,
100,short,124.00823600182775,128,6482.374767001602,
101,short,124.07035999785876,128,6482.635472999391,
102,short,123.6389350015088,128,6482.641471000534,
103,short,123.41171499792836,128,6482.52776499794,
104,short,123.28865400195355,128,6482.68742000073,
105,short,123.01232300160336,128,6482.644432002417,
106,short,122.93983999916236,128,6482.669623001129,
107,short,122.31257700113929,128,6482.668073000241,
108,short,121.61809700046433,128,6482.215501997416,
97,short,128.7060630020278,128,6489.668467998854,
109,short,121.67604700152879,128,6482.898588001262,
110,short,120.49956700138864,128,6482.872944001429,
111,short,120.88723600027151,128,6482.794324998395,
112,short,120.25781899865251,128,6483.139792999282,
113,short,108.14097100228537,128,6489.860952999152,
114,short,175.42752000008477,128,6595.568505999836,
115,short,175.35042600138695,128,6596.3816690018575,
116,short,175.80436199932592,128,6596.614423000574,
117,short,172.7855829994951,128,6593.962123999518,
118,short,172.55042000033427,128,6594.308230000024,
119,short,172.28346000047168,128,6594.311253997148,
120,short,172.20393899697228,128,6598.536931996932,
121,short,170.09263200088753,128,6598.6376680011745,
122,short,170.4858900011459,128,6598.657723003271,
123,short,170.34845200032578,128,6598.696729000949,
124,short,170.13950000182376,128,6598.670925999613,
125,short,169.98145199977444,128,6598.689557999023,
126,short,169.73997799868812,128,6598.639526000625,
127,short,170.45738199885818,128,6598.800140000094,
150,short,188.052888999664,128,6616.382918000454,
155,short,184.9102550004318,128,6613.966598997649,
156,short,184.73875999916345,128,6614.055693997216,
160,short,184.00785999983782,128,6613.4972750005545,
161,short,183.8277350034332,128,6613.5396440004115,
165,short,183.04507200082298,128,6612.94638599793,
166,short,182.8675220021978,128,6612.955130000046,
172,short,181.6455100015446,128,6611.843779999617,
173,short,181.46761300158687,128,6611.851206002029,
175,short,181.14005499955965,128,6611.736937000387,
177,short,180.76081999970484,128,6611.590018001152,
178,short,180.5734850022418,128,6611.600258998806,
181,short,182.56208000093466,128,6611.1943060022895,
186,short,180.59599199841614,128,6609.395743998903,
187,short,180.42269900251995,128,6609.403598002245,
189,short,180.1079500000924,128,6609.248190998187,
159,short,187.43079100022442,128,6619.798468000226,
163,short,186.67015099708806,128,6619.254624998575,
164,short,186.5165919989522,128,6619.270974999381,
167,short,185.87028399997507,128,6618.814845998713,
169,short,185.45722699855105,128,6618.587416000082,
128,short,226.81541899873991,128,6660.125334998156,
183,short,181.80974800270633,128,6615.308381002251,
182,short,182.98061300083646,128,6616.664310000488,
191,short,180.22512900279253,128,6614.113829000416,
129,short,226.77495300013106,128,6660.877895999874,
130,short,226.5008750000561,128,6660.792153001239,
131,short,226.31925499808858,128,6660.803021997708,
132,short,226.0855820022698,128,6660.75536200151,
170,short,185.69037599809235,128,6620.553757999005,
133,short,225.94285299783223,128,6660.992716999317,
134,short,225.72121100165532,128,6660.966497001937,
179,short,183.96041099913418,128,6619.3848099974275,
180,short,183.77360100203077,128,6619.382077999035,
135,short,225.5711739999242,128,6661.378598000738,
136,short,225.37920999820926,128,6661.379348999617,
188,short,181.25175499881152,128,6617.437835000601,
137,short,225.1554260001285,128,6661.5321559984295,
190,short,180.89827600124408,128,6617.459870001767,
138,short,224.9657139982446,128,6661.83675999855,
148,short,193.8605710020056,128,6630.935531000432,
139,short,224.5585040000151,128,6661.819815999479,
149,short,193.52679000076023,128,6630.98238800012,
151,short,192.76590200024657,128,6630.4123170011735,
152,short,192.4136859997816,128,6630.2440670006035,
153,short,189.70313299723784,128,6627.715204998822,
154,short,189.47105199913494,128,6627.666768999916,
157,short,188.86867100081872,128,6627.2474539982795,
158,short,188.68570400081808,128,6627.295848000358,
162,short,187.89004700010992,128,6633.418707999226,
168,short,186.66020300224773,128,6632.457994001015,
171,short,186.08592900272924,128,6632.1316930007015,
140,short,224.62921000260394,128,6670.912188001239,
174,short,185.5241039993416,128,6633.372722000786,
141,short,224.4714689986722,128,6672.552557000017,
142,short,224.2864389991155,128,6672.597223001503,
176,short,185.21442299970658,128,6633.750132998102,
143,short,224.09920699647046,128,6672.855883996817,
184,short,182.6369420014089,128,6631.62083700081,
144,short,223.91093999976874,128,6673.117410002305,
185,short,182.47155800054315,128,6631.906301998242,
145,short,223.7522369978251,128,6673.414110999147,
146,short,223.45062600288657,128,6673.325867002859,
147,short,194.94817599843373,128,6645.0139619992115,
192,short,166.64488400056143,128,6292.458309002541,
194,short,157.01435200026026,128,6269.5930560003035,
195,short,163.4478339983616,128,6272.780232000514,
196,short,163.76673000195296,128,6272.7139790004,
197,short,164.58573899944895,128,6273.002084999462,
198,short,164.40659400177537,128,6273.018437001156,
199,short,164.05975000088802,128,6273.45876599793,
200,short,164.1290610023134,128,6273.657999001443,
201,short,163.8505980008631,128,6273.753158002364,
193,short,171.01743599778274,128,6281.131448999076,
202,short,163.70673300116323,128,6274.01924500009,
203,short,163.51352100173244,128,6274.020612003369,
204,short,163.26506599943968,128,6273.962942999788,
205,short,162.79385999951046,128,6273.684814997978,
206,short,162.9778879978403,128,6274.055150999629,
207,short,162.76666200064938,128,6274.02807800172,
208,short,161.9761740003014,128,6273.4248749984545,
209,short,192.9750889976276,128,6265.037703997223,
211,short,139.58706500125118,128,6250.81334800052,
212,short,140.33055599793443,128,6250.79918299889,
213,short,140.09371299835038,128,6250.623537998763,
214,short,139.5127930009039,128,6250.220346002607,
215,short,139.14467799986596,128,6252.732159999141,
216,short,134.77654899907066,128,6248.506209998595,
217,short,134.61269199979142,128,6248.592657997506,
218,short,132.1887220001372,128,6248.598378999304,
219,short,132.34927899975446,128,6248.5576899998705,
220,short,132.21355000132462,128,6248.578300997906,
221,short,131.98965799892903,128,6248.535771999741,
222,short,131.8392280008993,128,6248.523846999888,
223,short,132.51520999983768,128,6248.384878999786,
210,short,142.26157200027956,128,6259.449125001993,
225,short,172.962208998797,128,6281.556953999825,
226,short,172.73427699910826,128,6281.823216999328,
227,short,172.49680500026443,128,6281.973679000657,
228,short,172.38125999938347,128,6282.243170000584,
229,short,173.3974489980028,128,6282.400782998593,
230,short,173.28813599669957,128,6282.550316998822,
231,short,173.1404530000873,128,6282.699171999411,
232,short,173.094742000103,128,6282.849366998562,
233,short,172.82558100123424,128,6282.940909000899,
234,short,172.69252999903983,128,6283.046486998501,
235,short,172.4867750017438,128,6283.186061002198,
236,short,172.29434800174204,128,6283.335131000058,
237,short,172.11798999778694,128,6283.487655000499,
238,short,171.95372900096118,128,6283.638602999417,
239,short,171.7250640031125,128,6283.751678001863,
240,short,168.42977199848974,128,6280.843159998767,
241,short,166.23414700006833,128,6281.0807899986685,
242,short,167.32244399827323,128,6285.90518999772,
243,short,167.1781719996943,128,6285.9923869982595,
244,short,167.04770700016525,128,6286.011207001138,
245,short,166.7896170001768,128,6285.921687001974,
224,short,176.38715200155275,128,6295.614190999913,
246,short,166.8406339995272,128,6286.218417997588,
247,short,166.66237900062697,128,6286.218569999619,
248,short,221.67140199962887,128,6335.011944000144,
249,short,221.45694500068203,128,6335.19770500061,
250,short,221.2769700017816,128,6335.267716000089,
251,short,221.05049099991447,128,6335.247569000785,
252,short,220.87438100061263,128,6335.305256998254,
253,short,220.6483219997608,128,6335.283354001149,
254,short,220.4685270007758,128,6335.319254001661,
255,short,220.2418699998816,128,6335.293922002165,
256,short,220.0666309981898,128,6335.333840997919,
257,short,219.86530399954063,128,6335.332609000034,
258,short,219.66880100080743,128,6335.33223500126,
259,short,219.4449220005481,128,6335.302860999946,
260,short,219.2662659981579,128,6335.338909000711,
261,short,219.06838200084167,128,6335.354038001242,
262,short,218.87556900037453,128,6335.365072998684,
263,short,218.55735999997705,128,6335.257897000702,
264,short,218.36386699942523,128,6335.281517996918,
265,short,218.16868799942313,128,6335.290790000727,
266,short,217.96621999965282,128,6335.379390999151,
267,short,217.76859999954468,128,6335.508737000055,
268,short,217.57673500178498,128,6335.555199999362,
269,short,217.38934699897072,128,6335.586197998055,
270,short,217.19989900157088,128,6335.600844002329,
271,short,217.00909500214038,128,6335.609036999813,
272,short,216.7695329990238,128,6335.571936000633,
273,short,209.84105300158262,128,6328.843309998774,
274,short,209.51705200059223,128,6328.719232998992,
275,short,209.26650899855304,128,6328.688562000025,
276,short,209.02504100013175,128,6328.621180000482,
277,short,207.46266399874003,128,6327.206169000419,
278,short,207.22177799689234,128,6327.108257999498,
279,short,206.96194599804585,128,6326.989830999082,
280,short,206.74315900032525,128,6326.943133000896,
281,short,206.51408799676574,128,6326.8815869996615,
282,short,206.27987699845107,128,6326.7892229996505,
283,short,206.04987899787375,128,6326.732433997677,
284,short,205.81300699996063,128,6326.64423299866,
285,short,205.7081310013018,128,6327.538461002405,
286,short,205.48953600155073,128,6327.477555001678,
287,short,205.26566799890134,128,6327.3930869982,
288,short,140.58858800126472,128,6140.084132002812,
290,short,135.48372500008554,128,6138.4988780009735,
291,short,139.1815429997223,128,6141.877498001122,
292,short,139.33788599752006,128,6141.792552996776,
293,short,140.10403099746327,128,6142.047822999302,
294,short,139.30094000170357,128,6141.439457998786,
295,short,138.73876800062135,128,6141.060057998402,
296,short,138.6010210007953,128,6141.127271999721,
297,short,138.36360999994213,128,6141.0750260001805,
298,short,138.13727299930179,128,6141.094645998237,
299,short,137.94264099851716,128,6141.097707997687,
300,short,137.74848799948813,128,6141.098298001452,
301,short,137.505388000136,128,6141.0797009993985,
302,short,137.03591500234324,128,6140.820243002963,
289,short,145.52351900056237,128,6149.570558998676,
303,short,137.20513900261722,128,6141.490052003064,
304,short,136.9936860028247,128,6141.466858000058,
305,short,143.62319099745946,128,6142.953448998014,
307,short,149.7878310001397,128,6142.295000001468,
308,short,149.71916799913743,128,6142.600052000489,
309,short,149.54334299909533,128,6142.648347999057,
310,short,146.70086200203514,128,6139.959906999138,
311,short,146.4687999978196,128,6142.871808999189,
312,short,146.1041299990029,128,6142.774680000002,
313,short,149.48909599843319,128,6142.957233998459,
314,short,149.35468199837487,128,6143.01471699946,
315,short,149.14187799877254,128,6142.987405997701,
316,short,148.99350099949515,128,6143.021403000603,
317,short,148.79090799877304,128,6142.99683200079,
318,short,148.61385300173424,128,6143.006212001637,
319,short,146.81900800133008,128,6141.398087002017,
306,short,162.15699600070366,128,6150.4539089983155,
321,short,154.8285040007613,128,6189.6217329995125,
322,short,154.46528300162754,128,6190.5868079993525,
323,short,153.98315399943385,128,6190.374582001823,
324,short,153.71214299739222,128,6190.332239999407,
325,short,154.88411700061988,128,6190.2027540018025,
326,short,154.67309399900842,128,6190.05544600077,
327,short,154.41157500026748,128,6189.904080998531,
328,short,154.24973500194028,128,6189.79327100169,
329,short,153.91355699830456,128,6189.694328000769,
330,short,153.73951599758584,128,6189.770499000588,
331,short,153.4068129985826,128,6189.731143997051,
332,short,153.07051700074226,128,6189.721012997325,
333,short,152.75709200068377,128,6192.287641999428,
334,short,152.44787899791845,128,6192.186645999755,
335,short,151.98020200114115,128,6191.911787002027,
336,short,151.63048899921705,128,6191.730496000673,
337,short,144.05991800231277,128,6187.046820999967,
338,short,145.38634999917122,128,6186.992497001484,
339,short,145.26193599886028,128,6187.001160000364,
340,short,145.16612599982182,128,6187.009412999032,
341,short,144.93810800195206,128,6186.929570001666,
342,short,145.0096240005223,128,6187.01673599935,
343,short,144.89466799932416,128,6187.0203469989065,
320,short,158.00868599762907,128,6201.424787999713,
347,short,134.97094600097626,128,6176.027004003117,
348,short,136.5781889981008,128,6178.257127998222,
344,short,138.58871100092074,128,6181.12248000034,
345,short,138.17076800114592,128,6180.946971999219,
346,short,135.11168499826454,128,6182.579700998758,
362,short,182.37888700241456,128,6212.46204000272,
363,short,182.06112699772348,128,6212.7835850005795,
364,short,181.83081799725187,128,6212.916227999813,
365,short,181.61979499927838,128,6213.04907800004,
366,short,181.4226360002067,128,6213.345315998595,
367,short,181.23210999692674,128,6213.492849998147,
368,short,181.03819300085888,128,6213.635070002056,
369,short,180.84597200140706,128,6213.78148200165,
370,short,180.65477299751365,128,6214.16857299846,
371,short,180.4130400014401,128,6214.539882999816,
349,short,185.0237200014817,128,6220.665918001032,
350,short,184.80108299991116,128,6220.911127998988,
372,short,180.27784899823018,128,6216.163126999163,
351,short,184.63280600190046,128,6221.695804000774,
373,short,180.69456800003536,128,6220.4950410014135,
374,short,180.56333899949095,128,6220.648496997455,
375,short,180.43248300091363,128,6220.709621000424,
376,short,180.24573599905125,128,6220.707773998583,
352,short,184.41063399950508,128,6226.377389000845,
377,short,180.119126001955,128,6221.1440470018715,
353,short,184.24176899861777,128,6226.689810999233,
378,short,179.98653299946454,128,6221.420932997717,
354,short,184.05475400140858,128,6226.899343000696,
355,short,183.86812799872132,128,6226.894618997903,
356,short,183.63536299875705,128,6226.844708999124,
379,short,179.82085200128495,128,6222.051878001366,
380,short,179.68196500078193,128,6222.0945119988755,
357,short,183.46396500055562,128,6227.28098099833,
381,short,178.56043700157898,128,6221.403676001501,
382,short,178.4098139978596,128,6221.435724997718,
383,short,178.2808180032589,128,6221.489118001045,
358,short,183.26760399941122,128,6227.911884001514,
359,short,183.0638710016501,128,6227.976056001353,
360,short,182.8377609999734,128,6227.936061000946,
361,short,182.66450699957204,128,6228.037677999964,
384,short,144.35959499678575,128,6152.9439269979775,
386,short,135.97168499836698,128,6147.798546000558,
387,short,140.07181999841123,128,6151.252157997078,
388,short,140.3003980012727,128,6151.146550000703,
389,short,141.09076200111303,128,6151.446175001183,
390,short,140.91156600261456,128,6151.5183900010015,
391,short,140.61408799898345,128,6151.449625998794,
392,short,140.53515500199865,128,6151.628215000528,
393,short,140.26676600042265,128,6151.626925999153,
394,short,140.05114400060847,128,6151.637733000825,
395,short,139.85166800193838,128,6151.650961000996,
396,short,139.64107600259013,128,6151.690501999838,
397,short,139.3919360016298,128,6151.6907250006625,
398,short,139.13278100153548,128,6151.693279000028,
399,short,138.78643900170573,128,6151.5406360013,
400,short,138.8657739989867,128,6151.917462000711,
385,short,147.73574599894346,128,6160.789951998595,
401,short,140.59787899896037,128,6149.681679999048,
403,short,141.49722100046347,128,6150.961610001104,
404,short,142.20559900059015,128,6151.163317001192,
405,short,142.01755600151955,128,6151.211793003313,
406,short,139.43530499818735,128,6148.280466997676,
407,short,139.20174699887866,128,6151.460838998901,
408,short,138.81517199843074,128,6151.283078997949,
409,short,142.90723200247157,128,6151.477848001377,
410,short,142.98732099996414,128,6151.554116000625,
411,short,142.78241300053196,128,6151.575472998957,
412,short,142.6323500018043,128,6151.628583000274,
413,short,142.41773299727356,128,6151.6079059983895,
414,short,142.4178369998117,128,6151.624289999745,
415,short,141.18433499970706,128,6150.419792000321,
402,short,151.07274699767004,128,6159.505227999034,
416,short,126.39711700103362,128,6154.164758001571,
417,short,161.54207499857876,128,6200.567507999949,
418,short,161.3246140004776,128,6202.1618929975375,
419,short,161.0235059997649,128,6202.197790997161,
420,short,160.89787199962302,128,6202.312437999353,
421,short,160.7094409991987,128,6202.37081400046,
422,short,162.14804999981425,128,6202.433772999939,
423,short,161.992299999838,128,6202.420449000783,
424,short,161.9390480009315,128,6202.4820990009175,
425,short,161.52537900052266,128,6202.298617001361,
426,short,161.39235800073948,128,6202.343599001324,
427,short,161.0651350019907,128,6202.248485002201,
428,short,158.1621700024698,128,6199.572036002792,
429,short,157.95237600104883,128,6199.564578000718,
430,short,157.82804999980726,128,6199.597001002985,
431,short,157.56232700005057,128,6199.534208000841,
432,short,157.33821699905093,128,6202.49449000039,
433,short,154.5126019991585,128,6202.7250549981545,
434,short,155.87679100281093,128,6202.769786003046,
435,short,155.77399699759553,128,6202.8201459979755,
436,short,155.68586000154028,128,6202.864295002655,
437,short,155.45832499992684,128,6202.820754999266,
438,short,155.52387999923667,128,6202.962835999642,
439,short,154.12762699997984,128,6201.743720997911,
443,short,112.20719700213522,128,6160.065530999418,
444,short,110.31589899721439,128,6158.407607999834,
441,short,111.64385500160279,128,6162.620066999807,
442,short,110.23620099877007,128,6162.597167000058,
440,short,116.81280899938429,128,6168.158942000446,
446,short,166.56947500086972,128,6201.4649090015155,
448,short,165.8634820014413,128,6201.433433001512,
447,short,166.20665499794995,128,6202.209507999214,
449,short,165.37287100072717,128,6201.6977070015855,
450,short,165.03531299895258,128,6201.695032999851,
451,short,164.70120300073177,128,6201.711281002645,
452,short,164.36301700014155,128,6201.707105999958,
453,short,163.78381799950148,128,6201.4593230014725,
454,short,163.16967900274904,128,6201.444165002613,
455,short,162.25897000185796,128,6201.156833001733,
456,short,161.24358200249844,128,6201.592560999416,
457,short,160.86700599771575,128,6201.678630997776,
458,short,160.8375399991928,128,6201.449070998933,
459,short,156.42072500122595,128,6198.158341001545,
460,short,156.68190400174353,128,6202.481144999183,
461,short,156.4882930033491,128,6202.592847002961,
462,short,156.3027330012119,128,6202.604711001186,
463,short,156.02303500054404,128,6202.513356998679,
464,short,155.1196880027419,128,6202.468514002248,
465,short,155.54406700175605,128,6202.53672599938,
466,short,154.73781499895267,128,6202.530817998195,
467,short,155.14841999902274,128,6202.529334997962,
468,short,154.35069700106396,128,6202.526439999929,
469,short,154.16981999806012,128,6202.523227999336,
470,short,153.99024999715039,128,6202.521477996925,
471,short,154.34689299945603,128,6202.542584000184,
472,short,154.13215599983232,128,6202.535121999972,
473,short,153.38170399991213,128,6202.571354999236,
474,short,153.7457899976289,128,6202.569171997311,
475,short,153.56094600065262,128,6202.562401002069,
476,short,153.35266300098738,128,6202.529422000225,
445,short,166.76513700076612,128,6217.381618000218,
477,short,198.40636200024164,128,6233.475042001373,
478,short,198.21667499854811,128,6233.620809998683,
479,short,197.92971599963494,128,6233.531349000259,
480,short,139.31660700109205,128,6172.669790998043,
482,short,135.74229100049706,128,6170.510650001233,
483,short,140.18601200223202,128,6173.867297999095,
484,short,140.46568400226533,128,6173.809611002071,
485,short,141.29742799923406,128,6174.7904249969,
486,short,141.07242599857273,128,6174.833248998766,
487,short,140.71133000106784,128,6174.674204001349,
488,short,140.54723300068872,128,6174.711343002855,
489,short,140.29494299757062,128,6174.655873997835,
490,short,140.05148700016434,128,6174.612994000199,
491,short,139.79681699856883,128,6174.55420099941,
492,short,139.54832200033707,128,6174.495429000672,
493,short,139.24290499926428,128,6174.376325001504,
494,short,139.0081409990671,128,6174.335478997818,
495,short,138.522572000511,128,6174.023871997633,
496,short,138.0713940015994,128,6173.765237002954,
481,short,147.9471200000262,128,6183.616652997443,
497,short,141.2991899996996,128,6174.9675949977245,
499,short,138.77972000045702,128,6174.180547001015,
500,short,138.72354699924472,128,6174.378083996999,
501,short,138.5075729995151,128,6174.375421996956,
502,short,135.08930299940403,128,6171.116180001263,
503,short,136.55706999998074,128,6174.003251999238,
504,short,136.12363600259414,128,6173.852320000151,
505,short,135.97009400109528,128,6173.977277998347,
506,short,135.74972900096327,128,6173.961282001983,
507,short,135.50825200218242,128,6173.91008100094,
508,short,135.32183000279474,128,6173.955846999888,
509,short,135.09364600031404,128,6173.9187389976,
510,short,134.85928600130137,128,6173.886750999372,
511,short,133.53163600186235,128,6172.762813002919,
498,short,142.24058699983289,128,6182.096470998658,
512,short,143.11923200148158,128,6174.607408000156,
514,short,131.0757659994124,128,6168.88466599994,
515,short,130.7804269999906,128,6169.697539000481,
516,short,130.4541360004805,128,6169.650027000898,
517,short,130.25716599804582,128,6169.660829997156,
518,short,130.02129800224793,128,6169.611381999857,
519,short,131.08652900336892,128,6169.566675001988,
520,short,130.8431279976503,128,6169.446692998463,
521,short,130.7572190016799,128,6169.468648000475,
522,short,130.41925099969376,128,6169.318090000161,
523,short,130.33777400050894,128,6169.350829000905,
513,short,134.77825399968424,128,6178.306997000618,
524,short,162.95132400045986,128,6212.709505998646,
525,short,162.72671899787383,128,6212.724953998986,
526,short,162.5245539980824,128,6212.7026739981375,
527,short,162.36503099935362,128,6212.685047001287,
528,short,159.0900689989212,128,6209.603997998784,
529,short,158.7270250020083,128,6211.929355002212,
530,short,155.800463999185,128,6212.019673999748,
531,short,157.23675600020215,128,6211.985173998983,
532,short,157.07874599684146,128,6211.96354499989,
533,short,156.94375000020955,128,6211.911310001597,
534,short,156.6599940015294,128,6211.755504002213,
535,short,156.67543499876047,128,6211.769714998809,
536,short,156.47876699949848,128,6211.703906999901,
537,short,156.26874499866972,128,6211.651816996891,
538,short,155.91114800190553,128,6211.467054999957,
539,short,151.698559999204,128,6210.14085799834,
540,short,152.09979800056317,128,6208.911199002614,
552,short,163.57932900064043,128,6218.078825000703,
553,short,163.2331000000704,128,6218.036198999471,
555,short,158.03200200025458,128,6213.050980000844,
560,short,156.7645779978193,128,6211.974213998474,
562,short,156.43036799883703,128,6211.814030000824,
564,short,156.0501280000608,128,6211.617798999214,
565,short,155.87693899942678,128,6211.620186997607,
566,short,155.66267100075493,128,6211.58738899976,
569,short,155.0375190017803,128,6211.151716001041,
542,short,168.83306299860124,128,6225.258155998745,
544,short,168.1057099995087,128,6224.713229999907,
543,short,168.44898300041677,128,6225.287027002196,
545,short,167.7695729995321,128,6224.767609000992,
546,short,167.41862799972296,128,6224.596402000316,
547,short,167.0844459986256,128,6224.442101996829,
548,short,166.75602100076503,128,6224.290006997762,
549,short,166.15717600143398,128,6223.869719000504,
550,short,165.53430999920238,128,6223.424643998442,
551,short,164.6284740018018,128,6222.698978999688,
554,short,163.2365649966232,128,6221.499051996943,
556,short,158.32686599969747,128,6216.778204998263,
557,short,158.13043699745322,128,6216.763615997479,
558,short,157.94221499891137,128,6216.753737000545,
559,short,157.71026500078733,128,6216.694648999692,
561,short,157.26251500018407,128,6216.400944998895,
563,short,156.87907100073062,128,6216.23306499896,
567,short,156.03349700177205,128,6215.584330999263,
568,short,155.8150500022748,128,6215.546649000316,
541,short,170.09793299803277,128,6230.107674000465,
570,short,202.06575600241194,128,6258.183763999114,
571,short,201.88798000162933,128,6258.283147002658,
572,short,201.5016609984741,128,6258.098824000626,
574,short,169.6628370009421,128,6227.179057001194,
575,short,169.4629529993108,128,6227.2833960014395,
573,short,169.63325300093857,128,6228.157757999725,
576,short,141.1225510018994,128,6175.492483002017,
578,short,136.17384099779883,128,6171.374834000744,
579,short,140.12735699725454,128,6174.637554999208,
580,short,139.5404469985806,128,6173.801316999743,
581,short,140.2838639987749,128,6173.980201998347,
582,short,140.08344299872988,128,6173.969068997394,
583,short,139.78044399846112,128,6173.890681999183,
584,short,139.6768759987026,128,6174.004558997694,
585,short,139.4564080001146,128,6173.968529998092,
586,short,139.24186500298674,128,6173.90857600185,
587,short,139.04897300017183,128,6173.9481190015795,
588,short,138.859587998013,128,6173.965630998282,
589,short,138.63546100037638,128,6173.921663001238,
590,short,138.49443499930203,128,6173.950210002658,
591,short,138.13831500010565,128,6173.763011996925,
577,short,146.76085300015984,128,6182.58127900117,
592,short,137.7775440014375,128,6173.805373000505,
593,short,140.11850000315462,128,6175.528853000287,
595,short,137.99466499767732,128,6175.576795998495,
596,short,137.9115460003959,128,6175.83996400208,
597,short,137.72658100060653,128,6175.857450998592,
598,short,134.6649469996919,128,6172.938781000994,
599,short,134.38608899741666,128,6172.905646999425,
600,short,136.5466679999372,128,6175.512901998445,
601,short,136.51364599718363,128,6175.7592059984745,
602,short,136.35457000054885,128,6175.802923000447,
603,short,136.1149119984475,128,6175.744584001222,
604,short,135.9469069975603,128,6175.812458997825,
605,short,135.73587999781012,128,6175.796556999558,
606,short,135.5503740014683,128,6175.80086900125,
607,short,134.2839799981448,128,6174.724284999684,
594,short,143.46064999699593,128,6183.86870500035,
608,short,133.32679499944788,128,6175.741220999043,
610,short,136.6663150001841,128,6174.262452997937,
611,short,136.9740730006015,128,6175.18569999811,
612,short,136.7258460013545,128,6175.171949998912,
613,short,136.63457200163975,128,6175.236200000654,
614,short,136.45355499829748,128,6175.235205999343,
615,short,136.26203699823236,128,6175.269955998374,
616,short,136.01686700349092,128,6175.209167002322,
617,short,135.9018160001142,128,6175.263863999135,
618,short,135.63689299917314,128,6175.179429999844,
619,short,133.8571199994476,128,6171.072855999228,
609,short,146.4143769990187,128,6182.751931999519,
621,short,143.77786299883155,128,6177.830692999123,
622,short,143.57675000064773,128,6177.964462000091,
623,short,143.37612000235822,128,6177.945836003346,
624,short,143.97233599811443,128,6177.926506999938,
625,short,141.52507499966305,128,6175.332216997049,
626,short,141.39484699990135,128,6175.266016001842,
627,short,138.94129999971483,128,6177.9704069995205,
628,short,138.82645800185855,128,6178.037330999359,
629,short,138.7232369997946,128,6178.081657002622,
630,short,138.644265000039,128,6178.157579000981,
631,short,138.43211499988683,128,6178.086498002813,
632,short,138.48293800037936,128,6178.158536997216,
633,short,138.3720310004719,128,6178.165877001447,
634,short,138.2203009998193,128,6178.1743169995025,
635,short,137.9348629998276,128,6178.067627999553,
636,short,134.81794800100033,128,6178.173610998783,
620,short,143.8806440019107,128,6185.671884999465,
637,short,117.40497699793195,128,6172.851890998572,
638,short,170.42290199970012,128,6226.867401997879,
639,short,170.1860149987624,128,6226.946447000955,
640,short,170.00895999808563,128,6226.990056999057,
641,short,169.79099399759434,128,6226.975386998674,
642,short,169.63001700059976,128,6227.011053000751,
643,short,169.4537540024612,128,6227.015756001492,
644,short,169.2735270007688,128,6227.019522000774,
645,short,169.0605020012299,128,6226.991681000072,
646,short,168.72167700057616,128,6226.846575998934,
670,short,120.77412699727574,128,6179.082375998405,
671,short,120.50270899999305,128,6178.995129997929,
647,short,168.62652599957073,128,6227.31704400212,
648,short,168.44210199997178,128,6227.313704999688,
649,short,168.26151500208653,128,6227.33050700117,
650,short,168.08167999988655,128,6227.341543999501,
651,short,167.9018789982365,128,6227.346657000453,
652,short,167.722660000436,128,6227.349426000728,
653,short,167.54425299950526,128,6227.351121997344,
654,short,167.36593099994934,128,6227.354282000306,
655,short,167.18652100098552,128,6227.352743000665,
656,short,166.94873300002655,128,6227.291346996935,
657,short,166.7818210007681,128,6228.125009001815,
658,short,166.62406799878227,128,6228.236938997725,
659,short,166.44558900225093,128,6228.26363599961,
660,short,166.26257100142539,128,6228.266923000774,
661,short,166.08479299975443,128,6228.280186998745,
662,short,165.88945600233274,128,6228.242355002294,
663,short,165.69412700118846,128,6228.227011000854,
664,short,165.51236500163213,128,6228.235522001341,
665,short,165.21104799903696,128,6228.112639997562,
667,short,122.21422500078916,128,6185.291194000456,
668,short,122.01279699729639,128,6185.266205997323,
669,short,121.76573100077803,128,6186.35909799923,
666,short,122.59549299778882,128,6187.400741997408,
672,short,140.2872020007635,128,6179.593558001216,
674,short,137.14999200237799,128,6175.220895001985,
675,short,141.0547069972381,128,6178.345250998973,
676,short,141.32455499930074,128,6178.279555999325,
677,short,142.16920399849187,128,6178.49656999897,
678,short,141.94508899890934,128,6178.473721000046,
679,short,141.63621300031082,128,6178.343707000749,
680,short,141.5520150003431,128,6178.439600000274,
681,short,141.37169900277513,128,6178.452222000487,
682,short,141.11803400010103,128,6178.34789400149,
683,short,140.9140830000979,128,6178.324327000155,
684,short,140.73454100071103,128,6178.365185001894,
685,short,140.49024199994165,128,6178.354316998593,
686,short,140.32368600237533,128,6178.382206002425,
673,short,147.65555600024527,128,6185.90182600019,
687,short,140.22141999885207,128,6178.643381001166,
688,short,139.78343800044968,128,6178.383271999337,
689,short,142.09387600203627,128,6182.760706000408,
691,short,137.7352500021516,128,6181.078510002408,
692,short,137.66729399867472,128,6181.402800000797,
693,short,137.48162600313663,128,6181.439212999976,
694,short,137.2852040003636,128,6181.380900001386,
695,short,136.72229900112143,128,6178.6607909998565,
696,short,136.28616600180976,128,6178.418899002281,
697,short,136.24479999998584,128,6181.291310000233,
698,short,136.0864579983172,128,6181.364725998719,
699,short,135.82963600129005,128,6181.292495999514,
700,short,135.6606160006777,128,6181.331664000027,
701,short,135.44622599874856,128,6181.361508999544,
702,short,135.2558049984509,128,6181.3651569973445,
703,short,133.6138939986995,128,6179.912553001486,
690,short,143.51092299693846,128,6189.478474996577,
704,short,135.87769900186686,128,6178.224126000714,
706,short,134.35227300215047,128,6178.13173200193,
707,short,134.83832299971255,128,6179.184707998502,
708,short,134.5972340022854,128,6179.222458998993,
709,short,134.47696100047324,128,6179.339099002391,
710,short,134.2515079995792,128,6179.336143999535,
711,short,134.0700709988596,128,6179.375376999815,
712,short,133.8298010014114,128,6179.440445001092,
713,short,133.73459499780438,128,6179.566091999732,
714,short,133.47352300115745,128,6179.5285219996,
715,short,129.4028400006937,128,6175.721657000395,
705,short,140.38073000119766,128,6187.776505001239,
717,short,142.98728100038716,128,6179.142009998031,
718,short,142.79236000220408,128,6179.272252000374,
719,short,142.61002899729647,128,6179.345854998246,
720,short,142.4284919994534,128,6179.388000000472,
721,short,142.1409600006882,128,6179.335643999366,
722,short,139.2698339986964,128,6176.711357999011,
723,short,139.12493400130188,128,6176.9075709999015,
724,short,138.93183800246334,128,6176.950492001197,
725,short,138.7074060003215,128,6176.952281999547,
726,short,138.52091900116648,128,6176.982119999593,
727,short,138.2489509996958,128,6179.452374999528,
728,short,138.13818199923844,128,6179.599785999017,
729,short,137.95896400188212,128,6179.660452999087,
730,short,137.78044900027453,128,6179.714549001801,
731,short,137.48653199945693,128,6179.644982999889,
732,short,136.51852999828407,128,6178.939106997859,
716,short,149.95497999916552,128,6187.704142997973,
733,short,126.70080799944117,128,6178.384484999697,
734,short,165.5769409990171,128,6228.036649001297,
735,short,165.29440700105624,128,6228.15632000129,
736,short,165.04275899933418,128,6228.179491998162,
737,short,164.87634400255047,128,6228.237031002209,
738,short,164.6583660003671,128,6228.2488029995875,
739,short,164.49817000102485,128,6228.328962999512,
740,short,164.314096000453,128,6228.379824999138,
741,short,164.12903499804088,128,6228.483933999087,
742,short,163.91309699974954,128,6228.505125000083,
743,short,163.7536420021206,128,6228.590446000453,
744,short,163.56950699992012,128,6228.642070000205,
745,short,163.30668699811213,128,6228.624611998384,
746,short,163.19732299962197,128,6228.779794000729,
747,short,162.99965600046562,128,6228.817568000522,
748,short,162.80966199701652,128,6228.851287996804,
749,short,162.62364000067464,128,6228.892045997782,
750,short,162.4423029970785,128,6228.948402997048,
751,short,162.261113000568,128,6229.002439999022,
752,short,162.08117899805075,128,6229.053634000593,
753,short,161.90275299959467,128,6229.107398998167,
754,short,161.7245189991081,128,6229.157556001155,
755,short,160.6740940005693,128,6228.337720000127,
756,short,160.42901299806545,128,6228.347140000551,
757,short,160.24810599992634,128,6228.3766949985875,
758,short,160.05560600024182,128,6228.415849000157,
759,short,159.87340900028357,128,6228.539334002562,
760,short,159.69415300060064,128,6228.598066998529,
761,short,159.5359089988051,128,6228.663226997014,
762,short,159.34641799685778,128,6228.747960998589,
763,short,159.16808399924776,128,6228.810217999126,
764,short,158.9937149983598,128,6228.87141299725,
765,short,158.81732100024237,128,6228.926768999372,
766,short,157.47619900139398,128,6227.814603000297,
767,short,157.2456020003301,128,6228.130431001773,
768,short,145.74515300046187,128,6192.470956000761,
770,short,139.99106000119355,128,6188.523870998324,
771,short,143.85283900264767,128,6191.862319999927,
772,short,144.15244900010293,128,6191.829879000579,
773,short,145.00513399980264,128,6192.121111998858,
774,short,144.82635899912566,128,6192.144999000448,
775,short,144.5352200025809,128,6192.039425000985,
776,short,144.61146899702726,128,6192.191619997175,
777,short,144.43873200070811,128,6192.773626000417,
769,short,149.9791579990415,128,6198.546241997974,
778,short,144.23409200026072,128,6193.000521001522,
779,short,144.00281000052928,128,6192.965248999826,
780,short,143.77257799787913,128,6192.924529997981,
781,short,143.52989100007107,128,6193.098591000307,
782,short,143.36554599867668,128,6193.153463002091,
783,short,143.25906200247118,128,6193.26007300333,
784,short,143.08220699967933,128,6193.267994996859,
785,short,138.4221689986589,128,6187.943533997895,
787,short,135.0828040012857,128,6187.423400002444,
788,short,134.98268599869334,128,6187.6104199982365,
789,short,134.78837000002386,128,6187.620720997074,
790,short,134.51944200278376,128,6187.510710002243,
791,short,136.24903299933067,128,6190.351356999599,
792,short,133.15150900234585,128,6187.5311710027745,
793,short,133.0048589989019,128,6187.662138996529,
794,short,132.82483299917658,128,6187.6931129991135,
795,short,132.574414001283,128,6187.6353029983875,
796,short,132.34943600036786,128,6187.629460997414,
797,short,132.12478399873362,128,6187.595677998615,
798,short,131.9196490003378,128,6187.592087000667,
799,short,130.1989940002386,128,6186.072888998751,
786,short,138.76264600185095,128,6195.240686000034,
800,short,136.35342300040065,128,6194.288910999603,
802,short,133.66663600027096,128,6189.829891001864,
803,short,133.92987000042922,128,6190.822962998936,
804,short,133.6464749983861,128,6190.859794998687,
805,short,133.49709899921436,128,6190.9013879994745,
806,short,133.2811979991675,128,6190.884116000234,
807,short,132.9724660026841,128,6190.7652970003255,
808,short,132.66164499873412,128,6190.640699998767,
809,short,134.05018699995708,128,6190.649349002342,
810,short,133.7401869968744,128,6190.513893998286,
811,short,129.05921100173146,128,6186.058500999934,
801,short,139.06020500144223,128,6199.626057001296,
813,short,136.10147299914388,128,6190.00577100087,
814,short,135.84066099792835,128,6189.998934998584,
815,short,135.597066997434,128,6189.952695000102,
816,short,135.36395499977516,128,6189.906933999737,
817,short,135.05292799891322,128,6189.781404998939,
818,short,134.606943000108,128,6189.546285000688,
819,short,134.41356000112137,128,6192.130563998944,
820,short,134.16855600007693,128,6192.136093999579,
821,short,133.95709899850772,128,6192.147280999052,
822,short,131.20506999985082,128,6189.5845779981755,
823,short,130.86623799972585,128,6189.431795999553,
824,short,130.6629469981999,128,6189.453220998985,
825,short,130.42406699969433,128,6189.417445999425,
826,short,130.1907310007664,128,6189.374876001239,
827,short,129.82376299987664,128,6189.193934002105,
828,short,128.71534599980805,128,6188.320569999632,
812,short,137.35752900174703,128,6197.404631999234,
829,short,136.94500300334767,128,6191.261326002859,
830,short,115.5624010025349,128,6184.444189002534,
831,short,167.9540069999348,128,6235.972454000148,
832,short,167.70985100083635,128,6236.054326000158,
833,short,167.4599420002778,128,6236.010520999116,
834,short,167.25380700154346,128,6235.994758000743,
835,short,166.98925600212533,128,6235.918481001136,
836,short,166.766791997361,128,6235.886947997642,
837,short,166.48848700060626,128,6235.794275999069,
838,short,166.25291299715172,128,6235.744634999719,
839,short,165.98410699953092,128,6235.660428999836,
840,short,165.78556799868238,128,6235.6277520011645,
841,short,165.55848400093964,128,6235.59040300097,
842,short,165.22475199963083,128,6235.491449999245,
843,short,165.062764997856,128,6235.550918998342,
844,short,164.83966099985992,128,6235.564347000036,
845,short,164.61213100046734,128,6235.527395001554,
846,short,164.3750790026388,128,6235.473360000469,
847,short,164.1409570001997,128,6235.419695000019,
848,short,163.91157199905138,128,6235.475204000977,
849,short,163.6793560028309,128,6235.433322999597,
850,short,163.45087800073088,128,6235.419963002641,
851,short,163.22014999968815,128,6235.3842060001625,
852,short,162.91868099870044,128,6235.318344999541,
853,short,162.7339070000744,128,6235.335744000622,
854,short,162.52641699975356,128,6235.289655000088,
855,short,162.21951799889212,128,6235.166157999629,
856,short,161.9772770027339,128,6235.099220000848,
857,short,161.74001499894075,128,6235.042921998684,
858,short,161.49097199740936,128,6234.952221999265,
859,short,161.54976499819895,128,6234.906077999767,
860,short,161.32392999861622,128,6234.860084001411,
861,short,161.09407600015402,128,6234.821072001068,
862,short,160.86658600033843,128,6236.074098000245,
863,short,160.31993000069633,128,6235.747100003209,
864,short,141.2673230006476,128,6195.525057999475,
866,short,135.60910200249054,128,6191.543662000186,
867,short,139.5275569993828,128,6195.104987000377,
868,short,139.71412200044142,128,6194.997875001718,
869,short,140.47903600294376,128,6195.228357002634,
870,short,140.32948100066278,128,6195.244739999907,
871,short,139.99566699931165,128,6195.729446000769,
872,short,139.3369489996985,128,6195.391581997683,
873,short,139.1063449991634,128,6195.518442000321,
874,short,138.90701299897046,128,6195.512022997718,
875,short,138.65869200162706,128,6195.447189002152,
876,short,138.31862900042324,128,6195.304471999407,
877,short,138.0478259998199,128,6195.2768369992555,
878,short,137.78209700103616,128,6195.211250000284,
879,short,137.59353299974464,128,6195.223820999672,
880,short,137.47874000182492,128,6195.306394001818,
865,short,146.9392999970296,128,6204.778783998336,
881,short,140.954373000568,128,6195.743362997746,
883,short,140.13360799799557,128,6196.113837999292,
884,short,140.06750299813575,128,6196.389447999536,
885,short,139.88473300196347,128,6196.427827999287,
886,short,136.88234700020985,128,6193.5704360003,
887,short,136.6059520005365,128,6196.531220000907,
888,short,136.2200319999829,128,6196.4295219986525,
889,short,138.85093299904838,128,6196.629030997428,
890,short,138.69279599748552,128,6196.674542999972,
891,short,138.4665709992987,128,6196.637376000581,
892,short,138.3101589999569,128,6196.673604998068,
893,short,138.10255499993218,128,6196.650739002507,
894,short,137.91787900117924,128,6196.655471001577,
895,short,136.70247000118252,128,6195.631544000207,
882,short,144.7772880019329,128,6203.958844002045,
896,short,131.3557870016666,128,6198.995572001877,
898,short,132.98249199942802,128,6194.9391279995325,
899,short,133.20597300116788,128,6195.86993700068,
900,short,132.95259400183568,128,6195.860054998775,
901,short,132.80408400169108,128,6195.936047999567,
902,short,132.6160640019225,128,6195.940997000434,
903,short,132.43693799813627,128,6195.945021001535,
904,short,132.2000569998636,128,6195.946505999018,
905,short,132.08943599966005,128,6196.031155999663,
906,short,131.8289660011942,128,6195.964171001833,
907,short,128.8386080013879,128,6191.103237000789,
897,short,138.95164099812973,128,6204.407673998503,
909,short,137.49562399971182,128,6194.392606998008,
910,short,137.30665700131794,128,6194.577115002176,
911,short,137.12753300205804,128,6194.742095001857,
912,short,136.9502570014447,128,6194.91769600063,
913,short,136.71577599961893,128,6195.0181140018685,
914,short,133.9114160000463,128,6192.733997999312,
915,short,133.75905199791305,128,6193.393899000512,
916,short,133.59372400009306,128,6193.646755000373,
917,short,133.43895399884786,128,6193.923692000681,
918,short,133.2596710017242,128,6194.121612999879,
919,short,132.99870999981067,128,6194.195591997413,
920,short,132.86992299981648,128,6194.681394001236,
921,short,132.68598099966766,128,6194.845646998147,
922,short,132.50846700248076,128,6198.799086003419,
923,short,132.21947100100806,128,6198.740569998336,
924,short,131.45470800009207,128,6198.195523000322,
908,short,139.48245200299425,128,6206.566959001066,
925,short,154.42735300166532,128,6201.446154998848,
926,short,128.4437499998603,128,6199.614006000047,
927,short,115.72582899680128,128,6191.522092998639,
928,short,167.26438700061408,128,6241.748118001851,
929,short,167.08716799985268,128,6241.889967001043,
930,short,166.87477199957357,128,6241.899992000981,
931,short,166.71060300359386,128,6241.93484600255,
932,short,166.4957980028703,128,6241.94295900088,
933,short,166.3339900005667,128,6241.985436001414,
934,short,166.1495090011158,128,6241.985935001139,
935,short,165.964003001136,128,6242.023350001546,
936,short,165.73877799964976,128,6242.005977001099,
937,short,165.57724100130145,128,6242.036724001082,
938,short,165.3391850013577,128,6241.982116000145,
939,short,165.04564999922877,128,6241.87099700066,
940,short,164.877619001345,128,6241.901356999733,
941,short,164.68808399804402,128,6241.908200998296,
942,short,164.5058300018718,128,6241.909944001236,
943,short,164.32386999804294,128,6241.908041996794,
944,short,164.03898499993375,128,6241.802683998685,
945,short,163.8485839976056,128,6241.792575998261,
946,short,163.63302299942006,128,6241.7590740005835,
947,short,163.43889600102557,128,6241.761023000436,
948,short,163.201666000532,128,6241.711266000493,
949,short,162.95208100200398,128,6241.643410001416,
950,short,162.81493100177613,128,6241.673378000996,
951,short,162.65539300002274,128,6241.673608998099,
952,short,162.4760199993034,128,6241.675414999918,
953,short,162.2958700027084,128,6242.227218001062,
954,short,162.11322100207326,128,6242.261146999226,
955,short,161.940843998309,128,6242.308643999422,
956,short,161.74542400040082,128,6242.30338200141,
957,short,161.56231599961757,128,6242.30616800196,
958,short,160.07809200164047,128,6241.00620900208,
959,short,159.8635979971732,128,6240.969299997232,
960,short,141.6465279980912,128,6197.14622399988,
962,short,136.69264399868553,128,6191.925503000675,
963,short,140.89025700013735,128,6195.123145000252,
964,short,141.13721999819973,128,6195.092145997478,
965,short,141.95992500026478,128,6195.324946002074,
966,short,141.12822799870628,128,6194.677522998973,
967,short,140.72823199967388,128,6194.457042001886,
968,short,140.47566400040523,128,6194.407431001309,
969,short,140.28595900163054,128,6194.999023999117,
970,short,140.1038360017992,128,6195.1090170005045,
971,short,139.85959999990882,128,6195.117611998285,
972,short,139.62407500002882,128,6195.1370679998945,
973,short,139.4304320019728,128,6195.200285001192,
974,short,139.18616399678285,128,6195.19509499878,
975,short,139.0064990009705,128,6195.374844002799,
976,short,138.19789999979548,128,6194.766834996699,
961,short,148.62797900059377,128,6205.355690002762,
977,short,145.75330200023018,128,6195.433723998576,
979,short,138.25743599954876,128,6196.197958000994,
980,short,138.6925059996429,128,6196.454359997006,
981,short,138.58725399768446,128,6196.480491998955,
982,short,135.65544299854082,128,6193.421159998252,
983,short,135.4646479994699,128,6193.38885599791,
984,short,135.13274999786518,128,6193.1524200008425,
985,short,135.77511999756098,128,6195.982937999361,
986,short,135.77821100261644,128,6196.068783003284,
987,short,135.6436859969108,128,6196.038427999156,
988,short,135.64994200351066,128,6196.067063003284,
989,short,135.51671999812243,128,6196.094959999755,
990,short,135.49639400298474,128,6196.105712002463,
991,short,134.69610899846884,128,6195.286102996761,
978,short,145.67923199865618,128,6203.716627998801,
992,short,133.42101199668832,128,6187.691194998479,
994,short,134.12397499996587,128,6191.261639000004,
995,short,133.99626000318676,128,6192.291446001036,
996,short,133.82790499963448,128,6192.289274000359,
997,short,133.97474200246506,128,6192.399999999907,
998,short,133.8826520004659,128,6192.444776999764,
999,short,133.7339060009981,128,6192.431972001941,
1000,short,133.55622699964442,128,6192.484989998775,
1001,short,133.78335800007335,128,6192.6096259994665,
1002,short,133.59981499888818,128,6192.572333999124,
1003,short,129.10171800103853,128,6188.087433998589,
993,short,143.55039699876215,128,6200.961888000165,
1005,short,139.2362549995596,128,6191.926652001712,
1006,short,138.97836500109406,128,6191.858086000138,
1007,short,138.71022400053334,128,6191.740242000378,
1008,short,138.45933799893828,128,6191.6275289986515,
1009,short,137.97488899945165,128,6191.27408300119,
1010,short,137.35579700005474,128,6193.49023399991,
1011,short,137.5237130014284,128,6193.415563000599,
1012,short,137.26588300050935,128,6193.2240259993705,
1013,short,137.08290900103748,128,6193.110961001366,
1014,short,136.83676599976025,128,6192.997623002157,
1015,short,136.22897700042813,128,6192.583700001705,
1016,short,136.30182899942156,128,6192.575845998363,
1017,short,132.25602000238723,128,6188.692108000396,
1018,short,132.111745999282,128,6188.696474000608,
1019,short,131.88752900168765,128,6188.612971000111,
1020,short,131.12155999988317,128,6187.666926998645,
1004,short,147.09223400132032,128,6201.051593001466,
1021,short,139.7689810000884,128,6188.680702998681,
1022,short,128.34081499750027,128,6188.141607999569,
1023,short,127.06004699793993,128,6191.425672997866,
1024,short,120.63890200079186,128,6187.594229999377,
1025,short,171.26420800195774,128,6239.6389500027,
1026,short,171.07805099658435,128,6239.786198999354,
1027,short,170.85610699723475,128,6239.825922999444,
1028,short,170.68683300021803,128,6239.86811800205,
1029,short,170.46089799987385,128,6239.873983999132,
1030,short,170.3025759998127,128,6239.957546997175,
1031,short,170.07927300073789,128,6239.996918000543,
1032,short,169.87205899931723,128,6240.021098001307,
1033,short,169.6569140003703,128,6240.03275799987,
1034,short,169.49685600047815,128,6240.113193998695,
1035,short,169.31562799800304,128,6240.157521999208,
1036,short,169.03789199932362,128,6240.11038000026,
1037,short,168.93774300115183,128,6240.245791999769,
1038,short,168.7552229996072,128,6240.289255001699,
1039,short,168.57576799884555,128,6240.338329000224,
1040,short,168.397069999628,128,6240.382969997881,
1041,short,168.21695799808367,128,6240.451214998757,
1042,short,168.0373250019329,128,6240.502259002824,
1043,short,167.8405519996886,128,6240.536145000078,
1044,short,167.6529770011257,128,6240.579442001035,
1045,short,167.47104399837554,128,6240.621854998608,
1046,short,167.2575360025803,128,6240.635115002078,
1047,short,167.13709600298898,128,6240.71025000012,
1048,short,166.9805669989728,128,6240.757313000358,
1049,short,166.24504799983697,128,6240.947642996616,
1050,short,166.0310089973791,128,6240.974746000575,
1051,short,165.7884450032725,128,6240.9602000007,
1052,short,165.62313900067238,128,6240.99894399842,
1053,short,165.43666799771017,128,6241.042671998002,
1054,short,165.2529980019608,128,6241.103645999829,
1055,short,165.07150399775128,128,6241.190985998401,
1056,short,138.84400700044353,128,6203.241908999189,
1058,short,137.8683490002004,128,6201.754697998695,
1059,short,141.57712800079025,128,6205.230830000801,
1060,short,141.86445299856132,128,6205.154076000326,
1061,short,142.72764700217522,128,6205.492361001234,
1062,short,142.54786299716216,128,6205.562875999021,
1063,short,142.23917100025574,128,6205.488087001868,
1064,short,141.54871600112529,128,6205.058600000484,
1065,short,141.26152300013928,128,6204.9938140007725,
1066,short,141.00759699795162,128,6204.991238999355,
1067,short,140.6978880004317,128,6204.884318998666,
1068,short,140.43802800006233,128,6204.861809001159,
1069,short,140.07121600297978,128,6204.742781003006,
1070,short,139.78802999918116,128,6204.7043460006535,
1071,short,139.64375800060225,128,6204.808578000666,
1072,short,138.6532350006746,128,6204.05118599956,
1057,short,148.97547500004293,128,6214.9767669980065,
1073,short,136.83393500105012,128,6205.896569001197,
1075,short,135.33063200156903,128,6205.79007500055,
1076,short,135.2459830013686,128,6206.17072800087,
1077,short,135.05461999739055,128,6206.2637800008815,
1078,short,134.83697199990274,128,6206.243973996607,
1079,short,134.64551099968958,128,6206.358336999983,
1080,short,133.62609800242353,128,6203.534505002608,
1081,short,133.47929900191957,128,6206.763976999355,
1082,short,133.30007300100988,128,6206.838943002367,
1083,short,133.07889499992598,128,6206.855709999218,
1084,short,132.84443999873474,128,6206.8668930005515,
1085,short,132.6109869987704,128,6206.871979000425,
1086,short,132.4075400007132,128,6206.921836997935,
1087,short,131.4148909987125,128,6206.183760001295,
1074,short,139.9559590026911,128,6215.166035002767,
1088,short,135.1816009992035,128,6208.832471998903,
1090,short,134.76607600023272,128,6212.498037999467,
1091,short,135.34761200207868,128,6213.4520079998765,
1092,short,135.0496140003088,128,6213.401927998348,
1093,short,134.86023899895372,128,6213.425494999683,
1094,short,134.63030799903208,128,6213.385765000567,
1095,short,134.29482900028233,128,6213.257904000784,
1096,short,133.98283399874344,128,6213.134737001383,
1097,short,133.79394599905936,128,6213.138227001764,
1098,short,133.46465100039495,128,6212.994642999547,
1099,short,128.80400699941674,128,6208.569198999612,
1089,short,139.32130900138873,128,6220.853802002239,
1101,short,139.6707170024456,128,6215.587893002521,
1102,short,139.4414019996475,128,6215.690640998218,
1103,short,139.21622999987449,128,6215.675811999972,
1104,short,138.9959070002078,128,6215.646884997113,
1105,short,135.84566699864808,128,6212.686308001139,
1106,short,135.48044900016976,128,6212.5343610023265,
1107,short,135.29105500128935,128,6215.112418998615,
1108,short,135.03847399988445,128,6215.122288998828,
1109,short,134.8264839980402,128,6215.122170997347,
1110,short,134.5390660026169,128,6215.0258510009735,
1111,short,134.20483600202715,128,6214.8754879999615,
1112,short,133.9994249974552,128,6214.897302997997,
1113,short,133.7595719996898,128,6214.845771999535,
1114,short,133.5275149976951,128,6214.797344000544,
1115,short,133.1512169999769,128,6214.607582998724,
1116,short,131.76349800050957,128,6213.4562819992425,
1100,short,140.9503959985159,128,6223.079351999331,
1117,short,142.55006099847378,128,6212.32061900082,
1118,short,155.47220000007655,128,6211.938069998723,
1119,short,151.22889199847123,128,6212.919928999327,
1120,short,132.12444400051027,128,6213.9122810003755,
1121,short,122.48169200029224,128,6207.828873000835,
1122,short,175.43409800055088,128,6260.231035998004,
1123,short,175.19788699792116,128,6260.308880999219,
1124,short,174.93320900030085,128,6260.296535001544,
1125,short,174.72215899761068,128,6260.335556999053,
1126,short,174.45408899948234,128,6260.351591001381,
1127,short,174.21286999888252,128,6260.367006001616,
1128,short,173.982526997861,128,6260.373993998655,
1129,short,173.75570700096432,128,6260.402214000351,
1130,short,173.49021799964248,128,6260.390899999038,
1131,short,173.28648200054886,128,6260.429304002173,
1132,short,173.05571899851202,128,6260.428566998598,
1133,short,172.73244600073667,128,6260.3367080009775,
1134,short,172.57149099896196,128,6260.4399750016455,
1135,short,172.3425739983213,128,6260.460168999998,
1136,short,172.11019399837824,128,6260.463151000295,
1137,short,171.86966399822268,128,6260.613796999678,
1138,short,171.649026000523,128,6260.616386000038,
1139,short,171.41864199948031,128,6260.618691001582,
1140,short,171.18856200249866,128,6260.619508000673,
1141,short,170.96417999709956,128,6260.634461999871,
1142,short,170.736971002043,128,6260.633591999067,
1143,short,170.47864400228718,128,6260.60226700065,
1144,short,170.29720899881795,128,6261.4842879993375,
1145,short,169.39360800097347,128,6260.800026000652,
1146,short,169.15379100100836,128,6260.793395998917,
1147,short,168.93033499945886,128,6260.8024639994255,
1148,short,168.70046099938918,128,6260.824696000782,
1149,short,168.4922499989625,128,6260.829009999725,
1150,short,168.24861599889118,128,6260.831840001629,
1151,short,167.97741900154506,128,6260.820456001966,
1152,short,141.5275620020111,128,6210.277271999075,
1154,short,138.59266899817158,128,6206.887133997952,
1155,short,143.00643999740714,128,6209.767001997534,
1156,short,143.28542899966124,128,6209.635711002193,
1157,short,144.21784699879936,128,6209.810756998195,
1158,short,143.9918040014163,128,6209.763669001404,
1159,short,143.63731800040114,128,6209.5822400006,
1160,short,143.54236900180695,128,6209.648738000396,
1161,short,143.29602300131228,128,6209.609526002168,
1162,short,143.0993949979893,128,6209.588566998718,
1163,short,142.81547300197417,128,6210.0710140002775,
1164,short,142.58467800027574,128,6210.115137000685,
1165,short,142.35209599792142,128,6210.0748409975495,
1166,short,142.03498699862394,128,6209.938238000177,
1167,short,141.85523799824296,128,6209.934168000473,
1168,short,140.50656800100114,128,6208.780093998939,
1153,short,150.8680019978783,128,6220.0236389981,
1169,short,141.49999900109833,128,6211.551993998,
1171,short,137.9584509995766,128,6208.4429819988145,
1172,short,137.81867200304987,128,6208.588287001476,
1173,short,137.5917599980312,128,6208.584468000481,
1174,short,137.31583000117098,128,6208.474524999474,
1175,short,138.8969290019304,128,6211.030702001153,
1176,short,135.40930000090157,128,6207.774844999221,
1177,short,135.25416500124265,128,6207.883996001328,
1178,short,135.0305159976415,128,6207.879353998578,
1179,short,134.76802100194618,128,6207.814347002568,
1180,short,134.5446790001006,128,6207.793981000577,
1181,short,134.2715640021197,128,6207.72163500078,
1182,short,134.01594999959343,128,6207.666973001324,
1183,short,132.1264530015469,128,6205.937012000504,
1170,short,142.7100020009675,128,6216.687449999881,
1184,short,139.83540499975788,128,6215.86081499845,
1186,short,133.37842500186525,128,6205.145230000198,
1187,short,133.89083800211665,128,6205.3317580030125,
1188,short,133.6705180001445,128,6205.433106002602,
1189,short,133.52889000088908,128,6205.843357001868,
1190,short,133.32304899813607,128,6205.990055997972,
1191,short,133.13433399889618,128,6206.154269999388,
1192,short,132.89125600203988,128,6206.350878001103,
1193,short,132.75848199918983,128,6206.755802999396,
1194,short,132.49064900082885,128,6206.834440999955,
1195,short,128.66275399937877,128,6203.662107000127,
1185,short,137.83701099964674,128,6216.502676001255,
1197,short,134.67266900261166,128,6205.103396001505,
1198,short,134.4629810009792,128,6205.12973500081,
1199,short,134.26972900197143,128,6205.135383002926,
1200,short,134.07873100004508,128,6205.131874998187,
1201,short,133.82839400219382,128,6205.076916001417,
1202,short,131.00380300238612,128,6204.924913003197,
1203,short,130.80595000064932,128,6205.002547001641,
1204,short,130.59299000087776,128,6204.997182001534,
1205,short,130.41728800089913,128,6205.074108002009,
1206,short,130.23176999922725,128,6205.083919001481,
1207,short,129.95546099773492,128,6204.9942150006245,
1208,short,129.813285999262,128,6205.086046997167,
1209,short,129.62818999949377,128,6205.090334999113,
1210,short,129.43951800116338,128,6205.084991001058,
1211,short,129.13717400078895,128,6204.964574000769,
1212,short,128.3052390026569,128,6204.3613490022835,
1196,short,135.78049200077658,128,6212.1570730014355,
1213,short,142.52511499944376,128,6206.791802000225,
1214,short,142.66837000104715,128,6209.265588000562,
1215,short,156.2849100009771,128,6208.357909999904,
1216,short,142.3013040002843,128,6207.2990230008145,
1217,short,132.49342299968703,128,6208.99704600015,
1219,short,123.77984900012962,128,6206.4144809992285,
1220,short,123.80498600032297,128,6206.536403999053,
1221,short,123.53232999885222,128,6206.5916859974095,
1222,short,123.31574899872066,128,6206.563539999479,
1223,short,123.21725999936461,128,6206.4770859979035,
1218,short,124.70927299727919,128,6208.919826996862,
1224,short,173.85065100097563,128,6253.544324001268,
1225,short,173.59564899743418,128,6253.593961999286,
1226,short,173.35052699854714,128,6253.557545998774,
1227,short,173.08898299961584,128,6253.476926001895,
1228,short,172.88192799969693,128,6253.477178997855,
1229,short,172.6512260029267,128,6253.4268840026925,
1230,short,172.32190600043396,128,6253.274398997746,
1231,short,172.1418570014066,128,6253.28937300219,
1232,short,171.9071450024785,128,6253.234032999899,
1233,short,171.51700500107836,128,6253.02214200201,
1234,short,171.28374999811058,128,6252.969527999085,
1235,short,171.04898099933052,128,6252.9778690004605,
1236,short,170.80869599885773,128,6252.925876000518,
1237,short,170.5778069990629,128,6252.876230999391,
1238,short,170.35163300170098,128,6252.825098003086,
1239,short,170.12535800313344,128,6252.7755060000345,
1240,short,169.01305000283173,128,6251.840872002504,
1241,short,168.81660099898,128,6251.818217999244,
1242,short,168.6061949985742,128,6251.762776999385,
1243,short,168.35252800228773,128,6252.267930001835,
1244,short,168.1157519997214,128,6252.2512070027005,
1245,short,167.88152500157594,128,6252.2009940003045,
1246,short,167.6556820020778,128,6252.130168002623,
1247,short,167.39620600128546,128,6252.04740800109,
1248,short,142.7769710026041,128,6217.894132001675,
1250,short,137.36473099925206,128,6215.6009300015285,
1251,short,141.01609800127335,128,6219.207438000012,
1252,short,141.25424700250733,128,6219.130159002816,
1253,short,142.03747899955488,128,6219.438047002768,
1254,short,141.86178500312963,128,6219.497601003241,
1255,short,141.56269600061933,128,6219.474704001186,
1256,short,141.45237900083885,128,6219.6214190007595,
1257,short,141.27146000100765,128,6219.660826998734,
1258,short,140.4951059994346,128,6219.112943999789,
1259,short,140.15860200015595,128,6218.999479999184,
1260,short,139.95155799784698,128,6219.039330997475,
1261,short,139.75460499932524,128,6219.105710999429,
1262,short,139.49778499954846,128,6219.099887999619,
1263,short,139.29800700134365,128,6219.178635001299,
1264,short,137.7621799983899,128,6217.897786998947,
1249,short,147.94208700186573,128,6227.971940999851,
1265,short,143.60866400238592,128,6219.155105001846,
1267,short,138.6750050005503,128,6219.562158999906,
1268,short,139.0817600004084,128,6219.853128997784,
1269,short,138.97845999963465,128,6219.961044000229,
1270,short,136.52378099868656,128,6217.376004999096,
1271,short,136.37877100336482,128,6220.457418003207,
1272,short,136.09145600275951,128,6220.346550002432,
1273,short,136.68367199716158,128,6220.580291999795,
1274,short,136.6814559987688,128,6220.662395997351,
1275,short,136.53985299970373,128,6220.6678059992555,
1276,short,136.54071500059217,128,6220.726946001378,
1277,short,136.41423500303063,128,6220.742192999751,
1278,short,136.39383100235136,128,6220.793279000645,
1279,short,134.7156609990634,128,6219.200881998404,
1266,short,148.23831299872836,128,6229.018136000377,
1280,short,133.34704299995792,128,6213.947641001141,
1282,short,134.0770720016735,128,6219.31856500305,
1283,short,134.31668499833904,128,6220.210759998736,
1284,short,133.73111200053245,128,6219.881683002313,
1285,short,133.44264899933478,128,6219.833014998585,
1286,short,133.09523799762246,128,6219.7117949981475,
1287,short,132.66379500055336,128,6219.4975889979105,
1288,short,132.0805499999551,128,6219.1344929997285,
1289,short,131.8121370022709,128,6219.166077000409,
1290,short,131.13062499905936,128,6218.710574001307,
1291,short,127.51237299744389,128,6213.248357998964,
1281,short,139.3128269992303,128,6228.438419999293,
1293,short,138.92319499791483,128,6219.327459999477,
1294,short,138.7346159972367,128,6219.386342996586,
1295,short,138.5466110004927,128,6219.426809002471,
1296,short,138.36772500144434,128,6219.468668998161,
1297,short,135.67024499934632,128,6219.788744001562,
1298,short,135.37608999831718,128,6219.753306999337,
1299,short,135.2827470000193,128,6219.924363998871,
1300,short,135.04595500126015,128,6219.968665001943,
1301,short,134.88122900162125,128,6220.060438001383,
1302,short,134.7036980005214,128,6220.119493998936,
1303,short,134.43147300131386,128,6220.075362001808,
1304,short,134.32060800187173,128,6220.2132509992225,
1305,short,134.1459860013856,128,6220.248216002801,
1306,short,133.97191400144948,128,6220.274789000541,
1307,short,133.69251299809548,128,6220.201274998544,
1308,short,133.20311599818524,128,6219.942149997223,
1292,short,140.31218399759382,128,6227.331054000388,
1309,short,143.4858680004254,128,6220.396731998335,
1310,short,141.8790080024337,128,6219.5509070006665,
1311,short,147.80033100032597,128,6219.807646997651,
1312,short,153.20113899724674,128,6221.838170997216,
1313,short,146.55314999981783,128,6220.252821996837,
1315,short,128.60903199907625,128,6217.570318000071,
1316,short,128.56507399919792,128,6217.554345999815,
1317,short,128.30986299741198,128,6217.549465000047,
1318,short,128.1909409990476,128,6217.60926099887,
1319,short,127.47311499697389,128,6216.958571996656,
1314,short,129.40012499893783,128,6220.037692997721,
1320,short,126.02746899938211,128,6214.7903259974555,
1321,short,176.37978999846382,128,6266.399927000748,
1322,short,176.16521299714805,128,6266.433897999377,
1323,short,175.9811619995162,128,6266.486024000187,
1324,short,175.75154500082135,128,6266.471904000355,
1325,short,175.59593000260065,128,6266.549375002796,
1326,short,175.42002700065495,128,6266.594804001215,
1327,short,175.15373900096165,128,6266.552075001528,
1328,short,175.04428300162544,128,6266.716121001082,
1329,short,174.86668700075825,128,6266.772005001258,
1330,short,174.68470099993283,128,6266.815954000776,
1331,short,174.44115599937504,128,6266.79871899978,
1332,short,174.25414100216585,128,6266.835151000123,
1333,short,174.07414199988125,128,6266.882397001609,
1334,short,173.89875599837978,128,6266.92900299895,
1335,short,173.72248600077,128,6266.977180999675,
1336,short,173.535935999098,128,6267.003345001285,
1337,short,173.3263120004267,128,6267.014937002386,
1338,short,173.19364200011478,128,6267.100301000028,
1339,short,172.4548540005344,128,6266.567294002016,
1340,short,172.23676000139676,128,6266.576272002567,
1341,short,172.0548230005079,128,6266.626189000817,
1342,short,171.87775999991572,128,6266.674387999956,
1343,short,171.72498500076472,128,6266.729623999709,
1344,short,143.80709199758712,128,6228.625015999569,
1346,short,137.80759599831072,128,6227.893265997409,
1347,short,142.25706499928492,128,6231.360272999154,
1348,short,142.54708400039817,128,6231.259596002928,
1349,short,143.49151100032032,128,6231.460038001387,
1350,short,143.22123100282624,128,6231.372922000446,
1351,short,142.87858700117795,128,6231.205956999474,
1352,short,142.77796799797215,128,6231.9817159987,
1353,short,142.5540549971629,128,6232.12122899713,
1354,short,142.33580699874437,128,6232.103251000808,
1355,short,142.0351800006756,128,6231.984672998806,
1356,short,141.79761599734775,128,6231.929284000216,
1357,short,141.56412900047144,128,6231.876731002558,
1358,short,141.25725400299416,128,6231.801917001576,
1359,short,141.0551779990783,128,6231.784528001299,
1360,short,140.33609300167882,128,6231.24439700041,
1345,short,150.4342779990111,128,6241.074679001031,
1361,short,140.43026799845393,128,6230.306631998246,
1363,short,138.5733329989307,128,6229.287312999077,
1364,short,138.37103699916042,128,6229.467672001192,
1365,short,138.13732199923834,128,6229.448103000323,
1366,short,134.84508599867695,128,6226.317963999463,
1367,short,134.58081600037985,128,6229.100074997405,
1368,short,134.11008999901242,128,6228.883053001482,
1369,short,135.78221699935966,128,6229.015887998685,
1370,short,135.56610899831867,128,6229.0153879985155,
1371,short,135.31680600135587,128,6228.957171002548,
1372,short,135.10337800107663,128,6228.945163002209,
1373,short,134.83556099890848,128,6228.861542997038,
1374,short,134.57246599864447,128,6228.801844001282,
1375,short,132.41369900060818,128,6226.845105000393,
1362,short,142.2203609981807,128,6237.354938999488,
1376,short,136.38059799995972,128,6232.01657500249,
1378,short,134.66891000280157,128,6230.893736003054,
1379,short,135.16938000248047,128,6232.292136999604,
1380,short,134.88961300026858,128,6232.287720999011,
1381,short,134.70927799789933,128,6232.335905999207,
1382,short,134.48505499763996,128,6232.305240999267,
1383,short,134.26026299930527,128,6232.265701997676,
1384,short,133.88154700078303,128,6232.075342999451,
1385,short,133.7026050023269,128,6232.092670001293,
1386,short,133.37945899911574,128,6231.957291998697,
1387,short,128.35503700262052,128,6227.173668001342,
1377,short,140.21991799745592,128,6241.1229419994925,
1389,short,139.00587199896108,128,6232.385551000334,
1390,short,138.7716270000965,128,6232.483634001255,
1391,short,138.54338199962513,128,6232.466301000386,
1392,short,135.51628799905302,128,6229.652971996984,
1393,short,135.20121799956542,128,6229.533222998725,
1394,short,134.84162800159538,128,6231.973203000962,
1395,short,134.6020459968713,128,6232.060113998159,
1396,short,134.34201099880738,128,6232.019844999741,
1397,short,134.1135229995416,128,6232.012370997836,
1398,short,133.87763100035954,128,6231.970869001088,
1399,short,133.5525089998555,128,6231.830684002489,
1400,short,133.38209899666253,128,6231.887392998033,
1401,short,133.17653099875315,128,6231.8790839999565,
1402,short,132.9620940014138,128,6231.850567000947,
1403,short,132.6329949988576,128,6231.704694000655,
1404,short,132.02023199846735,128,6232.524784998532,
1388,short,141.06457000161754,128,6241.535304001445,
1405,short,142.55350100211217,128,6233.05203199925,
1406,short,142.46653000009246,128,6231.307759997435,
1407,short,145.42816600078368,128,6234.503126001073,
1408,short,140.50903399765957,128,6233.08346200065,
1409,short,152.05163400241872,128,6233.11716399985,
1411,short,134.45904100080952,128,6231.169480000972,
1412,short,134.39765200018883,128,6231.25667199929,
1413,short,134.13642099840217,128,6231.209794997994,
1414,short,133.92792200102122,128,6231.196508000721,
1415,short,133.10419100162107,128,6230.459407001035,
1410,short,134.94492099925992,128,6233.262133999233,
1416,short,133.58309600153007,128,6232.198640998831,
1418,short,132.68349699865212,128,6230.446708999807,
1419,short,132.44370099710068,128,6230.485019998014,
1420,short,132.22057699749712,128,6230.466130997229,
1421,short,131.9561700001941,128,6230.404264999379,
1422,short,131.74129700200865,128,6230.392834000668,
1423,short,131.50897800005623,128,6230.347701999563,
1424,short,131.1565440009872,128,6230.180881000706,
1425,short,130.9602969995467,128,6230.20952799925,
1426,short,130.72832500256482,128,6230.165274999308,
1427,short,130.4942860006122,128,6230.115177000698,
1428,short,130.26483599969652,128,6230.06857099972,
1429,short,130.03388499782886,128,6230.018537997239,
1430,short,129.8110289972101,128,6229.970264997974,
1431,short,129.58505300048273,128,6229.918547000125,
1432,short,129.36536900087958,128,6229.898928999319,
1433,short,129.13625899818726,128,6229.855793000752,
1434,short,128.86527699811268,128,6229.769123998267,
1435,short,128.65841599705163,128,6229.7484789996815,
1436,short,128.427494000789,128,6229.686353999568,
1437,short,128.1975109995983,128,6229.640389999986,
1438,short,127.96464799976093,128,6229.591245999472,
1439,short,127.72516299810377,128,6229.5368339982815,
1417,short,133.40140799846267,128,6235.395792999043,
1440,short,145.72430800035363,128,6220.804001997749,
1442,short,135.89522300026147,128,6212.54709799905,
1443,short,139.80045599964797,128,6216.0543280006095,
1444,short,140.0171440000122,128,6215.966994997871,
1445,short,140.7861250008864,128,6216.283317000489,
1446,short,140.60439599779784,128,6216.342038998846,
1447,short,139.60810699791182,128,6215.572830999008,
1448,short,139.3390930024907,128,6215.580993000913,
1449,short,139.13610999952652,128,6215.662478000013,
1450,short,138.95186499939882,128,6215.703820998897,
1451,short,138.70793100068113,128,6215.664505001769,
1452,short,138.51376499951584,128,6215.754517001187,
1453,short,138.2663299991691,128,6215.756403998967,
1454,short,138.02993299759692,128,6215.755327997613,
1455,short,137.8438330029894,128,6215.855791000649,
1456,short,137.21028600048157,128,6215.4685519999475,
1441,short,146.89058899966767,128,6225.480467001034,
1457,short,141.17674099907163,128,6216.788813999301,
1459,short,139.18707500124583,128,6218.44278700155,
1460,short,139.10459699764033,128,6218.772495998564,
1461,short,138.92027199835866,128,6218.889885996759,
1462,short,138.14664100209484,128,6216.179057002591,
1463,short,137.9157010014751,128,6216.25725299964,
1464,short,137.51511499867775,128,6216.082895,
1465,short,137.46018199890386,128,6219.371728999249,
1466,short,137.29926599989994,128,6219.503295000322,
1467,short,137.08958200004417,128,6219.526208999014,
1468,short,136.93601799968746,128,6219.610239000758,
1469,short,136.7272880015662,128,6219.634711000253,
1470,short,136.54190200031735,128,6219.734862999758,
1471,short,135.0937810020696,128,6218.529796002258,
1458,short,144.40458700119052,128,6227.882065002632,
1472,short,139.35006199972122,128,6215.762571999221,
1474,short,133.07847699979902,128,6214.7769189978135,
1475,short,132.89613899905817,128,6216.038392998598,
1476,short,132.73302000015974,128,6216.073421997862,
1477,short,132.86312700074632,128,6216.191464998701,
1478,short,132.77314999868395,128,6216.2408490003145,
1479,short,132.69554499856895,128,6216.284520000045,
1480,short,132.54259200039087,128,6216.262911999365,
1481,short,132.76662100179237,128,6216.386228003103,
1482,short,132.581192003272,128,6216.350341001089,
1483,short,127.6025010010926,128,6211.406334001367,
1473,short,144.1523719986435,128,6225.5656060006,
1485,short,138.51614799932577,128,6214.836258997821,
1486,short,138.31611100249575,128,6214.92202599984,
1487,short,138.1089200003771,128,6214.956307998364,
1488,short,137.92212000043946,128,6214.995749000082,
1489,short,135.09234099910827,128,6212.454729997262,
1490,short,134.740512999997,128,6215.309308998258,
1491,short,134.62934600102017,128,6215.48840000105,
1492,short,134.42298999871127,128,6215.52984599839,
1493,short,134.26054999945336,128,6215.6117129998165,
1494,short,134.08186900051078,128,6215.6755729993165,
1495,short,133.80630699975882,128,6215.620869999839,
1496,short,133.6942479974823,128,6215.739059000043,
1497,short,133.51604300260078,128,6215.769368001929,
1498,short,133.33791900004144,128,6215.801930000453,
1499,short,131.8513879996317,128,6214.56911399946,
1500,short,130.70404899917776,128,6213.669184002356,
1484,short,141.02176999949734,128,6223.8468089999515,
1501,short,145.73835500050336,128,6215.197130000888,
1502,short,143.14035999996122,128,6215.022611999302,
1503,short,141.9147820015496,128,6213.39012700264,
1504,short,139.1428659990197,128,6213.1192659981025,
1505,short,148.3640740007104,128,6213.47416700155,
1507,short,139.61776699943584,128,6216.85508399969,
1508,short,139.61496200136025,128,6216.956061998644,
1509,short,139.44718000129797,128,6216.9928240000445,
1510,short,139.31443199908244,128,6217.069040998467,
1511,short,138.76738000180922,128,6216.583424000419,
1506,short,141.24827599880518,128,6219.6640059992205,
1512,short,132.83319599941024,128,6216.940933998558,
1513,short,126.86722199941869,128,6213.071762002073,
1514,short,178.61289600114105,128,6267.748992002453,
1515,short,178.40752499978407,128,6267.829125001299,
1516,short,178.22497000088333,128,6267.969691998587,
1517,short,178.01422299817204,128,6267.992588000197,
1518,short,177.8600239995285,128,6268.079867000779,
1519,short,177.68351499762502,128,6268.123694997485,
1520,short,177.42245599947637,128,6268.088357999659,
1521,short,177.3158309988503,128,6269.744782999624,
1522,short,177.14019900085987,128,6269.813681999949,
1523,short,176.96441899897764,128,6269.853885001794,
1524,short,176.78958299802616,128,6269.894918998034,
1525,short,176.614789001178,128,6269.938156001444,
1526,short,176.44165900128428,128,6269.99576900198,
1527,short,176.2486350016843,128,6270.032092001202,
1528,short,176.0713699986809,128,6270.079510999494,
1529,short,175.8951240008173,128,6270.129740001721,
1530,short,175.68854600176564,128,6270.1437050018285,
1531,short,175.56283199883183,128,6270.23093599928,
1532,short,175.4114470022614,128,6270.278029001929,
1533,short,175.23660299775656,128,6270.320918996731,
1534,short,175.0685369988787,128,6270.365350999782,
1535,short,174.89464100071928,128,6270.427882998774,
1536,short,141.70750199991744,128,6230.8653720028815,
1538,short,138.39098300013575,128,6227.139769001951,
1539,short,142.98572700135992,128,6230.196298998635,
1540,short,143.32134199867141,128,6230.090221000864,
1541,short,144.32727500025067,128,6230.289686998731,
1542,short,144.10687499912456,128,6230.25051699733,
1543,short,143.73709999927087,128,6230.61910099932,
1544,short,143.57949799887137,128,6230.742822001048,
1545,short,143.35916900017764,128,6230.8751919990755,
1546,short,143.16177000000607,128,6230.923469996924,
1547,short,142.84392000263324,128,6230.778070999804,
1548,short,142.6120850010193,128,6230.738599999313,
1549,short,142.3774790018797,128,6230.678727999475,
1550,short,142.06242799991742,128,6230.536776998633,
1551,short,141.86605500071892,128,6230.50731100011,
1552,short,141.13609500054736,128,6229.946307001228,
1537,short,150.8504699995683,128,6240.152582999144,
1553,short,140.46992899966426,128,6234.9108700000215,
1555,short,137.18816799882916,128,6229.112906999944,
1556,short,137.0422639993194,128,6229.802456000471,
1557,short,136.70387100137305,128,6229.837613998825,
1558,short,136.4094730015495,128,6229.896443001053,
1559,short,137.93673599866452,128,6230.256804999954,
1560,short,134.42723699699854,128,6227.078873998835,
1561,short,134.22386500315042,128,6227.870500002609,
1562,short,134.00111400187598,128,6228.103498000564,
1563,short,133.73143499848084,128,6228.177606000827,
1564,short,133.50610899942694,128,6228.401002997998,
1565,short,133.1910170010815,128,6228.4276870013855,
1566,short,132.92774400179042,128,6228.619826000795,
1567,short,131.1262439994607,128,6227.293438001652,
1554,short,141.24973100115312,128,6242.467691001366,
1568,short,135.2171670005191,128,6233.184048000112,
1570,short,133.71116200141842,128,6229.13931900257,
1571,short,134.16239700018195,128,6230.138013001124,
1572,short,133.8737559999572,128,6230.093645001034,
1573,short,133.693128998857,128,6230.128454997612,
1574,short,133.46297199677792,128,6230.097980998835,
1575,short,133.22519400026067,128,6230.048123001325,
1576,short,132.92144400111283,128,6229.930284000147,
1577,short,132.73484599994845,128,6229.9360139986675,
1578,short,132.40055000278517,128,6229.789349999919,
1579,short,127.2495869998238,128,6224.953174998518,
1569,short,138.85949600080494,128,6238.478432998818,
1581,short,138.05728800070938,128,6232.745937999425,
1582,short,137.81099699917831,128,6232.839159998548,
1583,short,137.57871999769122,128,6232.929238998622,
1584,short,137.28298400019412,128,6232.837987001403,
1585,short,134.0214810006728,128,6229.771567999705,
1586,short,133.63942800060613,128,6229.613464001886,
1587,short,133.43759100098396,128,6232.203040002787,
1588,short,133.17777699921862,128,6232.224627998221,
1589,short,132.94276799933868,128,6232.206639997457,
1590,short,132.7155130020401,128,6232.171243002085,
1591,short,132.40698099980364,128,6232.053399999131,
1592,short,132.23761699919123,128,6232.113851001486,
1593,short,132.0191419981711,128,6232.086082000023,
1594,short,131.75708299968392,128,6232.008136998047,
1595,short,131.4005249987531,128,6231.834497000818,
1596,short,130.17895800294355,128,6230.848868999601,
1580,short,139.94063700010884,128,6240.739362001477,
1597,short,144.50298399970052,128,6232.358385001135,
1598,short,143.1683430018893,128,6235.00382900238,
1599,short,145.8994669992535,128,6233.4845879995555,
1600,short,142.842170997028,128,6233.076819997223,
1601,short,142.28858600108651,128,6235.320390998822,
1603,short,146.88656100042863,128,6233.77164500198,
1604,short,146.6448820028745,128,6233.9015120014665,
1605,short,146.3786849999451,128,6233.8568400009535,
1606,short,146.15833800053224,128,6233.848613999726,
1607,short,144.85500400041929,128,6232.736138998007,
1602,short,154.890207999415,128,6236.263830000098,
1608,short,138.52077000046847,128,6233.772933999717,
1609,short,134.4973539999046,128,6233.138244999282,
1611,short,129.55396799952723,128,6229.8430769988045,
1612,short,129.22490699929767,128,6229.8705499997595,
1613,short,128.98284399852855,128,6229.840020001575,
1614,short,128.70894499792485,128,6229.774097999325,
1615,short,128.49373299832223,128,6229.766068998288,
1616,short,128.24744299723534,128,6229.70653199809,
1617,short,126.4127729991742,128,6228.055558000051,
1618,short,126.20206100109499,128,6228.072655998403,
1619,short,125.97905999791692,128,6228.037782999309,
1620,short,125.75361900235293,128,6227.9976610007,
1621,short,125.52522399710142,128,6227.9653339974175,
1622,short,125.28657200164162,128,6227.910445002635,
1623,short,125.0477139983559,128,6227.855772998737,
1624,short,124.81397300143726,128,6227.803554000275,
1625,short,124.57997599994997,128,6227.751493999676,
1626,short,124.3488719992456,128,6227.701955998782,
1627,short,124.07784699826152,128,6227.612822000083,
1628,short,123.90550700001768,128,6227.592832001392,
1610,short,130.2357109998411,128,6234.104346000095,
1629,short,123.6940050002886,128,6227.744031999464,
1630,short,123.46487700051512,128,6227.697481001087,
1631,short,123.21875400084537,128,6227.633020000212,
1632,short,145.60942400203203,128,6232.732540000143,
1634,short,137.52594600009616,128,6229.335436000838,
1635,short,140.45748300122796,128,6232.613744999981,
1636,short,141.31387299858034,128,6232.587530001183,
1637,short,147.67451399893616,128,6232.8403199971945,
1638,short,146.92847799960873,128,6232.281220000004,
1639,short,146.51717800006736,128,6232.687043000624,
1640,short,146.2679530013702,128,6232.768665002368,
1641,short,146.01873900028295,128,6232.896210000035,
1642,short,145.83125900026062,128,6232.907904999593,
1643,short,145.57388100001845,128,6232.834913000261,
1644,short,145.38090000132797,128,6232.838719002757,
1645,short,145.19033599935938,128,6232.843205998506,
1646,short,144.950740999775,128,6232.798086999537,
1647,short,144.77850800176384,128,6232.826300001761,
1648,short,143.75125600054162,128,6231.997442002466,
1633,short,153.32018499975675,128,6241.740036002739,
1649,short,137.18118500037235,128,6232.527862997813,
1651,short,139.1778469987912,128,6231.996118000097,
1652,short,138.9379789980012,128,6232.710566997412,
1653,short,138.5620379987813,128,6232.735591001983,
1654,short,138.0200200001127,128,6232.484865002334,
1655,short,137.67364999876008,128,6232.715947997349,
1656,short,136.57679600146366,128,6231.962052999734,
1657,short,138.8850849980372,128,6232.626081997296,
1658,short,138.57464799730224,128,6232.761220999237,
1659,short,138.12080199932097,128,6232.645514999604,
1660,short,137.81164000101853,128,6232.828288000746,
1661,short,137.34871500128065,128,6232.750604001922,
1662,short,136.89144900126848,128,6232.728438000777,
1663,short,130.71702200250002,128,6231.035103999602,
1650,short,144.73993200226687,128,6245.337571999698,
1664,short,135.24563099781517,128,6232.4325859990495,
1666,short,134.5762310011196,128,6230.846317001124,
1667,short,135.07000199751928,128,6231.836380997265,
1668,short,134.81680199765833,128,6231.837593997625,
1669,short,134.68778999958886,128,6231.91374399903,
1670,short,134.5085199973255,128,6231.919053996535,
1671,short,134.33306899969466,128,6231.921728998714,
1672,short,134.09766299810144,128,6231.863143999362,
1673,short,133.992496997962,128,6231.920168997021,
1674,short,133.65140500172856,128,6231.760221002332,
1675,short,129.29216699922108,128,6227.61876399818,
1665,short,140.43272500202875,128,6239.770938002039,
1677,short,138.59727700037183,128,6230.927331998828,
1678,short,138.28565400035586,128,6230.915059997642,
1679,short,138.09199499883107,128,6230.95022599955,
1680,short,137.90374800009886,128,6230.960958000651,
1681,short,137.65726999918115,128,6230.94047399718,
1682,short,134.84740799685824,128,6228.386689999752,
1683,short,134.68537900189403,128,6231.012029002159,
1684,short,134.4845269995858,128,6231.049329002417,
1685,short,134.32506599929184,128,6231.088061002083,
1686,short,134.14272199952393,128,6231.09004700018,
1687,short,133.87438399877283,128,6231.017974001588,
1688,short,133.76388899996527,128,6231.107081999653,
1689,short,133.58789199992316,128,6231.111838002107,
1690,short,133.41375500021968,128,6231.116962000669,
1691,short,133.12320099794306,128,6231.004369998118,
1692,short,132.0054120005807,128,6231.209525001759,
1676,short,140.7417810005427,128,6240.003232000163,
1693,short,145.28913500180352,128,6232.68917400128,
1694,short,144.25818400195567,128,6232.427107999683,
1695,short,147.21435299725272,128,6231.925493997551,
1696,short,142.33566999973846,128,6233.564367001236,
1697,short,140.3178239997942,128,6231.730827999854,
1699,short,142.8035249991808,128,6230.025667002337,
1700,short,142.61513300152728,128,6230.150805000449,
1701,short,142.3955729987938,128,6230.144036999263,
1702,short,142.23674899767502,128,6230.177823999838,
1703,short,141.1819850000029,128,6229.305545002717,
1698,short,147.10842000204138,128,6232.166771002085,
1704,short,143.64830699923914,128,6234.067743997002,
1705,short,138.41300799685996,128,6234.131543998956,
1706,short,129.13868600298883,128,6230.64710700055,
1707,short,179.91937400074676,128,6280.626739000581,
1708,short,179.72031500175945,128,6280.710805000126,
1709,short,179.52061100004357,128,6280.709660000866,
1710,short,179.30996799987042,128,6280.683166998642,
1711,short,179.15747400184046,128,6280.759501998546,
1712,short,178.98229400088894,128,6280.773106998822,
1713,short,178.72049499783316,128,6280.722409999726,
1714,short,178.61132599864504,128,6280.852610001602,
1715,short,178.42471100084367,128,6280.861371000356,
1716,short,178.24760700023035,128,6280.865797998558,
1717,short,178.07390599773498,128,6280.870146998495,
1718,short,177.91095099892118,128,6280.870991999109,
1719,short,177.73774699890055,128,6280.875978998665,
1720,short,177.56385100074112,128,6280.879777001246,
1721,short,177.39141099809785,128,6280.894933999662,
1722,short,177.21848300061538,128,6280.899141998816,
1723,short,177.01691900219885,128,6280.871921000653,
1724,short,176.89079199772095,128,6280.92209299939,
1725,short,176.7184329983138,128,6280.926519000786,
1726,short,176.54498900083127,128,6280.929573000321,
1727,short,176.37131599985878,128,6280.933367997932,
1728,short,145.38460900075734,128,6241.79250400266,
1730,short,137.54043000153615,128,6238.716891002696,
1731,short,140.52505799918436,128,6241.842968000128,
1732,short,141.44830100121908,128,6241.794679001032,
1733,short,147.15143099965644,128,6242.030702000193,
1734,short,146.32745099879685,128,6241.392931999144,
1735,short,145.88254000045708,128,6241.128885998478,
1736,short,145.62949799801572,128,6241.056546998152,
1737,short,145.43232299911324,128,6241.038370997558,
1738,short,145.24852400063537,128,6241.032249999989,
1739,short,145.00462399882963,128,6240.965700999368,
1740,short,144.81357100157766,128,6241.602572001284,
1741,short,144.62520700180903,128,6241.730858000665,
1742,short,144.38377499755006,128,6241.748073000053,
1743,short,144.21504600250046,128,6241.859747002309,
1744,short,143.6631770011445,128,6241.56327899982,
1729,short,153.10224600034417,128,6251.318519000051,
1745,short,138.02231099907658,128,6243.087781000213,
1747,short,138.34143299754942,128,6242.052498997509,
1748,short,138.06971200028784,128,6242.626028000814,
1749,short,137.73130100162234,128,6242.653684999823,
1750,short,139.5027910002682,128,6242.408949001401,
1751,short,139.1714339988539,128,6242.673184999148,
1752,short,138.04567999977735,128,6241.8815290002385,
1753,short,137.747495999065,128,6242.517793001753,
1754,short,137.43179999801214,128,6242.636315997515,
1755,short,136.90377099919715,128,6242.445294999925,
1756,short,136.55236100021284,128,6242.519845000061,
1757,short,136.09111299956567,128,6242.42519299878,
1758,short,131.60682400121004,128,6238.3871839992935,
1759,short,130.1370629989833,128,6237.347014000989,
1746,short,144.1791019969969,128,6257.075746998453,
1760,short,135.01309600178502,128,6244.01684500117,
1762,short,135.04537799963146,128,6245.156917000713,
1763,short,135.58803299747524,128,6246.258707000379,
1764,short,135.3316340027959,128,6246.2482580012875,
1765,short,135.20789299946046,128,6246.316715998546,
1766,short,135.03020799907972,128,6246.324944997468,
1767,short,134.85261499954504,128,6246.388244002446,
1768,short,134.61424300112412,128,6246.333818002313,
1769,short,134.50800300051924,128,6246.448146997864,
1770,short,134.24414899782278,128,6246.377323997876,
1771,short,129.91311400037375,128,6242.286173001048,
1761,short,141.00187599979108,128,6254.998100997909,
1773,short,140.4685969973798,128,6245.0559769968095,
1774,short,140.24249899739516,128,6245.241087999602,
1775,short,140.03695599967614,128,6245.379527001205,
1776,short,139.8214039982122,128,6245.493378999527,
1777,short,139.51228400037508,128,6245.513181998831,
1778,short,136.65115800176864,128,6243.172449001577,
1779,short,136.5358919974824,128,6243.821293999645,
1780,short,136.3411130005261,128,6244.062435998785,
1781,short,136.18465699983062,128,6244.367847000831,
1782,short,135.987825000484,128,6244.551424999372,
1783,short,135.71779300036724,128,6244.618104999972,
1784,short,135.61381199906464,128,6245.126917998277,
1785,short,135.43539300007978,128,6245.32953599919,
1786,short,135.30369400177733,128,6248.306919998868,
1787,short,133.89045200165128,128,6247.119792999001,
1788,short,132.9050320018723,128,6246.347161999438,
1772,short,142.97100100156968,128,6256.223095002497,
1789,short,143.31869699890376,128,6241.428647997964,
1790,short,143.94420600001467,128,6240.878197997517,
1791,short,146.04481799688074,128,6240.338049999991,
1792,short,144.50434600075823,128,6239.984111998638,
1793,short,142.29628699831665,128,6238.847999997233,
1795,short,142.47646299918415,128,6240.051647000655,
1796,short,142.30139099890948,128,6240.139723002358,
1797,short,142.0848810012103,128,6240.171700999781,
1798,short,141.92678199833608,128,6240.241174000403,
1799,short,141.24464000269654,128,6239.783853001427,
1794,short,143.3508449990768,128,6242.073673998675,
1800,short,148.6480780004058,128,6238.632258999132,
1801,short,140.2477590017952,128,6239.1232769987255,
1802,short,134.46867899983772,128,6239.547405002668,
1804,short,135.95252000231994,128,6239.126518001285,
1805,short,135.75477399717784,128,6239.2082099977415,
1806,short,135.5709659983404,128,6239.270358997601,
1807,short,135.3159210011654,128,6239.230912000494,
1808,short,135.15220599947497,128,6239.29813200084,
1809,short,134.93947100141668,128,6239.304437000101,
1810,short,134.62874900142197,128,6239.215271998546,
1811,short,134.5025769987842,128,6239.395022999815,
1812,short,134.3212069987203,128,6239.445492999948,
1813,short,134.14396100051817,128,6239.497613001731,
1814,short,133.9671779969649,128,6239.546041997528,
1815,short,133.78984700102592,128,6239.591568002652,
1816,short,133.60334699973464,128,6239.6292080011335,
1817,short,133.4259569994174,128,6239.675084001647,
1818,short,133.24808499965002,128,6239.725784998882,
1819,short,133.06276299772435,128,6239.756995997595,
1820,short,132.84769099846017,128,6239.746281000407,
1803,short,136.754999999539,128,6243.877657998382,
1821,short,132.71612399694277,128,6240.068019997125,
1822,short,132.53786400309764,128,6240.80209100066,
1823,short,132.36048100225162,128,6240.869237000879,
1824,short,146.68888800224522,128,6235.924918000819,
1826,short,138.36774799710838,128,6233.6869449973165,
1827,short,141.28479699866148,128,6237.050023999473,
1828,short,142.1409449976636,128,6236.989477998577,
1829,short,149.69257100165123,128,6237.303937003162,
1830,short,149.513782998838,128,6237.35550299898,
1831,short,149.22925999781,128,6237.3129750012595,
1832,short,149.15130699955625,128,6237.512158000754,
1833,short,148.9739520002331,128,6237.550664998707,
1834,short,148.77745500052697,128,6237.580559998605,
1835,short,147.9054379997251,128,6236.94944500312,
1836,short,147.5964829987788,128,6236.936294997577,
1837,short,147.33534600236453,128,6236.931154002377,
1838,short,146.99197099980665,128,6236.837431999447,
1839,short,146.76580000013928,128,6236.877037998056,
1840,short,146.07713800069178,128,6236.451758999465,
1825,short,155.41409399884287,128,6246.0084529993765,
1841,short,138.88809600030072,128,6231.509034001647,
1843,short,139.61669900163542,128,6233.952336002403,
1844,short,139.37776400052826,128,6234.083790001023,
1845,short,139.04687600006582,128,6234.012370001437,
1846,short,138.4867300002952,128,6233.629664002365,
1847,short,138.1507390033221,128,6236.691544003406,
1848,short,139.57551999919815,128,6235.799948997737,
1849,short,139.3106989999069,128,6235.786126999301,
1850,short,138.99953199870652,128,6235.718947998976,
1851,short,138.55510800203774,128,6235.4868830007035,
1852,short,138.21258600000874,128,6235.372158000246,
1853,short,137.7424099991913,128,6235.120875000575,
1854,short,137.31229500262998,128,6234.932193001441,
1855,short,129.96347699663602,128,6227.827629998501,
1842,short,145.04562499860185,128,6243.43974599833,
1856,short,134.40833699860377,128,6232.896877998428,
1858,short,131.1022949994367,128,6230.588104001072,
1859,short,131.50577600026736,128,6231.5777969997725,
1860,short,131.2671119994775,128,6231.576115998905,
1861,short,131.1112269977457,128,6231.698369996593,
1862,short,130.9039700026915,128,6231.7275120003615,
1863,short,130.7127699983539,128,6231.762539999181,
1864,short,130.4094980005175,128,6231.762940002227,
1865,short,130.2594449989556,128,6231.867100999807,
1866,short,129.9654840004223,128,6231.819430002361,
1867,short,126.61184600074193,128,6227.059048000228,
1857,short,136.05299499977264,128,6240.385762997903,
1869,short,134.26864700159058,128,6232.566833001329,
1870,short,133.91610200051218,128,6232.476451001276,
1871,short,133.57746499968925,128,6232.373019996885,
1872,short,133.241031999205,128,6232.261713001208,
1873,short,132.66007699712645,128,6231.906288998289,
1874,short,131.77510599780362,128,6234.141213000839,
1875,short,131.37329399978626,128,6234.060031998524,
1876,short,130.9024309994129,128,6233.847612002137,
1877,short,130.52946699826862,128,6233.724937999796,
1878,short,130.1851229982276,128,6233.607673999359,
1879,short,129.48661399786943,128,6233.140977998119,
1880,short,129.13932200171985,128,6233.075926000311,
1881,short,125.9754669990798,128,6230.161879000661,
1882,short,125.73675499879755,128,6230.153770997276,
1883,short,125.41636300011305,128,6230.070632002025,
1884,short,124.33618300201488,128,6229.283712000324,
1868,short,136.25853800112964,128,6241.369228999247,
1885,short,142.42108799953712,128,6236.918030001107,
1886,short,141.6866649997246,128,6237.620036998123,
1887,short,146.46830199853866,128,6238.2045129998005,
1888,short,143.52327800224884,128,6237.973549999879,
1889,short,143.52828299888643,128,6239.062364002166,
1891,short,141.32315399911022,128,6239.6451300010085,
1892,short,141.08490899889148,128,6239.714359999198,
1893,short,140.82574699932593,128,6239.715946998331,
1894,short,140.60683299976517,128,6239.736870997149,
1895,short,140.0673200005258,128,6239.426086998719,
1890,short,141.885609999008,128,6241.6409559991735,
1896,short,147.53689200006193,128,6237.275614999817,
1897,short,140.2280479996989,128,6237.520042999677,
1898,short,133.21400199856726,128,6237.515849999909,
1900,short,131.17020899881027,128,6237.62991699914,
1901,short,130.91809500110685,128,6237.651676001406,
1902,short,130.69585299672326,128,6237.712554997415,
1903,short,130.4325479977706,128,6237.682523998956,
1904,short,130.22031200307538,128,6237.7181370029575,
1905,short,129.99087700154632,128,6237.715008999658,
1906,short,129.60796599872992,128,6237.559484998201,
1907,short,129.4079330000386,128,6237.659812999482,
1908,short,129.17039199965075,128,6237.658908998128,
1909,short,128.937016997952,128,6237.670523998531,
1910,short,128.70503700105473,128,6237.670315000287,
1911,short,128.4725259974948,128,6237.664352996944,
1912,short,128.23941399983596,128,6237.661099999968,
1913,short,128.00419500126736,128,6237.652273001004,
1914,short,127.78089800121961,128,6237.7265360009915,
1915,short,127.54434599992237,128,6237.718796997797,
1916,short,127.31254300160799,128,6237.711595000292,
1899,short,132.1570949985471,128,6243.5374169981515,
1917,short,174.32976200143457,128,6275.3139560009,
1918,short,173.41354900054284,128,6274.630448002426,
1919,short,173.1654279974464,128,6274.619400999654,
1920,short,142.40714100014884,128,6247.783912000159,
1922,short,135.80857299893978,128,6241.899603999627,
1923,short,140.22296699840808,128,6243.3532619979815,
1924,short,140.4978979990119,128,6243.304644998716,
1925,short,141.45047900092322,128,6243.589735000569,
1926,short,141.21370899738395,128,6243.575993998093,
1927,short,140.83973900051205,128,6243.407390000357,
1928,short,140.74326699847006,128,6243.524580000667,
1929,short,140.5211439996492,128,6243.551763000141,
1930,short,140.28367699938826,128,6244.517942999664,
1931,short,139.94309199915733,128,6244.416863999504,
1932,short,139.70103900282993,128,6244.417179001175,
1933,short,139.46148199829622,128,6244.420228998933,
1934,short,139.1641400005028,128,6244.355522998376,
1935,short,138.93707399984123,128,6244.37442099952,
1936,short,138.38741599829518,128,6244.0517590002855,
1921,short,147.68871199703426,128,6253.478189999441,
1937,short,141.5502110030502,128,6246.57196300177,
1939,short,139.5254909984942,128,6246.475750998798,
1940,short,139.40173299852177,128,6246.731413000816,
1941,short,139.17012700039777,128,6247.712582000531,
1942,short,135.8200319991738,128,6244.569162998232,
1943,short,137.31478800036712,128,6244.655054000759,
1944,short,136.8736500007799,128,6244.4964650021575,
1945,short,136.7079570009082,128,6244.650954999088,
1946,short,136.4992880007776,128,6244.72466899897,
1947,short,136.23816700055613,128,6244.695946999855,
1948,short,136.02506000097492,128,6244.740767000621,
1949,short,135.7523830010905,128,6244.70089299939,
1950,short,135.49050200163038,128,6244.690851002815,
1951,short,133.8274330009881,128,6243.281017999834,
1938,short,143.02896300068824,128,6254.224822001561,
1952,short,136.81900700248661,128,6248.384734000865,
1954,short,136.1766929985606,128,6248.7380120001035,
1955,short,136.73295800253982,128,6249.420492000354,
1956,short,136.4039749969379,128,6249.358850996941,
1957,short,136.2138939985016,128,6249.422856999445,
1958,short,135.9894870001881,128,6249.435008001456,
1959,short,135.68685300197103,128,6249.364472001616,
1960,short,135.38399800017942,128,6249.29353799962,
1961,short,135.1874109968776,128,6249.393628997495,
1962,short,134.86064999960945,128,6249.307427999156,
1963,short,130.15133999942918,128,6246.259701998497,
1953,short,141.00021600097534,128,6257.117825000023,
1965,short,140.71687899922836,128,6247.9987280021305,
1966,short,140.4922669971711,128,6248.940192999726,
1967,short,140.27057800194598,128,6248.9996629992675,
1968,short,140.0484799996775,128,6249.009867999121,
1969,short,136.89806899856194,128,6246.092250999936,
1970,short,136.53560599777848,128,6245.993075001024,
1971,short,136.34874800118268,128,6246.139593000407,
1972,short,136.1007449995668,128,6246.140450002713,
1973,short,135.88946599702467,128,6246.165489999839,
1974,short,135.65913499769522,128,6246.152873998653,
1975,short,135.32320100057404,128,6246.048578999762,
1976,short,135.13433200205327,128,6246.13550399954,
1977,short,134.9041440007568,128,6246.134839999286,
1978,short,134.66617399899405,128,6246.122332999221,
1979,short,134.31213200237835,128,6245.993076001469,
1980,short,133.14821500171092,128,6246.014591000858,
1964,short,142.12228399992455,128,6255.676191998646,
1981,short,143.70430300186854,128,6246.616725002241,
1982,short,141.89177300067968,128,6246.249275998707,
1983,short,147.8294549997372,128,6247.413865999988,
1984,short,143.52651700028218,128,6247.629923000204,
1985,short,142.84866099842475,128,6247.1317059971625,
1987,short,139.00815799934207,128,6245.864469998196,
1988,short,138.76608300051885,128,6245.901222002431,
1989,short,138.5095990008267,128,6245.903569000802,
1990,short,138.294713000505,128,6245.937780000531,
1991,short,137.74987299984787,128,6245.6313769980625,
1986,short,140.56981799876667,128,6248.575066001649,
1992,short,148.17218000098364,128,6246.417187001498,
1993,short,141.600027000095,128,6247.363205999136,
1994,short,134.01007699940237,128,6248.460533999605,
1996,short,132.340939999267,128,6248.560267998982,
1997,short,132.0572889999312,128,6248.566303998814,
1998,short,131.82451499960735,128,6248.588547001418,
1999,short,131.56145500033745,128,6248.544269001286,
2000,short,131.34993100175052,128,6248.576175003109,
2001,short,131.12248399920645,128,6248.591064999346,
2002,short,130.78033999772742,128,6248.486201999185,
2003,short,130.5844540001999,128,6248.517478001304,
2004,short,130.33873300082632,128,6248.5063830026775,
2005,short,130.1065160005237,128,6248.50715499997,
2006,short,129.8797339986777,128,6248.514860999421,
2007,short,129.64958399970783,128,6248.542608998832,
2008,short,129.42302900046343,128,6248.552782999468,
2009,short,129.12362900169683,128,6248.488332003035,
2010,short,128.89514999915264,128,6248.491911999736,
2011,short,128.66853900050046,128,6248.498297998594,
2012,short,127.3009880023892,128,6247.3541050021595,
1995,short,133.27451599980122,128,6253.568807998818,
2014,short,137.49767199988128,128,6247.766962998867,
2015,short,137.259652998182,128,6247.788903998298,
2013,short,138.22101899859263,128,6248.959740998544,
2016,short,141.17546600027708,128,6262.349784003163,
2018,short,139.07393599947682,128,6260.853571999178,
2019,short,141.33709399902727,128,6264.1132949975145,
2020,short,141.62851799846976,128,6263.971887998196,
2021,short,142.5730509981804,128,6264.185029998771,
2022,short,142.3707510002714,128,6264.164919000905,
2023,short,142.04462099951343,128,6264.051948997803,
2024,short,141.91586499873665,128,6264.731201001268,
2025,short,141.5630979972775,128,6263.888061999751,
2026,short,141.33858399873134,128,6263.847914000507,
2027,short,141.0477899989928,128,6263.731184997596,
2028,short,140.82270200015046,128,6263.672868000867,
2029,short,140.59644900044077,128,6263.618619999761,
2030,short,140.29471200046828,128,6263.495169001544,
2031,short,140.11211400065804,128,6263.4736629988765,
2032,short,139.56102200245368,128,6263.100841002597,
2017,short,147.757372000342,128,6271.475547000591,
2033,short,140.80623499830835,128,6264.127668000583,
2035,short,141.1611349976738,128,6264.143962998787,
2036,short,140.11175700215972,128,6263.431280000077,
2037,short,139.8601199980476,128,6263.381476997893,
2038,short,140.1400750000903,128,6263.218498002971,
2039,short,139.9029280000832,128,6263.231598997663,
2040,short,139.47251900026458,128,6262.9892920012935,
2041,short,139.28917700104648,128,6265.784107999934,
2042,short,139.07448399913847,128,6265.821821001737,
2043,short,138.80294800037518,128,6265.746068998851,
2044,short,138.58771399827674,128,6265.731398998469,
2045,short,138.32302300215815,128,6265.655454000807,
2046,short,138.06950799698825,128,6265.605374999723,
2047,short,135.64796900027432,128,6263.38492099967,
2034,short,144.41113800057792,128,6271.969477998937,
2048,short,134.93817700145883,128,6264.606204000302,
2050,short,134.38648099690909,128,6263.071830999252,
2051,short,134.33880400043563,128,6264.3342619994655,
2052,short,134.05501200031722,128,6264.302638002846,
2053,short,133.8831820030464,128,6264.328303001093,
2054,short,133.6600710019411,128,6264.287740999862,
2055,short,133.4267579986772,128,6264.235550999729,
2056,short,133.09476200083736,128,6264.0837260005355,
2057,short,133.3794800011674,128,6264.091152002948,
2058,short,131.68440099980216,128,6262.5816949985165,
2059,short,129.2871749974438,128,6260.4283209984715,
2049,short,137.61523299763212,128,6271.788869999,
2061,short,135.42663699990953,128,6263.559806000558,
2062,short,135.14768700042623,128,6263.618867000332,
2063,short,134.91104799686582,128,6263.593016999948,
2064,short,134.67753900113166,128,6263.62609500211,
2065,short,134.37640299889608,128,6263.620838999486,
2066,short,133.9865150002879,128,6263.4733880004205,
2067,short,134.47123500009184,128,6266.037166999013,
2068,short,134.2467129979923,128,6266.060166999523,
2069,short,134.04781500139507,128,6266.073685001174,
2070,short,133.81760199990822,128,6266.034044998378,
2071,short,133.49263000054634,128,6265.898681998806,
2072,short,133.31037600073614,128,6265.946933002851,
2073,short,133.08545799736748,128,6265.930544999719,
2074,short,132.858851000492,128,6265.892721003183,
2075,short,131.5946439972322,128,6264.813293997577,
2076,short,130.3828629970667,128,6263.8447459976305,
2060,short,138.32888200340676,128,6272.325304002152,
2077,short,144.5014760029153,128,6264.455307002208,
2078,short,142.78710600046907,128,6265.006093999546,
2079,short,146.2639860001218,128,6266.613237003185,
2080,short,141.83772899923497,128,6266.52435700089,
2081,short,142.81371399920317,128,6266.838363000716,
2083,short,141.84879799722694,128,6264.751539998542,
2084,short,141.6090799975791,128,6264.856472997053,
2085,short,141.34674400338554,128,6264.808436000749,
2086,short,141.1253639998904,128,6264.795630999288,
2087,short,139.87801900293562,128,6263.741086000664,
2082,short,143.22392699978082,128,6267.634530999203,
2088,short,153.67613499984145,128,6265.971962999174,
2089,short,142.25434300169582,128,6265.750427999592,
2090,short,135.15795500279637,128,6264.8923990018375,
2092,short,134.7692380004446,128,6263.654193997354,
2093,short,134.51727099891286,128,6263.694541001314,
2094,short,134.29980499859084,128,6263.682476001122,
2095,short,134.030844001245,128,6263.605305000965,
2096,short,133.81463200130383,128,6263.594539999758,
2097,short,133.57729799827212,128,6263.546097001381,
2098,short,133.30884800234344,128,6263.462894999975,
2099,short,133.1157679996977,128,6263.460826998198,
2100,short,132.88527199983946,128,6263.419839000562,
2101,short,132.6522239978658,128,6263.384802998189,
2102,short,132.39360399893485,128,6263.369891999901,
2103,short,132.15780500104302,128,6263.326879998203,
2104,short,131.92412799980957,128,6263.281121002365,
2105,short,131.6932480003743,128,6263.237126000604,
2106,short,131.4600559999235,128,6263.190921999922,
2107,short,131.23840999833192,128,6263.1532449995575,
2108,short,130.63161899845,128,6262.780893997842,
2091,short,135.370944000897,128,6267.711256001348,
2110,short,138.17632499922183,128,6264.437944999372,
2111,short,137.52611200106912,128,6264.091679000558,
2109,short,138.65764799993485,128,6265.630564001185,
2112,short,143.53821899931063,128,6262.960674001079,
2114,short,139.17353600118076,128,6257.5626370016835,
2115,short,142.9120030006743,128,6260.798724000779,
2116,short,143.18150699909893,128,6260.751468002127,
2117,short,143.95822499864153,128,6261.565377997613,
2118,short,143.2364249994862,128,6261.210053999093,
2119,short,142.80326700099977,128,6260.971992000123,
2120,short,142.53772099982598,128,6260.903916998359,
2121,short,142.33656199940015,128,6260.900330998993,
2122,short,142.15211799819372,128,6260.897832999035,
2123,short,141.9097670004703,128,6260.834704000445,
2124,short,141.72019700345118,128,6260.835826000402,
2125,short,141.5270710022014,128,6260.833190000994,
2126,short,141.2878789997194,128,6260.781072996906,
2127,short,141.11806399887428,128,6260.846081000636,
2128,short,140.64400300048874,128,6260.573772000498,
2113,short,149.80564399957075,128,6269.929652000428,
2129,short,141.33340100306668,128,6264.437150002777,
2131,short,139.36535800166894,128,6261.032176000299,
2132,short,139.2879719969642,128,6261.811164997198,
2133,short,139.09945599880302,128,6261.988746999123,
2134,short,138.90135200199438,128,6262.094755002181,
2135,short,138.70995999968727,128,6262.4820889977855,
2136,short,135.62943700162577,128,6259.7455750001245,
2137,short,138.13524799843435,128,6260.600508998323,
2138,short,137.9739010008052,128,6260.877390002861,
2139,short,137.76482500179554,128,6261.006025000825,
2140,short,137.60814900160767,128,6261.281516999588,
2141,short,137.39847100077895,128,6261.418432000937,
2142,short,137.21329100008006,128,6261.69483600097,
2143,short,135.910770000919,128,6260.814328001288,
2130,short,144.30801100024837,128,6277.08168600293,
2144,short,135.69565500074532,128,6261.493268000777,
2146,short,132.07319599678158,128,6259.681613999419,
2147,short,132.43418599813594,128,6260.843380998267,
2148,short,132.1892209998623,128,6260.846227000002,
2149,short,132.0618050012854,128,6260.917258998234,
2150,short,131.8800459994236,128,6260.9208739995665,
2151,short,131.69998200100963,128,6260.920763001195,
2152,short,131.45880599768134,128,6260.859579997486,
2153,short,131.35496199902263,128,6260.921357999905,
2154,short,131.08677600030205,128,6260.83619000201,
2155,short,128.9941240029293,128,6256.876102001115,
2145,short,138.01217500076746,128,6269.878235998476,
2157,short,140.4176620017097,128,6260.4368639986205,
2158,short,140.2189170003112,128,6260.748559998319,
2159,short,139.96126799975173,128,6260.878267999942,
2160,short,139.6752379987447,128,6260.9410069999285,
2161,short,139.41286000044784,128,6261.027807002392,
2162,short,136.64007700208458,128,6258.843618001265,
2163,short,136.53451099889935,128,6259.503055996902,
2164,short,136.33714699972188,128,6259.763478999957,
2165,short,136.17710399921634,128,6260.049679996882,
2166,short,136.00033200054895,128,6260.203505000391,
2167,short,135.7315919995017,128,6260.285133001162,
2168,short,135.6012500000361,128,6260.7762059997185,
2169,short,135.42057599988766,128,6260.937832001218,
2170,short,135.2425429977302,128,6266.9273920000705,
2171,short,134.9510999971244,128,6266.876613997738,
2172,short,134.0062109993596,128,6266.13065499987,
2156,short,142.4527900016983,128,6274.773888002528,
2173,short,146.64033300141455,128,6261.90235499962,
2174,short,144.59643000009237,128,6263.946660001238,
2175,short,144.93925100032357,128,6261.289222002233,
2176,short,140.18622399817104,128,6261.287078999885,
2177,short,141.83037299881107,128,6261.217021998164,
2179,short,141.60896600151318,128,6263.306567001564,
2180,short,141.42886999979964,128,6263.515521000954,
2181,short,141.2168440001551,128,6263.561141000537,
2182,short,141.05642400318175,128,6263.59856199997,
2183,short,139.55494699985138,128,6262.280847997317,
2178,short,143.52224200047203,128,6265.930468998704,
2184,short,151.39843200086034,128,6263.06233500145,
2185,short,142.36064899887424,128,6263.604061998194,
2186,short,134.83833799909917,128,6261.273110001639,
2188,short,133.92079699769965,128,6260.675829998945,
2189,short,133.7256590013567,128,6260.744319999503,
2190,short,133.54304099993897,128,6260.773292000522,
2191,short,133.3311220005271,128,6260.7485330008785,
2192,short,133.17623699913383,128,6260.779463002109,
2193,short,133.00036899818224,128,6260.7816199997615,
2194,short,132.77540800118004,128,6260.731499001849,
2187,short,134.45948899970972,128,6262.616986001376,
2195,short,132.65367100029835,128,6261.004894000507,
2196,short,132.47496300027706,128,6261.009723002644,
2197,short,132.23947399819735,128,6260.950559000776,
2198,short,132.05440300225746,128,6260.942918001092,
2199,short,131.87456200103043,128,6260.938273000647,
2200,short,131.69618200117839,128,6260.9348709993355,
2201,short,131.5175800009456,128,6260.942295000859,
2202,short,131.3415829972655,128,6260.939591997158,
2203,short,131.11429100172245,128,6260.884273000556,
2204,short,130.9309719981684,128,6260.934092999378,
2205,short,142.97857899873634,128,6261.944435998885,
2206,short,142.68904300115537,128,6261.9373420020565,
2207,short,142.1142229992256,128,6261.563254000066,
2208,short,146.71105600064038,128,6257.757470997603,
2210,short,139.55374600118375,128,6256.861611000204,
2211,short,142.4806120012363,128,6260.2124369987,
2212,short,142.6484959993104,128,6259.461264999118,
2213,short,145.64811300078873,128,6259.722553000756,
2214,short,145.45567499953904,128,6259.769106000022,
2215,short,145.1478600029077,128,6259.685828001238,
2216,short,145.05637500042212,128,6259.830115002842,
2217,short,144.8756220015639,128,6259.855704000074,
2218,short,144.6955829997023,128,6259.952765001799,
2219,short,144.45599199825665,128,6259.9843429998145,
2220,short,144.26625700070872,128,6260.047368003143,
2221,short,144.07604500229354,128,6260.119554000994,
2222,short,143.79173899942543,128,6260.088768998685,
2223,short,143.6119089994463,128,6260.14604500233,
2224,short,149.29847299936228,128,6259.916667997459,
2209,short,158.94540800218238,128,6269.963860999269,
2225,short,141.51103000040166,128,6256.062199998269,
2227,short,138.99601999946753,128,6258.0005080017145,
2228,short,138.75889599876245,128,6258.0886609976005,
2229,short,138.4076680005819,128,6257.982021001226,
2230,short,137.87445400157594,128,6257.625408001331,
2231,short,139.97459600068396,128,6260.720517999289,
2232,short,138.87261099807802,128,6259.826470999542,
2233,short,138.58755299952463,128,6259.807583999645,
2234,short,138.27490299809142,128,6259.74013099767,
2235,short,137.80960099757067,128,6259.4969349993335,
2236,short,137.4976679981046,128,6259.462989000895,
2237,short,137.01060699895606,128,6259.2026780002925,
2238,short,136.57640400197124,128,6259.010391000629,
2239,short,127.62284800191992,128,6250.316494999424,
2226,short,144.2812610002875,128,6267.47821599929,
2240,short,137.6472840020142,128,6258.262654002465,
2242,short,132.805045999703,128,6256.377572997735,
2243,short,133.14041000194266,128,6257.43419599894,
2244,short,132.89498499943875,128,6257.4531709979055,
2245,short,132.76776999919093,128,6257.565709998744,
2246,short,132.58922300155973,128,6257.624840000062,
2247,short,132.4101200007135,128,6257.668253998418,
2248,short,132.1699770014675,128,6257.647420003195,
2249,short,132.0615340009681,128,6257.75587300086,
2250,short,131.7888520025008,128,6257.712234000792,
2251,short,128.7836849987798,128,6252.792675000819,
2241,short,138.67708599718753,128,6266.143978999025,
2253,short,139.48225500280387,128,6259.838094003499,
2254,short,139.0966449980624,128,6259.798917999433,
2255,short,138.73728600083268,128,6259.719086003315,
2256,short,138.39926900254795,128,6259.604487000615,
2257,short,137.75733000147738,128,6259.184816000925,
2258,short,136.90774299902841,128,6261.589808997087,
2259,short,136.5460670022003,128,6261.525202000485,
2260,short,136.1015930015128,128,6261.327860000165,
2261,short,135.79053600187763,128,6261.2690280002425,
2262,short,135.44039399857866,128,6261.142814997584,
2263,short,134.75021200065385,128,6260.655478003173,
2264,short,134.48093600163702,128,6260.6141090000165,
2265,short,128.3110630029114,128,6254.677209002693,
2266,short,128.07398199947784,128,6254.674211999372,
2267,short,127.74449199787341,128,6254.575416998705,
2268,short,126.79441100044642,128,6253.897766000591,
2252,short,142.2072860004846,128,6269.143859997712,
2269,short,146.02909200038994,128,6259.180281998852,
2270,short,141.55091599968728,128,6257.308120999369,
2271,short,147.00345900200773,128,6257.266511001944,
2272,short,142.11902299939538,128,6257.7756339996995,
2273,short,142.99755499814637,128,6257.375335000688,
2275,short,139.14857800045866,128,6254.943535001075,
2276,short,138.92151599793578,128,6254.992402999051,
2277,short,138.699759998417,128,6255.0152049989265,
2278,short,138.5438420002174,128,6255.090839997138,
2279,short,137.48196899905452,128,6254.265307998139,
2274,short,141.1146850005025,128,6258.347448001587,
2280,short,149.0786720023607,128,6257.33613200282,
2281,short,140.64500799941015,128,6261.581488000957,
2282,short,133.97848900058307,128,6260.797658000229,
2284,short,138.80163000067114,128,6259.927504001098,
2285,short,138.67327600019053,128,6260.025626997958,
2286,short,138.56963499711128,128,6260.086439997394,
2287,short,138.44097199762473,128,6260.1000379982,
2288,short,138.45228100035456,128,6260.144580002816,
2289,short,138.36205899860943,128,6260.151620997931,
2290,short,138.19798099939362,128,6260.080210999149,
2283,short,140.04566600124235,128,6261.945418998948,
2291,short,138.3010280005692,128,6260.2924940001685,
2292,short,138.20058600322227,128,6260.286810000252,
2293,short,139.14357000248856,128,6260.284756001056,
2294,short,138.97830600035377,128,6260.280095997587,
2295,short,138.80900999720325,128,6260.279824997269,
2296,short,138.62663799955044,128,6260.268894999172,
2297,short,138.45361000130652,128,6260.267097000906,
2298,short,138.28202200238593,128,6260.265994002111,
2299,short,138.11397700192174,128,6260.32283600216,
2300,short,137.88255299732555,128,6260.273798998242,
2301,short,149.77322400227422,128,6258.080147999863,
2302,short,149.5158559991978,128,6258.084392997262,
2303,short,149.31992000128957,128,6258.083059001365,
2304,short,142.7237759999116,128,6250.289256000542,
2306,short,137.8494460004731,128,6249.727814003563,
2307,short,142.27504299924476,128,6250.885327001015,
2308,short,142.6013630007219,128,6250.771461000113,
2309,short,143.5677859990392,128,6250.942454000324,
2310,short,143.34936500017648,128,6250.9206729992,
2311,short,143.0268839976634,128,6250.774237996666,
2312,short,142.93916300084675,128,6250.858291998156,
2313,short,142.6668249987415,128,6250.761330000387,
2314,short,142.4006349989213,128,6250.667448999593,
2315,short,142.09223299985752,128,6250.530692999746,
2316,short,141.85149400145747,128,6251.197804002004,
2317,short,141.6120520007098,128,6251.174521999928,
2318,short,141.3464209981612,128,6251.089511999453,
2319,short,141.1270329990657,128,6251.0431409973535,
2320,short,139.81723899996723,128,6249.962894002238,
2305,short,150.42294600061723,128,6260.277862998919,
2321,short,143.221154998173,128,6254.078070000105,
2323,short,140.1725140021881,128,6256.613739002205,
2324,short,140.06740400145645,128,6256.843792001746,
2325,short,139.83898500009673,128,6256.82951699855,
2326,short,136.4219419992878,128,6254.514730000665,
2327,short,137.92056899910676,128,6254.607654998836,
2328,short,137.47737299854634,128,6254.3519959981495,
2329,short,137.3134770001343,128,6254.458949999389,
2330,short,137.09860900053172,128,6254.4548389996635,
2331,short,136.78741300100228,128,6254.335162000643,
2332,short,136.56531200103927,128,6254.3174419988645,
2333,short,136.2922049993358,128,6254.23184399915,
2334,short,136.0158470015449,128,6254.158523999649,
2335,short,134.4372560015472,128,6252.783248000924,
2322,short,143.55865700053982,128,6263.305372001923,
2336,short,136.23726199875819,128,6257.557729997643,
2338,short,135.17247900017537,128,6255.934351996984,
2339,short,135.5790519992297,128,6256.584014998225,
2340,short,135.29867900069803,128,6256.542086000991,
2341,short,135.130062000826,128,6256.570246001502,
2342,short,134.9030989986204,128,6256.535214000905,
2343,short,134.67733099969337,128,6256.494500001281,
2344,short,134.38017299995408,128,6256.378925001627,
2345,short,134.19481800156063,128,6256.444585000281,
2346,short,133.8714740013529,128,6256.31386600071,
2347,short,130.8592800014594,128,6254.327937000198,
2337,short,140.05295000242768,128,6264.334031002363,
2349,short,140.17381700250553,128,6254.817783003091,
2350,short,139.8956310003996,128,6254.881657001533,
2351,short,139.6670340000128,128,6254.956983000739,
2352,short,139.43859000210068,128,6255.022978002671,
2353,short,136.09939700108953,128,6251.99476799753,
2354,short,135.71110900011263,128,6252.053345000604,
2355,short,135.50239299729583,128,6252.485492997948,
2356,short,135.2446479977516,128,6252.613217999169,
2357,short,135.03139599924907,128,6252.774804997898,
2358,short,134.82092399863177,128,6252.85858999996,
2359,short,134.51370199982193,128,6252.841156998329,
2360,short,134.3219059999683,128,6253.155984999466,
2361,short,134.08098599757068,128,6253.268243999628,
2362,short,133.84295399737312,128,6253.343811997183,
2363,short,133.46759300111444,128,6253.26779900206,
2364,short,132.28428099682787,128,6252.66093999744,
2348,short,141.59892500174465,128,6264.572395000869,
2365,short,144.13236499967752,128,6255.085457996756,
2366,short,141.95013100106735,128,6255.3352850009105,
2367,short,145.83019000201602,128,6257.170096003392,
2368,short,141.68275599877234,128,6258.087682999758,
2369,short,147.40680599788902,128,6257.72688899815,
2371,short,143.52597600009176,128,6256.665667999187,
2372,short,143.30967700152542,128,6256.766367001546,
2373,short,143.04894999804674,128,6256.710318000842,
2374,short,142.83607600009418,128,6256.691573002172,
2375,short,141.02589799949783,128,6255.064051998488,
2370,short,145.34630799971637,128,6259.067900002265,
2376,short,152.36515699871234,128,6255.996176998451,
2377,short,137.23258200116106,128,6250.680740999087,
2378,short,142.09234200097853,128,6253.402787002415,
2380,short,136.38611500209663,128,6253.768980001041,
2381,short,136.14190599764697,128,6253.789538001001,
2382,short,135.91875299971434,128,6253.760162999242,
2383,short,135.6972199973825,128,6253.7204820000625,
2384,short,135.53992200104403,128,6253.748469000129,
2385,short,135.3618409993942,128,6253.748335002456,
2386,short,135.1547180020134,128,6253.716531999089,
2387,short,135.00263500100118,128,6253.747104998183,
2388,short,134.82779400146683,128,6253.748913000891,
2389,short,134.6548649999022,128,6253.75267599884,
2390,short,134.48236800104496,128,6253.768201000639,
2391,short,134.3078299978515,128,6253.771978997975,
2392,short,134.13319099709042,128,6253.773770997213,
2393,short,133.96017100239987,128,6253.775097000471,
2394,short,133.788099999947,128,6253.77723299971,
2395,short,133.56073400063906,128,6253.721308999957,
2396,short,133.37240999680944,128,6253.699353997945,
2379,short,137.5181479997991,128,6258.126341999741,
2397,short,142.78030599962221,128,6256.785040997784,
2398,short,142.50231200276176,128,6256.837269000243,
2399,short,142.3059420012578,128,6256.850427002064,
2400,short,146.1345319985412,128,6263.409654999123,
2402,short,143.6947020010848,128,6257.598980002513,
2403,short,145.73115299936035,128,6258.809553000901,
2404,short,145.97122000122909,128,6258.780112002569,
2405,short,146.73236399903544,128,6258.999554000184,
2406,short,146.55300099911983,128,6259.005555999465,
2407,short,146.26406000024872,128,6258.89674499922,
2408,short,146.1842649987375,128,6259.004529001686,
2409,short,146.00780600085272,128,6259.029804998136,
2410,short,145.83316100106458,128,6259.918404000928,
2411,short,144.86622600088594,128,6259.178191998217,
2412,short,144.64091099944199,128,6259.192114997859,
2413,short,145.15731299979961,128,6259.194299000228,
2414,short,144.92546999827027,128,6259.1493769978115,
2415,short,144.69672500126762,128,6259.11672300208,
2416,short,143.94545699906303,128,6258.557528999518,
2401,short,151.09010100059095,128,6265.929645000142,
2417,short,146.0821559994656,128,6258.340908996615,
2419,short,140.19382699916605,128,6254.959686000802,
2420,short,140.12105399888242,128,6255.210635998083,
2421,short,139.023626998096,128,6255.094675998407,
2422,short,139.3915549997473,128,6255.007357998693,
2423,short,139.20597500327858,128,6255.076458000985,
2424,short,138.82955799999763,128,6254.887597999186,
2425,short,138.79106999957003,128,6255.032193999796,
2426,short,138.63261000005878,128,6255.062342999736,
2427,short,138.42464199842652,128,6255.035976999352,
2428,short,138.26891899952898,128,6255.064381999546,
2429,short,138.05882800079416,128,6255.0956519989995,
2430,short,137.87206299821264,128,6255.101290997118,
2431,short,135.86867300182348,128,6253.283951002231,
2418,short,144.7276119979506,128,6261.881780999829,
2432,short,134.98876499943435,128,6256.4656479989935,
2434,short,133.9998570001626,128,6255.913107997912,
2435,short,133.96514700070838,128,6256.5541139993,
2436,short,133.71497100160923,128,6256.541769998876,
2437,short,133.58724099816754,128,6256.611000000703,
2438,short,133.40848200095934,128,6256.619479001529,
2439,short,133.23201300227083,128,6256.625657999393,
2440,short,132.93510299990885,128,6256.509326001833,
2441,short,133.31105199904414,128,6256.582581001567,
2442,short,130.60556699929293,128,6254.105692998564,
2443,short,128.99697999819182,128,6254.005568000139,
2433,short,137.8546109990566,128,6262.960148000275,
2445,short,138.59860700176796,128,6258.421196998825,
2446,short,138.30359799976577,128,6258.4133759992255,
2447,short,138.01748400146607,128,6258.375859000807,
2448,short,137.71395900039352,128,6258.278589997644,
2449,short,137.23699399997713,128,6259.042081001098,
2450,short,136.5701499998977,128,6258.625704998849,
2451,short,136.30098800058477,128,6258.625624002889,
2452,short,135.94156600083807,128,6258.473673999106,
2453,short,135.678441998607,128,6258.406502998696,
2454,short,135.39479600149207,128,6258.347465001862,
2455,short,134.80959099979373,128,6257.945889999974,
2456,short,135.38386200161767,128,6257.979350000824,
2457,short,135.08591500067268,128,6257.860154000809,
2458,short,134.79766700038454,128,6257.749873999273,
2459,short,134.16614900052082,128,6257.294736002223,
2460,short,131.14728499931516,128,6254.4633699981205,
2444,short,141.3663089988404,128,6265.452536998055,
2461,short,146.19313499861164,128,6257.65773799867,
2462,short,144.3236800005252,128,6258.398835001572,
2463,short,144.77067600091686,128,6257.289444001799,
2464,short,139.58808800089173,128,6254.778296999575,
2465,short,140.3656239999691,128,6255.320333999407,
2467,short,140.51247899988084,128,6258.418972996878,
2468,short,140.33469800051535,128,6258.588147997216,
2469,short,140.11693599968567,128,6258.57976000043,
2470,short,139.95713900294504,128,6258.617054001661,
2471,short,138.93545900282334,128,6257.782536002196,
2466,short,141.77592999840272,128,6260.811100997671,
2472,short,149.52134000122896,128,6262.168797002232,
2473,short,143.31436900101835,128,6263.231673001428,
2474,short,136.72259799932363,128,6258.586315001594,
2476,short,135.76381600068999,128,6258.362931999727,
2477,short,135.57077400037088,128,6258.465612001601,
2478,short,135.3907349985093,128,6258.4876119981345,
2479,short,135.180434997892,128,6258.461423996778,
2480,short,135.50848000159021,128,6258.495664002112,
2481,short,135.33494700095616,128,6258.513165998011,
2482,short,135.12886600074125,128,6258.48581000173,
2483,short,134.97660500070197,128,6258.560836999095,
2484,short,134.80002200230956,128,6258.5830070020165,
2485,short,134.6110820013564,128,6258.576075000747,
2486,short,134.43312999879709,128,6258.575755000493,
2487,short,134.25618299879716,128,6258.576831998653,
2488,short,134.08188600078574,128,6258.581810001488,
2489,short,133.90762099879794,128,6258.585533996666,
2490,short,133.73535800201353,128,6258.58813800005,
2491,short,133.56219200068153,128,6258.590309000283,
2492,short,132.93110599988722,128,6258.143209997797,
2475,short,137.347657000646,128,6262.715045999357,
2494,short,139.03066599959857,128,6257.408659999783,
2495,short,138.8319789984962,128,6257.497205999243,
2493,short,139.8022889989079,128,6258.731365996937,
2496,short,141.07015199988382,128,6261.261178999121,
2498,short,139.8795360000804,128,6262.192384001537,
2499,short,141.79140299893334,128,6263.563779997639,
2500,short,142.01096299802884,128,6263.507726998796,
2501,short,142.85472499977914,128,6263.764112998615,
2502,short,142.67459500115365,128,6263.815959002386,
2503,short,142.38634399953298,128,6263.7303119990975,
2504,short,142.28209800057812,128,6263.83846599856,
2505,short,141.24934500068775,128,6262.965549001819,
2506,short,141.02693300083047,128,6262.9237069995725,
2507,short,141.4307090017246,128,6262.810774001991,
2508,short,141.25048899950343,128,6262.807643000997,
2509,short,141.0858780000126,128,6263.560227998823,
2510,short,140.84382500004722,128,6263.544107998314,
2511,short,140.67262400203617,128,6263.578598001914,
2512,short,140.18763599960948,128,6263.2920629985165,
2497,short,147.2892489982769,128,6270.573826997861,
2513,short,141.39062400136027,128,6266.180475002329,
2515,short,141.2750009985757,128,6263.725731001614,
2516,short,140.41200399879017,128,6263.265768997371,
2517,short,140.1967780002451,128,6263.27913500063,
2518,short,140.00629400106845,128,6264.139800001431,
2519,short,140.53126400176552,128,6264.257898001233,
2520,short,140.17693600180792,128,6264.085373000853,
2521,short,140.147556001466,128,6264.256516002206,
2522,short,139.9909000028856,128,6264.291003000835,
2523,short,139.78361699992092,128,6264.268112001446,
2524,short,139.56850199974724,128,6264.238607000152,
2525,short,139.35246099936194,128,6264.201145997504,
2526,short,139.16596000126447,128,6264.1959940010565,
2527,short,136.822079999547,128,6262.035333998938,
2514,short,145.8076439994329,128,6270.765430999745,
2528,short,136.00595200114185,128,6262.98546900216,
2530,short,134.88528100060648,128,6263.347657997656,
2531,short,134.89862300048117,128,6263.866095003323,
2532,short,134.65291000102297,128,6263.856860998203,
2533,short,134.5255720007117,128,6263.964591998956,
2534,short,134.34471799700987,128,6264.005674998771,
2535,short,134.15353000164032,128,6263.998187001562,
2536,short,133.90561299820547,128,6263.926810999692,
2537,short,134.2953759994998,128,6263.975510002638,
2538,short,132.73593299891218,128,6262.606075000804,
2539,short,130.9147590000066,128,6262.163683000836,
2529,short,138.66410800255835,128,6269.984652000858,
2541,short,135.75289100117516,128,6266.7517910012975,
2542,short,135.50376599960146,128,6267.577391001396,
2543,short,135.2986720012268,128,6267.613975000131,
2544,short,134.05651499851956,128,6266.55815200138,
2545,short,133.7467689991172,128,6266.429347997473,
2546,short,133.41310800024075,128,6266.289046998281,
2547,short,133.29776799946558,128,6266.3772699997935,
2548,short,133.10196299789823,128,6266.373932998249,
2549,short,132.89955599975656,128,6266.3585920017795,
2550,short,132.6657380013785,128,6266.303692002111,
2551,short,132.36931299979915,128,6266.186982000363,
2552,short,133.03556800019578,128,6266.286220998154,
2553,short,132.86373700248078,128,6266.288701001031,
2554,short,132.689541002037,128,6266.291563002596,
2555,short,132.38928299688268,128,6266.167009998753,
2556,short,130.91420999990078,128,6265.639516997908,
2540,short,138.3676680015924,128,6273.327988001256,
2557,short,145.82385899848305,128,6264.103196001088,
2558,short,141.24366100077168,128,6262.556875000882,
2559,short,146.21036800235743,128,6262.866773002315,
2560,short,146.86314000209677,128,6264.816120001342,
2561,short,148.1618760008132,128,6268.310338000447,
2563,short,140.30717599962372,128,6265.41840599748,
2564,short,140.1260929997079,128,6265.5807720002485,
2565,short,139.90699499845505,128,6265.594933000102,
2566,short,139.74493899877416,128,6265.644800998416,
2567,short,138.813213998219,128,6264.950222997868,
2562,short,141.5853619982954,128,6267.973494999751,
2568,short,146.09898799972143,128,6262.368430998322,
2569,short,137.61651400272967,128,6262.412207001034,
2570,short,135.8210560028965,128,6268.473555002856,
2572,short,137.58086399684544,128,6267.9136199985805,
2573,short,137.3810980003327,128,6268.042159001197,
2574,short,137.19806900189724,128,6268.069917001412,
2575,short,136.9753729995864,128,6268.034975000774,
2576,short,136.81779900070978,128,6268.069874000503,
2577,short,136.63886200083653,128,6268.072992999805,
2578,short,136.38437000190606,128,6267.997900002229,
2579,short,136.21151699771872,128,6268.010420000792,
2580,short,136.02920899938908,128,6268.007782000495,
2581,short,135.85213799888152,128,6268.021641000814,
2582,short,135.67395900099655,128,6268.023798998911,
2583,short,135.49437600158853,128,6268.020188999799,
2584,short,135.3165299988177,128,6268.021391999355,
2585,short,135.1402100008272,128,6268.021456999122,
2586,short,134.96531800046796,128,6268.023322998488,
2587,short,134.77108999722986,128,6268.021422998572,
2588,short,134.23692799915443,128,6267.666809999355,
2571,short,138.66854399748263,128,6272.271601999819,
2590,short,141.16593100334285,128,6266.203012000915,
2591,short,140.53321499886806,128,6265.849883999181,
2589,short,141.8708790006349,128,6267.347985001834,
2592,short,147.87753500058898,128,6267.452872998547,
2594,short,140.2128090012411,128,6266.14581800095,
2595,short,142.31948299857322,128,6267.333101997792,
2596,short,142.53679199828184,128,6267.257179999433,
2597,short,143.25662400005967,128,6267.456722001953,
2598,short,143.05498400062788,128,6267.441627998778,
2599,short,142.7438089995121,128,6267.309547998593,
2600,short,142.65469899692107,128,6267.409793999832,
2601,short,142.47323800009326,128,6267.4254099983955,
2602,short,142.29768400036846,128,6268.272601002536,
2603,short,142.05864999894402,128,6268.2562849986425,
2604,short,141.11340399904293,128,6267.549389998749,
2605,short,141.57223499933025,128,6267.5309459991695,
2606,short,141.33645500260172,128,6267.47410200187,
2607,short,141.1803310002142,128,6267.496680997283,
2608,short,140.7694849986001,128,6267.2734890002175,
2593,short,147.8251359985734,128,6274.523177999072,
2609,short,138.920870002039,128,6266.9932460012205,
2611,short,139.76336300038383,128,6267.042161998688,
2612,short,139.65751599971554,128,6267.719556999509,
2613,short,139.04974999968545,128,6266.948307002167,
2614,short,138.8054010021733,128,6266.964906000794,
2615,short,138.61756099868217,128,6267.258968000533,
2616,short,138.24144499812974,128,6267.219166998984,
2617,short,138.24436600043555,128,6267.925531999936,
2618,short,138.08487599817454,128,6268.1817279990355,
2619,short,137.87353500083555,128,6268.277662999026,
2620,short,137.71814799838467,128,6268.495888998586,
2621,short,137.5122300014482,128,6268.60559600027,
2622,short,137.32737300233566,128,6268.796605003445,
2623,short,135.07303599908482,128,6266.912524999498,
2610,short,143.49460199809982,128,6279.291645998455,
2624,short,138.89001600182382,128,6265.101043001778,
2626,short,134.92189300086466,128,6264.126821999525,
2627,short,134.86276199910208,128,6264.710639999976,
2628,short,134.57645099697402,128,6264.688080998894,
2629,short,134.411226001248,128,6264.757004002604,
2630,short,134.2299620009726,128,6264.80033199914,
2631,short,134.05350699758856,128,6264.849498998956,
2632,short,134.2069519996585,128,6264.7905529993295,
2633,short,134.09823099937057,128,6264.889208996465,
2634,short,132.66733400087105,128,6263.690593001229,
2635,short,131.01734500014572,128,6263.635630999488,
2625,short,139.1423740024038,128,6271.760023002571,
2637,short,131.92242799777887,128,6258.970284998213,
2638,short,131.6840690014942,128,6258.981208000478,
2639,short,131.49669999984326,128,6259.8512309996295,
2640,short,131.3153869996313,128,6259.914827998728,
2641,short,131.07395099723362,128,6259.910745997331,
2642,short,130.80003799768747,128,6259.885486000712,
2643,short,130.69963099769666,128,6260.0521619970095,
2644,short,130.51458500194713,128,6260.102763000759,
2645,short,130.37701600114815,128,6260.178640000959,
2646,short,130.19819900000584,128,6260.302715996659,
2647,short,129.91368800066994,128,6260.239043000183,
2648,short,130.58987499971408,128,6260.385416997451,
2649,short,130.42050400326843,128,6260.429462003231,
2650,short,130.24523299827706,128,6260.473096997885,
2651,short,129.19531399893458,128,6259.644237998145,
2652,short,128.28240400267532,128,6258.983359002741,
2636,short,135.29837199894246,128,6267.127430000983,
2653,short,144.59782899939455,128,6264.433256998018,
2654,short,146.99546599877067,128,6266.507891999936,
2655,short,149.28578300168738,128,6266.061342001194,
2656,short,144.51182400080143,128,6263.861519000784,
2657,short,142.36940900082118,128,6261.052333000407,
2659,short,142.9240569996182,128,6261.615749001066,
2660,short,142.73246500306414,128,6261.667766000755,
2661,short,142.50055400043493,128,6261.689588998706,
2662,short,142.29105599952163,128,6261.699093000061,
2663,short,141.3144319994899,128,6260.9513999996125,
2658,short,144.2502540012356,128,6264.1417189988715,
2664,short,151.9230170015362,128,6260.911358000158,
2665,short,141.60111299861455,128,6260.621372999594,
2666,short,133.64016699779313,128,6259.390901999723,
2668,short,132.71039399842266,128,6261.564405998797,
2669,short,132.5010670007032,128,6261.635806000413,
2670,short,132.31542599896784,128,6261.70474799801,
2671,short,132.09908999851905,128,6261.700950999511,
2672,short,131.9430219991773,128,6261.774554001022,
2673,short,131.76376200135564,128,6261.8319409994,
2674,short,131.55370300228242,128,6261.841744002595,
2675,short,131.38605499989353,128,6261.909035998542,
2676,short,131.20671899741865,128,6261.956915997871,
2677,short,131.02911099849734,128,6262.001970997517,
2678,short,130.85284999760916,128,6262.045670999214,
2679,short,130.67520299955504,128,6262.090346997866,
2680,short,130.49915000010515,128,6262.136961002398,
2681,short,130.3228559991112,128,6262.198789998365,
2682,short,130.1297700010764,128,6262.229878000653,
2683,short,129.9513960002514,128,6262.278575002711,
2684,short,129.4374009994499,128,6261.976973997662,
2667,short,133.81166399994981,128,6266.591091000009,
2686,short,138.41765400138684,128,6261.808661001851,
2687,short,137.91733700054465,128,6261.551561998203,
2685,short,138.9604510004574,128,6262.955833997694,
2688,short,147.28220599863562,128,6264.899556001183,
2690,short,140.1429459983774,128,6262.965540998266,
2691,short,142.68121300119674,128,6264.233021000109,
2692,short,143.42643399868393,128,6264.168358997267,
2693,short,145.11797199884313,128,6264.410175001103,
2694,short,145.00056299948483,128,6264.418447997741,
2695,short,144.7585860005347,128,6264.297123001597,
2696,short,148.71146000223234,128,6264.424540000618,
2697,short,147.69181199881132,128,6263.584874999651,
2698,short,147.47672899829922,128,6263.544213998102,
2699,short,147.19353299733484,128,6264.254993999202,
2700,short,146.9944660020701,128,6264.274845001637,
2701,short,146.8100880010752,128,6264.291882001999,
2702,short,146.57478499793797,128,6264.243136996811,
2703,short,146.42107899999246,128,6264.273304001108,
2704,short,146.0264669985918,128,6264.06271399901,
2689,short,153.65581000150996,128,6271.529642999667,
2705,short,139.76678299877676,128,6262.928350999573,
2707,short,137.71316500060493,128,6264.1390320022765,
2708,short,137.50449199869763,128,6265.063443999679,
2709,short,137.73143300204538,128,6265.003946002253,
2710,short,137.27078399824677,128,6264.691209999,
2711,short,136.93996299844002,128,6264.615704996686,
2712,short,136.00832100200932,128,6263.879029000236,
2713,short,135.67309400241356,128,6263.812168999721,
2714,short,135.37443300083396,128,6263.723703003052,
2715,short,134.95779700315325,128,6263.498741001968,
2716,short,134.66399999742862,128,6263.407390000793,
2717,short,134.2571660024987,128,6263.187969001592,
2718,short,133.86759199784137,128,6263.002579999011,
2719,short,128.05813500017393,128,6257.399523998174,
2706,short,141.11904200035497,128,6271.203719003097,
2720,short,136.55491800091113,128,6267.248039999686,
2722,short,134.98889599941322,128,6266.36086399958,
2723,short,134.965976998501,128,6266.967987998214,
2724,short,134.6879020020424,128,6266.913691000809,
2725,short,134.52525699904072,128,6266.941476002103,
2726,short,134.30418099960661,128,6266.900890997931,
2727,short,134.0840910015686,128,6266.861506999703,
2728,short,133.79564400020172,128,6266.752457999246,
2729,short,134.07451300008688,128,6266.76235800187,
2730,short,132.4255670006096,128,6265.29917699736,
2731,short,130.05907800106797,128,6265.695756999776,
2721,short,138.60135600043577,128,6274.512824998965,
2733,short,137.20712299982551,128,6265.976867998688,
2734,short,136.14219599912758,128,6265.790941997693,
2735,short,135.88087699827156,128,6265.7748269994045,
2736,short,135.6458330010355,128,6265.735853001388,
2737,short,135.34151299973018,128,6265.61812199725,
2738,short,134.9837359994126,128,6265.468746001716,
2739,short,134.79448200087063,128,6265.516489998845,
2740,short,134.48835700182826,128,6265.4343389986025,
2741,short,134.24914000279387,128,6265.52250000168,
2742,short,134.63689199852524,128,6265.493639999477,
2743,short,134.314604998508,128,6265.34532399819,
2744,short,134.1346480003267,128,6265.379757001938,
2745,short,133.9080700017803,128,6265.337089000241,
2746,short,133.6799950004206,128,6265.293372998713,
2747,short,133.32359600099153,128,6265.86646999931,
2748,short,131.52654300210997,128,6264.346686999488,
2732,short,139.31512999988627,128,6272.617799000727,
2749,short,146.2416159993154,128,6268.8353060002555,
2750,short,141.56428900241735,128,6265.371065001091,
2751,short,145.1946829984081,128,6266.107289997308,
2752,short,141.58602400129894,128,6265.962896999554,
2753,short,141.96468199952506,128,6266.880361999938,
2755,short,140.85254299789085,128,6266.493915998581,
2756,short,140.61081900217687,128,6266.6285660016,
2757,short,140.35405300091952,128,6266.599201000645,
2758,short,140.12896699932753,128,6266.591953997704,
2759,short,139.11270099924877,128,6265.768340999784,
2754,short,141.6700209992996,128,6268.815874998836,
2760,short,153.56061399870669,128,6267.155149998871,
2761,short,143.10376799767255,128,6266.244827998889,
2762,short,137.08659799885936,128,6267.519733999507,
2764,short,132.26346100054798,128,6264.077415999054,
2765,short,132.00126199808437,128,6264.142928997899,
2766,short,131.78117500137887,128,6264.1440449988295,
2767,short,131.5169830013474,128,6264.074208000238,
2768,short,131.28790900009335,128,6264.066185998672,
2769,short,131.06060799691477,128,6264.085458999034,
2770,short,130.7940359984059,128,6264.020992999576,
2771,short,130.57243799994467,128,6264.007336998475,
2772,short,130.34045699896524,128,6263.964373996714,
2773,short,130.11214500147616,128,6263.923119000538,
2774,short,129.88099599897396,128,6263.878573001421,
2775,short,129.6395629979088,128,6263.82300700061,
2776,short,129.40374400204746,128,6263.772221002,
2777,short,129.1725109986146,128,6263.725862998399,
2778,short,128.93928600169602,128,6263.673983001354,
2779,short,128.72058200082392,128,6263.637823001773,
2780,short,128.1505200022366,128,6263.250922002044,
2763,short,133.02175699936925,128,6268.419742998958,
2782,short,139.27328399950056,128,6266.386851999414,
2783,short,138.71753299827105,128,6266.115827998874,
2781,short,139.76090500000282,128,6267.447772999731,
2784,short,144.5339240017347,128,6267.277430000831,
2786,short,140.505065999605,128,6264.6553099984885,
2787,short,142.4223690009967,128,6265.809994998563,
2788,short,142.64564900076948,128,6265.759574002004,
2789,short,143.42906400270294,128,6265.995426001609,
2790,short,143.24676600153907,128,6266.002088003006,
2791,short,142.93368499784265,128,6265.86988499912,
2792,short,143.69278399681207,128,6265.978420997271,
2793,short,143.51645200076746,128,6265.982601998985,
2794,short,142.5167710003734,128,6265.994829998817,
2795,short,142.23181799752638,128,6265.979580999556,
2796,short,142.03492800152162,128,6265.997417001927,
2797,short,141.84351800213335,128,6265.999425002519,
2798,short,141.598754998995,128,6265.950480999891,
2799,short,141.43159600280342,128,6265.977646002284,
2800,short,140.65819100142107,128,6265.395533002447,
2785,short,148.51769999950193,128,6273.186598002212,
2801,short,142.59665999998106,128,6267.563049997989,
2803,short,138.86912599991774,128,6264.6572180019575,
2804,short,138.74631900034728,128,6264.866312001686,
2805,short,138.55650700133992,128,6264.885534001223,
2806,short,138.93495199954486,128,6265.701348998846,
2807,short,138.75081800142652,128,6265.819203999854,
2808,short,138.38761099759722,128,6265.6354419996205,
2809,short,138.36236800125334,128,6265.8221750025405,
2810,short,138.20447499892907,128,6265.870471001108,
2811,short,137.99401500000386,128,6265.860788000282,
2812,short,137.83913599763764,128,6265.895831998932,
2813,short,137.62697899801424,128,6265.862213000219,
2814,short,137.43790999797056,128,6265.859641000134,
2815,short,135.3643180009385,128,6264.024020001671,
2802,short,143.48633400004474,128,6272.110115001851,
2816,short,133.10499200088088,128,6267.607550998946,
2818,short,133.30533000043943,128,6265.219266002532,
2819,short,133.16435999877285,128,6265.886618999502,
2820,short,132.98287499856087,128,6265.872734998993,
2821,short,133.04147999951965,128,6265.966453000146,
2822,short,132.92038600047817,128,6265.972913999576,
2823,short,132.8000970024732,128,6265.9731740022835,
2824,short,132.61300200247206,128,6265.907835000689,
2825,short,132.74502299827873,128,6265.966196999216,
2826,short,130.01268399966648,128,6263.356363000639,
2827,short,128.3089940006903,128,6262.938759002282,
2817,short,139.64245100214612,128,6272.021774999303,
2829,short,136.69298900276772,128,6267.783504001272,
2830,short,136.45769200229552,128,6267.87526300177,
2831,short,136.2736560004123,128,6267.9063489995315,
2832,short,136.09623100273893,128,6267.9134650024935,
2833,short,135.86548699822742,128,6267.862806998892,
2834,short,135.60834400050226,128,6268.807674001437,
2835,short,135.48524300131248,128,6268.939894998766,
2836,short,135.18561299861176,128,6268.8399510007,
2837,short,135.01879300019937,128,6268.861607997678,
2838,short,135.70430899926578,128,6268.861388001824,
2839,short,135.45245899877045,128,6268.781212998874,
2840,short,135.3575520006416,128,6268.904517000919,
2841,short,135.1813610017416,128,6268.982287001563,
2842,short,134.25777799784555,128,6268.252958998346,
2843,short,133.93049399746815,128,6268.106887000613,
2844,short,132.84434500019415,128,6267.217558000993,
2828,short,140.25428999957512,128,6275.238305999665,
2845,short,144.19249999991735,128,6265.966742001183,
2846,short,143.05025000066962,128,6268.006097001489,
2847,short,145.76354499877198,128,6267.451282998081,
2848,short,142.75136099968222,128,6268.928436998976,
2849,short,141.3061640014348,128,6268.493580999348,
2851,short,141.0833920017467,128,6267.636735999986,
2852,short,140.8933380007511,128,6267.798379001761,
2853,short,140.67230000000563,128,6267.794137998862,
2854,short,140.51355099945795,128,6267.832567998994,
2855,short,139.62782399903517,128,6267.135124999186,
2850,short,142.3512839974137,128,6270.0543719984125,
2856,short,150.1405099988915,128,6269.2536739996285,
2857,short,143.46198899875162,128,6270.474995999393,
2858,short,134.46002099954057,128,6268.61175600061,
2860,short,134.01527799942414,128,6268.975179998961,
2861,short,133.80574699840508,128,6269.092656999419,
2862,short,133.62068700007512,128,6269.114553000691,
2863,short,133.39165800061892,128,6269.070643997111,
2864,short,133.1754610000644,128,6269.082252001681,
2865,short,132.98218300042208,128,6269.079720001173,
2866,short,132.7681839975412,128,6269.047759997193,
2867,short,132.61390600018785,128,6269.080488000327,
2868,short,132.4351370021759,128,6269.082743001491,
2869,short,132.25696999870706,128,6269.081753998762,
2870,short,132.09026199911023,128,6269.08278299743,
2871,short,131.9139350016485,128,6269.1299170001,
2872,short,131.73717400059104,128,6269.148822997522,
2873,short,131.56260600226233,128,6269.154935002007,
2874,short,131.38546999834944,128,6269.15555999949,
2875,short,131.19964299767162,128,6269.14482400025,
2876,short,130.7420960001764,128,6268.877845999668,
2859,short,135.04799400107004,128,6273.373608000838,
2878,short,138.73014699856867,128,6269.158253999194,
2879,short,138.28291800018633,128,6268.999513999006,
2877,short,139.36109600035707,128,6270.245993000572,
2880,short,144.13721800156054,128,6267.839173000539,
2882,short,140.2580139983911,128,6266.508929998963,
2883,short,142.2731790007674,128,6267.737964000844,
2884,short,142.53630500024883,128,6267.673408998235,
2885,short,143.37201500165975,128,6267.91603500169,
2886,short,143.1930850012577,128,6267.981781002163,
2887,short,142.89990799807128,128,6267.875609999464,
2888,short,142.81430299888598,128,6267.991667999013,
2889,short,141.79947199954768,128,6267.158140999527,
2890,short,141.53134200023487,128,6267.067811000743,
2891,short,141.26604899865924,128,6266.978133000521,
2892,short,141.07268300358555,128,6267.770400001609,
2893,short,141.55147999917972,128,6267.797999000322,
2894,short,141.32183300171164,128,6267.753193002136,
2895,short,141.14606300063315,128,6267.774009000277,
2896,short,140.4379159976088,128,6267.309875998762,
2881,short,148.191976997623,128,6275.011204998009,
2897,short,141.88122499763267,128,6268.451697000273,
2899,short,141.37868599937065,128,6267.525471001136,
2900,short,141.30650300285197,128,6268.524478000472,
2901,short,140.23867400101153,128,6267.7080709981965,
2902,short,140.65993599797366,128,6267.592759999388,
2903,short,140.48061100038467,128,6267.6422170006845,
2904,short,140.0782100026845,128,6267.485303000285,
2905,short,140.03105500160018,128,6267.628874000366,
2906,short,139.8627660018974,128,6267.642312999669,
2907,short,139.6521410024434,128,6267.623154002649,
2908,short,139.50030999694718,128,6267.663072998403,
2909,short,139.2875340025057,128,6267.631394002819,
2910,short,139.0476230008062,128,6267.577652000909,
2911,short,137.1437039997545,128,6265.860016999795,
2898,short,145.93764199889847,128,6274.51193700108,
2912,short,134.1169980005361,128,6267.416842001694,
2914,short,135.256476001814,128,6268.4810899991135,
2915,short,135.3235910028161,128,6269.06132500153,
2916,short,135.06667700130492,128,6269.03015300195,
2917,short,134.9413600000844,128,6269.093781000265,
2918,short,134.76212499881512,128,6269.095742998616,
2919,short,134.58378500217805,128,6269.095411000308,
2920,short,134.34387899906142,128,6269.035182998778,
2921,short,134.8269709997112,128,6269.165845998941,
2922,short,133.30681799925514,128,6267.826539999078,
2923,short,131.6024430016114,128,6267.571243999555,
2913,short,139.17566400050418,128,6275.1814559997,
2925,short,136.45982299931347,128,6268.811076999555,
2926,short,136.24827899911907,128,6268.933786999696,
2927,short,136.0634079974261,128,6268.9514869998675,
2928,short,135.88221499958308,128,6268.956026000524,
2929,short,134.62630000140052,128,6267.882715001178,
2930,short,134.3044169989298,128,6268.718668001384,
2931,short,134.20445100200595,128,6268.870642001275,
2932,short,134.01623400204699,128,6268.876096000895,
2933,short,133.86125300166896,128,6268.9078520015755,
2934,short,133.68328700016718,128,6268.923392999568,
2935,short,133.32766900202841,128,6268.747042999166,
2936,short,133.19688600313384,128,6268.866509002692,
2937,short,133.00133399752667,128,6268.863567998778,
2938,short,132.8192830005719,128,6268.863142002374,
2939,short,132.52143600038835,128,6268.740308998531,
2940,short,130.98468600219348,128,6267.439205999835,
2924,short,139.045353000256,128,6275.412244001927,
2941,short,145.67430799797876,128,6267.672885998763,
2942,short,144.2137060003006,128,6265.0447269988945,
2943,short,146.35863400326343,128,6266.3470760016935,
2944,short,143.0829109995102,128,6265.728099999251,
2945,short,143.244255999889,128,6265.872820997174,
2947,short,141.7063289991347,128,6264.248006998969,
2948,short,141.51634799782187,128,6264.337467997393,
2949,short,141.29462199707632,128,6264.354314000229,
2950,short,141.132448999997,128,6264.398814000742,
2951,short,140.23054299832438,128,6263.68108799943,
2946,short,142.9228549968684,128,6266.481299997395,
2952,short,150.22050599873182,128,6267.810172997997,
2953,short,142.43793200148502,128,6267.0694070002355,
2954,short,134.66742599848658,128,6268.330629001866,
2956,short,134.53860000299755,128,6267.762232000678,
2957,short,134.33603700104868,128,6268.005380999966,
2958,short,134.15001800240134,128,6268.140381002013,
2959,short,133.8992259989027,128,6268.190333998064,
2960,short,133.73351200061734,128,6268.398745000013,
2961,short,133.55079800021485,128,6268.527036998421,
2962,short,133.33738099754555,128,6268.605810000736,
2963,short,133.17969200215884,128,6268.816236002749,
2964,short,133.0016780011647,128,6272.44616200187,
2965,short,132.82343500031857,128,6272.517366000102,
2966,short,132.59758699859958,128,6272.486188001494,
2967,short,132.40284900166444,128,6272.477211001387,
2968,short,132.22185899940087,128,6272.4909509997815,
2969,short,132.04478599800495,128,6272.503626998514,
2970,short,131.8691519991262,128,6272.511547998874,
2971,short,131.67745100145112,128,6272.499825001432,
2972,short,131.23281099979067,128,6272.235193999222,
2955,short,135.5372449979768,128,6276.7223800001375,
2974,short,141.36815100209787,128,6266.744666001614,
2975,short,140.93255999978282,128,6266.638269997202,
2973,short,141.99151899811113,128,6267.882283998915,
2976,short,144.7514499996032,128,6263.673568999366,
2978,short,140.12844700118876,128,6262.157446002675,
2979,short,142.03990800160682,128,6263.385989001108,
2980,short,142.26950299780583,128,6263.326500000403,
2981,short,142.99112300068373,128,6263.552085998526,
2982,short,142.80452800085186,128,6263.56248799857,
2983,short,142.50549799908185,128,6263.447662000544,
2984,short,143.26752600027248,128,6263.559868999437,
2985,short,143.09111200054758,128,6263.563327000156,
2986,short,142.91700099784066,128,6264.4101939986285,
2987,short,141.88166900203214,128,6263.5916430008365,
2988,short,141.6650489991298,128,6263.585614997282,
2989,short,141.47016700007953,128,6263.582489998953,
2990,short,141.2273460009601,128,6263.530668002204,
2991,short,141.00619099917822,128,6263.5060969987535,
2992,short,140.24859699929948,128,6262.94119999875,
2977,short,147.87099000022863,128,6270.702469002572,
2993,short,142.25155700114556,128,6262.058265001542,
2995,short,140.1076260008267,128,6262.713732998236,
2996,short,140.4996819983353,128,6262.931069999468,
2997,short,140.32205100011197,128,6263.830954001605,
2998,short,140.13883699954022,128,6263.819402000081,
2999,short,139.88996699845302,128,6263.817859999108,
3000,short,139.51685500069289,128,6263.625735999085,
3001,short,139.46973099882598,128,6263.790434000839,
3002,short,139.30083500235924,128,6263.816131999192,
3003,short,139.08358499975293,128,6263.792384001135,
3004,short,138.92598700113012,128,6263.829729999998,
3005,short,138.71371400091448,128,6263.799121999909,
3006,short,138.52699100243626,128,6263.800296001136,
3007,short,136.07159199818852,128,6261.531504998857,
2994,short,145.30536199890776,128,6270.3433579990815,
3008,short,135.68915100040613,128,6263.026218999585,
3010,short,133.79557199732517,128,6261.464130999229,
3011,short,133.79096000062418,128,6262.243660999957,
3012,short,133.54776299820514,128,6262.263589997019,
3013,short,133.42304700199747,128,6262.349208001979,
3014,short,133.24430500142626,128,6262.3643610022555,
3015,short,133.05445199875976,128,6262.35743199868,
3016,short,132.75288799923146,128,6262.237187002029,
3017,short,133.13788800223847,128,6262.291951999941,
3018,short,131.63025099856895,128,6260.970326999086,
3019,short,129.99751499955892,128,6260.834983000677,
3009,short,137.47571000203607,128,6268.377986001724,
3021,short,135.56477100064512,128,6261.241020998568,
3022,short,135.3649980010232,128,6261.418194000726,
3023,short,135.17943199985893,128,6261.446145999798,
3024,short,134.9960409970663,128,6261.450390997197,
3025,short,133.786575999693,128,6260.423068000819,
3026,short,133.46320499840658,128,6261.300381000183,
3027,short,133.37261299966485,128,6261.517546001414,
3028,short,133.17446799919708,128,6261.5599559976545,
3029,short,133.01195299936808,128,6261.634246999165,
3030,short,132.83311900158878,128,6261.642737001239,
3031,short,132.50980700104265,128,6261.500299002364,
3032,short,133.15167800101335,128,6261.576444001548,
3033,short,132.97827999849687,128,6261.577645997022,
3034,short,132.78125699798693,128,6261.555958997633,
3035,short,132.46420699942973,128,6261.414291999245,
3036,short,131.17982399853645,128,6260.3212839967455,
3020,short,138.15864000207512,128,6267.9199049998715,
3037,short,143.6554369975056,128,6262.351064000541,
3038,short,144.9421049983357,128,6266.286210000544,
3039,short,144.97762199971476,128,6264.91688799797,
3040,short,145.08153299902915,128,6265.1083979981195,
3041,short,144.39130699975067,128,6263.868280999304,
3043,short,143.52822699947865,128,6264.734780001163,
3044,short,143.42458700048155,128,6264.850559000479,
3045,short,143.25127700067242,128,6264.829834999546,
3046,short,143.19757200064487,128,6264.861933002976,
3047,short,142.48593600132153,128,6264.284793000115,
3042,short,146.50987399727455,128,6266.953159996774,
3048,short,155.08765900085564,128,6260.948585000733,
3049,short,142.46751300015603,128,6262.106843998481,
3050,short,131.3352870020026,128,6260.886525000387,
3052,short,130.01200800135848,128,6260.5850149993785,
3053,short,129.69415999759804,128,6260.589850000542,
3054,short,129.3944949975412,128,6260.497162998945,
3055,short,128.9866860024631,128,6260.2744120013085,
3056,short,128.71102800272638,128,6260.188416999881,
3057,short,128.42029799867305,128,6260.079828000016,
3058,short,128.02856800044538,128,6259.86805499997,
3051,short,130.8963909978047,128,6263.183309998567,
3059,short,172.21526299908874,128,6300.610424998013,
3060,short,171.97184700125945,128,6300.667067000177,
3061,short,171.7793010029709,128,6300.693216002401,
3062,short,171.59512600119342,128,6300.696894002613,
3063,short,171.4013620003243,128,6300.686638001935,
3064,short,171.21280199717148,128,6300.674815000093,
3065,short,171.0315990021627,128,6300.672261000727,
3066,short,170.8524909990956,128,6300.670085998718,
3067,short,170.67342800146434,128,6300.666585000727,
3068,short,170.2460600026825,128,6300.416840000253,
3070,short,136.0469680003007,128,6266.3949910020165,
3071,short,135.60386999961338,128,6266.1284300011175,
3069,short,136.67451800210983,128,6267.323410000245,
3072,short,143.1358049994742,128,6263.459467001667,
3074,short,140.32162700095796,128,6260.344741000154,
3075,short,142.27623999977368,128,6261.528170001839,
3076,short,142.4794650010881,128,6261.418774000049,
3077,short,143.2506339988322,128,6261.638759999187,
3078,short,143.06795299853547,128,6261.640855998849,
3079,short,142.7747520028788,128,6261.539180002728,
3080,short,142.6916840027843,128,6261.653389003186,
3081,short,141.6674989995954,128,6260.822498003108,
3082,short,141.4396250002028,128,6260.773904999951,
3083,short,141.89111900122953,128,6260.699373000534,
3084,short,141.7107599991141,128,6261.4342470005795,
3085,short,141.52114899843582,128,6261.459859997558,
3086,short,141.27679600278498,128,6261.452339000243,
3087,short,141.10641200022656,128,6261.48239000031,
3088,short,140.42886499737506,128,6260.995016000379,
3073,short,147.95457899890607,128,6268.638192999788,
3089,short,141.20906099924468,128,6262.945881000633,
3091,short,139.61562300028163,128,6262.684410001384,
3092,short,138.65609299682546,128,6262.818496998079,
3093,short,138.4336080009234,128,6262.835346999054,
3094,short,138.87839000017266,128,6262.7754300010565,
3095,short,138.69259499915643,128,6262.825188001443,
3096,short,138.323830000445,128,6262.635578998015,
3097,short,138.28147900130716,128,6262.777785999788,
3098,short,138.11183199868537,128,6262.796466999134,
3099,short,137.90540899935877,128,6262.760109999363,
3100,short,137.74869900225895,128,6262.785186001565,
3101,short,137.53728899973794,128,6262.765123999998,
3102,short,137.3512229984044,128,6262.761170997692,
3103,short,135.0875759999326,128,6260.677906000637,
3090,short,143.63232499817968,128,6269.410746997892,
3104,short,136.03879200309166,128,6263.7155190022895,
3106,short,133.97662100032903,128,6262.120313000196,
3107,short,133.93915599954198,128,6262.627421001525,
3108,short,133.68062800145708,128,6262.590136000654,
3109,short,133.54492600046797,128,6262.644958998862,
3110,short,133.36190300105955,128,6262.64777400138,
3111,short,133.1800990010379,128,6262.648423999053,
3112,short,132.9365180026798,128,6262.583210002049,
3113,short,133.31947099868557,128,6262.632339999982,
3114,short,131.76764600211754,128,6261.268699003267,
3115,short,130.07442700109095,128,6262.138752001192,
3105,short,138.53423399996245,128,6270.119231998251,
3117,short,136.40821100125322,128,6262.897799999337,
3118,short,136.1986439987959,128,6263.564327997301,
3119,short,136.01111699972535,128,6263.587859997642,
3120,short,135.8283459994709,128,6263.585936998425,
3121,short,134.57750499946997,128,6262.522019998869,
3122,short,134.1920270024275,128,6262.32061400151,
3123,short,134.058311003173,128,6262.360102002276,
3124,short,133.8233290007338,128,6262.321987000178,
3125,short,133.659887000249,128,6262.340200999461,
3126,short,133.48050100103137,128,6262.333711001702,
3127,short,133.2133710020571,128,6262.241162999999,
3128,short,133.89618799919845,128,6262.314304000029,
3129,short,133.72766700194916,128,6262.312221999309,
3130,short,133.55368100019405,128,6262.307103999774,
3131,short,133.2599899978959,128,6262.185301999125,
3132,short,132.02324899975793,128,6261.778340998717,
3116,short,139.060323999729,128,6268.996229002369,
3133,short,145.89157099908334,128,6263.86351399924,
3134,short,141.9428329973016,128,6268.915674998425,
3135,short,145.17014500233927,128,6264.939099000912,
3136,short,141.62363899959018,128,6265.2752789981605,
3137,short,142.716690999805,128,6262.681635998888,
3139,short,141.28885000172886,128,6262.5310300027195,
3140,short,141.11077400229988,128,6262.614693001524,
3141,short,140.89543299996876,128,6262.653343997954,
3142,short,140.7342009988497,128,6262.7091460017255,
3143,short,139.92336500086822,128,6262.14366700151,
3138,short,142.44355000118958,128,6264.986165999289,
3144,short,148.6986669988255,128,6262.665155001741,
3145,short,146.86341199922026,128,6261.11113099978,
3146,short,141.25570899705053,128,6268.207015997177,
3148,short,132.11899700036156,128,6266.254278001725,
3149,short,131.91583699881448,128,6266.437400998257,
3150,short,131.73069299955387,128,6266.562408000027,
3151,short,131.51706800272223,128,6266.6439190034,
3152,short,131.3577919972886,128,6266.845667996677,
3153,short,131.17711499944562,128,6266.961803001323,
3154,short,130.49341499936418,128,6266.56965300208,
3147,short,132.8531529979955,128,6272.378541998478,
3156,short,139.3261720004375,128,6266.583308999543,
3157,short,139.12283899844624,128,6266.689026997483,
3158,short,138.93495799857192,128,6266.708209001081,
3159,short,138.752786002442,128,6266.70868400106,
3160,short,138.57379999899422,128,6266.711108000891,
3161,short,138.39736199952313,128,6266.726876998291,
3162,short,138.22058599907905,128,6266.740951999964,
3163,short,138.04377799897338,128,6266.748924997955,
3164,short,137.8662870010885,128,6266.749276001065,
3165,short,137.6906279983814,128,6266.751521998231,
3166,short,137.51322299867752,128,6266.752044000896,
3167,short,137.15525199950207,128,6266.571079999267,
3155,short,140.1559170008113,128,6269.686743999046,
3168,short,142.62428599977284,128,6271.864645997994,
3170,short,141.53679499941063,128,6267.343629999232,
3171,short,143.39017200109083,128,6268.692282999837,
3172,short,143.61138000094797,128,6268.658270000742,
3173,short,144.40721400023904,128,6268.966558000102,
3174,short,144.21573000072385,128,6268.970815002831,
3175,short,143.9101739997568,128,6268.845155998861,
3176,short,144.60291399882408,128,6268.957625998155,
3177,short,144.4272689986974,128,6268.960802000947,
3178,short,144.24989499821095,128,6268.96301799934,
3179,short,143.27056200272636,128,6268.1586960025015,
3180,short,143.05368599889334,128,6268.127960000129,
3181,short,142.8155030007474,128,6268.810035999195,
3182,short,142.56628600196564,128,6268.7883590006095,
3183,short,142.39798200287623,128,6268.834026002878,
3184,short,141.7616349972377,128,6268.402462999802,
3169,short,149.02793500004918,128,6275.799600000028,
3185,short,142.69936799973948,128,6268.713484998443,
3187,short,139.64648800174473,128,6266.839268002514,
3188,short,140.0142450002022,128,6267.077861000871,
3189,short,139.83333600117476,128,6267.101864999859,
3190,short,139.6432840010675,128,6268.082620001223,
3191,short,139.46215599935385,128,6268.198144000053,
3192,short,139.10076200045296,128,6268.024820998107,
3193,short,139.0488369979721,128,6268.186953999248,
3194,short,138.88952599882032,128,6268.223516999569,
3195,short,138.68437400014955,128,6268.19063700168,
3196,short,138.5300969996024,128,6268.223023002065,
3197,short,138.32355799968354,128,6268.197596000391,
3198,short,138.1394360032573,128,6268.27100599985,
3199,short,135.83381799980998,128,6266.163460000826,
3186,short,144.21801999924355,128,6274.562493999838,
3200,short,136.33678699989105,128,6268.053624997265,
3202,short,135.04725999882794,128,6268.666928001039,
3203,short,135.00459300121292,128,6269.313729000714,
3204,short,134.76314199942863,128,6269.324930999574,
3205,short,134.62999799958197,128,6269.393063997995,
3206,short,134.4485160007025,128,6269.397349999053,
3207,short,134.27093900099862,128,6269.400719000259,
3208,short,134.03227500020876,128,6269.342578998476,
3209,short,134.34507599959034,128,6269.393974002014,
3210,short,131.72906700128806,128,6266.960472999926,
3211,short,129.87998400058132,128,6266.583331998845,
3201,short,139.20172099824413,128,6275.656418998551,
3213,short,138.21220500176423,128,6268.892149000749,
3214,short,138.00344799892628,128,6269.011763997696,
3215,short,137.8131029996439,128,6269.037915000808,
3216,short,137.63806499991915,128,6269.050236998737,
3217,short,137.4058760011394,128,6269.911315001082,
3218,short,137.15266000144766,128,6269.903686999896,
3219,short,137.04695200067363,128,6270.009447001939,
3220,short,136.86556699758512,128,6270.021648997499,
3221,short,136.71438099845545,128,6270.071404000191,
3222,short,136.538978000317,128,6270.0761550004245,
3223,short,137.16157100134296,128,6269.999637002911,
3224,short,137.0722499996191,128,6270.089978999749,
3225,short,136.89961600175593,128,6270.098032000533,
3226,short,136.7272370007413,128,6270.102511000005,
3227,short,135.7915709995723,128,6269.342617000802,
3228,short,135.02350999988266,128,6268.787853001413,
3212,short,141.80005800153594,128,6276.285175001249,
3229,short,147.0016700004635,128,6269.855350998114,
3230,short,135.71956099985982,128,6264.262843000324,
3231,short,142.81755299816723,128,6266.832057997817,
3232,short,138.90406099744723,128,6266.7806899989955,
3233,short,141.70382299926132,128,6270.497498000623,
3235,short,144.64466600111336,128,6270.564593000017,
3236,short,144.54392699917662,128,6270.681705998868,
3237,short,144.35338000112097,128,6270.6498189982085,
3238,short,144.2386089984211,128,6270.632918000047,
3239,short,143.35966600265238,128,6269.887089001713,
3234,short,147.75398900019354,128,6272.824799998489,
3240,short,156.28279600059614,128,6271.317310001905,
3241,short,152.6877409996814,128,6272.246616998018,
3242,short,137.58788899940555,128,6267.439501996705,
3244,short,137.9605319998518,128,6266.205779000302,
3245,short,137.70971799749532,128,6266.22580899857,
3246,short,137.47124300061841,128,6266.14089099894,
3247,short,137.14162399992347,128,6265.944834998663,
3248,short,136.98159500199836,128,6265.879612001299,
3249,short,136.7454409992206,128,6265.784825998708,
3250,short,133.14007399822003,128,6262.360108001303,
3243,short,139.63592599975527,128,6268.797345997882,
3252,short,139.69503799671656,128,6268.766973997117,
3253,short,139.4916999997804,128,6268.907027999376,
3254,short,139.31007700011833,128,6268.938111999887,
3255,short,139.1180769969651,128,6268.932883998787,
3256,short,138.93651100079296,128,6268.930817997898,
3257,short,138.75627399829682,128,6268.918817000667,
3258,short,138.57166199886706,128,6268.914120999398,
3259,short,138.3944609988248,128,6268.916116998298,
3260,short,138.2163810012571,128,6268.914708998636,
3261,short,138.03787600045325,128,6268.927332999738,
3262,short,137.8627800004324,128,6268.927761000668,
3263,short,137.51810800022213,128,6268.760625000141,
3251,short,140.49840599909658,128,6271.862243000214,
3264,short,139.45958899785182,128,6273.8675359978515,
3266,short,140.58107800155994,128,6275.582456000848,
3267,short,142.71122600257513,128,6276.601072000631,
3268,short,142.86780200200155,128,6276.455194001755,
3269,short,143.72176099641365,128,6276.675971999794,
3270,short,143.5422060021665,128,6276.681366001867,
3271,short,143.24822100024903,128,6276.565548003418,
3272,short,143.16513700032374,128,6277.56947799935,
3273,short,142.9847779982083,128,6277.662620999763,
3274,short,142.81045400275616,128,6277.6850260015635,
3275,short,142.5639589979255,128,6277.679475999321,
3276,short,141.65326799775357,128,6276.971726998454,
3277,short,141.43030800187262,128,6276.940089002892,
3278,short,141.81336800174904,128,6276.872360998823,
3279,short,141.64150199940195,128,6276.885151997703,
3280,short,141.01988499896834,128,6276.454651000677,
3265,short,148.41094800067367,128,6283.99859899946,
3281,short,142.50979700227617,128,6280.842529002257,
3283,short,140.2793740016932,128,6276.741526999103,
3284,short,140.19878399994923,128,6277.37708299901,
3285,short,138.97551799891517,128,6276.4770920002775,
3286,short,139.29226400068728,128,6276.4781689984375,
3287,short,139.1071500001999,128,6276.821981999092,
3288,short,138.73358400087454,128,6276.761183999042,
3289,short,138.6866939974425,128,6277.447723998193,
3290,short,138.52720700015198,128,6277.660820000165,
3291,short,138.31471799858264,128,6277.74327500083,
3292,short,138.1592610014195,128,6277.949414998147,
3293,short,137.87851099914405,128,6277.9623239985085,
3294,short,137.68306400015717,128,6278.127454999776,
3295,short,135.576652999589,128,6276.385408000351,
3282,short,144.18747600211645,128,6286.669982000603,
3296,short,137.70838499840465,128,6278.626904000703,
3298,short,135.07100499919034,128,6276.873794999119,
3299,short,135.06508999853395,128,6277.534124998056,
3300,short,134.82004999968922,128,6277.52389500165,
3301,short,134.6971749990189,128,6277.608609998424,
3302,short,134.5169820015144,128,6277.681505001965,
3303,short,134.3397480013664,128,6277.689906000887,
3304,short,134.09967199913808,128,6277.6264940002875,
3305,short,134.52983100069105,128,6277.687516001606,
3306,short,133.01185700038332,128,6276.348544000939,
3307,short,130.9781150011986,128,6275.807204001467,
3297,short,139.63284400233533,128,6284.069270001055,
3309,short,137.2646790005092,128,6275.689662998047,
3310,short,137.0500720004202,128,6275.745007998921,
3311,short,136.862884999573,128,6275.7727400021395,
3312,short,135.76613999975962,128,6275.689670001157,
3313,short,135.47392200052855,128,6275.6469220003055,
3314,short,135.19541899950127,128,6275.580812998669,
3315,short,135.0879130004614,128,6275.679777998448,
3316,short,134.89942899832386,128,6275.680915998237,
3317,short,134.75361800010432,128,6275.711605001561,
3318,short,134.57773000118323,128,6275.7149360004405,
3319,short,134.31059200229356,128,6275.626539001678,
3320,short,134.9838339992857,128,6275.711835998663,
3321,short,134.81427400256507,128,6275.763325000298,
3322,short,134.6299619981437,128,6275.759723997908,
3323,short,134.33083800191525,128,6275.637927999924,
3324,short,132.65789299839525,128,6274.1663479973795,
3308,short,140.255394999258,128,6282.467376997374,
3325,short,144.99052400060464,128,6277.241253003012,
3326,short,141.59658100106753,128,6275.186085000314,
3327,short,146.72557000085362,128,6276.164620001509,
3328,short,142.91062799748033,128,6276.391142000648,
3329,short,143.4644919972925,128,6275.782413998968,
3331,short,143.16953800152987,128,6274.952284002211,
3332,short,142.98965200214298,128,6275.062228000024,
3333,short,142.76145400071982,128,6275.0352090006345,
3334,short,142.60058799845865,128,6275.061611999263,
3335,short,141.76586900066468,128,6274.409141999058,
3330,short,145.08040099826758,128,6277.427078999608,
3336,short,147.97410599931027,128,6279.753447997791,
3337,short,149.5342599992,128,6279.859499001759,
3338,short,134.60834299985436,128,6279.074191999825,
3340,short,135.77915700079757,128,6278.085772999475,
3341,short,135.57325299916556,128,6278.266041997995,
3342,short,135.3845759986143,128,6278.381402000377,
3343,short,135.1534889981849,128,6278.440305999538,
3344,short,134.97891799852368,128,6278.622980000364,
3345,short,134.74093999684555,128,6278.676029000053,
3346,short,134.1061390012328,128,6278.325284998573,
3339,short,136.47161100016092,128,6282.987223999953,
3348,short,137.91348999802722,128,6276.455276998604,
3349,short,137.70326400117483,128,6276.491453001654,
3350,short,137.5169079983607,128,6276.498494997213,
3351,short,137.33707999926992,128,6276.500845000555,
3352,short,137.15784500163863,128,6276.5016430021205,
3353,short,136.9891190006456,128,6276.497211001697,
3354,short,136.8100960025913,128,6276.492525001231,
3355,short,136.62425899747177,128,6276.4822659992205,
3356,short,136.44523000039044,128,6276.475807000679,
3357,short,136.26759899852914,128,6276.4710589981405,
3358,short,136.08952600043267,128,6276.466523002455,
3359,short,135.77395299944328,128,6276.3253769990115,
3347,short,138.71864799875766,128,6279.388906001259,
3360,short,146.35055000326247,128,6281.7554240027675,
3362,short,140.86127399787074,128,6279.960768999445,
3363,short,143.3432649973838,128,6281.221361998178,
3364,short,144.03676700021606,128,6281.178330998955,
3365,short,145.63477499905275,128,6281.425018998561,
3366,short,145.4754829974263,128,6281.45332799977,
3367,short,144.38468899970758,128,6280.492971000058,
3368,short,144.51357099824236,128,6280.582646999392,
3369,short,144.37581500169472,128,6280.589253001381,
3370,short,145.6813120021252,128,6280.531879001501,
3371,short,145.44487300008768,128,6280.460115998721,
3372,short,145.2705009978672,128,6281.245833000867,
3373,short,145.08590499826823,128,6281.276800000342,
3374,short,144.85103500192054,128,6281.238383002346,
3375,short,144.67641400187858,128,6281.261129002814,
3376,short,144.09789299679687,128,6280.879581998306,
3361,short,151.29888899900834,128,6288.247721000516,
3377,short,138.69095399786602,128,6278.264590000617,
3379,short,141.23125900005107,128,6282.145569999557,
3380,short,141.04657999996562,128,6282.297489000484,
3381,short,140.75310000043828,128,6282.288641999912,
3382,short,140.96578399767168,128,6281.950833999872,
3383,short,140.6650289973186,128,6282.855767000001,
3384,short,139.76275399909355,128,6282.173962998058,
3385,short,139.5527040003799,128,6282.1559160001925,
3386,short,139.2851550008345,128,6282.079969001643,
3387,short,138.90039499892737,128,6281.878178000625,
3388,short,138.63290299923392,128,6281.809083000553,
3389,short,138.2479490021069,128,6281.611803002306,
3390,short,137.88559900058317,128,6281.438262001757,
3391,short,134.12154599791393,128,6277.863684001204,
3378,short,145.59691100294003,128,6289.395581003191,
3392,short,135.48655900012818,128,6278.840785998909,
3394,short,134.24019599915482,128,6278.228531999048,
3395,short,134.21908199961763,128,6278.741950998665,
3396,short,133.97035700108972,128,6278.7043009993795,
3397,short,133.77676500022062,128,6278.694914999505,
3398,short,133.59257399861235,128,6278.730388999975,
3399,short,133.4134089993313,128,6278.733697999996,
3400,short,133.1691960003809,128,6278.666700000031,
3401,short,133.5651709996455,128,6278.72863200173,
3402,short,132.01959800062468,128,6277.359195002646,
3403,short,130.01779700061888,128,6276.677182002459,
3393,short,138.3632930010208,128,6284.940732002724,
3405,short,138.78116199703072,128,6279.891271999077,
3406,short,138.56847799979732,128,6280.608289001975,
3407,short,137.55388199933805,128,6279.809907999152,
3408,short,137.3064039980818,128,6279.7940479977115,
3409,short,137.04853699891828,128,6279.762397000013,
3410,short,136.77069299956202,128,6279.712537998421,
3411,short,136.67585599978338,128,6279.822851000063,
3412,short,136.4902829991479,128,6279.825251000148,
3413,short,136.33522899908712,128,6279.852757998015,
3414,short,136.16826599900378,128,6279.851137998776,
3415,short,135.892940001213,128,6279.752431000816,
3416,short,136.5739430002577,128,6279.794278001646,
3417,short,136.39319999856525,128,6279.832041000191,
3418,short,136.21654899907298,128,6279.833658998541,
3419,short,135.9138889965834,128,6279.714675998548,
3420,short,134.21695199940586,128,6278.915667000547,
3404,short,141.6651389990875,128,6286.525632000121,
3421,short,143.87527099825093,128,6280.153202998918,
3422,short,142.85454399941955,128,6282.959809999738,
3423,short,145.73577199917054,128,6282.076586998301,
3424,short,146.18841800256632,128,6282.881900002394,
3425,short,146.87043599769822,128,6282.31218899964,
3427,short,145.17346000138787,128,6282.602359999146,
3428,short,145.10868300203583,128,6282.767011001852,
3429,short,144.962594997196,128,6282.761266997113,
3430,short,144.91760800228803,128,6282.79846499936,
3431,short,143.90929399814922,128,6281.918478998705,
3426,short,149.2613859991252,128,6285.112806999678,
3432,short,149.56991700091748,128,6280.243533998146,
3433,short,146.29649400012568,128,6280.459622001217,
3434,short,133.7411059976148,128,6278.50887599925,
3436,short,133.65085199984605,128,6279.076947001158,
3437,short,133.3481200017559,128,6279.0722130012,
3438,short,133.05899699844304,128,6279.00827099802,
3439,short,132.67790700047044,128,6278.823058000853,
3440,short,132.40784400113625,128,6278.745084000548,
3441,short,132.12382799974876,128,6278.655582998908,
3442,short,129.65935800093575,128,6276.370422998298,
3435,short,134.35685299918987,128,6281.507714000327,
3444,short,136.8098149978323,128,6278.856986999017,
3445,short,136.61905299886712,128,6278.940509000677,
3446,short,136.43875400157413,128,6278.962306001631,
3447,short,136.25883100030478,128,6278.96347800197,
3448,short,136.08419700176455,128,6278.967463000299,
3449,short,135.90913499865565,128,6279.023885999777,
3450,short,135.7326790021034,128,6279.026370000793,
3451,short,135.55936100237886,128,6279.027592001512,
3452,short,135.38582299952395,128,6279.029412002274,
3453,short,135.21274099912262,128,6279.028682001808,
3454,short,135.04776199988555,128,6279.028244000074,
3455,short,134.76504600112094,128,6278.917855001055,
3443,short,137.48879999911878,128,6281.764813000336,
3456,short,142.92787900194526,128,6277.996471999359,
3458,short,142.23904900063644,128,6275.188669998897,
3459,short,144.38546400197083,128,6276.744074999442,
3460,short,144.56814200093504,128,6277.015814001061,
3461,short,145.34762599942042,128,6277.913146997889,
3462,short,145.16316499793902,128,6278.039906999766,
3463,short,144.8030160026974,128,6277.976365003269,
3464,short,144.704840000486,128,6278.438222998375,
3465,short,144.52027600054862,128,6278.557246001583,
3466,short,144.34093099771417,128,6278.706591998343,
3467,short,143.3139789987763,128,6277.976145000139,
3468,short,143.09765999860247,128,6278.21263900114,
3469,short,142.9013409979234,128,6279.544837998401,
3470,short,142.65454099950148,128,6279.528868999478,
3471,short,143.10742700035917,128,6279.566534001788,
3472,short,142.5294959990424,128,6279.184699000325,
3457,short,149.8775010004465,128,6286.710383999889,
3473,short,143.32217400078662,128,6276.729752000392,
3475,short,137.60962800006382,128,6270.075848002307,
3476,short,137.4594500011881,128,6270.3655019977305,
3477,short,137.76073999906657,128,6271.356324999942,
3478,short,136.59727699996438,128,6270.387533997564,
3479,short,136.3759960004245,128,6270.473092998145,
3480,short,135.99958100166987,128,6270.324002001871,
3481,short,135.97037099680165,128,6270.5424899977515,
3482,short,135.80909600204905,128,6270.61741000216,
3483,short,135.58456399914576,128,6270.619089998945,
3484,short,135.42070299808984,128,6270.686468000349,
3485,short,135.2073449997988,128,6270.694975999504,
3486,short,135.02571800199803,128,6270.743095003127,
3487,short,132.96938499843236,128,6268.969385000673,
3474,short,141.43024399891146,128,6277.650733998598,
3488,short,136.89725600124802,128,6273.891380002169,
3490,short,135.52453999727732,128,6276.735702998849,
3491,short,135.51041900063865,128,6277.508013001352,
3492,short,135.27501900171046,128,6277.516948000994,
3493,short,135.11287800065475,128,6277.551514998777,
3494,short,134.9314309991314,128,6277.557733999856,
3495,short,134.74446399777662,128,6277.553190997423,
3496,short,134.51017499755835,128,6277.498395000293,
3497,short,134.8779879990616,128,6277.57192900026,
3498,short,133.50836300014635,128,6276.38986799866,
3499,short,131.6035310010193,128,6274.703316001251,
3489,short,139.38673599841422,128,6283.658018001006,
3501,short,139.39693900101702,128,6276.834978998522,
3502,short,139.24350399975083,128,6276.955345998431,
3503,short,139.06883799791103,128,6277.766234998126,
3504,short,138.9016659995832,128,6277.769177999289,
3505,short,138.68136100063566,128,6277.682562998962,
3506,short,138.58102599988342,128,6277.605151000898,
3507,short,138.83871500001987,128,6277.732370999729,
3508,short,138.77288200092153,128,6277.747615000408,
3509,short,138.73351400252432,128,6277.783379002358,
3510,short,138.62493300257483,128,6277.787196002464,
3511,short,138.40051399893127,128,6277.681004998158,
3512,short,138.51147400055197,128,6277.7539909984625,
3513,short,138.39007299975492,128,6277.755822000472,
3514,short,138.26136300122016,128,6277.74741200119,
3515,short,137.31024600201636,128,6276.916324000922,
3516,short,136.55478099826723,128,6276.067727998452,
3500,short,146.42287899914663,128,6285.433042001387,
3517,short,145.8015299976978,128,6276.611971999955,
3518,short,142.53034500143258,128,6274.978451001516,
3519,short,147.24597700114828,128,6277.944405999733,
3520,short,143.30353499826742,128,6277.475923998281,
3521,short,145.11210400087293,128,6277.187939002033,
3523,short,142.48196400149027,128,6275.807347999944,
3524,short,142.30388999931165,128,6275.9707719997095,
3525,short,142.0843390005757,128,6275.959434002289,
3526,short,141.9251309998799,128,6275.996681000834,
3527,short,140.8434849981859,128,6275.098939997406,
3522,short,143.6112650007999,128,6278.090119998524,
3528,short,146.2555749967578,128,6275.851595997665,
3529,short,145.5170499975793,128,6274.391031998675,
3530,short,136.497622999741,128,6275.326000999485,
3532,short,136.2727179985086,128,6276.141081998503,
3533,short,136.10338799844612,128,6276.261270999385,
3534,short,135.9647959980066,128,6276.28256800017,
3535,short,135.79387299978407,128,6276.251418999891,
3536,short,135.74049900125829,128,6276.284076000593,
3537,short,135.6193789979443,128,6276.289506997273,
3538,short,135.09915899703628,128,6275.946423997084,
3531,short,137.59314699927927,128,6278.6221300011675,
3540,short,139.96379200034426,128,6276.386707999336,
3541,short,139.82423600100446,128,6276.530243001616,
3542,short,139.69828500194126,128,6276.559499001451,
3543,short,139.5764959997905,128,6276.569735000521,
3544,short,139.40029100194806,128,6276.518208000198,
3545,short,139.2768719997548,128,6276.518180999119,
3546,short,139.15841199923307,128,6276.520952997089,
3547,short,139.03965200006496,128,6276.525492001383,
3548,short,138.92064000174287,128,6276.531015999353,
3549,short,138.79990200075554,128,6276.53603699946,
3550,short,138.6822589993244,128,6276.537762998487,
3551,short,138.47901500048465,128,6276.497355000174,
3539,short,141.57966499988106,128,6279.468070999428,
3552,short,141.66341199961607,128,6275.883509999403,
3554,short,135.69932099926518,128,6274.768219998805,
3555,short,137.6460589999624,128,6275.857598000584,
3556,short,137.31852300043101,128,6275.482551998721,
3557,short,138.23718599815038,128,6276.22411899938,
3558,short,137.94509999934235,128,6276.232356998662,
3559,short,137.28865500161191,128,6275.858988999971,
3553,short,144.32816599946818,128,6286.3286239989975,
3560,short,177.27105199810467,128,6322.444323999662,
3561,short,176.93544999929145,128,6322.381857997243,
3562,short,176.63061500206823,128,6322.2806960002345,
3563,short,176.11955300162663,128,6321.961477999139,
3564,short,175.08412299866905,128,6320.62500399843,
3565,short,174.84268399857683,128,6320.642801001668,
3566,short,174.56633600158966,128,6320.584122000582,
3567,short,174.3479800024943,128,6320.601688999886,
3568,short,173.74496599950362,128,6320.226528998319,
3569,short,137.7621370011184,128,6284.5867140022165,
3571,short,141.58487999884528,128,6282.2632450006495,
3572,short,140.5449010017037,128,6282.235243001196,
3573,short,140.29764700171654,128,6282.216388000961,
3574,short,140.61852600207203,128,6282.097884002724,
3575,short,140.37608199942042,128,6282.100860997161,
3576,short,139.94437600194942,128,6281.866512999841,
3577,short,139.79194499916048,128,6281.97061299943,
3578,short,139.57571100036148,128,6282.008121001127,
3579,short,139.31571300054202,128,6281.942106998031,
3580,short,139.10324199969182,128,6282.009711998398,
3581,short,138.83383299980778,128,6281.954076999682,
3582,short,138.5464230006619,128,6281.86135299984,
3583,short,136.27374399948167,128,6279.789304000587,
3570,short,144.80189999812865,128,6288.8389580002695,
3584,short,139.02677300211508,128,6284.1190100007225,
3586,short,134.27024699922185,128,6280.219747000956,
3587,short,134.3186619997141,128,6280.966697999247,
3588,short,134.07222400201135,128,6280.985459001386,
3589,short,133.94639299804112,128,6281.062268000824,
3590,short,133.76684399918304,128,6281.069339998794,
3591,short,133.58859999789274,128,6281.07461199761,
3592,short,133.33504899856052,128,6281.001176001155,
3593,short,133.22447300015483,128,6281.054949999088,
3594,short,133.5489390003204,128,6281.049152999913,
3595,short,130.45916800183477,128,6278.175054001622,
3585,short,138.50674999775947,128,6287.6540679972095,
3597,short,136.55124599972623,128,6281.659970998589,
3598,short,135.5070829995384,128,6280.935666000005,
3599,short,135.28307500018855,128,6281.734617998154,
3600,short,135.09213799989084,128,6281.762263999553,
3601,short,134.84655999855022,128,6281.71225999904,
3602,short,134.5565230003558,128,6281.61672999704,
3603,short,134.4541210019088,128,6281.754031999299,
3604,short,134.26654800059623,128,6281.771898000443,
3605,short,134.11004599765874,128,6281.807733997994,
3606,short,133.93130699842004,128,6281.80857299958,
3607,short,133.66341999790166,128,6281.717630998173,
3608,short,134.38736699754372,128,6281.828423998377,
3609,short,134.2235679985606,128,6281.845661000261,
3610,short,134.04728400200838,128,6281.845769000938,
3611,short,133.75082200218458,128,6281.733584000904,
3612,short,130.8361910014355,128,6279.012543000135,
3596,short,139.45624600091833,128,6288.449072999356,
3613,short,146.3898309993965,128,6280.936732997361,
3614,short,144.76186300089466,128,6282.628237000608,
3615,short,145.53621999948518,128,6281.043109000166,
3616,short,142.3850230021344,128,6280.812598000921,
3617,short,141.99701599864056,128,6281.756734999362,
3619,short,141.59898900106782,128,6281.71884800031,
3620,short,141.41784299863502,128,6281.882200000837,
3621,short,141.19787299932796,128,6281.883284998912,
3622,short,141.03987899943604,128,6281.917727999826,
3623,short,140.23601799999597,128,6281.298301000788,
3618,short,142.74354999724892,128,6283.996412999841,
3624,short,146.47140700253658,128,6280.558308000764,
3625,short,147.9222080015461,128,6280.211324999982,
3626,short,136.6533549989981,128,6282.5925190009,
3628,short,136.02761500078486,128,6282.5438079999,
3629,short,135.81659099872923,128,6282.657555999322,
3630,short,135.6254149977758,128,6282.725449997088,
3631,short,135.4097500006901,128,6282.708786999137,
3632,short,135.2504280002904,128,6282.772070000647,
3633,short,135.0178840002627,128,6282.734279000579,
3634,short,134.39491000099224,128,6282.293377000315,
3627,short,136.66735900187632,128,6285.042744999373,
3636,short,140.37342599840485,128,6281.2314109978615,
3637,short,140.16706199981854,128,6281.314982999902,
3638,short,139.98078100121347,128,6281.327773001976,
3639,short,139.80063000053633,128,6281.328380002378,
3640,short,139.6232709994365,128,6281.328338998719,
3641,short,139.44768200235558,128,6281.34261300147,
3642,short,139.26858499689843,128,6281.338385997515,
3643,short,139.08974500009208,128,6281.338710999989,
3644,short,138.9120460007689,128,6281.3388199974725,
3645,short,138.7380310006847,128,6281.355802999315,
3646,short,138.5284420030075,128,6281.322491002356,
3647,short,138.21630500024185,128,6281.187461001537,
3635,short,141.0997889979626,128,6284.23629000099,
3648,short,150.35466799963615,128,6281.22402200097,
3650,short,141.8527610003366,128,6279.023645001871,
3651,short,143.29952099797083,128,6279.881119000493,
3652,short,143.01574300043285,128,6279.204304002633,
3653,short,143.77949399931822,128,6279.339889999392,
3654,short,143.49244499680935,128,6279.244063000078,
3655,short,138.22112900015782,128,6274.153263002518,
3649,short,149.38599100059946,128,6285.842299999786,
3657,short,137.11688100011088,128,6279.965132998768,
3658,short,136.92063000053167,128,6281.01519700067,
3659,short,136.73672299773898,128,6281.088313997316,
3660,short,136.49318700117874,128,6281.041250000271,
3661,short,136.88385400018888,128,6281.016770000861,
3662,short,136.70080799784046,128,6281.037422999361,
3663,short,136.46939200043562,128,6280.990851999377,
3664,short,136.2958309982787,128,6281.080576998647,
3665,short,135.72425700112944,128,6280.7209310012695,
3656,short,138.98630800031242,128,6284.169001999544,
3667,short,141.631343998597,128,6279.987651996635,
3668,short,141.52571399972658,128,6280.245084999478,
3669,short,141.87095099987346,128,6280.268360998889,
3670,short,141.69650800249656,128,6281.089077001525,
3671,short,141.50719200188178,128,6281.192366001051,
3672,short,141.14408699970227,128,6281.015246000607,
3673,short,141.04634999966947,128,6281.130175000726,
3674,short,140.88297900161706,128,6281.157728000835,
3675,short,140.58326500162366,128,6281.041914000525,
3676,short,140.4103290005878,128,6281.055788000231,
3677,short,140.19801099857432,128,6281.022122999275,
3678,short,140.01193599688122,128,6281.021912000142,
3679,short,138.07138099946314,128,6279.268690999743,
3666,short,146.05254699927173,128,6287.172741998802,
3680,short,136.25750099890865,128,6280.170794998412,
3682,short,134.0905010001734,128,6277.701872000762,
3683,short,134.0524200022628,128,6278.316869000264,
3684,short,133.79777899899636,128,6278.3349769997585,
3685,short,133.67064900012338,128,6278.409777001798,
3686,short,133.48806900103227,128,6278.412262003258,
3687,short,133.30969500020728,128,6278.414319996955,
3688,short,133.06880999880377,128,6278.350573997159,
3689,short,133.39441900097881,128,6278.33249700052,
3690,short,133.11837899891543,128,6278.25603599922,
3691,short,129.84101600159192,128,6276.485772999877,
3681,short,138.22075500138453,128,6284.8290969996015,
3693,short,137.05857600143645,128,6277.884359002201,
3694,short,136.03457999852253,128,6277.186391998839,
3695,short,135.8088909983053,128,6277.218199000345,
3696,short,135.6258550003986,128,6277.224686000409,
3697,short,135.38252899888903,128,6278.0774509992625,
3698,short,135.07260600090376,128,6278.028292999807,
3699,short,134.9612750018423,128,6278.1752810005855,
3700,short,134.7687789966585,128,6278.191628000059,
3701,short,134.61216900032014,128,6278.291938997427,
3702,short,134.43510399883962,128,6278.3021069990355,
3703,short,134.1433359993971,128,6278.19124600137,
3704,short,134.80972099932842,128,6278.269049998926,
3705,short,134.63752099778503,128,6278.27398899899,
3706,short,134.45470700025908,128,6278.267565998249,
3707,short,134.16092400075286,128,6278.148474000773,
3708,short,132.50030999915907,128,6276.67723400009,
3692,short,139.88081999923452,128,6284.886352001195,
3709,short,146.5240139987145,128,6281.11586399973,
3710,short,143.96087099885335,128,6280.163759998686,
3711,short,146.5757539990591,128,6280.0473690003855,
3712,short,142.38353300243034,128,6280.746669002838,
3713,short,141.18479999888223,128,6280.808096998953,
3715,short,141.74675999674946,128,6279.894374998548,
3716,short,141.56437199926586,128,6280.067947001953,
3717,short,141.34688999911305,128,6280.838828999549,
3718,short,141.18843100004597,128,6280.911111996829,
3719,short,140.4029810000793,128,6280.315120999148,
3714,short,142.90390799942543,128,6282.9604409998865,
3720,short,148.79369199843495,128,6281.922546997521,
3721,short,148.71019699785393,128,6282.485265001014,
3722,short,136.09834100134321,128,6281.070261000423,
3724,short,135.39947599929292,128,6278.5752230010985,
3725,short,135.1415739991353,128,6278.658405000897,
3726,short,134.94416600224213,128,6278.666789999988,
3727,short,134.69812000039383,128,6278.62080399791,
3728,short,134.52927799880854,128,6278.6506049997115,
3729,short,134.3474729983427,128,6278.654212997935,
3730,short,133.77682999998797,128,6278.265879001992,
3723,short,136.32633599991095,128,6281.342329002655,
3732,short,137.68530800007284,128,6281.337589000032,
3733,short,137.48952099922462,128,6281.482200000028,
3734,short,137.30830599888577,128,6281.516129998636,
3735,short,137.12110499909613,128,6281.513214998995,
3736,short,136.94064100127434,128,6281.516257000476,
3737,short,136.76475399915944,128,6281.52205600054,
3738,short,136.5858280005341,128,6281.524731002719,
3739,short,136.40795399987837,128,6281.522876000963,
3740,short,136.22663199930685,128,6281.5070760007075,
3741,short,136.04140500319772,128,6281.511258002865,
3742,short,135.863719999179,128,6281.513994999841,
3743,short,135.60020699878805,128,6281.427271998837,
3731,short,138.34193899674574,128,6284.334840998781,
3744,short,150.47707100166008,128,6274.663615000463,
3746,short,142.45205800034455,128,6275.433598002564,
3747,short,144.4300139992265,128,6276.6788420012745,
3748,short,144.63499100020272,128,6276.621263001289,
3749,short,145.43591099936748,128,6276.861958998779,
3750,short,145.25804100048845,128,6276.872998998442,
3751,short,143.2024130008358,128,6275.00025900008,
3745,short,149.6758330031298,128,6281.936029001372,
3753,short,138.26763899851358,128,6277.137084998685,
3754,short,138.01669099848368,128,6277.192703997571,
3755,short,137.8119679975498,128,6277.19220599829,
3756,short,137.54589200107148,128,6277.110063001601,
3757,short,137.3405830017873,128,6277.098525999463,
3758,short,137.14731499931077,128,6277.097647998744,
3759,short,136.8392779986607,128,6276.980405000359,
3760,short,136.65924999804702,128,6276.999968999007,
3761,short,136.6305060000741,128,6276.673299002141,
3752,short,141.00532500015106,128,6281.207096999424,
3763,short,141.02108700171812,128,6276.935697002045,
3764,short,140.9462519986846,128,6277.210468000703,
3765,short,139.8827209995943,128,6276.354582998465,
3766,short,140.26143999944907,128,6277.138036999531,
3767,short,140.08252799976617,128,6277.245815999777,
3768,short,139.7073010011809,128,6277.054641999712,
3769,short,139.67328899889253,128,6277.214329002163,
3770,short,139.51676900251186,128,6277.25011000075,
3771,short,139.30852900011814,128,6277.226152000367,
3772,short,139.15520500086132,128,6277.270922000753,
3773,short,138.94672700189403,128,6277.248116002738,
3774,short,138.75992800240056,128,6277.252739000687,
3775,short,136.88954600002035,128,6275.569502999133,
3762,short,145.06550399892149,128,6283.311543997115,
3776,short,136.07016599780763,128,6276.345894999395,
3778,short,136.40525399750913,128,6274.765205998847,
3779,short,136.40388500061817,128,6275.286337997386,
3780,short,136.15183000001707,128,6275.249106998672,
3781,short,136.02931199784507,128,6275.323653000669,
3782,short,135.85094700101763,128,6275.329090000014,
3783,short,135.6728579994524,128,6275.328640000225,
3784,short,135.42930200128467,128,6275.2636180011905,
3785,short,135.95340699976077,128,6275.297477001004,
3786,short,134.40165099746082,128,6273.916746999021,
3787,short,132.56205100333318,128,6273.4061400005885,
3777,short,140.61559400215629,128,6281.412653999723,
3789,short,138.98079299906385,128,6275.404543001059,
3790,short,138.72358899971005,128,6275.388219000888,
3791,short,138.53505600127392,128,6276.205342001049,
3792,short,137.43484999940847,128,6275.320344000647,
3793,short,137.12730100087356,128,6275.195382000675,
3794,short,136.8023680006445,128,6275.056978000066,
3795,short,136.6805910001858,128,6275.137284999801,
3796,short,136.434164000093,128,6275.079216000449,
3797,short,136.27143600024283,128,6275.098890000663,
3798,short,136.0901769985503,128,6275.093297997955,
3799,short,135.81858500037924,128,6274.99488399917,
3800,short,135.70754499960458,128,6275.066594000236,
3801,short,135.5403270026727,128,6275.073463002627,
3802,short,136.14722100101062,128,6275.069694002013,
3803,short,135.8603420012514,128,6274.946779001766,
3804,short,134.2123590002302,128,6273.512610998296,
3788,short,141.8172660014534,128,6281.807390001632,
3805,short,145.45516100042732,128,6273.924815002829,
3806,short,143.78508099980536,128,6272.907722999662,
3807,short,147.67804100119974,128,6275.4613690012775,
3808,short,143.64269500219962,128,6275.057653001568,
3809,short,143.1485530010832,128,6274.730537999858,
3811,short,142.54571700075758,128,6273.670817001403,
3812,short,141.58262799901422,128,6273.014078000415,
3813,short,141.32888399763033,128,6272.95911499823,
3814,short,141.1633450006775,128,6272.985076000623,
3815,short,140.42813299965928,128,6272.432377001678,
3810,short,144.42816199880326,128,6276.163704998908,
3816,short,145.68186099859304,128,6276.459463999345,
3817,short,147.89830399968196,128,6280.379981999431,
3818,short,135.66250800067792,128,6277.898963999178,
3820,short,134.7718269971665,128,6277.443369999673,
3821,short,134.5697740034666,128,6277.668063001329,
3822,short,134.3715080001857,128,6277.803310000309,
3823,short,134.147793000011,128,6277.897769999981,
3824,short,133.98722700003418,128,6278.24914500161,
3825,short,133.8069009980245,128,6278.365774000122,
3826,short,132.88120399738546,128,6277.732243997889,
3819,short,135.69619700137991,128,6283.251583998208,
3828,short,138.826810001774,128,6274.459503001708,
3829,short,138.61540499783587,128,6274.496950998582,
3830,short,138.43240400092327,128,6274.510762003047,
3831,short,138.25042299868073,128,6274.512055999367,
3832,short,138.06777400168357,128,6274.510318999091,
3833,short,137.88862400178914,128,6274.507798003469,
3834,short,137.7119099997799,128,6274.508942999091,
3835,short,137.52469799874234,128,6274.511657000403,
3836,short,137.34537399795954,128,6274.516334000509,
3837,short,137.16703900354332,128,6274.513696000213,
3838,short,137.00186200003373,128,6274.5172119975905,
3839,short,136.76475600004778,128,6274.459839001793,
3827,short,139.8676520002482,128,6277.715693002392,
3840,short,153.09019499909482,128,6291.602132001572,
3842,short,142.81507000123383,128,6288.655738000671,
3843,short,144.79670899891062,128,6289.7326730017085,
3844,short,145.0186570000369,128,6289.66925700297,
3845,short,145.8170229998359,128,6289.907581998705,
3846,short,145.6358560026274,128,6290.792875002808,
3847,short,143.66963199790916,128,6289.052814998286,
3841,short,149.94875499905902,128,6295.242123997014,
3849,short,137.19294099792023,128,6289.261014997464,
3850,short,136.99211299899616,128,6289.347923000605,
3851,short,136.80927699897438,128,6289.36246000012,
3852,short,136.5655230001721,128,6289.30346800189,
3853,short,136.37426100103767,128,6289.307376002398,
3854,short,136.18235100148013,128,6289.308464001806,
3855,short,135.9184910033946,128,6289.236558000994,
3856,short,136.34495299993432,128,6289.2558189996635,
3857,short,135.83441700029653,128,6288.942463001149,
3848,short,139.098309999099,128,6292.350787000032,
3859,short,140.1135840023926,128,6289.012885001284,
3860,short,140.04079700316652,128,6289.2656970034295,
3861,short,138.96497699897736,128,6289.206093999383,
3862,short,139.3413400001009,128,6289.13689300316,
3863,short,139.1582619980909,128,6289.26218199922,
3864,short,138.78505699904053,128,6289.085424999939,
3865,short,138.74000500072725,128,6289.242753002327,
3866,short,138.58002000051783,128,6289.271161000215,
3867,short,138.35964299869374,128,6289.230577996932,
3868,short,138.1984250001551,128,6289.252062000742,
3869,short,137.98343099915655,128,6289.217063000251,
3870,short,137.79571299892268,128,6289.213796000695,
3871,short,136.10166199941887,128,6287.7034960001765,
3858,short,143.9826730020286,128,6295.301873000426,
3872,short,134.8578079996514,128,6292.951666997396,
3874,short,135.2491639991058,128,6293.475069000124,
3875,short,135.032026002591,128,6294.153449001897,
3876,short,135.03439700070885,128,6294.1426480028895,
3877,short,134.9084600005881,128,6294.208209001226,
3878,short,134.73017000069376,128,6294.214908000868,
3879,short,134.54977599758422,128,6294.215270998393,
3880,short,134.31300400043256,128,6294.157608997921,
3881,short,134.2023170000175,128,6294.229810999241,
3882,short,132.8112869996403,128,6293.020160999731,
3883,short,131.5546900004847,128,6291.409194000153,
3873,short,138.881777998904,128,6300.192337999761,
3885,short,137.79283999974723,128,6293.479579999257,
3886,short,136.78630399954272,128,6293.538966998312,
3887,short,136.57357699776185,128,6293.627207996906,
3888,short,136.3907199993264,128,6293.641926000419,
3889,short,136.15381700219586,128,6293.588385000476,
3890,short,135.87441699928604,128,6293.502942000487,
3891,short,135.78332900215173,128,6293.733026002883,
3892,short,135.6003930013685,128,6293.771729000582,
3893,short,135.44630800242885,128,6293.8101300023845,
3894,short,135.27107999834698,128,6293.816318000609,
3895,short,135.00554599886527,128,6293.730371999118,
3896,short,134.95098099883762,128,6293.821674997162,
3897,short,135.50143600150477,128,6293.82895299932,
3898,short,135.33757899858756,128,6293.83571499784,
3899,short,135.01441700282157,128,6293.685849002941,
3900,short,133.49468299929867,128,6294.3753139988985,
3884,short,140.42499300194322,128,6301.4790849993005,
3901,short,146.9925540004624,128,6294.19665900059,
3902,short,145.63530499799526,128,6295.612719000928,
3903,short,145.041219999257,128,6293.97113700179,
3904,short,145.7473549999122,128,6293.800162999105,
3905,short,149.5615120002185,128,6294.588234002731,
3907,short,145.14531299937516,128,6295.341570999881,
3908,short,145.09313300004578,128,6295.508835999499,
3909,short,144.941401998949,128,6295.502918997954,
3910,short,144.89671000046656,128,6295.538851001766,
3911,short,143.90267799899448,128,6294.671601001028,
3906,short,149.31873200112022,128,6297.818868999457,
3912,short,150.70839799955138,128,6293.332749999536,
3913,short,142.19201599917142,128,6289.531172998977,
3914,short,134.59847499689204,128,6291.957605997595,
3916,short,136.6424840016407,128,6293.546854998567,
3917,short,136.368585001037,128,6293.600863002212,
3918,short,136.10682400030782,128,6293.544083000597,
3919,short,135.70855199941434,128,6293.28159799843,
3920,short,135.46944800327765,128,6293.178063002415,
3921,short,135.2340519988502,128,6293.122565999511,
3915,short,137.89168499715743,128,6296.012591999897,
3922,short,133.60170200030552,128,6291.160594999383,
3923,short,142.05564499934553,128,6296.707965000678,
3924,short,142.26874499945552,128,6296.842930998537,
3925,short,142.1306740012369,128,6296.848928002873,
3926,short,142.00328899823944,128,6296.868261997588,
3927,short,141.87761200082605,128,6296.872601000359,
3928,short,141.75482200153056,128,6296.875926000212,
3929,short,141.63190800172742,128,6296.8769110011635,
3930,short,141.49806299974443,128,6296.868716999597,
3931,short,141.37000199843897,128,6296.866145999957,
3932,short,141.2490059992706,128,6296.871221999027,
3933,short,141.12437099902309,128,6296.915732000343,
3934,short,141.0013990025618,128,6296.920868000598,
3935,short,140.50005900207907,128,6296.592053000495,
3936,short,151.53789200121537,128,6292.106666001928,
3938,short,142.1833330023219,128,6289.232428000105,
3939,short,144.15722099874984,128,6290.280937999341,
3940,short,144.36703200044576,128,6290.215946999524,
3941,short,144.25424500223016,128,6289.57914700004,
3942,short,144.03305199812166,128,6289.544437000586,
3943,short,142.7686850001919,128,6288.474356002553,
3937,short,149.0820650033129,128,6295.338714000536,
3945,short,139.51910799733014,128,6290.161031000025,
3946,short,139.32417099931627,128,6290.26606899788,
3947,short,139.1388910014939,128,6290.283922000526,
3948,short,138.89311400271254,128,6290.222737003205,
3949,short,139.37203000023146,128,6290.218513000582,
3950,short,139.18306499908795,128,6290.216740999313,
3951,short,138.9378530002432,128,6290.1604090002365,
3952,short,138.75711299988325,128,6290.1692150007875,
3953,short,138.2383669988485,128,6289.838794000389,
3944,short,141.39043999966816,128,6293.154899998626,
3955,short,143.6083590015187,128,6293.030828001065,
3956,short,142.731788000674,128,6292.512182000792,
3957,short,142.51486799912527,128,6292.510643997957,
3958,short,142.80608899935032,128,6292.387592999148,
3959,short,142.61184600036358,128,6293.356195998058,
3960,short,142.23630799824605,128,6293.211520998739,
3961,short,142.19490199684515,128,6293.389845999627,
3962,short,142.03887500116252,128,6293.4306360002665,
3963,short,141.8297789969074,128,6293.407575998572,
3964,short,141.67498000097112,128,6293.441599998914,
3965,short,141.46759000141174,128,6293.414530999144,
3966,short,141.28429799893638,128,6293.462360001286,
3967,short,139.595044998714,128,6291.966183998738,
3954,short,147.42898300028173,128,6299.392107997846,
3968,short,135.82049800243112,128,6292.186249000224,
3970,short,134.81776199841988,128,6289.999322998483,
3971,short,134.8274730007688,128,6290.655738997884,
3972,short,134.58403299955535,128,6290.650372000528,
3973,short,134.45712999964599,128,6290.7270540017635,
3974,short,134.27849399886327,128,6290.741312001046,
3975,short,134.08972099932726,128,6290.737896000792,
3976,short,133.84638000206905,128,6290.676658998564,
3977,short,134.2747769995185,128,6290.74052299984,
3978,short,134.0108530021098,128,6290.655148000951,
3979,short,131.04213499900652,128,6289.150361997599,
3969,short,138.7753109993355,128,6296.93444700024,
3981,short,137.5237139982346,128,6291.788681999606,
3982,short,137.22731199959526,128,6291.821988001175,
3983,short,137.0335999999952,128,6291.868026000884,
3984,short,136.85301700024866,128,6291.873728001519,
3985,short,136.61455400142586,128,6291.817183002422,
3986,short,136.2215240005753,128,6292.560559999401,
3987,short,136.1024229991017,128,6292.689738998888,
3988,short,135.91283700225176,128,6292.696589000116,
3989,short,135.75796299846843,128,6292.79741499704,
3990,short,135.58025699967402,128,6292.816007000511,
3991,short,135.3135850004037,128,6292.74129300029,
3992,short,135.20819599943934,128,6292.838114997721,
3993,short,135.03092099927017,128,6292.841552000027,
3994,short,135.6396989976929,128,6292.844076997426,
3995,short,133.328588999575,128,6290.701357000216,
3996,short,132.42761899891775,128,6289.979707999009,
3980,short,141.08383900020272,128,6299.1776800008665,
3997,short,146.76858500024537,128,6292.013449001388,
3998,short,144.6084260023781,128,6291.767172002437,
3999,short,146.81430299970089,128,6290.644745000463,
4000,short,143.84314899871242,128,6290.308722000191,
4001,short,143.75258599829976,128,6290.444084999763,
4003,short,143.0265920025704,128,6291.309496002214,
4004,short,142.84791400132235,128,6291.440185999818,
4005,short,142.63115400171955,128,6291.427424999711,
4006,short,142.47346399861271,128,6291.457642997557,
4007,short,141.43839099779143,128,6290.605115998915,
4002,short,144.79995099827647,128,6293.791552001494,
4008,short,148.25160200052778,128,6292.862957001489,
4009,short,150.19322900116094,128,6292.698774002929,
4010,short,136.9028579974838,128,6292.358413000329,
4012,short,135.33941899731872,128,6291.176296999765,
4013,short,135.0821089981764,128,6291.204970999388,
4014,short,134.8081629985245,128,6291.129543998977,
4015,short,134.63128000148572,128,6291.169791998982,
4016,short,134.40385799913201,128,6291.1250770011975,
4017,short,133.86759200147935,128,6290.766755002551,
4011,short,135.95611499840743,128,6293.364770997869,
4018,short,133.37576200137846,128,6290.985477000504,
4020,short,138.15568499921937,128,6290.056379002635,
4021,short,138.07156099937856,128,6290.16911600047,
4022,short,137.87060400136397,128,6290.15815800085,
4023,short,137.685875997704,128,6290.152448997105,
4024,short,137.5057069999457,128,6290.1478839994525,
4025,short,137.32780500140507,128,6290.143963000446,
4026,short,137.1463590003259,128,6290.136870000424,
4027,short,136.96599500326556,128,6290.129310000339,
4028,short,136.75863100070274,128,6290.147011000954,
4029,short,136.55831799769658,128,6290.137811000022,
4030,short,136.3841490019695,128,6290.134194001439,
4031,short,136.15692799794488,128,6290.096082000673,
4019,short,139.3172410025727,128,6293.403143001342,
4032,short,149.234066997451,128,6298.892612998316,
4034,short,145.05161000124644,128,6298.875778000365,
4035,short,147.10326300337329,128,6300.214413000504,
4036,short,147.33770900056697,128,6300.189508001495,
4037,short,148.18082800047705,128,6300.516626000899,
4038,short,147.98841399897356,128,6300.555626999994,
4039,short,146.08454199697007,128,6298.8723989983555,
4033,short,152.53053700143937,128,6306.176247999247,
4041,short,139.25582799856784,128,6300.065371000528,
4042,short,139.05458100271062,128,6300.118122002459,
4043,short,138.8716100009333,128,6300.188397999591,
4044,short,138.63205600137007,128,6300.174433999928,
4045,short,138.44417899963446,128,6300.242174002051,
4046,short,138.25410900244606,128,6300.302291001572,
4047,short,138.59065799988457,128,6300.31779699857,
4048,short,138.43074499891372,128,6300.424599001417,
4049,short,137.96680299856234,128,6300.21736100025,
4040,short,141.01942100023734,128,6303.584482000588,
4051,short,142.22797000184073,128,6298.71876100151,
4052,short,142.1489520034811,128,6299.879289003002,
4053,short,141.9621189997997,128,6299.969556999713,
4054,short,141.47750900156097,128,6299.026364999008,
4055,short,141.24512399939704,128,6299.085485999967,
4056,short,140.87787899916293,128,6298.967998998705,
4057,short,140.870053000981,128,6299.18743899907,
4058,short,140.71279100244283,128,6299.258543000178,
4059,short,140.50009600032354,128,6299.27001300166,
4060,short,140.34714599984,128,6299.343808997946,
4061,short,140.0924469999154,128,6299.31791099807,
4062,short,139.90242200088687,128,6299.3614509978215,
4063,short,138.30548799887765,128,6298.022701001173,
4050,short,146.09683900198434,128,6306.036750000203,
4064,short,134.20046099781757,128,6295.324210001127,
4066,short,135.8474570006365,128,6297.1528279995255,
4067,short,135.8898569997109,128,6297.814884001127,
4068,short,135.63743499980774,128,6297.818597002333,
4069,short,135.5071850011882,128,6297.913989001245,
4070,short,135.32514500184334,128,6297.957490001863,
4071,short,135.14382600260433,128,6298.045327999716,
4072,short,134.9017710017506,128,6298.034088002169,
4073,short,135.40382700011833,128,6298.147249999602,
4074,short,133.8885629993456,128,6296.845883996866,
4075,short,132.07725400206982,128,6296.631074001198,
4065,short,139.85997700001462,128,6304.787970999314,
4077,short,137.48356299765874,128,6295.682616000704,
4078,short,137.2466050015646,128,6296.513779001543,
4079,short,137.06083700162708,128,6296.574887001043,
4080,short,136.87909399959608,128,6296.616203999292,
4081,short,135.68791900252108,128,6295.65424500106,
4082,short,135.3705980000086,128,6295.582045000629,
4083,short,135.2715069988335,128,6295.755355997244,
4084,short,135.0135520006006,128,6295.736111998849,
4085,short,134.84126799812657,128,6295.795271998941,
4086,short,134.6497519989498,128,6295.82283900163,
4087,short,134.3739199983247,128,6295.78441600097,
4088,short,134.26409699968644,128,6295.924504000141,
4089,short,134.0862830002152,128,6295.9695310019015,
4090,short,133.90860700019402,128,6296.048263000557,
4091,short,133.61900000018068,128,6295.986898003321,
4092,short,133.00204500046675,128,6295.712133000052,
4076,short,140.30484999966575,128,6303.367348002212,
4093,short,145.4018320000614,128,6298.010624999733,
4094,short,143.28428199951304,128,6300.244333997398,
4095,short,147.83437799997046,128,6298.766575997433,
4096,short,146.41219099939917,128,6300.636780997593,
4097,short,145.27744899896788,128,6298.779815999296,
4099,short,143.78068500082009,128,6297.835130000749,
4100,short,143.60195599874714,128,6297.923853999237,
4101,short,143.38930799931404,128,6297.968218997994,
4102,short,143.23030299783568,128,6298.039394998341,
4103,short,142.18305100075668,128,6297.214823000104,
4098,short,145.51760899848887,128,6300.442703999579,
4104,short,146.92161100174417,128,6295.31032000159,
4105,short,147.53306700004032,128,6295.8240779989865,
4106,short,134.84859399977722,128,6295.688078000239,
4108,short,134.27404799949727,128,6295.487740000681,
4109,short,134.07664600163116,128,6295.496394002839,
4110,short,133.83145600164426,128,6295.481082001061,
4111,short,133.67017899872735,128,6295.589433000714,
4112,short,133.48958999995375,128,6295.63803199926,
4113,short,132.93016299940064,128,6295.300551002583,
4107,short,134.77464500101632,128,6297.70169800031,
4114,short,132.79286499891896,128,6295.9551189997,
4116,short,139.57823400050984,128,6299.263444001554,
4117,short,139.50046700119856,128,6299.400493000576,
4118,short,139.3325190001633,128,6299.468925000838,
4119,short,139.15615299993078,128,6299.509757998749,
4120,short,138.9817290000792,128,6299.552748001588,
4121,short,138.80835000236402,128,6299.609289002547,
4122,short,138.6346150029567,128,6299.653245001537,
4123,short,138.40772699768422,128,6299.648644999252,
4124,short,138.2151950019761,128,6299.7545520011045,
4125,short,138.03558699873975,128,6299.807062998298,
4126,short,137.84582399966894,128,6299.86441499932,
4127,short,137.33233899984043,128,6299.572904001252,
4115,short,140.35518499804311,128,6302.787458997045,
4128,short,151.96121099870652,128,6301.557376002165,
4130,short,143.65948499835213,128,6298.740424997959,
4131,short,145.89137099756044,128,6299.895378997462,
4132,short,146.14788399921963,128,6299.760071000492,
4133,short,147.11675499711419,128,6299.956681999902,
4134,short,146.90170500034583,128,6299.923508002394,
4135,short,145.01777999976184,128,6297.44706099882,
4129,short,151.73332700214814,128,6305.09959200208,
4137,short,136.8945319991326,128,6299.630008001259,
4138,short,136.6431249989546,128,6299.662558998534,
4139,short,136.4127910019306,128,6299.63626999961,
4140,short,136.10030600102618,128,6299.512241002958,
4141,short,135.84369299860555,128,6299.468665998575,
4142,short,135.57466400015983,128,6299.407939000957,
4143,short,135.22997199834208,128,6299.278632999631,
4144,short,134.95449000038207,128,6299.238501000218,
4145,short,134.3197259993758,128,6298.829529998329,
4136,short,137.94458400298026,128,6302.924771000107,
4147,short,138.367872001254,128,6296.528809001757,
4148,short,138.74049799778732,128,6297.371528999065,
4149,short,138.52026799941086,128,6297.378692997881,
4150,short,138.2550230009656,128,6297.265825000068,
4151,short,137.9842969981837,128,6297.242280998034,
4152,short,137.5382769983844,128,6296.980778999568,
4153,short,137.3801280024054,128,6297.087728002225,
4154,short,137.16104899867787,128,6297.076603001187,
4155,short,136.91278200349188,128,6296.992234001664,
4156,short,136.70303099934245,128,6296.980827999505,
4157,short,136.4358010032447,128,6296.915135000745,
4158,short,136.15874300012365,128,6296.841295999911,
4159,short,134.03914900118252,128,6294.920489002834,
4146,short,142.2142529991106,128,6303.490176000196,
4160,short,137.5613180025539,128,6302.809507000347,
4162,short,136.55270299932454,128,6299.306086002616,
4163,short,136.52103699860163,128,6299.858264999784,
4164,short,136.241770000197,128,6299.801811001089,
4165,short,136.07944400064298,128,6299.828737999633,
4166,short,135.81025199891883,128,6299.742908999178,
4167,short,135.58270900102798,128,6299.693289998686,
4168,short,135.28885599953355,128,6299.577076999412,
4169,short,135.61103500251193,128,6299.594631000218,
4170,short,133.9542200003052,128,6298.122751999472,
4171,short,131.8490740013658,128,6297.51427500014,
4161,short,139.8254320010892,128,6306.113187001756,
4173,short,137.93049300147686,128,6298.5914340024465,
4174,short,137.6778900012141,128,6299.289383001451,
4175,short,137.43912499921862,128,6299.2767930008995,
4176,short,137.2105400005239,128,6299.238786999922,
4177,short,136.90712199968402,128,6299.121018000733,
4178,short,136.54467499873135,128,6298.965778998536,
4179,short,136.35239399809507,128,6299.014554999303,
4180,short,136.10480900024413,128,6298.969870000292,
4181,short,135.89307299844222,128,6298.969696999848,
4182,short,135.64879100158578,128,6298.909935001575,
4183,short,135.95980299942312,128,6298.764852999739,
4184,short,135.79060700067203,128,6298.861235001823,
4185,short,135.52815900038695,128,6298.792079000123,
4186,short,135.29337300133193,128,6298.739645000751,
4187,short,134.10081500114757,128,6297.744875002536,
4188,short,132.8342769993469,128,6297.414802000276,
4172,short,140.71399200111046,128,6305.740928000887,
4189,short,146.17588900000555,128,6298.795619997691,
4190,short,141.8408410027041,128,6298.8111060003575,
4191,short,147.39769799780333,128,6299.722761999874,
4192,short,141.10387100299704,128,6297.957725000742,
4193,short,142.36560599965742,128,6299.183169001481,
4195,short,141.40186399890808,128,6298.529708001297,
4196,short,141.16252699750476,128,6298.612715996569,
4197,short,140.89896399673307,128,6298.564099997748,
4198,short,140.6837850008742,128,6298.608083001454,
4199,short,139.56124499964062,128,6297.680804000265,
4194,short,142.29159800015623,128,6300.898959998449,
4200,short,147.60012500119046,128,6300.092457000574,
4201,short,152.22875899780774,128,6304.06914500054,
4202,short,141.86548399811727,128,6299.3911199992,
4204,short,140.5933370006096,128,6298.535950001678,
4205,short,140.36638800098444,128,6298.559237999143,
4206,short,140.0761520017113,128,6298.461177000718,
4207,short,139.8724430000584,128,6298.4739120001905,
4208,short,139.65274399743066,128,6298.433523999847,
4209,short,139.05499600150506,128,6298.0147910020605,
4210,short,138.8706159996218,128,6298.306800999853,
4203,short,141.38860599996406,128,6301.004896999075,
4212,short,138.35662199926446,128,6296.854008996888,
4213,short,138.23534000039217,128,6297.114597000473,
4214,short,138.0271800007904,128,6297.19867699896,
4215,short,137.79912300014985,128,6297.260578001442,
4216,short,137.58178500211216,128,6297.342026002298,
4217,short,137.36410300043644,128,6297.416033001355,
4218,short,137.1434180000506,128,6297.477869000431,
4219,short,136.8459340010304,128,6297.463319999224,
4220,short,136.60601900119218,128,6297.507982999377,
4221,short,136.36973200118518,128,6297.566707002261,
4222,short,136.14758999756305,128,6299.598146997596,
4223,short,135.88794200040866,128,6299.604833999183,
4211,short,139.16068699836615,128,6303.055365999171,
4224,short,149.13205599805224,128,6295.685672001127,
4226,short,141.22129300085362,128,6294.163563001348,
4227,short,142.9670100005751,128,6295.316151001316,
4228,short,143.1767599970044,128,6295.267843997863,
4229,short,143.9587249988108,128,6295.523494001827,
4230,short,143.7799029990856,128,6295.5337570019765,
4231,short,142.0111879997421,128,6293.945855002676,
4225,short,148.59737699953257,128,6300.85450900151,
4233,short,137.97272500232793,128,6296.3368900018395,
4234,short,137.77659200059134,128,6296.483894999255,
4235,short,137.58433700058958,128,6296.499419000611,
4236,short,137.33933799812803,128,6296.443461000308,
4237,short,137.14450200131978,128,6296.451425001578,
4238,short,137.56212400039658,128,6297.304943000199,
4239,short,137.32143699962762,128,6297.317528998974,
4240,short,137.15911499821232,128,6297.370419000799,
4241,short,136.3614570000209,128,6296.791311997367,
4232,short,139.63585600140505,128,6300.290154002141,
4243,short,142.53192500109435,128,6295.354757003224,
4244,short,142.43687199996202,128,6296.444100000372,
4245,short,142.2535230012727,128,6296.511163000105,
4246,short,142.6393490000919,128,6296.460425997793,
4247,short,142.46205400195322,128,6296.524088000297,
4248,short,142.09986599962576,128,6296.3421379972715,
4249,short,142.06194800135563,128,6296.504786001606,
4250,short,141.90611000231002,128,6296.545502002118,
4251,short,141.70013799957815,128,6296.518775001459,
4252,short,141.5295819970197,128,6296.607229000074,
4253,short,141.31975099735428,128,6296.581643000536,
4254,short,141.13794900185894,128,6296.587418000854,
4255,short,139.41848499962362,128,6295.052847999614,
4242,short,147.81769500041264,128,6302.721315998497,
4256,short,134.0930920014216,128,6295.7446060027,
4258,short,134.78356700215954,128,6297.472027999902,
4259,short,134.72967900088406,128,6298.133085001609,
4260,short,134.4834660012566,128,6298.127056001249,
4261,short,134.35138600107166,128,6298.207210998953,
4262,short,134.17170799948508,128,6298.210072000074,
4263,short,133.9913269985118,128,6298.252798998874,
4264,short,134.1712510002253,128,6298.198470001807,
4265,short,134.06908300021314,128,6298.257572998409,
4266,short,132.53953000094043,128,6296.908386000723,
4267,short,130.73049900049227,128,6296.565622000344,
4257,short,138.37822300047264,128,6304.348526999092,
4269,short,139.0089500018803,128,6297.932422003214,
4270,short,138.7939309970534,128,6297.969477996958,
4271,short,138.61229199756053,128,6298.832114996912,
4272,short,138.4340129989141,128,6298.873322000873,
4273,short,138.19740899998578,128,6298.824551999132,
4274,short,137.93550800255616,128,6298.759075001726,
4275,short,137.8485940003884,128,6298.864541000512,
4276,short,137.66295199820888,128,6298.868633999518,
4277,short,137.5109720029286,128,6298.905852003372,
4278,short,137.3344419989735,128,6298.90879300001,
4279,short,137.01436599876615,128,6298.768454998935,
4280,short,137.7360000005865,128,6298.846838999452,
4281,short,137.56293599726632,128,6298.8643030003,
4282,short,137.37400899844943,128,6298.850590999791,
4283,short,136.37487499727285,128,6298.025596999651,
4284,short,135.5163160005759,128,6297.395923000295,
4268,short,142.40774999780115,128,6306.324651999603,
4285,short,147.09750499969232,128,6297.982795997086,
4286,short,142.1911799989175,128,6295.4744330018,
4287,short,146.32257199991727,128,6296.542492997105,
4288,short,143.21462099906057,128,6296.198304000427,
4289,short,147.22933000302874,128,6297.361592001835,
4291,short,141.57630099725793,128,6296.775412996794,
4292,short,141.36574400254176,128,6296.8894930018,
4293,short,141.12869299788144,128,6296.85161299858,
4294,short,140.96434299790417,128,6296.881556998414,
4295,short,140.02036899910308,128,6296.120710998366,
4290,short,142.82185100091738,128,6299.125954999909,
4296,short,145.72525299809058,128,6297.05646200091,
4297,short,147.83918800094398,128,6293.49029900186,
4298,short,136.90635600141832,128,6299.6291240015125,
4300,short,135.74812300066696,128,6299.7535549984605,
4301,short,135.55615799850784,128,6299.874537999131,
4302,short,135.31500599856372,128,6299.833339999168,
4303,short,135.1550200015481,128,6299.900747002539,
4304,short,134.97307199941133,128,6299.905452997336,
4305,short,134.44628300203476,128,6299.560288000066,
4306,short,133.9801020003506,128,6299.555599001906,
4299,short,136.51801499872818,128,6302.275518999522,
4308,short,135.31425399924046,128,6298.362690999056,
4309,short,135.12477499898523,128,6298.43191100008,
4310,short,134.8329209977237,128,6298.3459399983985,
4311,short,134.53234700136818,128,6298.229891999654,
4312,short,134.2400120011007,128,6298.119925002538,
4313,short,133.95607200072845,128,6298.016701999586,
4314,short,133.67216100232326,128,6297.908158001519,
4315,short,133.37797199710621,128,6297.793409998121,
4316,short,133.09092200142913,128,6297.6825820005615,
4317,short,130.83177999942563,128,6295.643174998986,
4318,short,130.56548200256657,128,6295.56669700105,
4319,short,130.33748700036085,128,6295.51817200263,
4307,short,136.5884439983347,128,6301.936661999207,
4320,short,151.31220600233064,128,6299.515193000843,
4322,short,142.08344600046985,128,6299.0933309993125,
4323,short,143.9665830002923,128,6300.2875830025005,
4324,short,144.26417399954516,128,6300.237160998222,
4325,short,145.04343700173195,128,6300.544845998957,
4326,short,144.8642680006742,128,6300.616095002624,
4327,short,142.6001809995796,128,6298.551313000644,
4321,short,149.14548399974592,128,6305.596729998797,
4329,short,137.65294199765776,128,6299.080715998571,
4330,short,137.4491720016522,128,6299.311752998619,
4331,short,137.2632389975479,128,6299.346538999089,
4332,short,137.0165549997182,128,6299.285920998955,
4333,short,136.67190900014248,128,6299.283263000689,
4334,short,136.43038699956378,128,6299.28918099904,
4335,short,136.15514599950984,128,6299.260104999121,
4336,short,135.97524499709834,128,6299.292506999336,
4337,short,135.57950199901825,128,6299.110979001853,
4328,short,139.94804400135763,128,6303.607054000167,
4339,short,141.8053699999291,128,6298.692894997657,
4340,short,142.16311300333473,128,6298.9263130002655,
4341,short,141.98099200075376,128,6299.733810999896,
4342,short,141.78962000005413,128,6299.716468001861,
4343,short,141.60864199948264,128,6299.783572998422,
4344,short,141.23109900174313,128,6299.588639998547,
4345,short,141.17463500224403,128,6299.7507250001945,
4346,short,141.01974299774156,128,6299.7937129985075,
4347,short,140.745060001791,128,6299.690767002176,
4348,short,140.58687400029157,128,6299.715436998667,
4349,short,140.37630899838405,128,6299.683830999129,
4350,short,140.18965699870023,128,6299.684997997247,
4351,short,138.1258910005272,128,6297.807769999054,
4338,short,146.28619799987064,128,6305.640605001827,
4352,short,138.09242600109428,128,6300.203630999022,
4354,short,134.2431070006569,128,6297.443385999941,
4355,short,134.1677569980675,128,6298.1106269980955,
4356,short,133.91976300044917,128,6298.083682999277,
4357,short,133.79346700094175,128,6298.152182000194,
4358,short,133.5712889995193,128,6298.114927001734,
4359,short,133.38625200049137,128,6298.11213100038,
4360,short,133.57365199772175,128,6298.049255998194,
4361,short,133.50779699976556,128,6298.120606999873,
4362,short,131.9943449998391,128,6296.804874000372,
4363,short,130.19059100042796,128,6295.192533001682,
4353,short,138.04798999990453,128,6304.234559000179,
4365,short,137.38108500183444,128,6297.470016001171,
4366,short,136.33481000215397,128,6296.692179003003,
4367,short,136.11746600145125,128,6296.672977001435,
4368,short,135.93035399753717,128,6296.707427998626,
4369,short,135.68360300268978,128,6297.510031999991,
4370,short,135.40589500189526,128,6297.468631000811,
4371,short,135.3172259987332,128,6297.577932000422,
4372,short,135.12658300169278,128,6297.621662000893,
4373,short,135.88487500237534,128,6297.665630001575,
4374,short,135.7105370007048,128,6297.680397001386,
4375,short,135.4378629985149,128,6297.590584999853,
4376,short,135.3321579990734,128,6297.674989997176,
4377,short,135.15532599922153,128,6297.677482998552,
4378,short,134.9805860008928,128,6297.679682000307,
4379,short,134.6431890015083,128,6297.518472001684,
4380,short,131.88298499881057,128,6294.95648199736,
4364,short,140.07611600027303,128,6303.859718998865,
4381,short,145.65748799941503,128,6298.292987998138,
4382,short,144.07419599956484,128,6298.0634049999935,
4383,short,146.8244119969313,128,6297.034477000125,
4384,short,144.0821700016386,128,6298.174560000916,
4385,short,143.35043699975358,128,6296.631880999485,
4387,short,144.0339969994966,128,6298.816997998074,
4388,short,143.86111199928564,128,6298.984001998178,
4389,short,143.64727400243282,128,6298.977056001604,
4390,short,143.4901299980993,128,6299.02822999793,
4391,short,142.54461900054594,128,6298.274813001626,
4386,short,145.32091499859234,128,6301.209364999522,
4392,short,148.7264210009016,128,6300.225287999638,
4393,short,149.90671799751,128,6299.308221998217,
4394,short,137.36874499954865,128,6296.510787000443,
4396,short,135.84333399921888,128,6296.960510000645,
4397,short,135.64629999746103,128,6297.127822999755,
4398,short,135.40014899990638,128,6297.104984998441,
4399,short,135.23867500043707,128,6297.173015998851,
4400,short,135.05701499889256,128,6297.179822999169,
4401,short,134.5519759997842,128,6296.872611997969,
4402,short,134.1351820010459,128,6296.973971002444,
4395,short,136.68046400198364,128,6299.729952999769,
4404,short,138.59019200026523,128,6296.430431000772,
4405,short,138.50433900006465,128,6296.5924279997125,
4406,short,138.3525790006388,128,6296.70901999998,
4407,short,138.176303000364,128,6296.724023999559,
4408,short,137.99919800294447,128,6296.725054002309,
4409,short,137.82562500273343,128,6296.727812001336,
4410,short,137.64774599985685,128,6296.727752000152,
4411,short,137.47279300150694,128,6296.744236002269,
4412,short,137.25323000107892,128,6296.707006000361,
4413,short,137.06651000029524,128,6296.6971390014805,
4414,short,136.8817710026633,128,6296.733122002479,
4415,short,136.3387879973743,128,6296.38463199808,
4403,short,139.76642600027844,128,6299.938892003411,
4416,short,151.717427001131,128,6301.40574699908,
4418,short,141.4001030025247,128,6298.752616003185,
4419,short,143.26662500025122,128,6300.084417001926,
4420,short,143.42987300187815,128,6299.955184000282,
4421,short,144.1410170009476,128,6300.1782430001185,
4422,short,143.94283999718027,128,6300.180709997221,
4423,short,142.03819499743986,128,6298.457568998856,
4417,short,148.52221200271742,128,6304.8844799996,
4425,short,137.4591399981,128,6301.113212000928,
4426,short,137.24360699779936,128,6301.218317999883,
4427,short,137.05745699917316,128,6301.240879001853,
4428,short,136.59493600061978,128,6300.330597001448,
4429,short,136.35257199712214,128,6300.306679997448,
4430,short,136.10300299842493,128,6300.255969999853,
4431,short,135.84263099983218,128,6300.206061001518,
4432,short,135.65029199889977,128,6300.84556699876,
4433,short,134.89495199974044,128,6300.3127009978925,
4424,short,139.4028780014196,128,6305.06195199996,
4435,short,142.40811800118536,128,6301.573605000158,
4436,short,141.55332400332554,128,6301.48890000055,
4437,short,141.33215400215704,128,6301.613493000332,
4438,short,141.1747070014826,128,6301.664627000719,
4439,short,140.9937419994094,128,6301.962939000077,
4440,short,140.6117840015213,128,6301.877439000236,
4441,short,141.329501002474,128,6302.575977002562,
4442,short,141.17371199972695,128,6302.79454400079,
4443,short,140.97675800076104,128,6302.881880001223,
4444,short,140.82436800163123,128,6303.103631002159,
4445,short,140.61432200105628,128,6303.198577999865,
4446,short,140.42717200209154,128,6303.380782002932,
4447,short,138.86146499862662,128,6302.183297000738,
4434,short,146.4874189987313,128,6311.364258999674,
4448,short,135.14670500080683,128,6301.777887001663,
4450,short,133.99212900185375,128,6301.845547000994,
4451,short,134.08439900013036,128,6302.415959999053,
4452,short,133.8429540010111,128,6302.393664002011,
4453,short,133.71714499953669,128,6302.45726800058,
4454,short,133.5385709971888,128,6302.459426999121,
4455,short,133.3532489989011,128,6302.450707997195,
4456,short,133.1120649992954,128,6302.387421997992,
4457,short,132.9894209993654,128,6302.425596997637,
4458,short,132.71983099912177,128,6302.3335420002695,
4459,short,130.41046999933315,128,6300.796248000552,
4449,short,138.7184420018457,128,6308.922959000483,
4461,short,138.70522100114613,128,6305.492653998954,
4462,short,138.50975099921925,128,6305.627777001064,
4463,short,138.28877600099077,128,6305.609471997741,
4464,short,137.2378949999984,128,6304.743405999034,
4465,short,136.95647900021868,128,6304.646046002745,
4466,short,136.68206700094743,128,6305.540059998748,
4467,short,136.55870700313244,128,6305.653018000157,
4468,short,136.3626940001268,128,6305.652410999755,
4469,short,136.19365300110076,128,6305.670282999927,
4470,short,136.00937400042312,128,6305.6691089987,
4471,short,135.74359400081448,128,6305.581991000508,
4472,short,136.45857599840383,128,6305.668278000667,
4473,short,136.28420999884838,128,6305.671890997473,
4474,short,136.11020900134463,128,6305.6752490010695,
4475,short,135.81067999984953,128,6305.551205998199,
4476,short,134.4997060004971,128,6304.394595001213,
4460,short,141.45489699876634,128,6312.196155999118,
4477,short,144.39263500025845,128,6304.649524001434,
4478,short,142.64394299971173,128,6306.88457100041,
4479,short,149.03003600193188,128,6307.935235003242,
4480,short,146.12624800065532,128,6306.232666000142,
4481,short,146.02881799874012,128,6306.894459998148,
4483,short,141.3857139996253,128,6303.955287999997,
4484,short,141.2048620004498,128,6304.071902999567,
4485,short,140.96994099963922,128,6304.056334000052,
4486,short,140.80292799917515,128,6304.087682998215,
4487,short,139.88927399987006,128,6303.359007000836,
4482,short,142.6495720006642,128,6306.25237500135,
4488,short,145.9824590019707,128,6303.19607400088,
4489,short,147.51505500316853,128,6304.736068002967,
4490,short,137.0144850006909,128,6307.140959001117,
4492,short,136.44671099973493,128,6306.278385000041,
4493,short,136.22526499966625,128,6306.412899000861,
4494,short,135.972493000736,128,6306.373552000878,
4495,short,135.7969669988961,128,6306.423403999361,
4496,short,135.6015409983229,128,6306.410744997265,
4497,short,135.04855499922996,128,6306.036761998257,
4498,short,134.59235999835073,128,6306.043695996777,
4491,short,137.34079300047597,128,6308.9292850017955,
4500,short,136.73021999784396,128,6304.732726999646,
4501,short,136.54502599820262,128,6304.8057409978355,
4502,short,136.35192900255788,128,6304.827039002703,
4503,short,136.17243000044255,128,6304.837206000229,
4504,short,135.99542600059067,128,6304.840000000695,
4505,short,135.82719499754603,128,6304.840831999172,
4506,short,135.63522299955366,128,6304.8252670014335,
4507,short,135.4524490016047,128,6304.820148001454,
4508,short,135.2741850023449,128,6304.818205000629,
4509,short,135.0511250020645,128,6304.773223000666,
4510,short,134.8589160006668,128,6304.756730001827,
4511,short,134.36909899974125,128,6304.442497999844,
4499,short,137.85907999772462,128,6308.037519000209,
4512,short,151.51253699877998,128,6294.217332997505,
4514,short,143.0708740008413,128,6293.880512999749,
4515,short,145.52216900119674,128,6295.33031200117,
4516,short,146.17650500076707,128,6295.2433730024495,
4517,short,147.81052699981956,128,6295.47140700015,
4518,short,147.69021599931875,128,6295.47411999738,
4519,short,146.28929500031518,128,6294.19191100169,
4513,short,153.93402500194497,128,6300.4855460021645,
4521,short,139.60274199780542,128,6295.196884999314,
4522,short,139.41622999846004,128,6295.273791998625,
4523,short,139.23051699748612,128,6295.288437999261,
4524,short,138.9542930010066,128,6295.197342999018,
4525,short,138.75745300174458,128,6295.19419600183,
4526,short,138.5497170012968,128,6295.180324003013,
4527,short,138.35853199998382,128,6294.492131000879,
4528,short,138.16549300099723,128,6294.488245999673,
4529,short,137.67425599871785,128,6294.209179999598,
4520,short,141.5029109994066,128,6298.232213001029,
4531,short,142.25129400074366,128,6294.886981002492,
4532,short,142.0332670022617,128,6295.007190001343,
4533,short,142.26027299810085,128,6294.9267420008255,
4534,short,141.8390039980295,128,6294.706297998346,
4535,short,141.53227799761225,128,6295.553399999335,
4536,short,140.62390699837124,128,6294.876064999698,
4537,short,140.3930419983226,128,6294.90992099818,
4538,short,140.12177100084955,128,6294.849073001387,
4539,short,139.72059600200737,128,6294.63376700005,
4540,short,139.43866200133925,128,6294.539160000568,
4541,short,139.0445120014192,128,6294.338190000417,
4542,short,138.6748240001907,128,6294.156350999401,
4543,short,135.12189899847726,128,6290.789457998471,
4530,short,146.6727359984361,128,6301.646439998876,
4544,short,138.20149900129763,128,6295.434962001309,
4546,short,136.23053899937076,128,6292.328342999099,
4547,short,136.23253900004784,128,6292.918369999825,
4548,short,135.99323900052696,128,6292.913725003018,
4549,short,135.8725210011471,128,6292.982806000509,
4550,short,135.69515499693807,128,6292.987600998458,
4551,short,135.51749999896856,128,6292.9878089998965,
4552,short,135.2784189984959,128,6292.967228000634,
4553,short,135.66308800000115,128,6293.034848000389,
4554,short,134.2104079994897,128,6291.774000001169,
4555,short,132.03294900085893,128,6291.046662001463,
4545,short,139.79017599922372,128,6298.855211996852,
4557,short,137.29441999748815,128,6291.123159000563,
4558,short,137.0939169974008,128,6291.20148599759,
4559,short,136.90861999930348,128,6291.215060999093,
4560,short,136.72534099896438,128,6291.2178879996645,
4561,short,135.5032499996014,128,6291.074900997046,
4562,short,135.18361400201684,128,6291.010593002284,
4563,short,135.0795250000374,128,6291.121418998955,
4564,short,134.89073799792095,128,6291.123830997094,
4565,short,134.74001900249277,128,6291.151340999932,
4566,short,134.5613819976279,128,6291.1543659975,
4567,short,134.29524100138224,128,6291.101434002485,
4568,short,134.18273399656755,128,6291.194226996595,
4569,short,134.00184499914758,128,6291.197648999514,
4570,short,133.82393900246825,128,6291.201127001841,
4571,short,134.2658979992848,128,6291.084391999902,
4572,short,132.69708100051503,128,6289.695294999547,
4556,short,140.17048700043233,128,6297.892135000438,
4573,short,147.65746199918794,128,6291.747212999326,
4574,short,142.6364979997743,128,6289.5173039978545,
4575,short,145.3201549993537,128,6288.713867998013,
4576,short,143.08257199809304,128,6289.541305999592,
4577,short,143.8754680020793,128,6290.182354001445,
4579,short,144.23243700002786,128,6288.6478130021715,
4580,short,144.04176699827076,128,6288.723322999431,
4581,short,143.82211299744085,128,6288.714173999324,
4582,short,143.66393800082733,128,6288.7455109994335,
4583,short,142.81216800009133,128,6288.0780739978945,
4578,short,145.45271699898876,128,6290.811875001964,
4584,short,149.27751099821762,128,6292.483781999181,
4585,short,147.69460800016532,128,6289.719027001411,
4586,short,135.02350999988266,128,6288.331792999088,
4588,short,133.79325799905928,128,6288.763991000451,
4589,short,133.58410100045148,128,6288.845270999445,
4590,short,133.33607199820108,128,6288.796835000539,
4591,short,133.17628000004333,128,6288.858077998157,
4592,short,132.99679100236972,128,6288.911861000088,
4593,short,132.48474299689406,128,6288.591884997004,
4594,short,132.1115920000011,128,6288.69114200279,
4587,short,134.6602339981473,128,6291.370013997948,
4596,short,136.42973699825234,128,6292.007964999357,
4597,short,136.34795699908864,128,6292.203888999211,
4598,short,136.1607670005469,128,6292.223236003338,
4599,short,135.982405001414,128,6292.231152001477,
4600,short,135.8042989995738,128,6292.235930999595,
4601,short,135.63582499773474,128,6292.254050997144,
4602,short,135.4591849994904,128,6292.285051997169,
4603,short,135.28188499913085,128,6292.3062829977425,
4604,short,135.1045219998923,128,6292.3122069987585,
4605,short,134.92800099993474,128,6292.316717001086,
4606,short,134.75185800052714,128,6292.319137002778,
4607,short,134.2922109979554,128,6292.040058000566,
4595,short,137.53350800107,128,6295.409032001771,
4608,short,152.03451699926518,128,6290.07162400012,
4610,short,143.0724219972035,128,6288.225643998885,
4611,short,145.21186700221733,128,6289.299912001297,
4612,short,145.44994800235145,128,6289.229022000654,
4613,short,146.24101200024597,128,6289.461455002311,
4614,short,146.06436200119788,128,6289.469268001994,
4615,short,144.31749299910734,128,6287.901001000137,
4609,short,150.9408159981831,128,6294.894459999341,
4617,short,137.48051400034456,128,6289.358304002235,
4618,short,137.280915001611,128,6289.481416002673,
4619,short,137.09575699976995,128,6289.57559400078,
4620,short,136.85061300202506,128,6289.535797001008,
4621,short,136.6637789978995,128,6289.551993999339,
4622,short,137.09170299989637,128,6289.553801001603,
4623,short,136.84820399794262,128,6289.501496998128,
4624,short,136.65070899878629,128,6289.502351999545,
4625,short,136.19099399875267,128,6289.237288998265,
4616,short,139.5317780006735,128,6293.2737250012,
4627,short,141.88361600099597,128,6288.422446003096,
4628,short,141.79960199908237,128,6289.332074000413,
4629,short,141.5413440008706,128,6289.302729001065,
4630,short,140.4344549991947,128,6288.328822996846,
4631,short,140.20613499815227,128,6288.338451999152,
4632,short,140.48759199795313,128,6288.083504998212,
4633,short,140.48385900241556,128,6288.204020998819,
4634,short,140.32827999835717,128,6288.228787998378,
4635,short,140.10897199841565,128,6288.185883000551,
4636,short,139.95261899981415,128,6288.210607999645,
4637,short,139.7420270004659,128,6288.212391002162,
4638,short,139.561040999979,128,6288.215532997128,
4639,short,138.04523599901586,128,6286.894688997563,
4626,short,145.56904399796622,128,6294.3941240009735,
4640,short,133.951439998782,128,6288.763951000874,
4642,short,134.82788300098036,128,6289.403892998962,
4643,short,134.81080899873632,128,6289.911234998726,
4644,short,134.56850500006112,128,6289.882976998342,
4645,short,134.4431479992636,128,6289.943759002199,
4646,short,134.26552999953856,128,6289.957881999726,
4647,short,134.04674699995667,128,6289.966585998627,
4648,short,133.80109900026582,128,6289.904862002004,
4649,short,134.17348000075435,128,6289.943424999365,
4650,short,132.67313799951808,128,6288.615531000687,
4651,short,131.0739780019503,128,6288.324904999172,
4641,short,139.12735000121756,128,6296.012406000955,
4653,short,136.59695599926636,128,6289.597266000783,
4654,short,136.3999800014426,128,6290.364895998209,
4655,short,136.20331600031932,128,6290.393911000137,
4656,short,135.13294799849973,128,6289.507518999017,
4657,short,134.8321900004521,128,6289.384660998621,
4658,short,134.54909199936083,128,6289.29178999897,
4659,short,134.45179799964535,128,6289.399476998369,
4660,short,134.26523599991924,128,6289.402776998031,
4661,short,134.10759300313657,128,6289.443392000976,
4662,short,133.90164600059506,128,6289.409435998095,
4663,short,133.62748399958946,128,6289.312974000495,
4664,short,133.51124099790468,128,6289.420392000466,
4665,short,134.0979349988629,128,6289.432221001334,
4666,short,133.92994800233282,128,6289.434638001694,
4667,short,133.6423590000777,128,6289.330964998953,
4668,short,131.98242799990112,128,6289.665670999966,
4652,short,139.0609839982062,128,6296.955775000242,
4669,short,145.2989309982513,128,6291.042754000955,
4670,short,143.30075999896508,128,6292.115832999116,
4671,short,145.50163599778898,128,6297.2297109990905,
4672,short,145.926632998453,128,6292.533898998954,
4673,short,143.40842599995085,128,6292.644907000067,
4675,short,143.6303609989409,128,6293.108226000186,
4676,short,143.45449499887764,128,6293.239513997833,
4677,short,143.23846000115736,128,6293.225628000073,
4678,short,143.0772359999537,128,6293.257074001303,
4679,short,142.27391199892736,128,6292.639396000595,
4674,short,144.7840079999878,128,6295.338870000705,
4680,short,145.89801200054353,128,6292.565095998725,
4681,short,150.47304200197686,128,6292.48061600083,
4682,short,138.66361300097196,128,6292.330905998824,
4684,short,136.93047999913688,128,6291.750109998247,
4685,short,136.73261499934597,128,6291.845484000078,
4686,short,136.48953400115715,128,6291.809555998043,
4687,short,136.2785890014493,128,6291.822647999652,
4688,short,136.088995001046,128,6291.817436998826,
4689,short,135.56798799982062,128,6291.475669997453,
4690,short,135.2202620000753,128,6291.591554003389,
4683,short,137.71396599986474,128,6294.210736999958,
4692,short,136.93892599985702,128,6288.590678999753,
4693,short,136.8512480003119,128,6288.712278001185,
4694,short,136.66466900031082,128,6288.758541002608,
4695,short,136.4710150010069,128,6288.803373001429,
4696,short,136.28786800109083,128,6288.80281900274,
4697,short,136.07731699812575,128,6288.770139999542,
4698,short,135.88067200180376,128,6288.749823001126,
4699,short,135.69935399937094,128,6288.744375997339,
4700,short,135.5185030006396,128,6288.738983002986,
4701,short,135.33981300133746,128,6288.745036999899,
4702,short,135.1602399990952,128,6288.7395409998135,
4703,short,134.71734699851368,128,6288.507417997607,
4691,short,138.09726900217356,128,6291.9713580013195,
4704,short,151.9617690028099,128,6298.474758001248,
4706,short,142.23118100198917,128,6295.880845002102,
4707,short,143.99577699805377,128,6297.00654699991,
4708,short,144.2078269974445,128,6297.004264997668,
4709,short,145.0332669992349,128,6297.256200999982,
4710,short,144.85499799775425,128,6297.266358997149,
4711,short,142.75093600008404,128,6295.343174999289,
4705,short,149.50203899934422,128,6302.317182999104,
4713,short,141.64423699912732,128,6296.475840998028,
4714,short,141.36696200148435,128,6296.460587000183,
4715,short,141.15253600175492,128,6296.460278001177,
4716,short,140.90105600189418,128,6297.044562001247,
4717,short,141.29538999986835,128,6299.1068070004985,
4718,short,141.1098110002058,128,6299.173139999766,
4719,short,140.8652729987807,128,6299.154706997797,
4720,short,140.69244200072717,128,6299.230620999879,
4721,short,139.44823099882342,128,6298.226189999696,
4712,short,143.6438700002327,128,6302.74002599981,
4723,short,141.52096700127004,128,6296.292625000206,
4724,short,141.93986600002972,128,6297.454258998187,
4725,short,141.76646000123583,128,6297.605714000383,
4726,short,141.5811639999447,128,6297.597065000446,
4727,short,141.40427999882377,128,6297.7763839990075,
4728,short,141.0501540012774,128,6297.651398002927,
4729,short,141.0041570015892,128,6297.860626000329,
4730,short,140.84862199888448,128,6297.943255998689,
4731,short,140.65121200110298,128,6297.95803199886,
4732,short,140.4631449986482,128,6297.9966399980185,
4733,short,140.25276500251493,128,6298.008042002039,
4734,short,140.05531500151847,128,6298.045376999653,
4735,short,138.42824899984407,128,6296.653325000079,
4722,short,146.43123999849195,128,6304.648940000334,
4736,short,136.07137500002864,128,6297.016953998536,
4738,short,135.417146000691,128,6296.430395999778,
4739,short,135.44977100173128,128,6297.083353001653,
4740,short,135.20576700102538,128,6297.089109000808,
4741,short,135.07998299974133,128,6297.204878999764,
4742,short,134.8531939984241,128,6297.198049000144,
4743,short,134.6700840003905,128,6297.269729999243,
4744,short,134.9161260004621,128,6297.267104997445,
4745,short,134.82217199998558,128,6297.389851999469,
4746,short,133.4619709996332,128,6296.252642001491,
4747,short,131.55217399980756,128,6296.009357996809,
4737,short,138.96303399815224,128,6303.865779998887,
4749,short,137.5005699992471,128,6296.146008997312,
4750,short,137.28065399845946,128,6297.119494000071,
4751,short,137.09919000029913,128,6297.201678997226,
4752,short,136.92221499877633,128,6297.248914001102,
4753,short,136.68590599991148,128,6297.284349002439,
4754,short,136.41423100125394,128,6297.261283001717,
4755,short,136.3094309999724,128,6297.429599999305,
4756,short,136.12243399984436,128,6297.496035000222,
4757,short,135.9674500017718,128,6297.570362999977,
4758,short,135.79109700003755,128,6297.612501002732,
4759,short,135.49958299699938,128,6297.543970998959,
4760,short,136.21858400074416,128,6297.7082379984495,
4761,short,136.0419090015057,128,6297.767477000889,
4762,short,135.85675899958005,128,6297.798780997255,
4763,short,133.7626700005785,128,6295.924516001833,
4764,short,133.02105799812125,128,6296.3313270010985,
4748,short,141.10478699876694,128,6304.913607000344,
4765,short,150.75142799832975,128,6296.363491001102,
4766,short,144.44926000214764,128,6299.113174998638,
4767,short,141.77832700079307,128,6296.850470000209,
4768,short,146.0476350002864,128,6301.52301400085,
4769,short,143.24092300012126,128,6301.114281999617,
4771,short,142.57032599925878,128,6300.923927999975,
4772,short,142.39396400080295,128,6301.139412000339,
4773,short,142.17708599971957,128,6301.152960000763,
4774,short,142.01540800058865,128,6301.20665999857,
4775,short,141.1557659994287,128,6300.532738001493,
4770,short,143.70499399956316,128,6303.2595540025795,
4776,short,145.29932100049336,128,6298.010693000833,
4777,short,146.9449380019796,128,6299.920415000088,
4778,short,136.3848090004467,128,6303.310343002522,
4780,short,134.69345300109126,128,6301.4776730015,
4781,short,134.48832699941704,128,6301.665797000169,
4782,short,134.2418549975264,128,6301.724716999161,
4783,short,134.08137499936856,128,6302.017753998371,
4784,short,133.90118000097573,128,6302.137312999548,
4785,short,133.39046100009,128,6301.918544999353,
4786,short,133.06538600227213,128,6304.856037000718,
4779,short,135.43411400314653,128,6307.429849002801,
4788,short,138.78336899870192,128,6300.274419998459,
4789,short,138.66666000103578,128,6300.359079999907,
4790,short,138.42841899895575,128,6300.320779999311,
4791,short,138.24626199857448,128,6300.320966998697,
4792,short,138.0684169998858,128,6300.322915998549,
4793,short,137.89157299834187,128,6300.364347000141,
4794,short,137.71490100043593,128,6300.383384001179,
4795,short,137.53030899897567,128,6300.380504999339,
4796,short,137.35317200189456,128,6300.402371001837,
4797,short,137.1914929986815,128,6300.446527999156,
4798,short,136.98030500017921,128,6300.421952000761,
4799,short,136.5513929995359,128,6300.183989998914,
4787,short,139.79447499878006,128,6303.54382799851,
4800,short,152.6240310013236,128,6299.072503999923,
4802,short,142.37044399851584,128,6296.579252000811,
4803,short,144.63613900079508,128,6297.622727000999,
4804,short,144.96609100024216,128,6297.538579001412,
4805,short,145.9441129991319,128,6297.768066000572,
4806,short,145.7694189994072,128,6297.772903002624,
4807,short,144.52305200029514,128,6295.821985997463,
4801,short,150.6538189969433,128,6302.974522997829,
4809,short,138.10779900086345,128,6298.898740002187,
4810,short,137.89432700286852,128,6299.009044003469,
4811,short,137.0527340004628,128,6298.385146001237,
4812,short,134.7447279986227,128,6296.270302998892,
4813,short,134.46229100009077,128,6296.205162998376,
4814,short,134.21597300111898,128,6296.172661001037,
4815,short,133.8861900003394,128,6296.058093997999,
4816,short,133.64191800064873,128,6296.053293001023,
4817,short,132.79368499934208,128,6295.432440998411,
4808,short,139.1308409984049,128,6302.1898019978835,
4819,short,141.3879169995198,128,6297.248956001567,
4820,short,141.19700100127375,128,6298.1118759998935,
4821,short,140.97020499684731,128,6298.127078000107,
4822,short,141.26200000100653,128,6297.958363000362,
4823,short,141.03114499812364,128,6297.97376300121,
4824,short,140.60873899870785,128,6297.736235999764,
4825,short,140.4625750001287,128,6297.832836997259,
4826,short,140.25190399843268,128,6297.828193997702,
4827,short,139.99292600055924,128,6297.755551000591,
4828,short,139.7783399988839,128,6297.738232999109,
4829,short,139.51318000181345,128,6297.654837999289,
4830,short,139.2723200006003,128,6297.61482899994,
4831,short,136.79669799967087,128,6295.344124999247,
4818,short,146.00431399958325,128,6304.550978999032,
4832,short,136.2406190019101,128,6300.230463999469,
4834,short,135.40804300282616,128,6298.702792002587,
4835,short,135.34659899960388,128,6299.187914002687,
4836,short,135.06859299741336,128,6299.125964997074,
4837,short,134.90916599766933,128,6299.153445001139,
4838,short,134.65778099998715,128,6299.080878001405,
4839,short,134.42914600091171,128,6299.028163000912,
4840,short,134.1338310012361,128,6298.904177001532,
4841,short,134.4337890004681,128,6298.931591001747,
4842,short,132.7123590017436,128,6297.3944320001465,
4843,short,130.67339600092964,128,6296.798667000985,
4833,short,138.74513900009333,128,6305.172479998873,
4845,short,138.9830299995083,128,6299.1281319991685,
4846,short,138.72219000040786,128,6299.769452001783,
4847,short,138.46292399830418,128,6299.757302000216,
4848,short,138.22490999882575,128,6299.718949998351,
4849,short,137.9265020004823,128,6299.600462003582,
4850,short,137.5829890021123,128,6299.448743000539,
4851,short,137.42549299786333,128,6299.482789996546,
4852,short,137.19559399760328,128,6299.439190999692,
4853,short,137.00010899992776,128,6299.4435469991,
4854,short,136.77758700214326,128,6299.400497999159,
4855,short,137.26055000006454,128,6299.210983001103,
4856,short,137.12083399877883,128,6299.244689998886,
4857,short,136.9048999986262,128,6299.206282001251,
4858,short,136.68527899790206,128,6299.16250399765,
4859,short,135.43084700359032,128,6298.081855002238,
4860,short,134.0481120023469,128,6297.531202002574,
4844,short,142.58718799828785,128,6306.378568999207,
4861,short,152.08876600081567,128,6301.79457900158,
4862,short,145.75201100160484,128,6299.597264001932,
4863,short,146.7946379998466,128,6297.263083000871,
4864,short,142.54704900304205,128,6298.4747830014385,
4865,short,142.04690200131154,128,6297.077049999643,
4867,short,142.52143400153727,128,6296.703628002433,
4868,short,142.4332959977619,128,6296.828741000354,
4869,short,142.25098499809974,128,6296.7993399979605,
4870,short,142.20293700054754,128,6296.875510997779,
4871,short,141.45525799904135,128,6296.281146998808,
4866,short,145.63800999894738,128,6299.090378997789,
4872,short,152.5663110005553,128,6296.854584001267,
4873,short,147.61476899730042,128,6296.846270997776,
4874,short,132.68862399854697,128,6293.528737998713,
4876,short,132.90218899783213,128,6293.641355998261,
4877,short,132.59868499881122,128,6293.615385999146,
4878,short,132.1221409998543,128,6293.337351002265,
4879,short,131.84651600022335,128,6293.282394999551,
4880,short,131.55525800175383,128,6293.172756999411,
4881,short,128.24331799856736,128,6290.053340999293,
4882,short,127.88568999894778,128,6290.1574179995805,
4875,short,133.71348899818258,128,6296.128691999911,
4884,short,137.8439879990765,128,6296.43437499908,
4885,short,137.76181900175288,128,6296.546460001991,
4886,short,137.57962800082169,128,6296.560322000005,
4887,short,137.39911800075788,128,6296.562391999032,
4888,short,137.1799299995473,128,6296.520390002115,
4889,short,136.99745999838342,128,6296.503829998983,
4890,short,136.82007899842574,128,6296.502222998242,
4891,short,136.6213700021035,128,6296.479033000651,
4892,short,136.41464299871586,128,6296.450571000605,
4893,short,136.22829000087222,128,6296.441434998997,
4894,short,136.03773300201283,128,6296.425894001004,
4895,short,135.64805799978785,128,6296.210475000407,
4883,short,138.84807900103624,128,6299.507428000652,
4896,short,149.80588200342027,128,6296.473498001433,
4898,short,142.90649900067365,128,6295.636596001714,
4899,short,144.75882099941373,128,6296.763820002525,
4900,short,144.97870200284524,128,6296.70081200311,
4901,short,145.75947000048473,128,6296.945803998824,
4902,short,145.57896500264178,128,6296.95358599929,
4903,short,143.41025899921078,128,6294.983295996644,
4897,short,149.95219000047655,128,6301.926411997556,
4906,short,141.68702900133212,128,6298.7681810009235,
4905,short,141.8961470008071,128,6299.557505000848,
4907,short,141.5011940007389,128,6299.490078999952,
4908,short,141.2578739982564,128,6299.558934999368,
4909,short,141.0719909981708,128,6299.810909000371,
4910,short,140.88776799690095,128,6300.060741999914,
4911,short,141.22308600053657,128,6300.254190999112,
4912,short,141.07172199874185,128,6300.647618998482,
4913,short,140.3312049988017,128,6300.401450000209,
4904,short,144.00967799883801,128,6306.0002450001775,
4915,short,141.99050399838598,128,6297.105533001741,
4916,short,142.4268180016952,128,6297.366630999022,
4917,short,142.2558129997924,128,6297.397728998476,
4918,short,142.0675379995373,128,6298.21575099777,
4919,short,141.8892229994526,128,6298.333560000174,
4920,short,141.53216799968504,128,6298.16577100064,
4921,short,141.477869998198,128,6298.3346469991375,
4922,short,141.32299699849682,128,6298.372810000728,
4923,short,141.11698900160263,128,6298.348841999541,
4924,short,140.96610799970222,128,6298.384436999186,
4925,short,140.7469810001203,128,6298.342275000323,
4926,short,140.55728099992848,128,6298.338436001359,
4927,short,138.59259499804466,128,6296.55926399937,
4914,short,146.85690700207488,128,6304.406335002568,
4928,short,137.6996559993131,128,6296.1644169990905,
4930,short,136.8400500032294,128,6296.153780000168,
4931,short,136.80984700113186,128,6296.359880001546,
4932,short,136.57003499974962,128,6296.429768000962,
4933,short,136.4432449991,128,6296.746226998948,
4934,short,136.268177000602,128,6296.874702002242,
4935,short,136.0825459996704,128,6296.980846000224,
4936,short,135.84186399748432,128,6297.036416999617,
4937,short,136.17842999883578,128,6297.357162999106,
4938,short,134.70879099986632,128,6296.187653999368,
4939,short,133.06701200053794,128,6295.067981001921,
4929,short,140.97453800059156,128,6306.914445001894,
4941,short,140.298147998692,128,6297.140984999714,
4942,short,140.0581339985365,128,6297.234084999218,
4943,short,139.8659359983867,128,6297.264945998904,
4944,short,139.68776099864044,128,6297.273566997319,
4945,short,139.44773500043084,128,6297.216329003277,
4946,short,139.19169700238854,128,6298.134310000023,
4947,short,139.09510700250394,128,6298.27876499985,
4948,short,138.90366600026027,128,6298.286359000485,
4949,short,138.74750399918412,128,6298.323047998565,
4950,short,138.56996100003016,128,6298.327939999581,
4951,short,138.30947400128935,128,6298.247394999635,
4952,short,138.2029769993096,128,6298.337601001549,
4953,short,138.8902100006817,128,6298.3435910027765,
4954,short,138.72402800188866,128,6298.346949999541,
4955,short,137.76294300259906,128,6297.57174200131,
4956,short,136.83469500028878,128,6296.832847001497,
4940,short,143.60770499843056,128,6304.314999997587,
4957,short,146.4687289990252,128,6296.202212000935,
4958,short,143.97251899936236,128,6295.81364600017,
4959,short,146.04812800098443,128,6294.7958479999215,
4960,short,141.5330220006581,128,6296.534398999938,
4961,short,141.81515100062825,128,6297.419186998013,
4963,short,140.95893400008208,128,6296.069626001554,
4964,short,140.77514599921415,128,6296.19710499901,
4965,short,140.51292200019816,128,6296.138256999257,
4966,short,140.32943799975328,128,6296.148711997375,
4967,short,139.52047099883202,128,6295.521818999987,
4962,short,142.13155900142738,128,6298.255282003083,
4968,short,146.21346700005233,128,6297.800169999391,
4969,short,147.3489480013086,128,6300.741449998895,
4970,short,136.12711699897773,128,6301.824658999976,
4972,short,136.43932700142614,128,6302.425769001275,
4973,short,136.24290599909727,128,6302.585695000744,
4974,short,135.99868600067566,128,6302.566338999895,
4975,short,135.82933699944988,128,6302.622139999585,
4976,short,135.64736999978777,128,6302.626751999924,
4977,short,135.13764899835223,128,6302.298984999652,
4978,short,134.85825400130125,128,6302.541485998518,
4971,short,137.11586499994155,128,6304.959438999504,
4980,short,137.45941299930564,128,6302.311578998342,
4981,short,137.38428900251165,128,6302.672453002742,
4982,short,137.20304099842906,128,6302.797887998167,
4983,short,137.02506099798484,128,6302.913751998858,
4984,short,136.84728700172855,128,6303.0281940009445,
4985,short,136.6692219999095,128,6303.138651001063,
4986,short,136.4921200001845,128,6303.247904001182,
4987,short,136.30268600172712,128,6303.37601300198,
4988,short,136.13388900193968,128,6303.49955100246,
4989,short,135.96267300090403,128,6305.061451999791,
4990,short,135.78914100071415,128,6305.114885002695,
4991,short,135.43511500029126,128,6304.953151000518,
4979,short,138.4121189985308,128,6308.052577998751,
4992,short,156.31649599890807,128,6305.8510439987,
4994,short,144.17232599953422,128,6305.804190997151,
4995,short,146.17829800045,128,6306.813826999132,
4996,short,146.40377699834062,128,6306.74155199813,
4997,short,147.17469200331834,128,6306.961597001646,
4998,short,146.97756299938192,128,6306.949539997731,
4999,short,144.99396899918793,128,6305.09655700007,
4993,short,151.34845599823166,128,6311.977310000657,
5001,short,132.82460900154547,128,6305.70401300065,
5002,short,132.4684259998321,128,6305.728076000378,
5003,short,132.14939099998446,128,6305.73033300243,
5004,short,131.65196900081355,128,6305.537126001582,
5005,short,131.66185599766322,128,6305.560793000041,
5006,short,131.20228300249437,128,6305.569980002474,
5007,short,130.56656000117073,128,6305.405217000953,
5008,short,130.04732400077046,128,6305.490069000371,
5009,short,127.50972800131422,128,6303.476821001823,
5000,short,134.520399999019,128,6315.958215000137,
5011,short,140.7371150016843,128,6307.686099000421,
5012,short,140.66056099909474,128,6307.977993998065,
5013,short,140.11277200188488,128,6307.148978001351,
5014,short,139.87816399821895,128,6307.92294999992,
5015,short,139.679067000543,128,6308.020592001412,
5016,short,139.30664800136583,128,6307.836275002046,
5017,short,139.26158499816665,128,6307.99067100088,
5018,short,139.1053590014053,128,6308.026301001519,
5019,short,138.8961010015919,128,6307.997281001008,
5020,short,138.74370900157373,128,6308.031576001667,
5021,short,138.53604799805908,128,6308.013765999931,
5022,short,138.3513530017808,128,6308.016991999466,
5023,short,136.44059999933233,128,6306.290315998922,
5010,short,144.7203729985631,128,6314.298163000785,
5024,short,140.10966400019242,128,6307.941981998738,
5026,short,136.56295500186388,128,6306.945493000967,
5027,short,136.4813990003313,128,6307.4755250017915,
5028,short,135.99115900069592,128,6307.227509998484,
5029,short,135.74998200056143,128,6307.176444999641,
5030,short,135.46042300004046,128,6307.070188002399,
5031,short,135.1652270022896,128,6306.955075000587,
5032,short,134.66482700096094,128,6306.629729999258,
5033,short,134.98921300197253,128,6306.565828999737,
5034,short,134.422152001207,128,6306.175662000896,
5035,short,128.2224970018433,128,6301.390997999988,
5025,short,140.56556500145234,128,6313.347332998092,
5037,short,137.18115000301623,128,6306.477123001969,
5038,short,136.95826299954206,128,6306.576835999294,
5039,short,136.76984300036565,128,6307.478391001496,
5040,short,136.58686900089378,128,6307.5473200005945,
5041,short,135.3558089977014,128,6306.517300999985,
5042,short,135.04281699715648,128,6306.403809998301,
5043,short,134.96528600080637,128,6306.507281999075,
5044,short,134.7745519997261,128,6306.50738300028,
5045,short,134.61690999974962,128,6306.537042000855,
5046,short,134.43680799900903,128,6306.537683001807,
5047,short,134.16646599944215,128,6306.446599999617,
5048,short,134.84472700292827,128,6306.531934002123,
5049,short,134.6706379990792,128,6306.534171999374,
5050,short,134.4825550004316,128,6306.523778002884,
5051,short,134.18516300225747,128,6306.399356002657,
5052,short,132.85126999835484,128,6305.247195999982,
5036,short,140.124093999475,128,6314.520541000093,
5053,short,145.75730599972303,128,6305.889466002554,
5054,short,144.90632499655476,128,6306.612535998283,
5055,short,148.13293000042904,128,6307.790836999629,
5056,short,142.08667400089325,128,6304.92220999804,
5057,short,145.8078169998771,128,6305.808641998738,
5059,short,146.30623999983072,128,6307.314937999763,
5060,short,146.13196699792752,128,6307.493673997669,
5061,short,145.91772299900185,128,6307.49996799932,
5062,short,145.76247000150033,128,6307.538745000784,
5063,short,144.9974690003728,128,6306.9595160013705,
5058,short,147.50764500058722,128,6310.1934240003175,
5064,short,151.28152699981,128,6306.901726999058,
5065,short,151.9150090025505,128,6305.275075999816,
5066,short,135.4219019995071,128,6306.154244000936,
5068,short,133.7296489982691,128,6302.689062998979,
5069,short,133.51005900040036,128,6302.7548259997275,
5070,short,133.26262400005362,128,6302.706106002006,
5071,short,133.10147099764436,128,6302.76691600011,
5072,short,132.92030099910335,128,6302.771480000956,
5073,short,132.3507230008545,128,6302.381018998858,
5074,short,132.08323900107644,128,6302.567114998965,
5067,short,134.47181299852673,128,6305.085953001253,
5076,short,134.8202859990124,128,6302.792394999415,
5077,short,134.63051700091455,128,6302.880076000292,
5078,short,134.33791200077394,128,6302.7923139998165,
5079,short,134.04693999837036,128,6302.683662997879,
5080,short,133.75887599977432,128,6302.62939900058,
5081,short,133.47377500031143,128,6302.542157998687,
5082,short,133.15720399987185,128,6302.402717999939,
5083,short,132.85690399789019,128,6302.281030999438,
5084,short,131.11879699863493,128,6300.719266000669,
5085,short,130.89539999782573,128,6300.668403997406,
5086,short,130.7027119983104,128,6300.6512809988635,
5087,short,130.35609500002465,128,6300.481262001995,
5075,short,135.97672399919247,128,6306.210877999547,
5088,short,159.77169499819865,128,6300.616311997146,
5090,short,145.15805199698661,128,6297.335649996967,
5091,short,147.2240189978038,128,6298.48685899924,
5092,short,147.45917899927008,128,6298.447920999024,
5093,short,148.25389299949165,128,6298.68734199772,
5094,short,148.0762280007184,128,6298.695282999688,
5095,short,146.02435499909916,128,6296.823282998957,
5089,short,152.27428399884957,128,6303.602757998306,
5098,short,138.414474997262,128,6297.28209699897,
5097,short,138.72471300055622,128,6297.942100998625,
5099,short,138.11960999737494,128,6297.525375997793,
5100,short,137.60927299881587,128,6297.212674999173,
5101,short,137.861334002082,128,6296.982072999526,
5102,short,137.4229609973554,128,6296.73293399901,
5103,short,136.8188279993774,128,6296.31947300004,
5104,short,136.3541440005065,128,6296.054226000706,
5105,short,130.60133299950394,128,6290.555974999734,
5096,short,140.84716100114747,128,6301.042628001596,
5107,short,140.5518920000759,128,6295.327187999646,
5108,short,140.94996900166734,128,6296.208687002945,
5109,short,139.886919001583,128,6295.428108998749,
5110,short,139.6452799999679,128,6295.358395000221,
5111,short,139.4582339999033,128,6295.418018999044,
5112,short,139.0868769994995,128,6295.229884999571,
5113,short,139.03589899928193,128,6295.374649002042,
5114,short,138.8772220016108,128,6295.404638000036,
5115,short,138.65605000319192,128,6295.36452800312,
5116,short,138.49901299909106,128,6295.391768999252,
5117,short,138.28729099986958,128,6295.357275001152,
5118,short,138.10024600024917,128,6295.353638000961,
5119,short,136.20381899818312,128,6293.639324998367,
5106,short,144.4613549974747,128,6301.673327998287,
5120,short,136.5939810020791,128,6298.424955999508,
5122,short,134.87734800219187,128,6297.844459000771,
5123,short,134.80381800036412,128,6298.12561899962,
5124,short,134.55938300103298,128,6298.626327999955,
5125,short,134.42921900059446,128,6298.738991001301,
5126,short,134.24889700036147,128,6298.787968000397,
5127,short,134.0731060008693,128,6298.801839999214,
5128,short,134.24718899841537,128,6298.742408998805,
5129,short,134.14325100166025,128,6298.804959002155,
5130,short,132.6718640011677,128,6297.512207998807,
5131,short,130.77590700049768,128,6296.951402000559,
5121,short,139.0115229987714,128,6304.850980999618,
5133,short,136.37008300065645,128,6297.267017002014,
5134,short,135.27887699819985,128,6297.095748999709,
5135,short,135.01881399861304,128,6297.047596999619,
5136,short,134.82843200108618,128,6297.0433160007815,
5137,short,134.57958000071812,128,6296.971307001513,
5138,short,134.30084400170017,128,6296.937082999648,
5139,short,134.19714500196278,128,6297.044631999597,
5140,short,134.00825400094618,128,6297.043932001543,
5141,short,133.84900700111757,128,6297.125263001362,
5142,short,133.6703730012232,128,6297.128303998761,
5143,short,134.20363000113866,128,6297.034913000971,
5144,short,134.10408799973084,128,6297.137910001766,
5145,short,133.9349250010855,128,6297.148171001027,
5146,short,133.76195800083224,128,6297.150284000963,
5147,short,133.47268799770973,128,6297.051696998096,
5148,short,130.56506800057832,128,6295.0051150000945,
5132,short,139.2689620006422,128,6303.85103899971,
5149,short,147.6599540001189,128,6300.466814001993,
5150,short,143.78908299840987,128,6297.82924599931,
5151,short,148.20755799883045,128,6297.9974189984205,
5152,short,144.80676199673326,128,6298.775195999042,
5153,short,144.52944999720785,128,6299.1494529997,
5155,short,143.0697659998259,128,6296.778851999989,
5156,short,142.99941799981752,128,6296.916856997996,
5157,short,142.83486099884612,128,6296.902177000447,
5158,short,142.78419500260497,128,6296.93264800153,
5159,short,141.43475400123862,128,6295.711801001744,
5154,short,148.22088399887434,128,6299.376807000954,
5160,short,147.23102599964477,128,6298.626984000293,
5161,short,147.44924899787293,128,6298.0700739972235,
5162,short,135.23595400329214,128,6296.269762002339,
5164,short,138.44299000265892,128,6298.941095999908,
5165,short,138.28380400082096,128,6299.123968001368,
5166,short,138.04416000130004,128,6299.105117999716,
5167,short,137.8858139978547,128,6299.168106997968,
5168,short,137.70920100068906,128,6299.1720419995545,
5169,short,137.20904300134862,128,6298.8496760008275,
5170,short,136.99213600193616,128,6299.09807200238,
5163,short,139.15104500119924,128,6301.3784629984,
5172,short,138.82101999843144,128,6298.256760001095,
5173,short,138.74032200328656,128,6298.410060000606,
5174,short,138.56034000127693,128,6298.441114002344,
5175,short,138.317114997335,128,6298.381784999947,
5176,short,138.13126500099315,128,6298.385268000857,
5177,short,137.95509400006267,128,6298.387728998932,
5178,short,137.77515699985088,128,6298.385210000561,
5179,short,137.60016299784184,128,6298.385127000074,
5180,short,137.42655700116302,128,6298.385232999863,
5181,short,137.252857999556,128,6298.398930000985,
5182,short,137.0881670009112,128,6298.400233001303,
5183,short,136.77498899778584,128,6298.261914998875,
5171,short,139.833114000794,128,6301.413930999843,
5184,short,150.4904510002234,128,6302.44487699747,
5186,short,142.09494500028086,128,6303.230227000313,
5187,short,143.95952300037607,128,6304.452570002468,
5188,short,144.16818199970294,128,6304.403316000389,
5189,short,144.9310069983767,128,6304.640362999635,
5190,short,144.75294000294525,128,6304.6473970025545,
5191,short,143.34871499886503,128,6302.743371998076,
5185,short,149.12229800029309,128,6309.689704001357,
5193,short,138.39666999774636,128,6302.772030998312,
5194,short,138.18777100095758,128,6302.848324998195,
5195,short,137.98099999985425,128,6303.7211439987,
5196,short,137.72932500069146,128,6303.708864998043,
5197,short,137.53597300092224,128,6303.7167399998,
5198,short,137.983680000616,128,6303.7168129994825,
5199,short,137.7420139979222,128,6303.658436998376,
5200,short,137.51362300172332,128,6303.616088000126,
5201,short,136.83357300033094,128,6303.173904001596,
5192,short,140.40154299800633,128,6306.88725499931,
5203,short,142.49571000254946,128,6304.602964002697,
5204,short,142.36632699976326,128,6305.363373001455,
5205,short,142.63687799757463,128,6305.354104999424,
5206,short,142.45071499681217,128,6305.290438998782,
5207,short,142.27020800171886,128,6305.346552999254,
5208,short,141.9207950020791,128,6305.163814002299,
5209,short,141.90133699958096,128,6305.30670400185,
5210,short,141.74455999818747,128,6305.334347998723,
5211,short,141.5381199985859,128,6305.304751000222,
5212,short,141.38640499731991,128,6305.334236996714,
5213,short,141.1800569985644,128,6305.304863999481,
5214,short,140.99925300251925,128,6305.315085002803,
5215,short,139.10275899979752,128,6303.609724000125,
5202,short,147.03693599949474,128,6311.266311000509,
5216,short,136.7011909969733,128,6304.826743999001,
5218,short,136.5234130025783,128,6304.331371000444,
5219,short,135.99667699963902,128,6304.339809998055,
5220,short,135.68870500239427,128,6304.240369001491,
5221,short,135.5406029979349,128,6304.290490999847,
5222,short,135.35330099693965,128,6304.281616998196,
5223,short,135.17463099924498,128,6304.278194998915,
5224,short,134.93132700023125,128,6304.209925001487,
5225,short,135.31106200025533,128,6304.2650499992305,
5226,short,133.92759599810233,128,6303.054281997902,
5227,short,132.0513779974135,128,6302.494733998174,
5217,short,140.133456003241,128,6310.485702000733,
5229,short,137.71746600104962,128,6305.216177999682,
5230,short,137.509049000073,128,6305.333052998321,
5231,short,137.32514300136245,128,6305.400578999979,
5232,short,137.14908199835918,128,6306.272832000104,
5233,short,136.85707100012223,128,6306.22070499885,
5234,short,136.5809180024371,128,6306.149432002712,
5235,short,136.47576899893465,128,6306.253540002217,
5236,short,136.24443099979544,128,6306.214650001493,
5237,short,136.08627400026307,128,6306.246338001074,
5238,short,135.91219899899443,128,6306.254237999383,
5239,short,135.62619900039863,128,6306.149153999286,
5240,short,136.32268400033354,128,6306.235031999677,
5241,short,136.1484869994456,128,6306.255256000441,
5242,short,135.95898900166503,128,6306.2470110016875,
5243,short,135.0130770006217,128,6305.468235001172,
5244,short,133.96446399929118,128,6304.630225000437,
5228,short,141.1938060009561,128,6312.7706779996515,
5245,short,145.46810899992124,128,6305.300948999502,
5246,short,146.133149999514,128,6307.532426999387,
5247,short,146.73588200093945,128,6304.623757998343,
5248,short,143.9998950008885,128,6303.35750499944,
5249,short,144.18613700036076,128,6304.106323001179,
5251,short,143.98353400247288,128,6305.945276002603,
5252,short,143.80660200185957,128,6306.113334001566,
5253,short,143.59022699864,128,6306.1025279967,
5254,short,143.43140799974208,128,6306.143867997889,
5255,short,142.30592400053865,128,6305.205363998539,
5250,short,145.013076999021,128,6308.136783001828,
5256,short,148.45104699998046,128,6305.155901001854,
5257,short,147.93828199981363,128,6304.4308589996945,
5258,short,136.31363099921145,128,6305.620554998313,
5260,short,135.00173699867446,128,6305.269122000027,
5261,short,134.7794650027936,128,6305.376447002345,
5262,short,134.5312350022141,128,6305.337808000331,
5263,short,134.37206300295657,128,6305.405308001355,
5264,short,134.19242900272366,128,6305.410488999769,
5265,short,133.6763940016681,128,6305.07646100159,
5266,short,133.47697000062908,128,6305.348280999169,
5259,short,135.71339700138196,128,6307.7406019983755,
5268,short,136.9324340012099,128,6304.138563002198,
5269,short,136.83845800187555,128,6304.338996000297,
5270,short,136.65414999923087,128,6304.366847998608,
5271,short,136.46418699863716,128,6304.3629310013785,
5272,short,136.28529800189426,128,6304.362031001801,
5273,short,136.10801300092135,128,6304.363102000934,
5274,short,135.93278800180997,128,6304.364513998735,
5275,short,135.7480519982346,128,6304.355828997359,
5276,short,135.5692809993343,128,6304.352538998501,
5277,short,135.39375900290906,128,6304.351605002012,
5278,short,135.21861199842533,128,6304.351956998289,
5279,short,134.94817099854117,128,6304.2439540004125,
5267,short,137.8712190016813,128,6307.267858002888,
5280,short,151.89530100178672,128,6295.775918999425,
5282,short,142.97015700140037,128,6293.879455999559,
5283,short,144.64700200187508,128,6295.026200001303,
5284,short,144.85234600215335,128,6294.96694500267,
5285,short,145.631120998587,128,6295.207339000626,
5286,short,145.45118100068066,128,6295.216556998639,
5287,short,143.39382500111242,128,6293.3392859995365,
5281,short,149.81882800202584,128,6300.27252400032,
5289,short,140.42630300173187,128,6296.864881001966,
5290,short,139.3450350005878,128,6296.044947001064,
5291,short,139.81292199969175,128,6296.007662000193,
5292,short,139.57074700010708,128,6295.94250000082,
5293,short,139.40515700232936,128,6295.943896002427,
5294,short,139.22405899938894,128,6295.945814999868,
5295,short,138.97818899931735,128,6295.886744999734,
5296,short,138.77312600016012,128,6295.8765139992465,
5297,short,138.17978700171807,128,6295.478808002372,
5288,short,142.49400199696538,128,6299.931647998164,
5299,short,141.83216799938236,128,6294.300615998509,
5300,short,142.22012000027462,128,6295.2461000022595,
5301,short,142.04381200033822,128,6295.297104999918,
5302,short,141.85713799815858,128,6295.242956999573,
5303,short,141.68077900103526,128,6295.3064789981,
5304,short,141.33616799881565,128,6295.131989998481,
5305,short,141.28829000037513,128,6295.2775090016075,
5306,short,141.1335129996587,128,6295.311510999454,
5307,short,140.92638900183374,128,6295.282813000085,
5308,short,140.7709929990233,128,6295.310975998291,
5309,short,140.55481999821495,128,6295.270009999513,
5310,short,140.36305300032836,128,6295.310968002013,
5311,short,138.56711199696292,128,6293.707101998734,
5298,short,146.15179700194858,128,6301.146496000001,
5312,short,138.47031699697254,128,6296.404581997194,
5314,short,136.66805200045928,128,6294.532624000567,
5315,short,136.67603799694916,128,6295.116052999219,
5316,short,136.43779999983963,128,6295.111739997083,
5317,short,136.35026100018877,128,6295.178732998465,
5318,short,136.1768349997874,128,6295.237083999382,
5319,short,136.00332200076082,128,6295.249667000462,
5320,short,135.77058900045813,128,6295.1941569990595,
5321,short,136.18658799896366,128,6295.267769997736,
5322,short,134.8179339984199,128,6294.077917998948,
5323,short,133.03585299945553,128,6293.705268999474,
5313,short,140.57511500141118,128,6301.351733000047,
5325,short,137.70321500123828,128,6293.513846001588,
5326,short,137.4543209967669,128,6294.204832000105,
5327,short,136.40489699901082,128,6293.371784999181,
5328,short,136.1680139998498,128,6293.31949400148,
5329,short,135.91859200096224,128,6293.2490130006045,
5330,short,135.64372600012575,128,6293.163110000023,
5331,short,135.54855500115082,128,6293.25966900069,
5332,short,135.35992600009195,128,6293.256520999421,
5333,short,135.23169800100732,128,6293.280455000058,
5334,short,135.05294900096487,128,6293.278150998958,
5335,short,134.76819999777945,128,6293.167288997211,
5336,short,135.47565099725034,128,6293.268938999972,
5337,short,135.2967089987942,128,6293.278570999973,
5338,short,135.11866299813846,128,6293.276974000037,
5339,short,134.81750099890633,128,6293.163483998796,
5340,short,133.03753299987875,128,6292.250600003172,
5324,short,140.63517499744194,128,6300.038080997183,
5341,short,144.81560700005502,128,6295.274948999577,
5342,short,141.99510300022666,128,6294.042059998901,
5343,short,148.985118001292,128,6295.955648998643,
5344,short,145.48242299861158,128,6295.772214998578,
5345,short,143.84667100239312,128,6295.182828001998,
5347,short,143.26175799942575,128,6295.320896999328,
5348,short,143.08645499841077,128,6295.482468998671,
5349,short,142.86349900066853,128,6295.465356000932,
5350,short,142.70246800151654,128,6295.495987000322,
5351,short,141.9786260012188,128,6294.955942001252,
5346,short,145.06094000171288,128,6297.851376999461,
5352,short,148.1341029975738,128,6295.738033997623,
5353,short,148.53369100092095,128,6296.2738320020435,
5354,short,135.24643600248965,128,6294.643052002357,
5356,short,136.47742900138837,128,6294.027431002178,
5357,short,136.27343499683775,128,6294.115552998846,
5358,short,136.0261529989657,128,6294.087785001466,
5359,short,135.8683739999833,128,6294.153048998851,
5360,short,135.6884220003849,128,6294.156320000184,
5361,short,135.17400899945642,128,6293.8355170008435,
5362,short,134.97814200309222,128,6294.07223599992,
5355,short,137.1301150029467,128,6296.39494300136,
5364,short,137.82810200063977,128,6295.493362002162,
5365,short,137.73542199851363,128,6295.74936499921,
5366,short,137.54931799849146,128,6295.796117999998,
5367,short,137.3701840020658,128,6295.804547000444,
5368,short,137.19075300105033,128,6295.807066002453,
5369,short,137.01471400054288,128,6295.809328999894,
5370,short,136.83809299982386,128,6295.8090539978,
5371,short,136.66325699887238,128,6295.811775999027,
5372,short,136.48751299842843,128,6295.810702999006,
5373,short,136.3227369984088,128,6295.812445001502,
5374,short,136.14566700198338,128,6295.808517999831,
5375,short,135.8860350010218,128,6295.720859001449,
5363,short,138.7954739984707,128,6298.780568999064,
5376,short,152.23856100055855,128,6299.561387000722,
5378,short,142.9880640025658,128,6296.034905000852,
5379,short,144.74287099801586,128,6297.28768899804,
5380,short,144.94567799920333,128,6297.235294998245,
5381,short,145.7695800017973,128,6297.489587999735,
5382,short,145.59012400059146,128,6297.513817000436,
5383,short,143.616484998347,128,6295.736120999209,
5377,short,149.9474560005183,128,6302.665911000076,
5385,short,139.23024900213932,128,6297.487531002844,
5386,short,139.03190700148116,128,6297.752111000591,
5387,short,138.84633500128984,128,6297.89184800029,
5388,short,138.60456599650206,128,6297.952522996638,
5389,short,138.41275599770597,128,6298.215069997241,
5390,short,138.77744099954725,128,6298.550407998846,
5391,short,138.59869299994898,128,6298.783330999868,
5392,short,138.43047199770808,128,6299.284406999504,
5393,short,137.8584869999031,128,6299.231021999731,
5384,short,141.07940400208463,128,6306.790276001266,
5395,short,142.5602240014996,128,6296.31994400188,
5396,short,142.47336700282176,128,6297.454790001211,
5397,short,142.29122899996582,128,6297.527930000797,
5398,short,142.63662799930898,128,6297.480807999818,
5399,short,142.46011299837846,128,6297.543148997647,
5400,short,142.10621399979573,128,6297.368220999488,
5401,short,142.06989399826853,128,6297.555552999256,
5402,short,141.91954199850443,128,6297.600035999494,
5403,short,141.7135350020544,128,6297.577639001247,
5404,short,141.56336300220573,128,6297.614974002499,
5405,short,141.30655199915054,128,6297.535452999,
5406,short,141.11564899940277,128,6297.532824002701,
5407,short,139.24800300083007,128,6295.850132999476,
5394,short,147.18742500190274,128,6303.574703000777,
5408,short,136.06655400144518,128,6296.595977000834,
5410,short,136.68022000274505,128,6297.284070002206,
5411,short,136.66884799749823,128,6297.978926999349,
5412,short,136.4319649983372,128,6297.98020599992,
5413,short,136.25801099988166,128,6298.001983002905,
5414,short,136.0737649993098,128,6298.001425999246,
5415,short,135.88663400150836,128,6298.004479001975,
5416,short,135.64746400152217,128,6297.952452001482,
5417,short,136.0299119987758,128,6298.011337999924,
5418,short,134.56785100061097,128,6296.72690499865,
5419,short,132.59150999874691,128,6294.967439000175,
5409,short,140.54681800189428,128,6304.159182000149,
5421,short,138.67329999993672,128,6297.078923998924,
5422,short,138.45870500153978,128,6297.134229000221,
5423,short,138.27399100046023,128,6297.147695000604,
5424,short,138.09572600075626,128,6298.054000002594,
5425,short,137.8577370014682,128,6298.062713001855,
5426,short,137.59348999883514,128,6298.005934997491,
5427,short,137.5099090000731,128,6298.114084998815,
5428,short,137.32773599986103,128,6298.120527997526,
5429,short,137.17601799726253,128,6298.155068998312,
5430,short,137.00064300064696,128,6298.160610000195,
5431,short,136.7112769985397,128,6298.049802000605,
5432,short,137.3606759989343,128,6298.120093000762,
5433,short,137.1884849977505,128,6298.123638000106,
5434,short,137.00212399999145,128,6298.112103999301,
5435,short,136.03312600025674,128,6297.310385998571,
5436,short,134.9759679978888,128,6296.443618997728,
5420,short,142.12255899838055,128,6305.475542998465,
5437,short,144.8142730005202,128,6295.624442002008,
5438,short,143.76966900090338,128,6295.6287450033415,
5439,short,148.46003600177937,128,6296.985753000627,
5440,short,146.48124700033804,128,6298.008434001531,
5441,short,144.62319199810736,128,6298.343168000429,
5443,short,142.25155799795175,128,6296.992496998428,
5444,short,142.0715670028585,128,6297.164514002361,
5445,short,141.85389399790438,128,6297.158094999759,
5446,short,141.69526700061397,128,6297.242909000488,
5447,short,140.63924199945177,128,6296.3867990001745,
5442,short,143.33223099674797,128,6299.318130997563,
5448,short,147.50304399785819,128,6297.63249700045,
5449,short,147.68973399986862,128,6296.829662998789,
5450,short,138.82728499811492,128,6298.40963499737,
5452,short,137.80990800296422,128,6298.419239003124,
5453,short,137.59278999714297,128,6298.534361998463,
5454,short,137.3459759997786,128,6298.497234001843,
5455,short,137.17833299961057,128,6298.55409800075,
5456,short,136.99496700064628,128,6298.557809001068,
5457,short,136.5124010008003,128,6298.255450001307,
5458,short,136.31474299836555,128,6298.51743999825,
5451,short,138.40974800041295,128,6300.816920000216,
5460,short,136.38719899972784,128,6297.2888330004935,
5461,short,136.27636900127982,128,6297.45040600028,
5462,short,136.10088600034942,128,6297.472506001213,
5463,short,135.92047699785326,128,6297.475146999204,
5464,short,135.7432679978956,128,6297.47791799673,
5465,short,135.56732799770543,128,6297.48215699874,
5466,short,135.38885999878403,128,6297.484708000411,
5467,short,135.21408300221083,128,6297.489404001681,
5468,short,135.03755900092074,128,6297.491452998656,
5469,short,134.863660998235,128,6297.5247249996755,
5470,short,134.6890880013234,128,6297.5447780008835,
5471,short,134.3983400001889,128,6297.4929319971125,
5459,short,137.3832350000157,128,6300.620529000298,
5472,short,156.69880699715577,128,6303.2436829998915,
5474,short,142.84711300206254,128,6302.336721000756,
5475,short,144.83254600054352,128,6303.539904998615,
5476,short,145.0513409981795,128,6303.479807000258,
5477,short,145.81080800053314,128,6303.708326999185,
5478,short,145.6172170001082,128,6303.701797998656,
5479,short,143.48993499879725,128,6301.777636999759,
5473,short,150.1645099997404,128,6308.760230996995,
5481,short,136.84711500172853,128,6303.885755998635,
5482,short,136.52433099923655,128,6303.840520999074,
5483,short,136.22162199681043,128,6303.7400169996545,
5484,short,135.71976800085395,128,6303.42497699894,
5485,short,135.91187899874058,128,6303.100982000615,
5486,short,135.44146899948828,128,6302.824190999672,
5487,short,134.72458600153914,128,6302.30096699961,
5488,short,134.24600899816141,128,6302.008325001225,
5489,short,129.53703699895414,128,6297.504676000244,
5480,short,139.0129169994907,128,6307.153424000717,
5491,short,141.41851299791597,128,6303.414464000525,
5492,short,141.29972999944584,128,6303.647587999876,
5493,short,141.11154899728717,128,6303.664834998926,
5494,short,141.52841299801366,128,6303.612925999914,
5495,short,141.34124900010647,128,6304.707428000256,
5496,short,140.9545189999335,128,6304.558681000344,
5497,short,140.90624099844717,128,6304.723647001083,
5498,short,140.74877000166452,128,6304.763701999036,
5499,short,140.537019000476,128,6304.733968998335,
5500,short,140.3852529983851,128,6304.820768000354,
5501,short,140.17401099772542,128,6304.811533998873,
5502,short,139.98858099876088,128,6304.817569998704,
5503,short,138.08051100204466,128,6303.09815000146,
5490,short,146.26950100137037,128,6310.828253001091,
5504,short,135.64292900264263,128,6305.074168001738,
5506,short,134.12496999808354,128,6303.298180999263,
5507,short,134.09833299738239,128,6303.899089998595,
5508,short,133.85246899997583,128,6303.887821999524,
5509,short,133.72414200057392,128,6303.952827998728,
5510,short,133.53372299752664,128,6303.946380998241,
5511,short,133.34727799883694,128,6303.9623359982215,
5512,short,133.10617600291152,128,6303.902904001006,
5513,short,133.4611970014521,128,6303.960859000654,
5514,short,133.19822000266868,128,6303.876107001997,
5515,short,130.11547799760592,128,6302.199495999957,
5505,short,138.05513300030725,128,6310.175326001627,
5517,short,137.13757600271492,128,6302.994268000475,
5518,short,136.93987100123195,128,6303.132312001253,
5519,short,135.85159700232907,128,6302.33990400302,
5520,short,135.60989200050244,128,6302.38584199833,
5521,short,135.35563999903388,128,6302.429316998314,
5522,short,135.0853650001227,128,6302.581182997528,
5523,short,134.9982159990759,128,6303.142654000112,
5524,short,134.81930700072553,128,6303.331564002292,
5525,short,134.66404599967063,128,6303.535184000793,
5526,short,134.48699799846509,128,6303.649753997888,
5527,short,135.02805300231557,128,6303.675877999922,
5528,short,134.93035200008308,128,6304.047826997703,
5529,short,134.7535679997236,128,6304.165792000276,
5530,short,134.57725099942763,128,6304.279724998196,
5531,short,134.28366600055597,128,6304.270407999866,
5532,short,131.55492000078084,128,6302.068656001211,
5516,short,139.92510000025504,128,6313.040990000445,
5533,short,146.19523900182685,128,6306.529547000537,
5534,short,146.51990000129445,128,6305.99646400151,
5535,short,149.20202999928733,128,6305.782306000765,
5536,short,145.38923800137127,128,6305.209810001543,
5537,short,144.13044699904276,128,6306.550425000751,
5539,short,142.9479119979078,128,6303.906372999336,
5540,short,142.76515200253925,128,6304.032788000768,
5541,short,142.4972640015767,128,6303.971813002136,
5542,short,142.3234460016829,128,6303.988618001313,
5543,short,141.5516810011468,128,6303.400192999106,
5538,short,144.03795600082958,128,6306.105982999725,
5544,short,148.14595400093822,128,6303.699976000644,
5545,short,149.23830200132215,128,6304.296439000609,
5546,short,135.3818970019347,128,6302.437460999499,
5548,short,136.26310000108788,128,6302.131404001557,
5549,short,136.0565899994981,128,6302.190865000739,
5550,short,135.8068599984108,128,6302.137462000246,
5551,short,135.64569899972412,128,6302.189397996699,
5552,short,135.4648670021561,128,6302.190376001818,
5553,short,134.95831500040367,128,6301.86174100163,
5554,short,134.7547459990892,128,6302.08162100098,
5547,short,137.2721499974432,128,6304.726823000237,
5556,short,136.23896100034472,128,6302.377736999915,
5557,short,136.10232299834024,128,6302.486133998173,
5558,short,135.91038400045363,128,6302.494958003081,
5559,short,135.72498400026234,128,6302.4981079979625,
5560,short,135.53589900038787,128,6302.493648003292,
5561,short,135.34696100032306,128,6302.499958001135,
5562,short,135.15856999947573,128,6302.5257009976485,
5563,short,134.97336900036316,128,6302.541862998623,
5564,short,134.75688399921637,128,6302.51462799788,
5565,short,134.56393799788202,128,6302.56461299723,
5566,short,134.31782000043313,128,6302.5153880007565,
5567,short,134.05169900215697,128,6302.434812001593,
5555,short,136.954023000726,128,6305.519877998449,
5568,short,151.5911899987259,128,6306.721995999396,
5570,short,143.70346999930916,128,6305.643865001912,
5571,short,145.86441299979924,128,6306.758292001177,
5572,short,146.1333579973143,128,6306.678407996515,
5573,short,146.94883399715764,128,6306.907914997282,
5574,short,146.74528899922734,128,6306.891322998126,
5575,short,144.87172100052703,128,6305.1979310002935,
5569,short,150.9631580011046,128,6311.918062998302,
5577,short,138.58930499918642,128,6306.880723001086,
5578,short,138.38806800049497,128,6306.979600001796,
5579,short,138.2033070003672,128,6306.9977140003175,
5580,short,137.95786600167048,128,6306.937231001939,
5581,short,137.76129499819945,128,6306.950783000502,
5582,short,138.18209899909561,128,6306.954693998705,
5583,short,137.94867300020996,128,6306.903833999968,
5584,short,137.76756399965961,128,6306.918728998426,
5585,short,137.21925199934049,128,6306.565941998997,
5576,short,140.49117900140118,128,6309.974301999318,
5587,short,142.64205799918273,128,6306.86337500083,
5588,short,142.56979199853959,128,6307.118797998555,
5589,short,142.3821809985384,128,6307.137250998494,
5590,short,141.73342300273362,128,6306.947734999994,
5591,short,141.50009799777763,128,6307.021385997359,
5592,short,141.11322299868334,128,6306.834825998521,
5593,short,141.0616380017018,128,6306.996159000846,
5594,short,140.90495499840472,128,6307.033512999624,
5595,short,140.64104999852134,128,6306.941678998555,
5596,short,140.47525199930533,128,6306.960138997965,
5597,short,140.2593849998084,128,6306.92221299978,
5598,short,140.07168600073783,128,6306.958413999382,
5599,short,138.44191699899966,128,6305.519238998386,
5586,short,146.5399439985049,128,6313.253437998355,
5600,short,136.1582190002082,128,6306.882749999204,
5602,short,136.321024998324,128,6306.381824997516,
5603,short,136.34603299942682,128,6307.053108001128,
5604,short,136.1059810005827,128,6307.056006000494,
5605,short,135.98012500006007,128,6307.122800997604,
5606,short,135.7795870026166,128,6307.106363001367,
5607,short,135.62907200321206,128,6307.145147002302,
5608,short,135.39731999844662,128,6307.096017997537,
5609,short,135.8095610012242,128,6307.168531999196,
5610,short,134.35036299779313,128,6305.899770999531,
5611,short,132.48743700023624,128,6305.470070998126,
5601,short,140.33297000059974,128,6313.291841001046,
5613,short,139.72388399997726,128,6307.739785999729,
5614,short,139.4297840015497,128,6307.780565999565,
5615,short,139.13221600159886,128,6307.688880002388,
5616,short,138.8464900010149,128,6307.589707001171,
5617,short,138.3752159999858,128,6308.240982001735,
5618,short,137.6505250009359,128,6307.763368000451,
5619,short,137.38252699840814,128,6307.708825999725,
5620,short,137.02105400079745,128,6307.5435690007,
5621,short,136.75190700087114,128,6307.540000998415,
5622,short,136.4638820014079,128,6307.446426002571,
5623,short,135.91035300123622,128,6307.076091001363,
5624,short,135.68389499778277,128,6307.075626998994,
5625,short,135.3946140006883,128,6306.983721002325,
5626,short,135.1084739981161,128,6306.879993997427,
5627,short,134.4782230007695,128,6306.431005999912,
5628,short,131.81924799937406,128,6303.21467199974,
5612,short,142.57588100008434,128,6314.602763999574,
5629,short,145.44509500046843,128,6305.83014199874,
5630,short,146.3761129998602,128,6307.140331999108,
5631,short,147.54960700156516,128,6305.1950320004835,
5632,short,144.54084299723036,128,6306.316742997296,
5633,short,141.16763999845716,128,6305.06492099812,
5635,short,141.5235060012492,128,6305.6768189999275,
5636,short,141.3504920019477,128,6305.850826000096,
5637,short,141.1337960016681,128,6305.85702299868,
5638,short,140.97445199877257,128,6305.896019999636,
5639,short,140.225074999762,128,6305.331023999315,
5634,short,143.18138900125632,128,6308.296260998759,
5640,short,146.75440299834008,128,6306.165189998865,
5641,short,147.1048460007296,128,6305.642498999077,
5642,short,138.01764100207947,128,6305.779497000913,
5644,short,136.54469500033883,128,6304.383457998483,
5645,short,136.34986599936383,128,6304.499678000866,
5646,short,136.1107250013447,128,6304.4621500012,
5647,short,135.9548000000359,128,6304.5700449984,
5648,short,135.77557199823787,128,6304.581781998422,
5649,short,135.3034449966799,128,6304.291481999826,
5643,short,137.01732700064895,128,6306.543197002611,
5650,short,134.7985639986291,128,6304.528364998987,
5652,short,137.63937699695816,128,6305.133070000011,
5653,short,137.56154400107334,128,6305.270794000535,
5654,short,137.38106800155947,128,6305.2877730006,
5655,short,137.19585799844936,128,6305.281527998886,
5656,short,137.01872599995113,128,6305.280536998907,
5657,short,136.8127289970289,128,6305.250628000067,
5658,short,136.61966400104575,128,6305.233104998479,
5659,short,136.43916100045317,128,6305.230488000234,
5660,short,136.19231199845672,128,6305.159603998618,
5661,short,136.00323599894182,128,6305.1595270007965,
5662,short,135.82565300021088,128,6305.160290998174,
5663,short,135.58945299882907,128,6305.109000000812,
5651,short,138.7457529999665,128,6308.424947997992,
5664,short,152.05032299854793,128,6293.012031001126,
5666,short,143.90569800161757,128,6293.505221001396,
5667,short,145.97299000161001,128,6294.782013999793,
5668,short,146.20024699979695,128,6294.753635000234,
5669,short,147.02269899862586,128,6294.999803998508,
5670,short,146.84355400095228,128,6295.008561999566,
5671,short,144.9298430015915,128,6293.27820600156,
5665,short,150.93305600021267,128,6300.019119000353,
5673,short,138.58535200051847,128,6292.951966999681,
5674,short,138.38685899827396,128,6293.045588998211,
5675,short,138.19209299981594,128,6293.059172996436,
5676,short,137.9419519980729,128,6293.033660000219,
5677,short,137.7444440004183,128,6293.050914002379,
5678,short,137.55068499813206,128,6293.053530000179,
5679,short,137.89928999904078,128,6293.00936099753,
5680,short,137.7277169995068,128,6293.039304000558,
5681,short,137.20704599836608,128,6292.724285998702,
5672,short,140.41474199984805,128,6296.123596002872,
5683,short,142.22589899873128,128,6293.156022999028,
5684,short,142.153849999886,128,6293.455235001602,
5685,short,141.0509519992047,128,6292.581517998769,
5686,short,141.42039199941792,128,6293.349862997275,
5687,short,141.22578599926783,128,6293.444484999782,
5688,short,140.8450390008511,128,6293.25184299887,
5689,short,140.83212100013043,128,6293.4095860000525,
5690,short,140.67685099871596,128,6293.4458300005645,
5691,short,140.4782459976559,128,6293.419558998721,
5692,short,140.32629600114888,128,6293.452011999761,
5693,short,140.07712899910985,128,6293.380073999288,
5694,short,139.88728199910838,128,6293.373374999646,
5695,short,138.23050900100498,128,6291.900095002347,
5682,short,146.07645999785746,128,6299.550496998563,
5696,short,135.3441550018033,128,6293.894360002014,
5698,short,134.8514070014062,128,6292.742377001559,
5699,short,134.86045800163993,128,6293.379238002672,
5700,short,134.61936800013063,128,6293.367716996727,
5701,short,134.49513799787383,128,6293.448139997054,
5702,short,134.27712800330482,128,6293.4137110023585,
5703,short,134.08932500169612,128,6293.406527001935,
5704,short,133.83603200054495,128,6293.332717003068,
5705,short,134.26846000220394,128,6293.383969001297,
5706,short,132.78534199707792,128,6292.077236998011,
5707,short,130.9632530028466,128,6291.722550002305,
5697,short,138.91841400254634,128,6299.694429002557,
5709,short,138.68012900275062,128,6292.502347001573,
5710,short,138.47667799927876,128,6292.53696899832,
5711,short,138.2913870002085,128,6293.379462000303,
5712,short,137.1658780008147,128,6292.485713998758,
5713,short,136.87357399976463,128,6292.38338399955,
5714,short,136.58413400116842,128,6292.28463400068,
5715,short,136.47950700033107,128,6292.369334001705,
5716,short,136.22487700195052,128,6292.299892000301,
5717,short,136.0564950009575,128,6292.317737999838,
5718,short,135.87320599981467,128,6292.31124099897,
5719,short,135.57518299785443,128,6292.238775997248,
5720,short,135.45305500156246,128,6292.3212710011285,
5721,short,135.2703910015407,128,6292.378991001897,
5722,short,135.92866000180948,128,6292.379683000036,
5723,short,135.64067499828525,128,6292.355404999398,
5724,short,134.13951599795837,128,6291.060890998779,
5708,short,141.5788820013404,128,6299.222520003241,
5725,short,144.8071400009212,128,6293.841832000908,
5726,short,144.32338700135006,128,6294.0544320008485,
5727,short,148.25448899864568,128,6295.325814997341,
5728,short,144.46178000071086,128,6293.563439001446,
5729,short,142.4424659999204,128,6291.21983100049,
5731,short,140.87221999943722,128,6291.180530999554,
5732,short,140.67603399962536,128,6291.340039999341,
5733,short,140.456067998457,128,6291.3410820001445,
5734,short,140.29449000008754,128,6291.385790998902,
5735,short,139.14927600126248,128,6290.428192998661,
5730,short,142.23940300144022,128,6293.700068999897,
5736,short,146.00557999801822,128,6291.512338000757,
5737,short,146.79002800039598,128,6293.644422003126,
5738,short,135.1613990009355,128,6292.831205002585,
5740,short,137.74627100065118,128,6293.057916998805,
5741,short,137.54622699707397,128,6293.147192998731,
5742,short,137.25774900012766,128,6293.056845999672,
5743,short,137.0921220004675,128,6293.109287998959,
5744,short,136.9111919993884,128,6293.1108769989805,
5745,short,136.35140499900444,128,6292.749928001285,
5746,short,136.17268199959653,128,6293.028639000113,
5739,short,138.6506209964864,128,6295.7076219972805,
5748,short,139.7149209988129,128,6293.573750001087,
5749,short,139.64122999823303,128,6293.703463998099,
5750,short,139.4630109971331,128,6293.737459000113,
5751,short,139.28626399865607,128,6293.748198997491,
5752,short,139.10949999990407,128,6293.751052999141,
5753,short,138.93433599878335,128,6293.751932000305,
5754,short,138.75695400201948,128,6293.787124999653,
5755,short,138.57121500041103,128,6293.797980997624,
5756,short,138.3920459993533,128,6293.801863997942,
5757,short,138.22529599929112,128,6293.803222997667,
5758,short,138.04203999825404,128,6293.794713998068,
5759,short,137.48995500282035,128,6293.419957000879,
5747,short,140.49062000049162,128,6296.571843999118,
5760,short,152.95398800299154,128,6293.756093000411,
5762,short,142.42343699879711,128,6289.238279998244,
5763,short,144.42726799825323,128,6290.420793997328,
5764,short,144.6417749975808,128,6290.363617998082,
5765,short,145.41146400006255,128,6290.596565999294,
5766,short,145.22820000274805,128,6290.599110001494,
5767,short,143.17286499863258,128,6288.721852997696,
5761,short,149.54388399928575,128,6295.659957002499,
5769,short,142.75550599995768,128,6290.3702529984,
5770,short,142.5504139988334,128,6290.488230999472,
5771,short,142.3270630002662,128,6290.468798997608,
5772,short,142.06670000203303,128,6290.392451999651,
5773,short,141.87305300220032,128,6290.427751999232,
5774,short,141.67189500221866,128,6290.431897003145,
5775,short,141.4133859980211,128,6290.36542600079,
5776,short,141.24220899975626,128,6290.391700997134,
5777,short,141.24063999770442,128,6290.072955998767,
5768,short,144.5095719973324,128,6293.58333199707,
5779,short,142.3685679983464,128,6290.177854996728,
5780,short,142.27234999998473,128,6291.162894998706,
5781,short,141.1992020002799,128,6290.344899000047,
5782,short,141.68602900099359,128,6290.239993999421,
5783,short,141.50005699775647,128,6290.307633997145,
5784,short,141.12593199752155,128,6290.121931997419,
5785,short,141.08826699884958,128,6290.274679999129,
5786,short,140.9326359971601,128,6290.308738000022,
5787,short,140.72253899939824,128,6290.279359000124,
5788,short,140.5705150027643,128,6290.311153999937,
5789,short,140.36213100189343,128,6290.282690999447,
5790,short,140.17719000185025,128,6290.284562001034,
5791,short,138.45379799749935,128,6288.745575999201,
5778,short,146.3375460007228,128,6296.493805999489,
5792,short,135.57347599999048,128,6290.808181998727,
5794,short,135.07927500177175,128,6290.228654001112,
5795,short,135.13069399778033,128,6290.951614999358,
5796,short,134.88462100212928,128,6290.961890001199,
5797,short,134.75908799955505,128,6291.046921000088,
5798,short,134.57943100002012,128,6291.061348998483,
5799,short,134.39953700071783,128,6291.069914997934,
5800,short,134.15823799732607,128,6291.007804000401,
5801,short,134.6149710007012,128,6291.1464050012,
5802,short,133.09290799952578,128,6289.807496999856,
5803,short,131.23713899767608,128,6289.590745000169,
5793,short,139.08917799926712,128,6297.5252459982585,
5805,short,138.95142299952568,128,6291.472807999526,
5806,short,137.9216120003548,128,6290.724604001298,
5807,short,137.69176300047548,128,6291.474962999928,
5808,short,137.53500599705148,128,6291.512042997056,
5809,short,137.29349200002616,128,6291.464578000159,
5810,short,137.03109600101016,128,6291.404027000681,
5811,short,136.94465900334762,128,6291.515144002915,
5812,short,136.7582439997932,128,6291.552277998562,
5813,short,136.6077180027787,128,6291.642651001894,
5814,short,136.3810620023287,128,6291.603656001826,
5815,short,136.05884199932916,128,6291.460242999165,
5816,short,136.90385000154492,128,6291.5326910006115,
5817,short,136.7260590013757,128,6291.533277999406,
5818,short,136.4521839968802,128,6291.435548999289,
5819,short,136.140961003548,128,6291.29937000107,
5820,short,134.62456600245787,128,6289.942954001162,
5804,short,141.94949000011547,128,6299.189656998351,
5821,short,146.27663499777555,128,6291.010371998709,
5822,short,141.4888460021757,128,6290.009418000409,
5823,short,144.44103899950278,128,6288.930149999942,
5824,short,141.66506399851642,128,6290.0745129991265,
5825,short,144.75194199985708,128,6291.055686997424,
5827,short,142.46821200140403,128,6290.855547002138,
5828,short,142.27293099975213,128,6290.967018001538,
5829,short,142.0442809976521,128,6290.94086799887,
5830,short,141.8803550004668,128,6290.970371002913,
5831,short,140.87952300178586,128,6290.1562490005745,
5826,short,144.0882300012163,128,6293.298391999997,
5832,short,147.53698899949086,128,6293.388239999331,
5833,short,147.64998299870058,128,6289.388699999108,
5834,short,137.44297200173605,128,6291.664518001198,
5836,short,138.15403199987486,128,6291.4986010000575,
5837,short,137.95776999904774,128,6291.58902600102,
5838,short,137.71527800054173,128,6291.552897997462,
5839,short,137.55630900050164,128,6291.617381000833,
5840,short,137.35585500035086,128,6291.599115000281,
5841,short,136.8743090024509,128,6291.319431002194,
5842,short,136.33158999800798,128,6291.236860000936,
5835,short,138.6820709994936,128,6293.780652998976,
5844,short,139.33212999836542,128,6290.722432000621,
5845,short,139.26182900104322,128,6290.862182999263,
5846,short,139.07703199947719,128,6290.876334998757,
5847,short,138.89783000195166,128,6290.880443000788,
5848,short,138.72178100064048,128,6290.884133999498,
5849,short,138.51697000063723,128,6290.878342999349,
5850,short,138.3224999990489,128,6290.890725998906,
5851,short,138.14084799741977,128,6290.892588000133,
5852,short,137.96204100071918,128,6290.890773998399,
5853,short,137.78659399758908,128,6290.892013999837,
5854,short,137.60983599786414,128,6290.890702999604,
5855,short,137.4340359980124,128,6290.889263000281,
5843,short,140.47722599934787,128,6294.073291999666,
5856,short,149.25985100126127,128,6306.545870000264,
5858,short,142.25326499945368,128,6303.379097000288,
5859,short,144.12348000041675,128,6304.63829600194,
5860,short,144.34436499868752,128,6304.590657000517,
5861,short,145.1169240026502,128,6304.892178002774,
5862,short,144.9390410016349,128,6304.917730001762,
5863,short,143.0302769986156,128,6303.191750997939,
5857,short,149.86003499871003,128,6310.250951999478,
5865,short,140.15795500017703,128,6304.687926000042,
5866,short,140.66296099917963,128,6304.854587000591,
5867,short,140.48440999977174,128,6304.887383001187,
5868,short,140.2053439996962,128,6304.798727000161,
5869,short,140.00472600309877,128,6304.800162000902,
5870,short,139.8135210001783,128,6305.741806998412,
5871,short,139.5663629991759,128,6305.756754998583,
5872,short,139.39354199828813,128,6305.803519000619,
5873,short,138.82590300272568,128,6305.446473001211,
5864,short,142.09889100311557,128,6308.952165003575,
5875,short,141.8232750002062,128,6304.3948609993095,
5876,short,141.71151200207532,128,6305.443143002776,
5877,short,142.05838199995924,128,6305.516538999655,
5878,short,141.86271499784198,128,6305.451329000789,
5879,short,141.67387500128825,128,6305.50615500033,
5880,short,141.30446499984828,128,6305.319490998954,
5881,short,141.2630899976648,128,6305.48874699889,
5882,short,141.10799499758286,128,6305.5226229989785,
5883,short,140.89982299992698,128,6305.495434997283,
5884,short,140.7459350011777,128,6305.529089000629,
5885,short,140.5349729975569,128,6305.498448997241,
5886,short,140.35033600157476,128,6305.53877499915,
5887,short,138.55542300007073,128,6304.817311000079,
5874,short,146.4570959979028,128,6311.807027999748,
5888,short,135.45278799938387,128,6306.575436999992,
5890,short,134.85740499891108,128,6305.142030996649,
5891,short,134.85867800045526,128,6305.812564001826,
5892,short,134.59608199991635,128,6305.79390999992,
5893,short,134.46421999833547,128,6305.85685099868,
5894,short,134.2792859977635,128,6305.856998998934,
5895,short,134.05067100029555,128,6305.809002002206,
5896,short,133.78240800011554,128,6305.71754599805,
5897,short,134.24854400000186,128,6305.775605000235,
5898,short,132.55698200009647,128,6304.263155998342,
5899,short,130.71972599936998,128,6303.888384001766,
5889,short,138.96403000035207,128,6312.10616899989,
5901,short,137.6816609990783,128,6305.748415998096,
5902,short,136.70008999906713,128,6305.132003999461,
5903,short,136.47691100049997,128,6305.114213999332,
5904,short,136.28011800028617,128,6305.102338999859,
5905,short,136.0256420011865,128,6305.985416001931,
5906,short,135.75486200352316,128,6305.992771001911,
5907,short,135.62906100196415,128,6306.08291200042,
5908,short,135.38907600013772,128,6306.033483000647,
5909,short,135.22699899840518,128,6306.086249998771,
5910,short,135.06041100117727,128,6306.095533000189,
5911,short,135.68830599979265,128,6306.006795999565,
5912,short,135.59732800058555,128,6306.108834000042,
5913,short,135.4222190020664,128,6306.115803003195,
5914,short,135.24737899933825,128,6306.119360000594,
5915,short,134.94953199915471,128,6305.996217997745,
5916,short,132.2029860020848,128,6303.441340001882,
5900,short,140.53439499912201,128,6312.395889999607,
5917,short,144.20796900230926,128,6306.569535001472,
5918,short,142.53007599836565,128,6305.98729799749,
5919,short,146.67523599928245,128,6306.813698000042,
5920,short,144.99565200094366,128,6306.793825999193,
5921,short,142.4728949968994,128,6309.722279998823,
5923,short,142.9110760000185,128,6306.563850001112,
5924,short,142.73361500090687,128,6306.717413001024,
5925,short,142.5263730016013,128,6306.708153999352,
5926,short,142.36374099709792,128,6306.739173000096,
5927,short,141.3686800005962,128,6305.989642998611,
5922,short,144.55035400169436,128,6309.0651240017905,
5928,short,146.1206169988145,128,6304.71639699681,
5929,short,149.1441850012052,128,6308.217451001838,
5930,short,136.38629900015076,128,6307.339033999597,
5932,short,139.3809559995134,128,6308.456560997001,
5933,short,139.1831649998494,128,6308.587553998223,
5934,short,138.93750500210444,128,6308.563462000166,
5935,short,138.7708649999695,128,6308.622824999475,
5936,short,138.57908399950247,128,6308.613976001652,
5937,short,138.0970129976049,128,6308.312345998274,
5938,short,137.90200899893534,128,6308.587576997525,
5931,short,139.9283179998747,128,6310.806703000708,
5940,short,138.87894700019388,128,6306.5504700025485,
5941,short,138.8000369988731,128,6306.757542999549,
5942,short,138.61730999997235,128,6306.838848999178,
5943,short,138.4376469977724,128,6306.848825999623,
5944,short,138.22730000174488,128,6306.81998900036,
5945,short,138.02114599820925,128,6306.793971998559,
5946,short,137.83850599793368,128,6306.786911998643,
5947,short,137.66227700034506,128,6306.7874730004405,
5948,short,137.48561199827236,128,6306.827204000001,
5949,short,137.3101030003454,128,6306.833900001948,
5950,short,137.13499400182627,128,6306.8965380007285,
5951,short,136.61483800024143,128,6306.566759001726,
5939,short,139.7069559970987,128,6309.801516999869,
5952,short,149.40436499819043,128,6297.27519899825,
5954,short,142.90552400052547,128,6296.761505000177,
5955,short,144.8051029983617,128,6297.935172999132,
5956,short,144.9705660015752,128,6297.857018002105,
5957,short,146.70303099774173,128,6298.095219997776,
5958,short,146.52075299818534,128,6298.0987899973115,
5959,short,144.2537020011514,128,6296.011943002668,
5953,short,150.28232600161573,128,6303.167502002907,
5961,short,139.6868039992114,128,6299.987335998594,
5962,short,139.47447700047633,128,6300.204717997985,
5963,short,139.2823869973654,128,6300.325609998254,
5964,short,139.02609800061327,128,6300.363974998618,
5965,short,137.88670799840475,128,6299.710985000274,
5966,short,137.62909499928355,128,6299.9209859990515,
5967,short,137.36220599821536,128,6300.089271000616,
5968,short,137.7215080028691,128,6300.462012000935,
5969,short,137.21085900033358,128,6300.44672999793,
5960,short,141.80117399882874,128,6308.609787000023,
5971,short,142.7445400004217,128,6297.214315000019,
5972,short,142.62271899860934,128,6298.28166599691,
5973,short,142.43280099981348,128,6298.346430998208,
5974,short,142.24654600184294,128,6298.304465999536,
5975,short,142.70230200054357,128,6298.360066997702,
5976,short,142.33415100170532,128,6298.166795000725,
5977,short,142.30533600130002,128,6298.318327000743,
5978,short,142.1494120004354,128,6298.352922000049,
5979,short,141.9380250008544,128,6298.322714999813,
5980,short,141.7835619977268,128,6298.353492999013,
5981,short,141.53395999892382,128,6298.294849999365,
5982,short,140.45914099915535,128,6297.407668000233,
5983,short,139.30349799920805,128,6296.439318000921,
5970,short,147.39209199979086,128,6304.436419002741,
5984,short,134.6929569990607,128,6299.463008999737,
5986,short,135.33766000182368,128,6298.081154000101,
5987,short,135.41361399984453,128,6298.307457000192,
5988,short,135.16839100338984,128,6298.383944002126,
5989,short,135.04395299969474,128,6298.688083999878,
5990,short,134.86303299941937,128,6298.813034998602,
5991,short,134.68597899918677,128,6298.984012999426,
5992,short,134.4430379976984,128,6299.036796997825,
5993,short,134.33663099931437,128,6299.333767998178,
5994,short,132.81491099769482,128,6298.110177998751,
5995,short,131.71138799953042,128,6296.870232999936,
5985,short,139.4025049994525,128,6308.5819389998505,
5997,short,139.35179799955222,128,6299.457610002719,
5998,short,139.15029399868217,128,6299.5714399985445,
5999,short,138.96582899906207,128,6299.587428999075,
6000,short,137.82651599831297,128,6299.49844300063,
6001,short,137.50215099935303,128,6299.407965001592,
6002,short,137.21294599963585,128,6299.319010002364,
6003,short,137.11983999746735,128,6299.428558999352,
6004,short,136.9033720002335,128,6299.4044960032625,
6005,short,136.74103599987575,128,6299.430000999564,
6006,short,136.56253299996024,128,6299.431010997068,
6007,short,136.28040900221094,128,6299.367642001016,
6008,short,136.17153100130963,128,6299.453638999694,
6009,short,135.9920319991943,128,6299.4685910016415,
6010,short,135.81718700152123,128,6299.4758099994215,
6011,short,135.52485300169792,128,6299.363023001206,
6012,short,134.12964400049532,128,6298.164417999942,
5996,short,141.32521300052758,128,6306.087261000357,
6013,short,144.4505220024439,128,6298.853691001568,
6014,short,146.2638289995084,128,6299.7475679985655,
6015,short,146.87693100131582,128,6301.321481998457,
6016,short,142.9036290028307,128,6300.330952002696,
6017,short,140.98488300078316,128,6297.530543997709,
6019,short,142.96150999871315,128,6301.021936000325,
6020,short,142.78305399784585,128,6301.172332998249,
6021,short,142.56713800205034,128,6301.204329000029,
6022,short,142.34757699887268,128,6301.193947998399,
6023,short,141.3295359998301,128,6300.36139799995,
6018,short,144.30949999950826,128,6303.4906100001535,
6024,short,150.27903500231332,128,6300.467116001528,
6025,short,148.2302830008848,128,6300.0795879997895,
6026,short,136.275332999503,128,6302.627057000791,
6028,short,135.64526900154306,128,6300.03652600135,
6029,short,135.42730900007882,128,6300.1556689996505,
6030,short,135.17999699979555,128,6300.1086189979105,
6031,short,135.0240460014902,128,6300.176201002614,
6032,short,134.84343700110912,128,6300.177688000986,
6033,short,134.35076599853346,128,6299.863885000377,
6034,short,134.15668399829883,128,6300.133980999817,
6027,short,136.58596499954,128,6302.729384999111,
6036,short,137.63361800010898,128,6301.25440700067,
6037,short,137.4991909979144,128,6301.383760997851,
6038,short,137.3101279968978,128,6301.403436998953,
6039,short,137.12888699956238,128,6301.463444000547,
6040,short,136.94962199951988,128,6301.4867219972075,
6041,short,136.77469100002781,128,6301.542152003094,
6042,short,136.5970090009796,128,6301.551450000261,
6043,short,136.37965700036148,128,6301.514034999855,
6044,short,136.19972200103803,128,6301.514310001949,
6045,short,135.97079700048198,128,6301.450145001581,
6046,short,135.7830790002481,128,6301.436427998851,
6047,short,135.57074699929217,128,6301.4007809979375,
6035,short,138.51979999890318,128,6304.491820999829,
6048,short,155.8571440000378,128,6304.075684998679,
6050,short,143.1083450006554,128,6304.081405000034,
6051,short,145.0017770002887,128,6305.282437999267,
6052,short,145.2046029990015,128,6305.226135998964,
6053,short,145.9965390022262,128,6305.513246999908,
6054,short,145.81584400002612,128,6305.53896299898,
6055,short,143.96125900020706,128,6303.870736002864,
6049,short,150.75282199904905,128,6310.935653000342,
6058,short,136.99921100123902,128,6304.899218001083,
6057,short,137.25433999934467,128,6305.695924002066,
6059,short,136.7620459968748,128,6305.382896000083,
6060,short,136.28119399800198,128,6305.141212997114,
6061,short,135.98118699883344,128,6305.191830000695,
6062,short,135.7141299995419,128,6305.198074001964,
6063,short,135.2720729992143,128,6305.0257450013305,
6064,short,135.0727810022363,128,6305.1128549996065,
6065,short,131.12225499935448,128,6301.459323000017,
6056,short,140.3879399986181,128,6312.143645998731,
6067,short,140.70324700151104,128,6304.516210999282,
6068,short,140.92882100158022,128,6304.737777001719,
6069,short,140.78363299995544,128,6305.606450001505,
6070,short,140.75698899978306,128,6305.5936450000445,
6071,short,140.6330509998952,128,6305.661939000856,
6072,short,140.324445997976,128,6305.478744998254,
6073,short,140.72181899973657,128,6305.63916599931,
6074,short,140.67840500138118,128,6305.675960000372,
6075,short,140.51392699911958,128,6305.637315999775,
6076,short,140.46960699852207,128,6305.666479998763,
6077,short,140.31463200080907,128,6305.632417999732,
6078,short,140.25097299963818,128,6305.630171998928,
6079,short,138.57137499871897,128,6304.041536997829,
6066,short,149.878895997972,128,6312.154977997125,
6080,short,133.15762899947003,128,6303.929851997964,
6082,short,135.64751599915326,128,6304.222317001404,
6083,short,135.5966980008816,128,6304.825647999678,
6084,short,135.11432000086643,128,6304.56819200117,
6085,short,134.8374920016795,128,6304.487445002451,
6086,short,134.52373700056341,128,6304.359025001759,
6087,short,134.22930700107827,128,6304.24632499853,
6088,short,133.74841500262846,128,6303.948032000335,
6089,short,134.1403000005812,128,6303.894882999884,
6090,short,133.57592299871612,128,6303.50812100005,
6091,short,127.90776399924653,128,6298.058521002531,
6081,short,139.2269049974857,128,6310.717054999259,
6093,short,137.90832299855538,128,6303.192543000478,
6094,short,137.70988900068915,128,6304.124657999637,
6095,short,136.64637100009713,128,6303.306015000999,
6096,short,136.42449799954193,128,6303.272254997864,
6097,short,136.1744739988353,128,6303.204580999591,
6098,short,135.89916999990237,128,6303.171319999819,
6099,short,135.80538599853753,128,6303.283344001102,
6100,short,135.61830300022848,128,6303.2890260001295,
6101,short,135.45426100245095,128,6303.30676900121,
6102,short,135.2604710009473,128,6303.291285999876,
6103,short,134.99416000195197,128,6303.203550000035,
6104,short,135.70038100078818,128,6303.274860001693,
6105,short,135.52668199918116,128,6303.275928999938,
6106,short,135.35077500273474,128,6303.276408001693,
6107,short,135.05985700248857,128,6303.175960001681,
6108,short,133.62016400060384,128,6302.6974860003975,
6092,short,140.6900720030535,128,6310.039957003028,
6109,short,146.91786699768272,128,6304.242479000095,
6110,short,144.04733300034422,128,6305.188411999552,
6111,short,146.89332700072555,128,6303.664072998799,
6112,short,143.03957100128173,128,6304.393649999838,
6113,short,143.5391900013201,128,6305.285729999014,
6115,short,144.22673499939265,128,6303.199910998956,
6116,short,144.01514699784457,128,6303.328406000219,
6117,short,143.78258400029154,128,6303.34400799984,
6118,short,143.6239979993843,128,6303.385822000564,
6119,short,142.66504600163898,128,6302.608612000768,
6114,short,145.5670729992562,128,6305.71529900044,
6120,short,149.92402300049434,128,6303.247520998411,
6121,short,149.76730800117366,128,6302.93326500032,
6122,short,136.23121099954005,128,6300.781557998562,
6124,short,140.21144900107174,128,6300.963270001375,
6125,short,140.0109300011536,128,6301.0792339991895,
6126,short,139.76118300342932,128,6301.0335250000935,
6127,short,139.60530199983623,128,6301.1323630016705,
6128,short,139.42653199774213,128,6301.151042996935,
6129,short,138.93888399979915,128,6300.845352001488,
6130,short,138.42306199876475,128,6300.798188000044,
6123,short,141.1014180011989,128,6303.67668100007,
6132,short,138.8873979994969,128,6303.135714999371,
6133,short,138.803182002448,128,6303.320382001402,
6134,short,138.55934700040962,128,6303.318440997828,
6135,short,138.34985799985589,128,6303.296841997508,
6136,short,138.1304899987299,128,6303.256274997693,
6137,short,137.94405099906726,128,6303.26646499816,
6138,short,137.76487300128792,128,6303.2639709999785,
6139,short,137.5846820010338,128,6303.304322998883,
6140,short,137.40995099942666,128,6303.311217001465,
6141,short,137.2353730002942,128,6303.32285699842,
6142,short,137.0579340000404,128,6303.324477001297,
6143,short,136.84789699982502,128,6303.293499000574,
6131,short,140.1232770003844,128,6306.706868999754,
6144,short,156.33805000106804,128,6307.104508003249,
6146,short,143.2298740000988,128,6305.361706999975,
6147,short,145.1884060006705,128,6306.62075500004,
6148,short,145.35998099745484,128,6306.525096999394,
6149,short,146.2166769997566,128,6306.753444998321,
6150,short,146.03341499969247,128,6306.758084996545,
6151,short,143.73587400041288,128,6304.6399029990425,
6145,short,150.44908699928783,128,6311.779839998053,
6153,short,138.68486399951507,128,6304.115347000334,
6154,short,138.37619199694018,128,6304.094864997751,
6155,short,138.02384700102266,128,6303.941188001772,
6156,short,137.5206299999263,128,6303.621216000465,
6157,short,137.08757999847876,128,6303.376518997538,
6158,short,136.6546079989348,128,6303.864428999077,
6159,short,136.04523799949675,128,6303.485911997996,
6160,short,135.5563719989732,128,6303.194210999209,
6161,short,133.20680700053344,128,6301.055751002423,
6152,short,140.3463130009186,128,6308.3756110027025,
6163,short,142.4783580005169,128,6306.370307000179,
6164,short,141.5926279987616,128,6305.759880997357,
6165,short,141.37916400068207,128,6306.656329001271,
6166,short,141.83105800111662,128,6306.652331000805,
6167,short,141.65384900115896,128,6306.7197109994595,
6168,short,141.27761800045846,128,6306.562462999864,
6169,short,141.24298300157534,128,6306.73577700145,
6170,short,141.08828899770742,128,6306.76969599881,
6171,short,140.87855799880344,128,6306.741383999906,
6172,short,140.72874000339652,128,6306.776652003464,
6173,short,140.51905099768192,128,6306.745425998088,
6174,short,140.31413100019563,128,6306.727775998297,
6175,short,138.1547849996423,128,6304.753723998147,
6162,short,146.3685959970462,128,6312.674658998731,
6176,short,137.02741200177115,128,6307.959017001849,
6178,short,134.7544080017542,128,6305.874864003272,
6179,short,134.75140299851773,128,6306.539590001194,
6180,short,134.5028670002648,128,6306.53109999912,
6181,short,134.3739949988958,128,6306.658830999368,
6182,short,134.1934889969707,128,6306.670932997804,
6183,short,134.01111700295587,128,6306.670234000194,
6184,short,133.76580200201715,128,6306.602669003041,
6185,short,134.19684099790175,128,6306.659849000425,
6186,short,133.92893700074637,128,6306.567545998405,
6187,short,130.8870630018646,128,6304.988556999888,
6177,short,138.75431300039054,128,6312.880817000405,
6189,short,138.02816400129814,128,6306.101005000528,
6190,short,137.7900059997046,128,6306.102843998815,
6191,short,137.60308099881513,128,6306.883009998273,
6192,short,137.42185000228346,128,6306.916396999441,
6193,short,137.13094700142392,128,6306.808298999385,
6194,short,136.85583999904338,128,6306.719085001532,
6195,short,136.77425700007007,128,6306.806063003023,
6196,short,136.58750600006897,128,6306.837812000595,
6197,short,136.43510399924708,128,6306.872434000979,
6198,short,136.27855599770555,128,6306.873302997701,
6199,short,136.01429499976803,128,6306.823147999239,
6200,short,135.90732099692104,128,6306.916011999419,
6201,short,136.5722159971483,128,6306.929176000267,
6202,short,136.38915500268922,128,6306.911155003036,
6203,short,135.316102001525,128,6306.007971001236,
6204,short,134.3425289996958,128,6305.213532999915,
6188,short,141.69018299799063,128,6314.353939000284,
6205,short,146.34026599742356,128,6306.092460999935,
6206,short,144.14048199978424,128,6307.610820000264,
6207,short,146.84183400095208,128,6307.637229001557,
6208,short,141.88740000099642,128,6307.543482998881,
6209,short,141.1818390006374,128,6306.124913997337,
6211,short,141.41991499855067,128,6307.013730001927,
6212,short,141.19925100021646,128,6307.116506999591,
6213,short,140.97537400084548,128,6307.092401999398,
6214,short,140.8184789979714,128,6307.127906999085,
6215,short,139.82330199723947,128,6306.319034996704,
6210,short,142.76626399805536,128,6309.365772998717,
6216,short,148.0303130010725,128,6308.930612998665,
6217,short,150.17926200016518,128,6308.873018002487,
6218,short,138.5200540025835,128,6308.480119001615,
6220,short,138.6597669988987,128,6309.928173999651,
6221,short,138.45831900107441,128,6310.150647001137,
6222,short,138.1756470000255,128,6310.095304997958,
6223,short,138.00358500157017,128,6310.153432001243,
6224,short,137.8235579977627,128,6310.1596950000385,
6225,short,137.33093200062285,128,6309.849222001503,
6226,short,136.8250169980456,128,6309.824949999893,
6219,short,139.53874299841118,128,6312.686367000424,
6228,short,138.20096999916132,128,6307.88890400072,
6229,short,138.08444000096642,128,6308.018276999064,
6230,short,137.89743600136717,128,6308.033957000589,
6231,short,137.71742699827882,128,6308.0534799992165,
6232,short,137.52235200081486,128,6308.049095001479,
6233,short,137.3449940001592,128,6308.052327996847,
6234,short,137.12377099727746,128,6308.008658998006,
6235,short,136.93251000222517,128,6307.997506002721,
6236,short,136.76366599975154,128,6307.997112999146,
6237,short,136.5872889982711,128,6307.999180000479,
6238,short,136.40961599958246,128,6307.998999996926,
6239,short,135.83877500059316,128,6307.604652000009,
6227,short,139.4013110002561,128,6311.316494000494,
6240,short,151.11802200044622,128,6310.053062999941,
6242,short,143.06336200024816,128,6303.879110000707,
6243,short,145.13983999859192,128,6305.476392997662,
6244,short,145.35131700176862,128,6305.76555800144,
6245,short,146.1285740006133,128,6306.675293999433,
6246,short,145.95128899964038,128,6306.819847002771,
6247,short,144.10848099942086,128,6305.272477999097,
6241,short,150.43354999943404,128,6315.925611997955,
6249,short,139.90440799898352,128,6307.322897999256,
6250,short,139.70464700105367,128,6307.485356002871,
6251,short,139.52072199754184,128,6307.516542998201,
6252,short,139.27683899964904,128,6307.4639400001615,
6253,short,139.04719800120802,128,6307.596385999204,
6254,short,138.8197640008002,128,6307.620440002211,
6255,short,138.56207199933124,128,6307.567717998609,
6256,short,138.3860599999025,128,6307.600137002737,
6257,short,137.6193130017782,128,6307.036893002078,
6248,short,141.7473350011278,128,6311.406718999933,
6259,short,143.34821499869577,128,6306.401146997814,
6260,short,142.3519829986617,128,6305.751456999133,
6261,short,142.11151300332858,128,6305.727585000568,
6262,short,141.91288399888435,128,6306.560506000096,
6263,short,142.35049999842886,128,6306.657764998818,
6264,short,141.96915199863724,128,6306.4623509999365,
6265,short,141.9661489999271,128,6306.625617999089,
6266,short,141.814187001728,128,6306.6630760004045,
6267,short,141.60461999927065,128,6306.635286000528,
6268,short,141.45206999819493,128,6306.670353998925,
6269,short,141.2415439990582,128,6306.643447998795,
6270,short,141.05541400203947,128,6306.64620600146,
6271,short,139.46916399800102,128,6305.247271997359,
6258,short,147.50622599967755,128,6313.27581900041,
6272,short,133.756100996834,128,6305.269959997531,
6274,short,134.34119999874383,128,6305.567142997461,
6275,short,134.28266800110578,128,6306.1608349999005,
6276,short,133.98511500054155,128,6306.095267998899,
6277,short,133.8474709991715,128,6306.156380996981,
6278,short,133.66700100232265,128,6306.161993001297,
6279,short,133.48877200041898,128,6306.164746998547,
6280,short,133.2483419973869,128,6306.1029789969325,
6281,short,133.59330099774525,128,6306.191106999904,
6282,short,132.0740500013926,128,6304.861519001861,
6283,short,130.24816300094244,128,6304.581306001637,
6273,short,138.65707199875033,128,6312.8082969997195,
6285,short,138.1226619996596,128,6306.30919900068,
6286,short,137.15340900307638,128,6305.651616999967,
6287,short,136.94053299695952,128,6305.640289996518,
6288,short,136.75603099909495,128,6306.519024998124,
6289,short,136.5168169977551,128,6306.520440997701,
6290,short,136.24820800032467,128,6306.457754002622,
6291,short,136.11371099977987,128,6306.545774998085,
6292,short,135.9226669992495,128,6306.5545259996725,
6293,short,135.7642709990614,128,6306.587609000417,
6294,short,135.54619099886622,128,6306.549053999333,
6295,short,136.09764800276025,128,6306.443139001203,
6296,short,136.0026399997878,128,6306.529841000156,
6297,short,135.82957000107854,128,6306.537455999205,
6298,short,135.6566450012906,128,6306.6050770030415,
6299,short,135.36937499884516,128,6306.499663998693,
6300,short,132.85236999945482,128,6304.182417999982,
6284,short,140.7315109972842,128,6312.915829999838,
6301,short,147.8886760014575,128,6309.046207999927,
6302,short,142.6562910019129,128,6308.344217002741,
6303,short,146.44046399916988,128,6305.147537001176,
6304,short,143.28373999887845,128,6305.152482997073,
6305,short,143.92966900049942,128,6305.836653998995,
6307,short,142.54774399887538,128,6305.486335997557,
6308,short,142.37235899781808,128,6305.6048369981,
6309,short,142.1537249989342,128,6305.639410998992,
6310,short,141.99013500183355,128,6305.700133001665,
6311,short,141.0913929976232,128,6305.027951999364,
6306,short,143.85269900230924,128,6308.048710001458,
6312,short,149.4178680004552,128,6305.384870000125,
6313,short,149.4885840002098,128,6305.434552999941,
6314,short,138.64589000149863,128,6305.910074002895,
6316,short,134.95844999852125,128,6304.586488000496,
6317,short,134.73571600115974,128,6304.640491001919,
6318,short,134.48055100161582,128,6304.643392999424,
6319,short,134.31629600017914,128,6304.784162002761,
6320,short,134.1335999968578,128,6304.833336998854,
6321,short,133.62854899969534,128,6304.557321000175,
6322,short,133.17186999847763,128,6304.668123000738,
6315,short,135.93810300153564,128,6307.6819560010335,
6324,short,137.29427900034352,128,6305.594672001462,
6325,short,137.212012999953,128,6305.721366999933,
6326,short,137.01200699870242,128,6305.763951000699,
6327,short,136.82235500164097,128,6305.787690002035,
6328,short,136.64188199982163,128,6305.82444799802,
6329,short,136.46393199815066,128,6305.865403999633,
6330,short,136.2836160005827,128,6305.9031369994045,
6331,short,136.10586199865793,128,6305.948918001377,
6332,short,135.92649000202073,128,6305.992895002419,
6333,short,135.7575780020852,128,6306.071285998769,
6334,short,135.58083300085855,128,6306.123758000467,
6335,short,135.04312499935622,128,6305.819735000114,
6323,short,138.4431360020244,128,6309.429536002426,
6336,short,148.98095000171452,128,6299.205301002075,
6338,short,144.08371399986208,128,6299.765112999012,
6339,short,145.7779960001062,128,6300.48502900172,
6340,short,145.33030199891073,128,6299.82255899813,
6341,short,146.0459659974731,128,6299.96859899984,
6342,short,145.75286299805157,128,6300.768934997905,
6343,short,139.91533900116337,128,6295.152446000429,
6337,short,152.3657869984163,128,6307.056596000621,
6345,short,139.2466510005761,128,6300.7298369993805,
6346,short,139.0349100001913,128,6300.916684002004,
6347,short,138.84367599894176,128,6301.041003000137,
6348,short,137.7325870016648,128,6300.218431002577,
6349,short,138.1904840018251,128,6300.389161999192,
6350,short,137.99014699907275,128,6300.6124009989435,
6351,short,137.73345400113612,128,6300.805760001822,
6352,short,137.5532940000994,128,6301.176055996621,
6353,short,137.07540600080392,128,6301.188056000683,
6344,short,141.16736399955698,128,6309.714981998695,
6355,short,142.1503900019161,128,6300.366883002425,
6356,short,142.0762769994326,128,6300.629502002266,
6357,short,140.9911410009954,128,6299.745890999475,
6358,short,141.2896180008829,128,6300.521952001873,
6359,short,141.09728100083885,128,6300.63145800159,
6360,short,140.719924998848,128,6300.442062998627,
6361,short,140.67183199949795,128,6300.610534999578,
6362,short,140.51404999918304,128,6300.644587998249,
6363,short,140.29949600080727,128,6300.612186001672,
6364,short,140.14174700059812,128,6300.63857499772,
6365,short,139.92765999864787,128,6300.602045997948,
6366,short,139.73798699953477,128,6300.59889200129,
6367,short,137.56188199840835,128,6298.606601998472,
6354,short,146.35595800064038,128,6306.675056999666,
6368,short,137.71901700238232,128,6300.06503900222,
6370,short,136.72844100074144,128,6299.35731599835,
6371,short,136.77006299985806,128,6300.033920997521,
6372,short,136.52608200209215,128,6300.034651001624,
6373,short,136.39986099951784,128,6300.103853998735,
6374,short,136.220216001675,128,6300.108612002077,
6375,short,136.03273600165267,128,6300.101859000279,
6376,short,135.77479100058554,128,6300.041160000546,
6377,short,136.24566300131846,128,6300.0936649987125,
6378,short,134.65678799911984,128,6298.68304699994,
6379,short,132.56420899779187,128,6298.126948997378,
6369,short,140.53851700009545,128,6306.204324999271,
6381,short,140.0249079997593,128,6299.457941000583,
6382,short,139.82626099823392,128,6299.6901650003565,
6383,short,138.7600059970282,128,6298.949821997667,
6384,short,138.52563299951726,128,6299.043420000089,
6385,short,138.27428099830286,128,6299.088485997345,
6386,short,137.98915600273176,128,6299.234797999816,
6387,short,137.89031999840518,128,6299.774620998505,
6388,short,137.7027479975368,128,6299.970617998042,
6389,short,137.5499560017488,128,6300.187451000966,
6390,short,137.37191700056428,128,6300.303179003095,
6391,short,137.10306000211858,128,6300.321798000368,
6392,short,137.91416799722356,128,6300.710370996967,
6393,short,137.68234600138385,128,6300.767666001775,
6394,short,137.50475300184917,128,6300.878182002634,
6395,short,137.20389700029045,128,6300.866085002781,
6396,short,135.70758100104285,128,6305.448181999964,
6380,short,143.16728900303133,128,6313.163903003442,
6397,short,144.00432699767407,128,6299.547963997611,
6398,short,140.16054999956395,128,6298.717806999775,
6399,short,147.36565299972426,128,6301.327241999388,
6400,short,143.5328540028422,128,6301.381353001489,
6401,short,143.54247499795747,128,6301.615296997625,
6403,short,142.98699199935072,128,6300.763903000188,
6404,short,142.74635199762997,128,6300.942939000379,
6405,short,142.49169300092035,128,6300.926529002027,
6406,short,142.2738479996042,128,6300.923236001836,
6407,short,141.229682998528,128,6300.073320999218,
6402,short,143.92456600035075,128,6303.16785299874,
6408,short,149.30321399879176,128,6302.441984997131,
6409,short,150.46004399846424,128,6300.297590998525,
6410,short,137.10356799856527,128,6299.575840999751,
6412,short,139.22406200072146,128,6299.234724003327,
6413,short,138.97144699876662,128,6299.345568000717,
6414,short,138.64345700130798,128,6299.242264998611,
6415,short,138.42678599758074,128,6299.252160999458,
6416,short,138.20787700024084,128,6299.216665000131,
6417,short,137.61656999849947,128,6298.841675998119,
6418,short,137.0480219993624,128,6298.743348001153,
6411,short,140.01955300045665,128,6301.853488002962,
6420,short,147.9447820020141,128,6297.30395000297,
6421,short,147.82861699859495,128,6297.436002001632,
6422,short,147.6163000006636,128,6297.429474001547,
6423,short,147.39922499938984,128,6297.395592999237,
6424,short,147.18013000310748,128,6297.411650000868,
6425,short,146.96303300297586,128,6297.3954980006965,
6426,short,146.74070600085543,128,6297.352729998238,
6427,short,146.51827700072317,128,6297.311542999523,
6428,short,146.3014339969959,128,6297.285820997786,
6429,short,146.07817999785766,128,6297.320165998826,
6430,short,145.84532699882402,128,6297.275015000196,
6431,short,145.27221199750784,128,6296.880357000191,
6419,short,149.12335600092774,128,6300.7899559997895,
6432,short,155.77480999854743,128,6296.500197997375,
6434,short,143.72911700047553,128,6295.1957439981925,
6435,short,145.67358699787292,128,6296.175297000445,
6436,short,145.86126799986232,128,6296.078338997177,
6437,short,145.7221220007341,128,6295.402179999655,
6438,short,145.50254799905815,128,6295.36939099853,
6439,short,144.00700800251798,128,6294.053942001483,
6433,short,151.18464099941775,128,6301.560190997407,
6441,short,139.43993200155091,128,6297.483123002166,
6442,short,139.1267759972834,128,6297.4819659975765,
6443,short,138.83966199864517,128,6297.413085001608,
6444,short,138.3668199996464,128,6297.131289997196,
6445,short,137.93941000039922,128,6296.902713002055,
6446,short,137.48634399962611,128,6296.645903999888,
6447,short,137.46656899820664,128,6296.2384239981475,
6448,short,137.01522699921043,128,6295.970513001521,
6449,short,132.35126700237743,128,6291.49897300158,
6440,short,141.66387899967958,128,6300.985210000363,
6451,short,141.0440860017843,128,6294.852902003186,
6452,short,140.97534699976677,128,6295.841208000638,
6453,short,139.88098600020749,128,6294.987297998887,
6454,short,140.2613609971013,128,6294.875747997139,
6455,short,140.06434499970055,128,6294.931151998753,
6456,short,139.70048199917073,128,6294.744423001248,
6457,short,139.6622779975587,128,6294.900815999426,
6458,short,139.50426299925311,128,6294.935223999346,
6459,short,139.2958409996936,128,6294.909338001162,
6460,short,139.14280099925236,128,6295.001896000031,
6461,short,138.93208999797935,128,6294.999762998486,
6462,short,138.74595800007228,128,6295.008026998403,
6463,short,137.1123399985663,128,6293.56376099895,
6450,short,144.79264599867747,128,6301.20654699931,
6464,short,137.3530259988911,128,6296.447553999315,
6466,short,135.88336199973128,128,6294.803552998928,
6467,short,135.9667230026389,128,6295.294565003132,
6468,short,135.7233249982528,128,6295.266676999745,
6469,short,135.6017209982383,128,6295.326146999287,
6470,short,135.42332699944382,128,6295.326161001867,
6471,short,135.2264679990185,128,6295.388301001367,
6472,short,134.98441000047023,128,6295.329062999372,
6473,short,134.87708599859616,128,6295.390736999252,
6474,short,133.27831399874412,128,6295.1606460010225,
6475,short,132.24887399701402,128,6293.72432299715,
6465,short,140.6344179995358,128,6301.711950000026,
6477,short,139.54923699930077,128,6299.390260999644,
6478,short,139.2278390012507,128,6300.094395999622,
6479,short,138.9005460005137,128,6300.036635999277,
6480,short,138.6055130024033,128,6299.9417179999,
6481,short,138.12414499989245,128,6299.651827001071,
6482,short,137.412600000971,128,6299.130602001242,
6483,short,137.1305550019315,128,6299.039773999539,
6484,short,136.76072800080874,128,6298.855756998819,
6485,short,136.4910750016861,128,6298.775534000015,
6486,short,136.20284200078459,128,6298.666034002963,
6487,short,135.63344900103402,128,6298.273075000907,
6488,short,135.40863299931516,128,6298.232932000246,
6489,short,135.11610500063398,128,6298.117657999683,
6490,short,134.82549200125504,128,6297.999368998717,
6491,short,128.63519500024267,128,6291.979626999819,
6492,short,127.37376400036737,128,6291.74041999795,
6476,short,142.23167700038175,128,6306.154648998927,
6493,short,146.48594399841386,128,6292.840586997045,
6494,short,143.03477800058317,128,6290.256356998725,
6495,short,147.01094900010503,128,6290.783247000945,
6496,short,144.56047999919974,128,6290.240432997962,
6497,short,142.2015870011819,128,6289.307087001362,
6499,short,141.07873499960988,128,6291.693490999023,
6500,short,140.87647199994535,128,6291.7715330004285,
6501,short,140.6539960007649,128,6291.807082001469,
6502,short,140.49421699746745,128,6291.843258000881,
6503,short,139.6161500015296,128,6291.149571999995,
6498,short,142.37826300086454,128,6294.071001997509,
6504,short,146.05450200178893,128,6293.896505001612,
6505,short,147.50576699952944,128,6295.283736999409,
6506,short,137.26700699771754,128,6296.0014669988595,
6508,short,135.44775700211176,128,6294.4875650027825,
6509,short,135.22798100166256,128,6294.588078999368,
6510,short,134.97658699998283,128,6294.5390780005255,
6511,short,134.81610600138083,128,6294.599606000702,
6512,short,134.5988750035758,128,6294.582511000044,
6513,short,134.10368200129597,128,6294.272439998167,
6514,short,133.70379600019078,128,6294.347229999403,
6507,short,136.2885960006679,128,6297.074785001314,
6516,short,139.5509870017122,128,6295.273049003299,
6517,short,139.4696669995028,128,6295.422780000081,
6518,short,139.28847599891014,128,6295.442015001754,
6519,short,139.05329999761307,128,6295.3921199987235,
6520,short,138.85193099849857,128,6295.372386997769,
6521,short,138.67099300114205,128,6295.384089000436,
6522,short,138.49032100188197,128,6295.449052002368,
6523,short,138.25816299868166,128,6295.447984997736,
6524,short,137.9939660000673,128,6295.368907998636,
6525,short,137.80620100078522,128,6295.362433000264,
6526,short,137.62789799875463,128,6295.363965000433,
6527,short,137.19645200035302,128,6295.10055299761,
6515,short,140.64062000034028,128,6298.653483998351,
6528,short,150.98442899761721,128,6299.744418996852,
6530,short,142.39365899993572,128,6300.069219996658,
6531,short,144.25263500015717,128,6301.313164000021,
6532,short,144.53401599894278,128,6301.264216999698,
6533,short,145.35863299897755,128,6301.505622999684,
6534,short,145.17952599999262,128,6301.514391001547,
6535,short,142.98728900030255,128,6299.501557001349,
6529,short,149.9541160010267,128,6306.489841997973,
6537,short,138.90477899985854,128,6299.645609000436,
6538,short,138.6868970002979,128,6300.668251002207,
6539,short,138.49664000008488,128,6300.72465700141,
6540,short,138.2486570000765,128,6300.668710999162,
6541,short,138.05776799927116,128,6300.685434998741,
6542,short,138.55251900167787,128,6300.6918510000105,
6543,short,138.31752400074038,128,6300.643626000237,
6544,short,138.15035600055126,128,6300.666007002292,
6545,short,137.36821099882945,128,6300.064622999344,
6536,short,141.10479699957068,128,6303.974416001438,
6547,short,141.86819699898479,128,6300.766595999448,
6548,short,141.7549930010864,128,6301.760982001724,
6549,short,142.07001400063746,128,6301.828159001161,
6550,short,141.87197600040236,128,6301.759384001343,
6551,short,141.68444499955513,128,6301.813015001244,
6552,short,141.3215710017539,128,6301.622814000439,
6553,short,141.27411400113488,128,6301.775380001345,
6554,short,141.1146779973933,128,6301.807083997119,
6555,short,140.85271600197302,128,6301.705639998545,
6556,short,140.68338700235472,128,6301.717295002163,
6557,short,140.46631300152512,128,6301.676879000297,
6558,short,140.27399300175603,128,6301.669910000783,
6559,short,138.4679109978606,128,6300.061976999132,
6546,short,147.01296000203,128,6308.100386999286,
6560,short,135.98264699976426,128,6302.782885999477,
6562,short,133.79477399939788,128,6302.362554000865,
6563,short,133.82207100221422,128,6302.977893999923,
6564,short,133.58892399992328,128,6302.97319100282,
6565,short,133.4721269995498,128,6303.040386999783,
6566,short,133.21412799996324,128,6302.962423000281,
6567,short,133.0350720018032,128,6302.957380001317,
6568,short,132.78940400050487,128,6302.885102999426,
6569,short,131.95645100131514,128,6301.749624002696,
6570,short,131.64611300089746,128,6301.619493999169,
6571,short,129.69005400009337,128,6301.172881998355,
6561,short,136.83408799988683,128,6308.91103599788,
6573,short,130.6113219980034,128,6300.521343000582,
6574,short,130.33673699828796,128,6300.584103999427,
6575,short,130.11842199921375,128,6300.582160001795,
6576,short,129.92981799834524,128,6300.587778998306,
6577,short,129.6809600025881,128,6301.5060760008055,
6578,short,129.38652099910541,128,6301.506577998225,
6579,short,129.24243199813645,128,6301.731272000325,
6580,short,129.0341969979636,128,6301.750045000517,
6581,short,128.86158599940245,128,6301.802409998345,
6582,short,128.67744300092454,128,6301.810914999805,
6583,short,129.00864699986414,128,6301.7306010006,
6584,short,128.8799249996373,128,6301.820747998136,
6585,short,128.70071399811422,128,6301.866018999135,
6586,short,128.52364600257715,128,6301.934565002739,
6587,short,127.38944000011543,128,6301.022109997575,
6588,short,126.431467000657,128,6300.309963000473,
6572,short,133.39123599871527,128,6309.487005997653,
6589,short,143.70228599727852,128,6304.77191799946,
6590,short,142.67419400130166,128,6307.068223999522,
6591,short,148.24322700224002,128,6306.499464000808,
6592,short,148.21913099876838,128,6306.611379997776,
6593,short,148.18929999819375,128,6307.746559999941,
6595,short,145.07889800006524,128,6304.087335000077,
6596,short,144.85950300149852,128,6304.14636900241,
6597,short,144.63962700028787,128,6304.127100000187,
6598,short,144.4801970028493,128,6304.158482002094,
6599,short,143.63255499847583,128,6303.491211001528,
6594,short,146.2424839992309,128,6306.211572002212,
6600,short,146.91407800273737,128,6300.998156002606,
6601,short,147.75248799924157,128,6301.411437001661,
6602,short,136.48802500028978,128,6302.380835000804,
6604,short,137.5488090016006,128,6303.276235001249,
6605,short,137.35025999994832,128,6303.3932439975615,
6606,short,137.10738599911565,128,6303.357491000497,
6607,short,136.93181300186552,128,6303.406306000397,
6608,short,136.74952700239373,128,6303.409285999805,
6609,short,136.251659001573,128,6303.092752001248,
6610,short,135.88083300055587,128,6303.213546001643,
6603,short,138.333947998035,128,6305.800653997721,
6612,short,137.9268559976481,128,6303.372079997644,
6613,short,137.84670699897106,128,6303.505306997977,
6614,short,137.67276699945796,128,6303.5185519984225,
6615,short,137.4814829978277,128,6303.5118199986755,
6616,short,137.30029199723504,128,6303.510394998739,
6617,short,137.0533660010551,128,6303.442065000127,
6618,short,136.82364000123926,128,6303.389014003187,
6619,short,136.6389020004135,128,6303.382494999823,
6620,short,136.4563110000745,128,6303.391649002151,
6621,short,136.27697199990507,128,6303.4036139979435,
6622,short,136.09756199730327,128,6303.402064997499,
6623,short,135.68481399852317,128,6303.1641300003685,
6611,short,139.01638999959687,128,6306.5689009999915,
6624,short,152.1567790005065,128,6300.120012001571,
6626,short,142.6947920008388,128,6298.388849998446,
6627,short,144.55823300158954,128,6299.562133001018,
6628,short,144.76863899835735,128,6299.510553999426,
6629,short,145.55195799766807,128,6299.749056001019,
6630,short,145.37523699982557,128,6299.759186000301,
6631,short,143.30822400006582,128,6297.872711998934,
6625,short,150.06186699974933,128,6305.025499001204,
6633,short,139.07517000188818,128,6298.898490000283,
6634,short,138.8348260006751,128,6299.008802001481,
6635,short,138.63487799972063,128,6299.114102999738,
6636,short,138.3856009997544,128,6299.155446999066,
6637,short,138.19765899825143,128,6299.377694998839,
6638,short,138.0057009992015,128,6299.628830998699,
6639,short,137.76337699891883,128,6299.818399998912,
6640,short,137.59545799985062,128,6300.187326000014,
6641,short,136.86511899868492,128,6299.956868999288,
6632,short,141.76404799945885,128,6307.233504001488,
6643,short,142.35257700056536,128,6298.923300000752,
6644,short,142.2304109983088,128,6299.8001570013,
6645,short,142.04429399978835,128,6299.844934997964,
6646,short,142.49998699960997,128,6299.7927789983805,
6647,short,142.32075800100574,128,6299.852714000735,
6648,short,141.95332099916413,128,6299.665130998619,
6649,short,141.91223000307218,128,6299.809832002211,
6650,short,141.7578799992043,128,6299.841603999084,
6651,short,141.55213399862987,128,6299.815154001408,
6652,short,141.43585299825645,128,6299.845089997689,
6653,short,141.22873000087566,128,6299.814685000456,
6654,short,141.07293299821322,128,6299.800245997176,
6655,short,138.95284199679736,128,6297.87331499756,
6642,short,147.78408099664375,128,6306.076621996908,
6656,short,135.25988399851485,128,6297.657382998295,
6658,short,135.18293399829417,128,6298.381704000349,
6659,short,135.14607500110287,128,6298.924753999017,
6660,short,134.907199000736,128,6298.914523002168,
6661,short,134.78122299784445,128,6298.996000998159,
6662,short,134.60367799780215,128,6299.002678999386,
6663,short,134.4280430021172,128,6299.012019000656,
6664,short,134.19191299908562,128,6298.952578999888,
6665,short,134.53555299929576,128,6299.014174997865,
6666,short,132.9910740023479,128,6297.649702002673,
6667,short,131.29695800307672,128,6297.317571003077,
6657,short,138.98124400293455,128,6304.878880000615,
6669,short,136.03572600186453,128,6297.528844999761,
6670,short,135.83001699953456,128,6297.639863001677,
6671,short,135.64385499921627,128,6297.746602002007,
6672,short,134.47870399977546,128,6296.870547997969,
6673,short,134.1651099974115,128,6296.841272000165,
6674,short,133.77685100203962,128,6296.865567001078,
6675,short,133.64727099906304,128,6297.334032999061,
6676,short,133.44936599969515,128,6297.500062002655,
6677,short,133.2869510006276,128,6297.705269000289,
6678,short,133.10837199969683,128,6297.823051001615,
6679,short,132.84167500023614,128,6297.840814000665,
6680,short,132.69309600218548,128,6298.167717999604,
6681,short,132.45449399983045,128,6298.232103999908,
6682,short,132.23797799946624,128,6298.302891002095,
6683,short,131.93753200175706,128,6298.289106001903,
6684,short,129.1928940008802,128,6297.663610999734,
6668,short,138.46266299879062,128,6306.531058999099,
6685,short,146.11814800082357,128,6302.460448998318,
6686,short,142.72004900340107,128,6299.3109060007555,
6687,short,146.52653600205667,128,6300.953401001607,
6688,short,142.6134320026904,128,6301.3497089996235,
6689,short,141.86059100029524,128,6300.066388001142,
6691,short,143.0600539970328,128,6299.897388998943,
6692,short,142.88569100244786,128,6299.978942999587,
6693,short,142.67021699924953,128,6299.958539999352,
6694,short,142.51343200157862,128,6299.9902949995885,
6695,short,141.74238099803915,128,6299.399151997932,
6690,short,144.20315600000322,128,6301.962788998935,
6696,short,149.50521400169237,128,6303.060410999024,
6697,short,149.91042600013316,128,6304.7806629983825,
6698,short,137.2484989988152,128,6303.136743998039,
6700,short,135.72253699749126,128,6302.478675999737,
6701,short,135.51688000006834,128,6302.645273000962,
6702,short,135.26870100031374,128,6302.61196200081,
6703,short,135.10679400133085,128,6302.6773130004585,
6704,short,134.91109700044035,128,6302.667084000859,
6705,short,134.41040200268617,128,6302.348252000229,
6706,short,134.06457499877433,128,6302.48515799758,
6699,short,136.4734060007322,128,6305.043080999894,
6708,short,137.1127329985029,128,6303.231728001265,
6709,short,137.0301200004178,128,6303.417840001202,
6710,short,136.85550599984708,128,6303.438656999788,
6711,short,136.67579399771057,128,6303.443236000021,
6712,short,136.50599300308386,128,6303.445259,
6713,short,136.33130800008075,128,6303.446738002094,
6714,short,136.15270599984797,128,6303.444668999873,
6715,short,135.95194699882995,128,6303.462918996956,
6716,short,135.77171499855467,128,6303.46464700051,
6717,short,135.59395400079666,128,6303.475140000955,
6718,short,135.41488699775073,128,6303.482061997784,
6719,short,135.0270740003907,128,6303.272373999789,
6707,short,138.12320299985004,128,6306.523111001297,
6720,short,155.26915199734503,128,6300.886825996713,
6722,short,142.88356200268026,128,6301.118823001161,
6723,short,144.64407099876553,128,6302.336726999783,
6724,short,144.85122399855754,128,6302.276022001024,
6725,short,145.63471600195044,128,6302.515827999741,
6726,short,145.45589899717015,128,6302.526796996972,
6727,short,144.0230660009547,128,6300.546581001981,
6721,short,150.03274899936514,128,6307.656236000184,
6730,short,137.34762700187275,128,6300.809202999517,
6729,short,137.65379799951916,128,6301.498569999239,
6731,short,137.05568699879223,128,6301.178948000597,
6732,short,136.5850699985458,128,6300.996737998503,
6733,short,136.13501700092456,128,6300.972573000763,
6734,short,135.69889800055535,128,6300.962981000339,
6735,short,135.65052199919592,128,6300.783837999916,
6736,short,135.1864710013615,128,6300.87129200183,
6737,short,131.9886969977233,128,6298.16745199787,
6728,short,139.71563099767081,128,6307.095525997283,
6739,short,140.08841200120514,128,6301.10033100209,
6740,short,139.9805170003674,128,6301.341066002351,
6741,short,140.288683000108,128,6301.377047999267,
6742,short,140.10306899945135,128,6302.298875998531,
6743,short,139.9221360006777,128,6302.41969400231,
6744,short,139.5622710006137,128,6302.249323001888,
6745,short,139.50831100009964,128,6302.412328001083,
6746,short,139.34962399798678,128,6302.48398799813,
6747,short,139.14162799846963,128,6302.507140997477,
6748,short,138.9845929988951,128,6302.54532500112,
6749,short,138.77462199889123,128,6302.54773499837,
6750,short,138.57158700193395,128,6302.553415000148,
6751,short,136.5257079996809,128,6300.70075399999,
6738,short,144.51454799927888,128,6308.513519998087,
6752,short,140.3855550015578,128,6303.233917002217,
6754,short,135.10776700059068,128,6300.88205300126,
6755,short,134.94553999771597,128,6301.453681997373,
6756,short,134.7573540006124,128,6301.435325000057,
6757,short,134.79933700000402,128,6301.500669000234,
6758,short,134.67444799971418,128,6301.5034749987535,
6759,short,134.55399699887494,128,6301.5050469985,
6760,short,134.37195100050303,128,6301.442399002553,
6761,short,134.51655999961076,128,6301.527562998672,
6762,short,133.16276199839194,128,6300.302356001339,
6763,short,131.61861700064037,128,6300.086308001482,
6753,short,142.28902399918297,128,6307.820505000564,
6765,short,137.69105399842374,128,6300.418112998159,
6766,short,137.39765300124418,128,6300.3722239991475,
6767,short,137.10846300091362,128,6300.276957001188,
6768,short,136.82354100092198,128,6300.9847159992205,
6769,short,136.3609930012899,128,6300.741144001222,
6770,short,135.6928089990106,128,6300.277213998925,
6771,short,135.42750000124215,128,6300.206406001962,
6772,short,135.94334299705224,128,6300.041530997987,
6773,short,135.6856889979099,128,6299.959115000092,
6774,short,135.40399200064712,128,6299.852746000397,
6775,short,134.8503039989737,128,6299.474154999189,
6776,short,134.62687699939124,128,6299.440024999058,
6777,short,134.34143599806703,128,6299.331089001498,
6778,short,134.05501899978844,128,6299.221755001781,
6779,short,131.83179100087727,128,6297.172198002954,
6764,short,140.32739400136052,128,6306.460883999534,
6780,short,179.58643400197616,128,6333.580318001623,
6781,short,143.61737299986999,128,6298.639718999766,
6782,short,144.09168500060332,128,6301.039854999544,
6783,short,145.19587900213082,128,6302.68790899936,
6784,short,144.9944920022972,128,6302.332223000121,
6785,short,146.56900600311928,128,6302.079129000049,
6787,short,145.9841529976984,128,6302.509607998218,
6788,short,145.8244730019942,128,6302.615763001086,
6789,short,145.61301399953663,128,6302.600597999117,
6790,short,145.45912399989902,128,6302.63481899965,
6791,short,144.70208800048567,128,6302.058166998904,
6786,short,147.12204100214876,128,6304.563497000345,
6792,short,149.299072996655,128,6303.57823599843,
6793,short,148.81679700192763,128,6302.234145001421,
6794,short,136.66471800024738,128,6302.7449030014395,
6796,short,134.78762800150434,128,6300.582492000103,
6797,short,134.57708100031596,128,6300.687316997937,
6798,short,134.3256139989535,128,6300.644159000512,
6799,short,134.16458099891315,128,6300.705912999547,
6800,short,133.98153299931437,128,6300.707005997538,
6801,short,133.47497599897906,128,6300.393911998981,
6802,short,133.15467799839098,128,6300.584173997777,
6795,short,135.6223980001232,128,6303.155686997343,
6804,short,137.7445420002914,128,6299.968137998803,
6805,short,137.66339999710908,128,6300.12540199823,
6806,short,137.4798800025019,128,6300.15069500223,
6807,short,137.29902900013258,128,6300.15726000056,
6808,short,137.12280999970972,128,6300.163330000942,
6809,short,136.94695500089438,128,6300.206224001158,
6810,short,136.72675300040282,128,6300.177250002889,
6811,short,136.54551099898526,128,6300.222360998305,
6812,short,136.35768799940706,128,6300.2376109980105,
6813,short,136.17330600027344,128,6300.235231999977,
6814,short,135.99682999847573,128,6300.241862001712,
6815,short,135.5852029992093,128,6300.010297996778,
6803,short,138.77943599800346,128,6303.313028998673,
6816,short,154.3832659990585,128,6314.7294980008155,
6818,short,142.44924100057688,128,6311.780890999216,
6819,short,144.56009499917855,128,6312.774891997833,
6820,short,144.86557100099162,128,6312.6945049989445,
6821,short,145.69431899872143,128,6312.921574000939,
6822,short,145.51343700077268,128,6312.9237280008965,
6823,short,143.43376599936164,128,6311.022311998386,
6817,short,149.956036999356,128,6318.015887998627,
6825,short,138.96307599861757,128,6313.847014000203,
6826,short,138.6662740005704,128,6313.876729000185,
6827,short,138.37922399761737,128,6313.898108997819,
6828,short,137.9073169991898,128,6313.740927998879,
6829,short,137.48718700298923,128,6313.739623001311,
6830,short,137.70927200312144,128,6313.738676002686,
6831,short,137.11547300044913,128,6313.553359002981,
6832,short,136.65202999982284,128,6313.615099999879,
6833,short,134.89570700039621,128,6312.364957000682,
6824,short,141.06103999802144,128,6323.166258996935,
6835,short,141.5683410014026,128,6314.70033900041,
6836,short,141.47685900024953,128,6315.681617998052,
6837,short,140.31122899905313,128,6314.750804998766,
6838,short,140.60418000008212,128,6314.640710003005,
6839,short,140.4161029968236,128,6314.691895997385,
6840,short,140.04323799963458,128,6314.513065997744,
6841,short,139.9528050023946,128,6314.645351001673,
6842,short,139.7479180013761,128,6314.629044998583,
6843,short,139.5416139966983,128,6314.593395996781,
6844,short,139.35393200154067,128,6314.590476002195,
6845,short,139.1243680009211,128,6314.536406000116,
6846,short,138.93393599937554,128,6314.5330129991635,
6847,short,137.06210999953328,128,6312.8480939994915,
6834,short,145.5043320020195,128,6321.092985999712,
6848,short,137.03325999813387,128,6317.159136997361,
6850,short,135.20609400075045,128,6316.514408998046,
6851,short,135.18139299776522,128,6316.709561997413,
6852,short,134.93960599953425,128,6316.792550998798,
6853,short,134.81377200150746,128,6317.110839001543,
6854,short,134.63589399907505,128,6317.232744997455,
6855,short,134.45088500157,128,6317.338093998842,
6856,short,134.19446100306232,128,6317.370840002695,
6857,short,134.56283999767038,128,6317.658296997251,
6858,short,133.020053999644,128,6316.40869200055,
6859,short,130.99137500103097,128,6314.889837001829,
6849,short,139.45811400117236,128,6330.4804190011055,
6861,short,138.14818399987416,128,6319.248716998118,
6862,short,137.95810800002073,128,6319.391444998473,
6863,short,136.96295900081168,128,6318.602801002271,
6864,short,136.79778900041129,128,6318.575872002839,
6865,short,136.5521850020741,128,6318.510794000758,
6866,short,136.2862829992082,128,6319.381867000629,
6867,short,136.1860910001269,128,6319.526059000054,
6868,short,135.9972949976509,128,6319.532220000838,
6869,short,135.84284100215882,128,6319.584577002388,
6870,short,135.6675089991768,128,6319.662876998336,
6871,short,135.40781100164168,128,6319.594082000549,
6872,short,136.03981900087092,128,6319.685540001956,
6873,short,135.87028500114684,128,6319.692771998234,
6874,short,135.6996140020783,128,6319.700022999314,
6875,short,134.13084800049546,128,6318.309811998915,
6860,short,140.9661519974179,128,6325.832172999071,
6876,short,147.44151799823157,128,6319.277367998438,
6877,short,147.27341800244176,128,6317.867591002141,
6878,short,144.5614519980154,128,6319.813672998862,
6879,short,145.92192900090595,128,6317.6659689997905,
6880,short,145.52955599720008,128,6316.948347997823,
6881,short,147.39391799957957,128,6317.496609997761,
6883,short,145.8371780026937,128,6316.824200002884,
6884,short,145.66638700125623,128,6316.928987002029,
6885,short,145.485634002398,128,6316.915404000611,
6886,short,145.33740800106898,128,6316.947282997717,
6887,short,144.59096300197416,128,6316.383254001266,
6882,short,147.06114000000525,128,6318.895840999176,
6888,short,146.66377200046554,128,6317.693531000259,
6889,short,146.9575929986604,128,6318.400331998419,
6890,short,135.66109299790696,128,6317.616870997881,
6892,short,137.85837699833792,128,6317.342981998081,
6893,short,137.65257699924405,128,6317.476342999726,
6894,short,137.40846299697296,128,6317.533448000177,
6895,short,137.23793499957537,128,6317.843601002096,
6896,short,137.05605100039975,128,6317.969608997373,
6897,short,136.50675199824036,128,6317.710215997067,
6898,short,136.18816999951378,128,6318.619837998995,
6891,short,138.56816000043182,128,6322.890065002866,
6900,short,139.91372999953455,128,6315.624595001282,
6901,short,139.82825399943977,128,6315.734266998334,
6902,short,139.6410659981484,128,6315.774783997767,
6903,short,139.45744399825344,128,6315.849082999193,
6904,short,139.2375159994117,128,6315.817116999824,
6905,short,139.04775999981211,128,6315.808917999675,
6906,short,138.81911899807164,128,6315.758102999098,
6907,short,138.61793099931674,128,6315.794828002254,
6908,short,138.4350819971587,128,6315.8153089971165,
6909,short,138.2523720021709,128,6315.814196001156,
6910,short,138.07224199990742,128,6315.813098000945,
6911,short,137.72437399893533,128,6315.640282999084,
6899,short,140.8940530018299,128,6318.907914002921,
6912,short,157.23278100267635,128,6295.462899000995,
6914,short,144.456818998151,128,6292.757739000081,
6915,short,146.3253630026884,128,6294.081535001169,
6916,short,146.55561200197553,128,6294.075747002353,
6917,short,147.32670900048106,128,6294.393996999133,
6918,short,147.1502469976258,128,6294.455917999585,
6919,short,145.14351599791553,128,6292.680826998549,
6913,short,151.39771200119867,128,6299.703753000358,
6922,short,139.8405100007949,128,6293.262044000585,
6921,short,140.13856000019587,128,6293.859863002581,
6923,short,139.52723700276692,128,6293.4535280001,
6924,short,139.0572649979731,128,6293.201505999605,
6925,short,139.29710099910153,128,6293.032552999648,
6926,short,138.88641800076584,128,6292.863619000855,
6927,short,138.31106899669976,128,6292.539373996988,
6928,short,137.82658399941283,128,6292.3228979998385,
6929,short,132.6978790020803,128,6287.456203001057,
6920,short,142.20199099872843,128,6297.3094150002,
6931,short,142.78339600059553,128,6292.95628300315,
6932,short,142.68038299996988,128,6293.247779001831,
6933,short,142.49395099977846,128,6294.335714999761,
6934,short,142.869088002044,128,6294.345346999762,
6935,short,142.66582400159677,128,6294.4400449996465,
6936,short,142.29273999808356,128,6294.284203999268,
6937,short,142.25358499970753,128,6294.492296998214,
6938,short,142.0979829999851,128,6294.577904998732,
6939,short,141.90068899915786,128,6294.593803999305,
6940,short,141.7530379985692,128,6294.674114000372,
6941,short,141.54276100089191,128,6294.711100999848,
6942,short,141.35638899824698,128,6294.761663997633,
6943,short,139.41372299814248,128,6293.106867000461,
6930,short,147.4788509985956,128,6301.285761001054,
6944,short,138.138843998604,128,6291.0513450005965,
6946,short,136.74506499955896,128,6291.770619001909,
6947,short,136.5983169998799,128,6292.326940998464,
6948,short,136.1062239993771,128,6292.099370999495,
6949,short,135.86895899788942,128,6292.090513998119,
6950,short,135.58084400210646,128,6292.027375999169,
6951,short,135.2916300020297,128,6291.958095000155,
6952,short,135.25937499798601,128,6291.704915998707,
6953,short,135.04766700134496,128,6291.705561001436,
6954,short,134.49076899996726,128,6291.371178998816,
6955,short,125.10383799963165,128,6283.584656997846,
6945,short,140.71544299804373,128,6299.1860849979275,
6957,short,138.90590200026054,128,6292.280274999939,
6958,short,138.70527199833305,128,6293.000220997783,
6959,short,138.51863099989714,128,6293.028750998928,
6960,short,138.3368690003408,128,6293.031389002863,
6961,short,137.14857299783034,128,6292.032841000037,
6962,short,136.83217200014042,128,6291.904694997356,
6963,short,136.73914700120804,128,6291.999889999715,
6964,short,136.53460400018957,128,6291.9953469972825,
6965,short,136.30447499963338,128,6291.950441998779,
6966,short,136.1150289994839,128,6291.93559900159,
6967,short,135.84556299974793,128,6291.843090999464,
6968,short,135.73706500028493,128,6291.92018699905,
6969,short,135.55734200053848,128,6291.917257000023,
6970,short,135.3763320003054,128,6291.941270999814,
6971,short,133.5385189995577,128,6290.289316999406,
6956,short,141.68929700099397,128,6299.7805980012345,
6972,short,149.0174280006613,128,6299.611156002356,
6973,short,147.47410400013905,128,6297.777843999938,
6974,short,141.25439599956735,128,6293.594380000286,
6975,short,144.8465440007567,128,6292.434836999746,
6976,short,147.59882299767924,128,6293.185028000153,
6977,short,147.39406299850089,128,6295.266337998328,
6979,short,144.74184299979242,128,6294.92236599981,
6980,short,144.67267700092634,128,6295.101464002073,
6981,short,144.51443900179584,128,6295.142841001507,
6982,short,144.4605800024874,128,6295.187383002485,
6983,short,143.77183300166507,128,6294.633272002102,
6978,short,148.7736720009707,128,6297.531915002764,
6984,short,149.6624189967406,128,6291.492918997392,
6985,short,144.52543199877255,128,6289.354169999569,
6986,short,135.36457900045207,128,6290.033458997641,
6988,short,136.39662800051156,128,6292.6155170025595,
6989,short,136.15199699779623,128,6292.633076998754,
6990,short,135.70116100163432,128,6292.334779001976,
6991,short,135.52936100313673,128,6292.277169002773,
6992,short,135.29607899909024,128,6292.172263998509,
6993,short,134.09815699924366,128,6291.10076500001,
6994,short,132.1755570024834,128,6289.540830999613,
6987,short,137.94970900198678,128,6295.052340999973,
6996,short,140.4728220004472,128,6295.977288998984,
6997,short,140.65450500129373,128,6296.33481899873,
6998,short,140.4849610007659,128,6296.434331001365,
6999,short,140.3522120017442,128,6296.544328000891,
7000,short,140.22570800079848,128,6296.680036997714,
7001,short,140.11376899725292,128,6296.812453998427,
7002,short,139.9386240009335,128,6296.864059000654,
7003,short,139.79549599753227,128,6296.955621997768,
7004,short,139.66872899982263,128,6298.897611999564,
7005,short,139.54563199877157,128,6298.95480399864,
7006,short,139.42536400281824,128,6298.973683002259,
7007,short,139.17103900166694,128,6298.863677002373,
6995,short,142.76813800097443,128,6302.080448000197,
7008,short,150.10568700017757,128,6288.906174999283,
7010,short,144.23248100138153,128,6287.245862000418,
7011,short,146.5364329997101,128,6288.308328999847,
7012,short,146.81363699855865,128,6288.168040999153,
7013,short,147.8391439995903,128,6288.38051799903,
7014,short,147.61599799749092,128,6288.341469997249,
7015,short,145.2428510019672,128,6286.145040001429,
7009,short,152.64107599796262,128,6293.760786000348,
7017,short,139.18263199957437,128,6288.662885999656,
7018,short,138.9367379997566,128,6288.721788001567,
7019,short,138.71053399998345,128,6288.711830999091,
7020,short,138.40125700153294,128,6288.595992999035,
7021,short,138.72017600078834,128,6288.577167000767,
7022,short,138.46327099963673,128,6288.529389003088,
7023,short,138.12979500289657,128,6288.405506002164,
7024,short,137.85566499791457,128,6288.377626999136,
7025,short,137.01552800193895,128,6287.761845000205,
7016,short,140.74739400166436,128,6291.884188001859,
7027,short,141.27946399821667,128,6286.073495997698,
7028,short,140.64798400067957,128,6285.974378999526,
7029,short,140.40398900033324,128,6285.9722370012605,
7030,short,140.13885999884224,128,6285.861823998857,
7031,short,139.91533900116337,128,6285.885070003133,
7032,short,139.48558199990657,128,6285.644375999254,
7033,short,139.31911799954833,128,6285.739036997256,
7034,short,139.10468199901516,128,6285.730788000365,
7035,short,138.8215400002082,128,6285.638419001771,
7036,short,138.60352600022452,128,6285.622313000204,
7037,short,138.3349060015462,128,6285.542091001844,
7038,short,138.0302869984007,128,6285.439180999674,
7039,short,135.76765800098656,128,6283.3783850001055,
7026,short,144.37628400264657,128,6292.402100003528,
7040,short,144.61952499914332,128,6290.832040998794,
7042,short,138.6363399979018,128,6288.063421998231,
7043,short,138.45475099878968,128,6288.5781699988,
7044,short,138.23636099914438,128,6288.523561997863,
7045,short,138.25818799887202,128,6288.546047999262,
7046,short,138.10038400333724,128,6288.509151003382,
7047,short,137.94400899860193,128,6288.469032999274,
7048,short,137.7086739994411,128,6288.352487998054,
7049,short,137.8200220024155,128,6288.367552002455,
7050,short,136.2301920016762,128,6286.897963000229,
7051,short,134.00482299766736,128,6285.879126997315,
7041,short,146.31657499921857,128,6294.792788001359,
7053,short,138.58219900066615,128,6284.687348997977,
7054,short,138.4242730018741,128,6284.6977330009395,
7055,short,138.28620799904456,128,6285.420625001279,
7056,short,138.160867998522,128,6285.453576998407,
7057,short,137.97782300025574,128,6285.3959950007265,
7058,short,137.8789419977693,128,6285.380473000259,
7059,short,138.11158099997556,128,6285.479137997754,
7060,short,138.0410439996922,128,6285.4811219986,
7061,short,138.00260400239495,128,6285.524268001609,
7062,short,137.87984600276104,128,6285.52452599979,
7063,short,137.67604199892958,128,6285.437441998511,
7064,short,137.79335800063564,128,6285.51887499998,
7065,short,137.6456190009776,128,6285.48961100023,
7066,short,137.51702399895294,128,6285.4787789983675,
7067,short,134.4449110001733,128,6282.525293998333,
7052,short,145.42591799909133,128,6291.498736001813,
7068,short,146.12458099873038,128,6281.413945998793,
7069,short,143.15093699769932,128,6285.133386998496,
7070,short,144.3062429971178,128,6285.817137999402,
7071,short,145.88682199973846,128,6288.240106998273,
7072,short,144.62171500053955,128,6287.305408000975,
7073,short,142.35024200024782,128,6286.248946002161,
7075,short,141.20838400049252,128,6284.9976510005945,
7076,short,140.99448500201106,128,6285.107969000819,
7077,short,140.76677900084178,128,6285.088372002065,
7078,short,140.60502000211272,128,6285.123795001709,
7079,short,139.47619600003236,128,6284.180624999863,
7074,short,142.28210399960517,128,6287.283361998561,
7080,short,148.5172379980213,128,6289.1693450001185,
7081,short,154.34984600142343,128,6289.8681510014285,
7082,short,137.92057300088345,128,6288.726814000256,
7084,short,134.86186600130168,128,6285.969561002275,
7085,short,134.65673699829495,128,6286.126562998106,
7086,short,134.40801699834992,128,6286.207842997101,
7087,short,134.2475530000229,128,6286.501023998426,
7088,short,134.06577800196828,128,6286.6143100000045,
7089,short,133.5691059975943,128,6286.440064999624,
7090,short,133.31640099931974,128,6287.437364997459,
7083,short,135.52250800057664,128,6295.637708000868,
7092,short,135.92512200193596,128,6282.059927001683,
7093,short,135.72014899909846,128,6282.02411500024,
7094,short,135.42390200018417,128,6281.9235019996995,
7095,short,135.0967030011816,128,6281.777670003066,
7096,short,134.79904999985592,128,6281.659544998547,
7097,short,134.50695899882703,128,6281.5414930009865,
7098,short,134.2134469996381,128,6281.422578002093,
7099,short,132.08812700031558,128,6279.473751998012,
7100,short,131.86919900181238,128,6279.414372998872,
7101,short,131.67823899857467,128,6279.41086699866,
7102,short,131.47976200343692,128,6279.38563600037,
7103,short,131.1746450010105,128,6279.254151002533,
7091,short,137.12680599928717,128,6285.300378000102,
7104,short,149.7201700003643,128,6304.152927001269,
7106,short,142.03596399966045,128,6302.276471997175,
7107,short,143.8812330015935,128,6303.44796099962,
7108,short,144.07255300102406,128,6303.43764799909,
7109,short,144.84090599944466,128,6303.697355000622,
7110,short,144.6601979987463,128,6303.7080869980855,
7111,short,142.6294839984621,128,6301.858358998288,
7105,short,148.99325800070073,128,6308.666708999226,
7113,short,144.71202500135405,128,6302.557489001629,
7114,short,144.5075320007163,128,6302.606792000006,
7115,short,144.31521499864175,128,6302.606705001381,
7116,short,144.0476710013172,128,6302.521604000503,
7117,short,143.84671700099716,128,6302.5151760011795,
7118,short,143.6567679993459,128,6302.515957999276,
7119,short,143.9913020003587,128,6302.453791999142,
7120,short,143.83830199949443,128,6302.5891539982695,
7121,short,143.18978700248408,128,6302.230907000194,
7112,short,146.66437300184043,128,6305.884841000079,
7123,short,143.93880499847,128,6303.1416710000485,
7124,short,143.824188002327,128,6303.32140000246,
7125,short,144.1830339972512,128,6304.133941997861,
7126,short,144.0036380008678,128,6304.130811000505,
7127,short,143.8222449978639,128,6304.196134999074,
7128,short,143.46166200266453,128,6304.019262999645,
7129,short,143.4164160018554,128,6304.171064999537,
7130,short,143.2580609980505,128,6304.20456599677,
7131,short,143.04812300179037,128,6304.175689001568,
7132,short,142.89374799773213,128,6304.206008997426,
7133,short,142.68475800054148,128,6304.174335000425,
7134,short,142.50028599781217,128,6304.17560099886,
7135,short,140.63111799987382,128,6302.493793002213,
7122,short,148.578162999911,128,6310.13153999811,
7136,short,135.9099459987192,128,6302.1840170004,
7138,short,136.76499299981515,128,6301.552236000134,
7139,short,136.8376980026369,128,6302.102607001871,
7140,short,136.59953699971084,128,6302.087219999521,
7141,short,136.4803739998024,128,6302.1884499976295,
7142,short,136.30521500090254,128,6302.197449000232,
7143,short,136.12781499978155,128,6302.199301000655,
7144,short,135.88962299763807,128,6302.138114999252,
7145,short,135.78842999777407,128,6302.195864998794,
7146,short,134.97526599894627,128,6300.938036001753,
7147,short,133.1174219994864,128,6300.416830999893,
7137,short,141.0537320007279,128,6308.202821001032,
7149,short,140.71293999950285,128,6304.4219900002645,
7150,short,139.7950890022912,128,6303.7454660006915,
7151,short,139.58503000321798,128,6304.47491599989,
7152,short,139.40518800154678,128,6304.506420001417,
7153,short,139.10611800019979,128,6304.389714998251,
7154,short,138.83420700221905,128,6304.305615001795,
7155,short,138.73993500237702,128,6304.399963999458,
7156,short,138.55948299897136,128,6304.40022699986,
7157,short,138.40768299996853,128,6304.427254999609,
7158,short,138.2464029993571,128,6304.433462999441,
7159,short,137.98995899924194,128,6304.351250000764,
7160,short,137.8902750002453,128,6304.463061998831,
7161,short,137.71744100085925,128,6304.490784998052,
7162,short,138.32097300110036,128,6304.497386001458,
7163,short,136.52556099987123,128,6302.882100000716,
7148,short,143.61347899830434,128,6310.5536439979915,
7164,short,147.34948900149902,128,6304.800509002234,
7165,short,147.00214799813693,128,6300.403952998749,
7166,short,144.71192299970426,128,6303.690527998697,
7167,short,145.20491900111665,128,6301.9668650013045,
7168,short,143.32119399841758,128,6303.138354000112,
7169,short,145.23896099854028,128,6303.586451998854,
7171,short,142.78970299710636,128,6304.567431998294,
7172,short,142.7189210007782,128,6304.685936000169,
7173,short,142.56158200078062,128,6304.662247002852,
7174,short,142.5113320001401,128,6304.70432400034,
7175,short,141.76172199950088,128,6304.083224000351,
7170,short,146.9379090012808,128,6306.989483000507,
7176,short,152.31783000126597,128,6301.563360000728,
7177,short,144.52105600139475,128,6302.051043003303,
7178,short,134.49269799821195,128,6303.283569999621,
7180,short,136.36328499705996,128,6305.099324999901,
7181,short,136.08770000064396,128,6305.036013000063,
7182,short,135.66257300044526,128,6304.755148001277,
7183,short,135.49299200167297,128,6304.700043001503,
7184,short,135.22103099967353,128,6304.555145998165,
7185,short,134.00019599794177,128,6303.458818998479,
7186,short,128.01541500084568,128,6297.815683999943,
7179,short,137.71949500005576,128,6307.410649998928,
7188,short,139.61835499867448,128,6305.374054001732,
7189,short,139.8483019984269,128,6305.519948000438,
7190,short,139.71788699927856,128,6305.552418998559,
7191,short,139.5893850021821,128,6305.6010590007645,
7192,short,139.46529300301336,128,6305.637146000663,
7193,short,139.34014800179284,128,6305.644837000727,
7194,short,139.21488800042425,128,6305.644357998972,
7195,short,139.0817639985471,128,6305.639350001002,
7196,short,138.95437800238142,128,6305.637599001784,
7197,short,138.83108099980745,128,6305.640902999585,
7198,short,138.70804500038503,128,6305.64301800041,
7199,short,138.50035300129093,128,6305.5602940003155,
7187,short,141.62688799842726,128,6308.472331998928,
7200,short,148.48854199954076,128,6297.2304559989425,
7202,short,142.56614700207138,128,6291.587769002945,
7203,short,144.37458799875458,128,6293.031409997639,
7204,short,144.56752499972936,128,6293.29690600207,
7205,short,145.3393400006462,128,6294.187006002176,
7206,short,145.16090799952508,128,6294.325976999971,
7207,short,143.18434200322372,128,6292.641561001801,
7201,short,149.57917500214535,128,6305.304616002104,
7209,short,139.1419549981947,128,6293.586101000983,
7210,short,138.94874899779097,128,6294.468936997873,
7211,short,138.76582100056112,128,6294.515621000755,
7212,short,138.51956000144128,128,6294.460181001341,
7213,short,138.32422899940866,128,6294.459928998549,
7214,short,138.16147599936812,128,6294.457312000304,
7215,short,138.37846000024,128,6294.279052002821,
7216,short,138.12085300014587,128,6294.206304002728,
7217,short,137.51180500185,128,6293.786850001197,
7208,short,140.98798900158727,128,6297.420637001778,
7219,short,142.5279400027648,128,6293.4694470022805,
7220,short,141.65545200012275,128,6293.672392002918,
7221,short,141.4230940026755,128,6293.697328001144,
7222,short,141.83896399845253,128,6293.637552000291,
7223,short,141.65690799927688,128,6293.696150998585,
7224,short,141.29159699950833,128,6293.508679002116,
7225,short,141.24613199965097,128,6293.655410998326,
7226,short,141.08766600111267,128,6293.686709999747,
7227,short,140.87823599766125,128,6293.658648999553,
7228,short,140.72360700083664,128,6293.707164000807,
7229,short,140.51399599702563,128,6293.676036999386,
7230,short,140.33760399979656,128,6293.671553001332,
7231,short,138.58779200018034,128,6292.047794999235,
7218,short,146.43845099999453,128,6299.77226399933,
7232,short,138.44518999758293,128,6293.455513998197,
7234,short,135.3872190011316,128,6292.879276999884,
7235,short,135.36267100062105,128,6293.439577999379,
7236,short,135.09835700097028,128,6293.39657699893,
7237,short,134.9687920010183,128,6293.461763998494,
7238,short,134.78921999922022,128,6293.465997998283,
7239,short,134.60986799691455,128,6293.466802999319,
7240,short,134.37141799659003,128,6293.407302997366,
7241,short,134.72630600153934,128,6293.480596999871,
7242,short,133.32113000069512,128,6292.254904001311,
7243,short,131.42606600013096,128,6291.727463001735,
7233,short,139.13291100107017,128,6299.427775000368,
7245,short,137.78987299883738,128,6291.863400998409,
7246,short,136.84862900117878,128,6291.290435001429,
7247,short,136.63790200007497,128,6291.380720998859,
7248,short,136.45476900273934,128,6291.485600002488,
7249,short,136.21442400108208,128,6291.580327000702,
7250,short,135.94810200083884,128,6291.758485000173,
7251,short,135.8526330004679,128,6292.283369999495,
7252,short,135.669063001842,128,6292.4701960000675,
7253,short,136.29648400092265,128,6292.676177999965,
7254,short,136.1367950012209,128,6292.79421800311,
7255,short,135.84086999981082,128,6292.800651997823,
7256,short,135.72430299973348,128,6293.1642980001925,
7257,short,135.54562100034673,128,6293.286633001117,
7258,short,135.3548770021007,128,6293.429711000499,
7259,short,133.56783999915933,128,6291.939521001041,
7244,short,140.51600400125608,128,6304.024262000894,
7260,short,145.53374899696792,128,6291.007620999153,
7261,short,147.72986299794866,128,6290.667966997717,
7262,short,144.8650069978612,128,6290.764052999293,
7263,short,148.32548800040968,128,6291.081652001594,
7264,short,145.21825200063176,128,6290.002891000768,
7265,short,142.95516299898736,128,6287.435512000229,
7267,short,143.00742199702654,128,6287.460184998054,
7268,short,142.83084899943788,128,6287.52973200244,
7269,short,142.6022279993049,128,6287.548642998445,
7270,short,142.44324900209904,128,6287.623145999532,
7271,short,141.43336000051931,128,6286.863310000626,
7266,short,144.0035639971029,128,6289.893790999486,
7272,short,149.39508699899307,128,6291.6618780000135,
7273,short,147.73474899993744,128,6291.7289180004445,
7274,short,137.86322499800008,128,6291.133827999147,
7276,short,133.92504299918073,128,6289.0802239999175,
7277,short,133.72996800171677,128,6289.1971899989585,
7278,short,133.48859300094773,128,6289.15723099999,
7279,short,133.33173799765063,128,6289.222254999913,
7280,short,133.15357900137315,128,6289.226586002769,
7281,short,132.68333900123253,128,6288.946463999309,
7282,short,132.4625039997045,128,6289.194478998979,
7275,short,134.46496300093713,128,6291.384635002032,
7284,short,137.69101899742964,128,6291.636109999672,
7285,short,137.59375700101373,128,6291.967818000558,
7286,short,137.36365500153624,128,6292.05089899915,
7287,short,137.15444300032686,128,6292.155276998528,
7288,short,136.97222100017825,128,6292.279031000362,
7289,short,136.79708099880372,128,6292.401164999319,
7290,short,136.61743600096088,128,6292.509517999861,
7291,short,136.44027999907848,128,6292.618159000995,
7292,short,136.2639630024205,128,6292.728866999823,
7293,short,136.09743199776858,128,6298.643052999978,
7294,short,135.92179999977816,128,6298.697057998652,
7295,short,135.63524799974402,128,6298.601555001369,
7283,short,138.5547409990977,128,6301.651323999977,
7296,short,145.65078799932962,128,6286.888414000714,
7298,short,143.00241700038896,128,6291.243183997722,
7299,short,144.4960419976269,128,6292.111832997762,
7300,short,144.07019799909904,128,6291.442688998359,
7301,short,144.70842399896355,128,6291.599055999541,
7302,short,145.14095000049565,128,6291.502841999318,
7303,short,137.40895799855934,128,6283.9451910003845,
7297,short,150.41920200019376,128,6298.09526200188,
7305,short,140.82295400294242,128,6291.254177001974,
7306,short,140.5972059983469,128,6291.284409999207,
7307,short,140.40840300003765,128,6291.300625998701,
7308,short,140.16864899895154,128,6291.249783997046,
7309,short,139.98061200254597,128,6291.256002001319,
7310,short,140.42170800166787,128,6291.2583950019325,
7311,short,140.20040099785547,128,6291.27914199853,
7312,short,140.04259400098817,128,6291.34171899932,
7313,short,139.5101859998249,128,6291.015318998689,
7304,short,143.540278000728,128,6295.195493999927,
7315,short,141.40695600144682,128,6291.681662001793,
7316,short,141.29098899866221,128,6291.91049200017,
7317,short,141.6390339982172,128,6291.936259000067,
7318,short,141.45563099737046,128,6291.879161999532,
7319,short,141.27685399944312,128,6292.840891997912,
7320,short,140.91699399796198,128,6292.724866998469,
7321,short,140.87050899979658,128,6292.902917997708,
7322,short,140.70265800182824,128,6292.927098998916,
7323,short,140.48596200154861,128,6292.893741003354,
7324,short,140.33061099689803,128,6292.924594999931,
7325,short,140.12432000163244,128,6292.896789000224,
7326,short,139.94736300082877,128,6292.897085997538,
7327,short,138.05459899958805,128,6291.192605000106,
7314,short,145.98162800029968,128,6298.70155000026,
7328,short,136.05072000063956,128,6291.044104997127,
7330,short,133.09164999736822,128,6291.5428259984765,
7331,short,133.0470270004298,128,6292.068675000337,
7332,short,132.807755999238,128,6292.038708998007,
7333,short,132.68320300267078,128,6292.097781999473,
7334,short,132.50477900146507,128,6292.10258600142,
7335,short,132.31721299962373,128,6292.091285002243,
7336,short,132.49322900082916,128,6292.023620997497,
7337,short,132.36840200261213,128,6292.080533999979,
7338,short,130.93997000032687,128,6290.8362340021995,
7339,short,129.12381400019513,128,6290.371203001996,
7329,short,136.13275400348357,128,6297.931691002304,
7341,short,134.91623699883348,128,6291.932551001082,
7342,short,134.6081999981834,128,6291.85789499752,
7343,short,134.31229200068628,128,6292.5863370001025,
7344,short,133.96897899656324,128,6292.469318999792,
7345,short,133.4697749989573,128,6292.161541998212,
7346,short,132.75928700022632,128,6291.668577003293,
7347,short,132.4325659988972,128,6291.583851998439,
7348,short,132.0536160019401,128,6291.403884002648,
7349,short,131.76685399957933,128,6291.316809998534,
7350,short,131.45255299968994,128,6291.185237998434,
7351,short,130.89076599862892,128,6290.802262999932,
7352,short,131.2132630009728,128,6290.755892001471,
7353,short,130.87445099881734,128,6290.618992999953,
7354,short,130.57307000053697,128,6290.5022090017155,
7355,short,124.38536400077282,128,6284.495812000387,
7340,short,136.94675900114817,128,6298.117808000825,
7356,short,145.31969399831723,128,6292.819164998946,
7357,short,147.53034800014575,128,6297.660525997344,
7358,short,142.14837799954694,128,6294.981003997236,
7359,short,145.48894899780862,128,6295.538763999502,
7360,short,146.96378100052243,128,6297.12238600041,
7361,short,148.48249300121097,128,6298.101300999406,
7362,short,146.28530499976478,128,6297.533521999867,
7363,short,146.01708699774463,128,6297.570344999258,
7364,short,145.7988000001933,128,6297.563780997734,
7365,short,145.54207299806876,128,6297.497645999101,
7366,short,145.3193529996497,128,6297.465788000409,
7367,short,144.3603740008257,128,6296.68677600057,
7368,short,146.7036950016336,128,6294.600027002161,
7369,short,155.45915000257082,128,6294.510119001643,
7370,short,134.93156799813733,128,6298.911179997958,
7372,short,135.06032700024662,128,6292.109914000321,
7373,short,134.86265399842523,128,6292.21543499807,
7374,short,134.61896700027864,128,6292.236254997988,
7375,short,134.45195800159127,128,6292.328808001912,
7376,short,134.27289799801656,128,6292.394530999445,
7377,short,133.7798649983597,128,6292.125053998461,
7378,short,133.54883599822642,128,6292.470316999243,
7371,short,135.95916299891542,128,6295.193399000709,
7380,short,138.1902760003868,128,6291.2299540003005,
7381,short,137.99942300101975,128,6291.189448998921,
7382,short,137.68798599994625,128,6291.107212997304,
7383,short,137.38220499726594,128,6291.027238999959,
7384,short,137.08699600101681,128,6290.9529880016635,
7385,short,136.80158799979836,128,6290.904195000621,
7386,short,136.5165019997221,128,6290.844538001693,
7387,short,136.23076300063985,128,6290.780842999084,
7388,short,130.15319899932365,128,6284.912600996904,
7389,short,129.92763899819693,128,6284.9074069999915,
7390,short,129.7371260006912,128,6284.936441999889,
7391,short,129.49681499958388,128,6284.974456000782,
7379,short,139.26590499977465,128,6294.947903999855,
7392,short,150.38935499978834,128,6299.695231002261,
7394,short,143.098871998518,128,6298.931998000626,
7395,short,145.07336600217968,128,6300.099754000257,
7396,short,145.25581800262444,128,6300.022837000142,
7397,short,146.02437400026247,128,6300.27138999867,
7398,short,145.8434159976605,128,6300.282298998354,
7399,short,143.87896100015496,128,6298.499878997973,
7393,short,150.1142390006862,128,6305.539962999319,
7401,short,139.80980300038937,128,6300.511913999799,
7402,short,139.60606399996323,128,6300.580662998982,
7403,short,139.41640600023675,128,6300.5936890003795,
7404,short,139.1717009973945,128,6300.537727998744,
7405,short,139.6561270012171,128,6300.548406001326,
7406,short,139.4043540021812,128,6300.527013001556,
7407,short,139.1325130025507,128,6300.452174000384,
7408,short,138.9500860022963,128,6300.465643998905,
7409,short,138.42031700187363,128,6300.131326002884,
7400,short,141.6945989985834,128,6303.571835996991,
7411,short,140.46584000243456,128,6298.2681630019215,
7412,short,140.83274899894604,128,6299.248344999796,
7413,short,140.66788999843993,128,6299.309738999,
7414,short,139.572980999219,128,6298.351418001403,
7415,short,139.3211139984487,128,6298.40528099885,
7416,short,138.9408180002647,128,6298.215006001556,
7417,short,138.8816959988617,128,6298.366472001362,
7418,short,138.72115399863105,128,6298.3991719993355,
7419,short,138.5123489999387,128,6298.373198998888,
7420,short,138.3558390007238,128,6298.4036349989765,
7421,short,138.14619699769537,128,6298.403075998067,
7422,short,137.9670710011851,128,6298.404866000055,
7423,short,136.35369899930083,128,6296.978369999124,
7410,short,144.11329900030978,128,6304.568539999309,
7424,short,137.66834100169945,128,6299.7735339995415,
7426,short,137.33275599952321,128,6299.272488999122,
7427,short,137.4006840014772,128,6299.926392999623,
7428,short,137.16704300168203,128,6299.926185001823,
7429,short,137.04728800075827,128,6299.996238001768,
7430,short,136.87250799921458,128,6300.004980999802,
7431,short,136.69843900061096,128,6300.011146999168,
7432,short,136.462661997939,128,6299.952548000874,
7433,short,137.01862699963385,128,6300.0129719985125,
7434,short,135.65060000109952,128,6298.814129000675,
7435,short,133.91685000169673,128,6298.46737600019,
7425,short,141.39987000089604,128,6305.913170999702,
7437,short,140.59997699951055,128,6301.227228999778,
7438,short,139.58371999979136,128,6300.515105998784,
7439,short,139.36835199638153,128,6301.283210999827,
7440,short,139.18678499976522,128,6301.330533999135,
7441,short,138.94821400026558,128,6301.292486998136,
7442,short,138.69234700177913,128,6301.244114001747,
7443,short,138.61100600115606,128,6301.437160000205,
7444,short,138.431354000204,128,6301.4554399997,
7445,short,138.28116199874785,128,6301.496716001566,
7446,short,138.11035999970045,128,6301.510167999368,
7447,short,137.85548899977584,128,6301.434852000966,
7448,short,138.61608200022602,128,6301.5695180001785,
7449,short,138.44202600012068,128,6301.593249998405,
7450,short,138.26992599933874,128,6301.602515999548,
7451,short,136.55612599904998,128,6300.065200997778,
7436,short,143.43312100027106,128,6308.910450999974,
7452,short,147.46750500125927,128,6300.391225999192,
7453,short,145.40261500224005,128,6297.966579000786,
7454,short,144.64523200149415,128,6301.132470001903,
7455,short,147.05511500142165,128,6295.009213001322,
7456,short,144.73741000256268,128,6295.490757001971,
7457,short,144.8905739998736,128,6295.208774001367,
7459,short,146.01357399806147,128,6295.249555998453,
7460,short,145.83344899801887,128,6295.25113300042,
7461,short,145.78277300097398,128,6295.34731899912,
7462,short,145.62425600161077,128,6295.375629000773,
7463,short,145.57974099807325,128,6295.454789997166,
7458,short,149.165612001525,128,6297.603609000362,
7464,short,142.50672799971653,128,6293.98543500065,
7465,short,145.7156809992739,128,6296.332104997418,
7466,short,129.39186999938102,128,6295.728611999948,
7468,short,141.7102060004254,128,6301.433230997645,
7469,short,141.45252100206562,128,6301.484398001776,
7470,short,141.16904700131272,128,6301.402084998699,
7471,short,140.94654099972104,128,6301.400391999778,
7472,short,140.7238169995253,128,6301.362138001423,
7473,short,140.12431299852324,128,6300.942819998454,
7474,short,139.46709000083501,128,6300.811608998629,
7467,short,142.24404400010826,128,6303.78359399765,
7476,short,142.39748399995733,128,6302.529788001266,
7477,short,142.28621999791358,128,6302.842041000986,
7478,short,142.0623469966813,128,6302.926587999536,
7479,short,141.84135300092748,128,6302.998852999735,
7480,short,141.60442499996861,128,6303.048510002554,
7481,short,141.37826899968786,128,6303.11768699903,
7482,short,141.15531699644635,128,6303.180027000053,
7483,short,140.93148000029032,128,6303.263999001501,
7484,short,140.72354499876383,128,6303.371938000055,
7485,short,140.50615100131836,128,6304.569824002101,
7486,short,140.22556399868336,128,6304.569313000684,
7487,short,139.92327700179885,128,6304.463096003019,
7475,short,143.5075980007241,128,6308.2433990020945,
7488,short,151.4154869983031,128,6293.2797569992545,
7490,short,141.29429099921254,128,6290.656835000846,
7491,short,143.16916299867444,128,6291.852050999296,
7492,short,143.36878999893088,128,6291.784361001191,
7493,short,144.17064799999935,128,6292.0236680001835,
7494,short,143.98878200154286,128,6292.032378998556,
7495,short,141.9119040001533,128,6290.137834002962,
7489,short,148.36389899937785,128,6297.128215999692,
7497,short,138.95760499872267,128,6291.388372999791,
7498,short,138.7569699982123,128,6291.436493000219,
7499,short,138.56978500189143,128,6291.447521001828,
7500,short,138.32115900004283,128,6291.383571999177,
7501,short,138.81560300069395,128,6291.357778001839,
7502,short,138.62096500088228,128,6291.353515000083,
7503,short,138.37581599727855,128,6291.298143998574,
7504,short,138.20050800131867,128,6291.321488999529,
7505,short,137.67779500267352,128,6290.996871000971,
7496,short,140.86726999812527,128,6294.376316000125,
7507,short,140.6620699999621,128,6293.457813000714,
7508,short,141.0050680024142,128,6294.439235000027,
7509,short,140.82400199913536,128,6294.501794000098,
7510,short,140.5663529985759,128,6294.383882999682,
7511,short,140.3769739990821,128,6294.4361259978905,
7512,short,140.00979699994787,128,6294.252510000661,
7513,short,140.01885199832032,128,6294.397020999895,
7514,short,139.85924100052216,128,6294.427381002606,
7515,short,139.6309050032869,128,6294.379299000866,
7516,short,139.46350400146912,128,6294.395665998309,
7517,short,139.24963099998422,128,6294.357210001181,
7518,short,139.06173899886198,128,6294.353109999065,
7519,short,137.29293399956077,128,6292.771571999765,
7506,short,145.12967599875992,128,6300.384412999847,
7520,short,138.31184599985136,128,6294.005123996612,
7522,short,135.52167299712892,128,6291.403913997783,
7523,short,135.46410000344622,128,6291.554767001799,
7524,short,135.21898799808696,128,6291.631527998106,
7525,short,135.09154500206932,128,6291.965227002947,
7526,short,134.91163599974243,128,6292.0920770011435,
7527,short,134.7336990002077,128,6292.2037950011145,
7528,short,134.90527299654786,128,6292.253393999999,
7529,short,134.80749100199318,128,6292.559074001474,
7530,short,133.35850200019195,128,6291.410164001718,
7531,short,131.5461279991723,128,6290.105415999278,
7521,short,139.32810199912637,128,6300.242157998582,
7533,short,137.63389399900916,128,6291.500167000777,
7534,short,136.659736999718,128,6290.754893998383,
7535,short,136.42311500007054,128,6291.463503999694,
7536,short,136.23429300059797,128,6291.486557998724,
7537,short,135.97450200177263,128,6291.41235499992,
7538,short,135.62281600025017,128,6291.253704002884,
7539,short,135.5166610010201,128,6291.355182998814,
7540,short,135.32437799949548,128,6291.357668000273,
7541,short,136.01882200237014,128,6291.449865002505,
7542,short,135.8425710022857,128,6291.495553999994,
7543,short,135.51267699949676,128,6291.352511001605,
7544,short,135.38697699914337,128,6291.417058997467,
7545,short,135.21435400252813,128,6291.415137002332,
7546,short,135.03584600039176,128,6291.414267001528,
7547,short,132.01772500178777,128,6288.573521000217,
7532,short,140.4487119980331,128,6297.760064997419,
7548,short,148.21641599701252,128,6292.172006997134,
7549,short,142.4691240026732,128,6291.493631000776,
7550,short,138.1036739985575,128,6289.014185997075,
7551,short,147.93212199947448,128,6295.757410000078,
7552,short,143.75935200223466,128,6293.985042000713,
7553,short,146.2858810009493,128,6294.484533002105,
7555,short,147.57544299936853,128,6293.340271000488,
7556,short,147.28708899929188,128,6293.332437999197,
7557,short,147.08537199840066,128,6293.337249997421,
7558,short,146.82794499822194,128,6293.264014999295,
7559,short,145.9632510013762,128,6292.587941999955,
7554,short,149.27504700244754,128,6295.687028999964,
7560,short,152.53733300050953,128,6295.171131998359,
7561,short,148.88402299766312,128,6289.962366998225,
7562,short,134.64762900184724,128,6295.784596000885,
7564,short,134.84400900051696,128,6288.022164997528,
7565,short,134.64521499918192,128,6288.070558999607,
7566,short,134.40182900012587,128,6288.021274998755,
7567,short,134.2401490001066,128,6288.07828799836,
7568,short,134.06752700029756,128,6288.079516001744,
7569,short,133.5194599996612,128,6287.706301998696,
7570,short,133.34814699919662,128,6287.975573999574,
7563,short,135.71840499935206,128,6290.531103000831,
7572,short,136.79732599848649,128,6287.021010000899,
7573,short,136.59980699958396,128,6287.227720000374,
7574,short,136.30679800189682,128,6287.238560998958,
7575,short,136.00923999911174,128,6287.234350002109,
7576,short,135.72375899821054,128,6287.237659998937,
7577,short,135.43752600162406,128,6287.24174600211,
7578,short,135.1280320013757,128,6287.217213000986,
7579,short,134.79760799964424,128,6287.173860000621,
7580,short,133.37706799939042,128,6286.054972999409,
7581,short,133.09984399893438,128,6286.0836509971705,
7582,short,132.9029980006453,128,6289.418196000042,
7583,short,132.29360100012855,128,6289.051370000379,
7571,short,137.7712089997658,128,6294.727721997333,
7584,short,150.231456002075,128,6279.48250800182,
7586,short,143.69891100068344,128,6276.609131000441,
7587,short,145.55162000033306,128,6277.794724999694,
7588,short,145.75667900135159,128,6277.7490920016135,
7589,short,146.54049899763777,128,6277.985859000182,
7590,short,146.35839399852557,128,6277.988791000098,
7591,short,144.3890190021193,128,6276.1991289989965,
7585,short,150.673749998532,128,6283.0209439998725,
7593,short,139.2104719998315,128,6278.680786999757,
7594,short,139.01419199828524,128,6278.752546997566,
7595,short,138.8181460024498,128,6278.788421001082,
7596,short,138.57210200148984,128,6278.735097999743,
7597,short,138.37883599990164,128,6278.74790399801,
7598,short,138.18621199970949,128,6278.758799002389,
7599,short,137.94000900088577,128,6278.71065400177,
7600,short,138.30133399824263,128,6278.739951998432,
7601,short,137.80218299871194,128,6278.45100400009,
7592,short,140.86877900263062,128,6281.7251610031235,
7603,short,140.10105900160852,128,6276.43304799858,
7604,short,139.97934500002884,128,6276.682829000492,
7605,short,140.28803399924072,128,6276.705217002018,
7606,short,140.10174600116443,128,6276.653577999241,
7607,short,139.9294840011862,128,6277.733872000681,
7608,short,139.57103999928222,128,6277.66031200008,
7609,short,139.51759599876823,128,6277.849237998453,
7610,short,139.36209500025143,128,6277.898576001462,
7611,short,139.15597600134788,128,6277.879315002792,
7612,short,139.0027409979666,128,6277.917485000216,
7613,short,138.795194998238,128,6277.891054996871,
7614,short,138.61036500020418,128,6277.895543000341,
7615,short,136.8434879987035,128,6276.322009998694,
7602,short,144.45834399884916,128,6283.685317997879,
7616,short,136.04635700176004,128,6277.882205002243,
7618,short,135.30252200143877,128,6277.288553999824,
7619,short,135.19163700038916,128,6277.413178999268,
7620,short,134.68028799979948,128,6277.217240000027,
7621,short,134.42849800048862,128,6277.477291998366,
7622,short,134.1395499985083,128,6277.504896999744,
7623,short,133.85083599860081,128,6277.5125129992375,
7624,short,133.36617599998135,128,6277.318674001435,
7625,short,133.62308800060418,128,6277.49837400188,
7626,short,133.06840700170142,128,6277.276618999167,
7627,short,128.86163700022735,128,6273.639602000912,
7617,short,138.5260940005537,128,6286.422257002414,
7629,short,137.0706869965943,128,6276.357950999227,
7630,short,136.12263899995014,128,6276.345858997956,
7631,short,135.91202700263239,128,6276.358478000475,
7632,short,135.72607899914146,128,6276.359375999164,
7633,short,135.4853170014394,128,6276.317478001147,
7634,short,135.20459799838136,128,6276.2348519972875,
7635,short,135.08450999870547,128,6276.321350000217,
7636,short,134.83915100005106,128,6276.269620000676,
7637,short,134.63394700011122,128,6276.253831001668,
7638,short,134.44514500224614,128,6276.246626999637,
7639,short,134.1792550010723,128,6276.160979999986,
7640,short,134.81703999786987,128,6276.247092999256,
7641,short,134.64628299698234,128,6276.258614998369,
7642,short,134.47087999884388,128,6276.258859001246,
7643,short,132.73633000062546,128,6274.7469620007905,
7628,short,139.6090730013384,128,6282.574492001004,
7644,short,145.06324700050754,128,6276.587046999339,
7645,short,146.7145589995198,128,6277.002797996829,
7646,short,143.56822600166197,128,6279.046677998849,
7647,short,145.21532700018724,128,6277.370671999961,
7648,short,144.31922699805,128,6277.13243999824,
7649,short,142.21710999845527,128,6277.216910999414,
7651,short,150.1079400004528,128,6275.7319749980525,
7652,short,149.87662600105978,128,6275.810447001277,
7653,short,149.71426899865037,128,6275.864346000162,
7654,short,149.50006200160715,128,6275.840063000942,
7655,short,148.47672800169676,128,6275.010937999468,
7650,short,151.6472179973789,128,6278.130233997217,
7656,short,145.8757530017465,128,6277.983654003037,
7657,short,154.10872400025255,128,6280.669794999994,
7658,short,127.63407900274615,128,6271.0344580009405,
7659,short,135.64316500196583,128,6280.318929999339,
7660,short,135.42705199870397,128,6280.419522998272,
7661,short,135.23437500043656,128,6280.445841002802,
7662,short,134.99440700252308,128,6280.390431002161,
7663,short,134.83577499937383,128,6280.454292998911,
7664,short,134.65884499964886,128,6280.462888000329,
7665,short,134.19399000122212,128,6280.180816000211,
7666,short,133.69427599900519,128,6280.148056997859,
7668,short,137.11273499939125,128,6278.252722997422,
7669,short,136.92218500000308,128,6278.302593000262,
7670,short,136.62958200075082,128,6278.214147001563,
7671,short,136.3395650005259,128,6278.10935999878,
7672,short,136.04975599810132,128,6278.00175199809,
7673,short,135.76412099791924,128,6277.895729999727,
7674,short,135.47704599841381,128,6277.785826998297,
7675,short,135.1646350012743,128,6277.650727002765,
7676,short,134.86868099789717,128,6277.530962997844,
7677,short,131.33641999957035,128,6274.175139998988,
7678,short,131.09623200216447,128,6274.113403000229,
7679,short,130.86042199938674,128,6274.055652000243,
7667,short,138.40851799977827,128,6281.741415001306,
7680,short,149.21797899660305,128,6292.719833996671,
7682,short,143.23612899897853,128,6291.732573998161,
7683,short,145.42983499995898,128,6292.914874997223,
7684,short,145.666459997301,128,6292.872908998106,
7685,short,146.45441399989068,128,6293.135910000274,
7686,short,146.27465800003847,128,6293.146060001163,
7687,short,144.33246299813618,128,6291.384585998458,
7681,short,151.0308540018741,128,6298.5475870009395,
7689,short,140.512032998231,128,6293.34541299977,
7690,short,140.28310300273006,128,6293.392620002123,
7691,short,140.0928129987733,128,6293.3985909985495,
7692,short,139.83933299823548,128,6293.328586998541,
7693,short,139.64208899778896,128,6293.327046998456,
7694,short,139.46181899882504,128,6293.328749998182,
7695,short,139.20748999953503,128,6293.268895999063,
7696,short,139.62525500028278,128,6293.2991109992145,
7697,short,139.14066100187483,128,6293.015977000323,
7688,short,142.28435200129752,128,6296.347098999831,
7699,short,140.70484600233613,128,6291.5323470006115,
7700,short,140.62822699997923,128,6292.485093999858,
7701,short,140.98555600139662,128,6292.536590000964,
7702,short,139.77796800099895,128,6291.5143909995095,
7703,short,139.49781699921004,128,6291.483803001029,
7704,short,139.10648899764055,128,6291.263762999733,
7705,short,139.05174799947417,128,6291.397051998501,
7706,short,138.89060099972994,128,6291.4234710005985,
7707,short,138.67893100177753,128,6291.449870001088,
7708,short,138.52493699960178,128,6291.497072001221,
7709,short,138.31314200069755,128,6291.465440001048,
7710,short,138.12274699739646,128,6291.460024000116,
7711,short,136.51333300003898,128,6290.032439999777,
7698,short,144.66741400246974,128,6297.827851001784,
7712,short,134.64678500167793,128,6293.613697998808,
7714,short,134.36170799832325,128,6293.514745000721,
7715,short,134.23435500226333,128,6293.584211001871,
7716,short,133.684975997312,128,6293.3479029998125,
7717,short,133.4305350028444,128,6293.826397002704,
7718,short,133.13740699959453,128,6293.817952999234,
7719,short,132.84873899829108,128,6293.73773199768,
7720,short,132.36812800096232,128,6293.442703001347,
7721,short,132.5709319971793,128,6293.39798699948,
7722,short,131.95327799985535,128,6292.9639169997245,
7723,short,127.1854219994566,128,6289.166451999336,
7713,short,137.81993299926398,128,6300.137362999521,
7725,short,135.46581199989305,128,6293.87050600053,
7726,short,135.24590799715952,128,6293.988364999677,
7727,short,135.0612469977932,128,6294.745142997272,
7728,short,134.8628310006461,128,6294.760812001186,
7729,short,134.62021299710614,128,6294.700274000206,
7730,short,134.35276199743384,128,6294.627057999605,
7731,short,134.28538600055617,128,6294.729001998348,
7732,short,134.12385699848528,128,6294.730057998095,
7733,short,133.97149500087835,128,6294.7733200016955,
7734,short,133.7948239997786,128,6294.828435999079,
7735,short,133.51946900002076,128,6294.741498000803,
7736,short,133.41029900038848,128,6294.82600800111,
7737,short,134.00110799921094,128,6294.827665999037,
7738,short,133.78563700098312,128,6294.77862800195,
7739,short,131.91580000057002,128,6293.116036998981,
7724,short,138.8423119969957,128,6300.795762999769,
7740,short,147.52331500130822,128,6294.59229799977,
7741,short,147.07686800102238,128,6295.215617999929,
7742,short,141.73211000161245,128,6294.017104002705,
7743,short,143.91710500058252,128,6296.328946998983,
7744,short,144.56924499972956,128,6297.107967999182,
7745,short,145.23611899858224,128,6297.426921999431,
7747,short,144.99560499825748,128,6299.359362998075,
7748,short,144.76002700030222,128,6299.561252002604,
7749,short,144.59629699922516,128,6299.79523899965,
7750,short,144.38154799790937,128,6299.88901699835,
7751,short,143.37947999956668,128,6299.309354999423,
7746,short,146.70923000085168,128,6307.539370998711,
7752,short,148.35785600007512,128,6300.351881996903,
7753,short,147.98323300055927,128,6300.251812001079,
7754,short,135.38504199823365,128,6299.3114729979425,
7756,short,133.931873999245,128,6296.746383999562,
7757,short,134.15012100085733,128,6297.049625998625,
7758,short,133.9677659998415,128,6297.194866998325,
7759,short,133.72405900008744,128,6297.244723999029,
7760,short,133.56319000013173,128,6297.554094999214,
7761,short,133.38257199939108,128,6297.688204998849,
7762,short,132.8935880010249,128,6297.491236000496,
7755,short,134.98587999856682,128,6304.775143998995,
7764,short,136.48693700088188,128,6295.4862430015055,
7765,short,136.39735199831193,128,6295.639956999366,
7766,short,136.21182499991846,128,6295.660001000215,
7767,short,136.03178399716853,128,6295.666923997487,
7768,short,135.8543730020756,128,6295.6708620004065,
7769,short,135.67816499926266,128,6295.674128999963,
7770,short,135.49930799854337,128,6295.703790998232,
7771,short,135.32300599763403,128,6295.7264719989325,
7772,short,135.14523499907227,128,6295.731349000562,
7773,short,134.9688670015894,128,6295.7315540006675,
7774,short,134.7922330023721,128,6295.731559999695,
7775,short,134.27776099706534,128,6295.385413999611,
7763,short,137.2699109997484,128,6298.531422999076,
7776,short,150.63883699986036,128,6291.522747000272,
7778,short,141.90669700110448,128,6289.266129002499,
7779,short,143.757485999231,128,6290.3422659983335,
7780,short,144.02182100093341,128,6290.249230998597,
7781,short,144.81377300035092,128,6290.491973002645,
7782,short,144.63708400217,128,6290.498738002498,
7783,short,142.3059420012578,128,6288.344196000253,
7777,short,148.90155399916694,128,6295.559882000816,
7785,short,138.8014510011999,128,6291.4251379988855,
7786,short,138.60502699753852,128,6291.48257199995,
7787,short,138.42099099929328,128,6291.493865999655,
7788,short,138.1742480007233,128,6291.431628000282,
7789,short,137.97593799972674,128,6291.429297001741,
7790,short,138.3845679993101,128,6291.426418996707,
7791,short,138.12803200198687,128,6291.360382001585,
7792,short,137.94521800082293,128,6291.3758079994295,
7793,short,137.4763220010209,128,6291.100872000243,
7784,short,140.83124099852284,128,6294.685435001156,
7795,short,141.94456900077057,128,6291.40401100085,
7796,short,141.83703399976366,128,6291.655460001493,
7797,short,142.0890480003436,128,6291.626228001405,
7798,short,141.892829000426,128,6292.478338997171,
7799,short,141.71173299837392,128,6292.614154001058,
7800,short,141.35899699977017,128,6292.458019997866,
7801,short,141.31035000173142,128,6292.697067001427,
7802,short,141.09357000052114,128,6292.683212999691,
7803,short,140.86859799863305,128,6292.639754999982,
7804,short,140.7344369981729,128,6292.669542999647,
7805,short,140.52841200100374,128,6292.64044500087,
7806,short,140.3478370011726,128,6292.645698998967,
7807,short,138.59512799899676,128,6291.083803997026,
7794,short,146.25169599821675,128,6298.536301997956,
7808,short,136.25160100127687,128,6293.030282999098,
7810,short,135.62813400130835,128,6292.714983999758,
7811,short,135.55679099954432,128,6293.21857800096,
7812,short,134.7705699990911,128,6292.651975996705,
7813,short,134.54438600092544,128,6292.61567100184,
7814,short,134.33768899994902,128,6292.626113001461,
7815,short,134.12091899954248,128,6292.600634998962,
7816,short,133.86305599851767,128,6292.526414999884,
7817,short,134.29974600148853,128,6292.583233000187,
7818,short,133.28225400255178,128,6291.741768000065,
7819,short,131.10263899943675,128,6290.973308001412,
7809,short,139.04755000112345,128,6298.954469999444,
7821,short,138.68946000002325,128,6292.487105001783,
7822,short,137.7496870009054,128,6291.914094999811,
7823,short,137.53996299783466,128,6292.014831997221,
7824,short,137.35869900119724,128,6292.1351510012755,
7825,short,137.1179210000264,128,6292.239069000061,
7826,short,136.8525040015811,128,6292.434006998519,
7827,short,136.76090300214128,128,6292.970225000317,
7828,short,136.561843999516,128,6293.1446289985615,
7829,short,136.3518460020714,128,6293.303409001965,
7830,short,136.16295300016645,128,6293.413280000095,
7831,short,135.8974059985485,128,6293.43913699995,
7832,short,135.78735000191955,128,6293.823881998833,
7833,short,135.6114959999104,128,6293.950340997981,
7834,short,135.4023710009642,128,6294.033410002157,
7835,short,134.4423660011671,128,6292.617875998985,
7820,short,141.38599199941382,128,6303.208154000458,
7836,short,146.9429080025293,128,6294.797869999456,
7837,short,148.19342199916719,128,6294.751137000276,
7838,short,145.13232999888714,128,6291.96452099859,
7839,short,153.02573400185793,128,6290.687552002055,
7840,short,147.72247699875152,128,6291.151702000207,
7841,short,147.20277000014903,128,6290.704674000153,
7843,short,142.70683200084022,128,6290.372657000262,
7844,short,142.3436019977089,128,6290.296143997693,
7845,short,142.1732519993384,128,6290.230406000774,
7846,short,141.78184299817076,128,6289.971279999008,
7847,short,135.80274899868527,128,6284.07520899782,
7842,short,147.0516570007021,128,6292.969469999662,
7848,short,150.7929429972137,128,6287.063948999275,
7849,short,143.64484900215757,128,6287.982672001817,
7850,short,133.47267100107274,128,6289.553583999805,
7852,short,136.28692899874295,128,6289.959149999049,
7853,short,136.13746900227852,128,6289.995703002205,
7854,short,135.90355799897225,128,6289.906833000714,
7855,short,135.45384800090687,128,6289.585390000866,
7856,short,135.2887200009718,128,6289.524832001916,
7857,short,135.0547580004786,128,6289.416937001079,
7858,short,129.85807500081137,128,6284.330664999288,
7851,short,137.7531629987061,128,6292.554040999676,
7860,short,140.18646600015927,128,6291.335253998113,
7861,short,140.44018400090863,128,6291.498231999867,
7862,short,140.3100440002163,128,6291.518537000229,
7863,short,140.18404600210488,128,6291.520262999256,
7864,short,140.06097199671785,128,6291.520844999468,
7865,short,139.90612699853955,128,6291.53188899727,
7866,short,139.79793599719414,128,6291.524464999384,
7867,short,139.6752729997388,128,6291.522752999299,
7868,short,139.55689599970356,128,6291.525729000568,
7869,short,139.43675100017572,128,6291.527282999596,
7870,short,139.3144189969462,128,6291.563134996977,
7871,short,139.2004579975037,128,6291.57438099719,
7859,short,142.1137010001985,128,6294.503516997793,
7872,short,150.1740060011798,128,6287.9110040012165,
7874,short,143.8040219982213,128,6286.990143998992,
7875,short,145.95377200021176,128,6288.351538001734,
7876,short,146.18731800146634,128,6288.30800400101,
7877,short,146.9750610012852,128,6288.55843600104,
7878,short,146.79799300211016,128,6288.58276200117,
7879,short,144.8343379997823,128,6286.803923998377,
7873,short,151.4767189983104,128,6293.684485997801,
7882,short,140.9147659978771,128,6288.901650001208,
7881,short,141.10903599794256,128,6289.455766000174,
7883,short,140.73006000035093,128,6289.26518300068,
7884,short,140.48746499975096,128,6289.208811998833,
7885,short,140.29467100044712,128,6289.215837001393,
7886,short,140.1084790013556,128,6289.220993003255,
7887,short,139.86709500022698,128,6289.17248000289,
7888,short,140.2771760003816,128,6289.205304001371,
7889,short,139.4999430012831,128,6288.62204699908,
7880,short,142.77383100125007,128,6292.149299999437,
7891,short,142.8282989982108,128,6286.352273997181,
7892,short,142.7465189990471,128,6286.6116169971065,
7893,short,141.6857420008455,128,6286.572438999428,
7894,short,142.0364299992798,128,6286.493444000371,
7895,short,141.82413900198299,128,6286.528450000333,
7896,short,141.38772500155028,128,6286.2713909999,
7897,short,141.34271199873183,128,6286.472307998338,
7898,short,141.18719899852294,128,6286.534281000058,
7899,short,140.9794739993231,128,6286.520282999845,
7900,short,140.8262500008277,128,6286.58467599962,
7901,short,140.6138700003794,128,6286.579313000402,
7902,short,140.4257609974593,128,6286.592668999219,
7903,short,138.80078000147478,128,6285.165670000424,
7890,short,147.39624299909337,128,6293.28933600118,
7904,short,137.3428020015126,128,6286.746177000168,
7906,short,136.62594899869873,128,6285.521777001122,
7907,short,136.66916600050172,128,6286.119876000157,
7908,short,136.43930800026283,128,6286.115659000643,
7909,short,136.28684200011776,128,6286.147623002762,
7910,short,136.09924300180865,128,6286.141913002211,
7911,short,135.91925699802232,128,6286.18621699934,
7912,short,135.67976500053192,128,6286.146844999166,
7913,short,136.15817099707783,128,6286.209036999935,
7914,short,134.69437700041453,128,6284.9244749995705,
7915,short,132.94503200086183,128,6284.665807001147,
7905,short,140.6610849990102,128,6292.270343998098,
7917,short,139.2374919996655,128,6284.635300999071,
7918,short,138.92755800043233,128,6285.2923379978165,
7919,short,138.62593199883122,128,6285.244954000518,
7920,short,138.28014599857852,128,6285.095937000733,
7921,short,137.76859499921557,128,6284.787358999893,
7922,short,137.07434199750423,128,6284.294023997063,
7923,short,136.7996189983387,128,6284.236819999933,
7924,short,136.4338389976183,128,6284.101959998225,
7925,short,136.1605630008853,128,6284.0460610023,
7926,short,135.87116000053356,128,6283.9484910000465,
7927,short,135.3063860005932,128,6283.572271000594,
7928,short,135.88399899890646,128,6283.552470998984,
7929,short,135.59653499760316,128,6283.4508849991835,
7930,short,135.30870600152411,128,6283.344433999446,
7931,short,130.69397199797095,128,6278.908195999975,
7916,short,142.0725170028163,128,6292.333814002632,
7932,short,144.11235300212866,128,6285.412117998931,
7933,short,144.13183299984667,128,6288.170609001099,
7934,short,143.87351700133877,128,6287.181315001362,
7935,short,147.46059100070852,128,6289.871236000181,
7936,short,143.71919100085506,128,6289.66081100225,
7937,short,144.67508500092663,128,6290.37732100187,
7939,short,142.9921849994571,128,6286.912552001013,
7940,short,142.75423399885767,128,6287.118747000932,
7941,short,142.59174800099572,128,6287.360644000728,
7942,short,142.3725970016676,128,6287.451936001162,
7943,short,141.37927300180309,128,6286.872029002552,
7938,short,144.36924899928272,128,6295.886738000263,
7944,short,148.573866001243,128,6286.729527000716,
7945,short,147.43448800072656,128,6285.333169002115,
7946,short,135.94227700014017,128,6285.865847003151,
7948,short,133.8341640002909,128,6284.523845999502,
7949,short,133.6572750005871,128,6284.694893998676,
7950,short,133.47224700191873,128,6284.7203300007095,
7951,short,133.2284529999015,128,6284.663951002585,
7952,short,133.0707209999673,128,6284.726096000668,
7953,short,132.89157100007287,128,6284.727742000541,
7954,short,132.34359600028256,128,6284.444367000106,
7947,short,134.81519599736203,128,6287.443851997523,
7956,short,138.58109099965077,128,6286.001876000228,
7957,short,138.4920839991537,128,6286.152945001959,
7958,short,138.31930700325756,128,6286.173558000883,
7959,short,138.1411559996195,128,6286.180486000376,
7960,short,137.92004700007965,128,6286.1426390009,
7961,short,137.73228300124174,128,6286.146857000858,
7962,short,137.58731899724808,128,6286.145768997812,
7963,short,137.41615699836984,128,6286.148840998067,
7964,short,137.23876500080223,128,6286.150055999315,
7965,short,137.0251330008614,128,6286.129912001343,
7966,short,136.83330500134616,128,6286.117083000136,
7967,short,136.59219100009068,128,6286.101491001318,
7955,short,139.44628699755413,128,6289.146761999291,
7968,short,152.10386499893502,128,6301.98266500156,
7970,short,141.9174920010846,128,6299.390726999263,
7971,short,143.91781599988462,128,6300.5603379970125,
7972,short,144.20077000249876,128,6300.510209999629,
7973,short,145.0473700024304,128,6300.7382819996565,
7974,short,144.86670199767104,128,6300.7420750000165,
7975,short,142.71879499938223,128,6298.771267996926,
7969,short,149.3479090022447,128,6305.79111300176,
7977,short,135.9754469995096,128,6301.970517000882,
7978,short,135.76781600204413,128,6302.181253002345,
7979,short,135.58372399711516,128,6302.308931997686,
7980,short,135.33699099934893,128,6302.3558979984955,
7981,short,135.81581700054812,128,6302.603880001698,
7982,short,135.62868300141417,128,6302.8517279999505,
7983,short,135.38070600043284,128,6303.077029999258,
7984,short,135.20941299793776,128,6303.519231998507,
7985,short,134.7217250004178,128,6303.55273099849,
7976,short,138.1286200012255,128,6309.084950000397,
7987,short,142.72429100310546,128,6301.671348002856,
7988,short,141.8300180012011,128,6301.050188001682,
7989,short,141.6107129989541,128,6301.026516001002,
7990,short,142.04363300086698,128,6301.845039000909,
7991,short,141.8641199998092,128,6301.973958998133,
7992,short,141.43746400077362,128,6301.780847999908,
7993,short,141.37023599687382,128,6301.966533999803,
7994,short,141.20207199812285,128,6302.007828999194,
7995,short,140.94666600067285,128,6301.941165998869,
7996,short,140.77490199997555,128,6301.959032000013,
7997,short,140.5470419995254,128,6301.910571000917,
7998,short,140.34803100003046,128,6301.899735000916,
7999,short,138.2039749987598,128,6299.944522001169,
7986,short,146.5310599996883,128,6308.036075999553,
8000,short,140.30301800085,128,6302.732315998583,
8002,short,135.98389500111807,128,6301.69647799994,
8003,short,135.83918899894343,128,6302.350406000187,
8004,short,135.66092499968363,128,6302.3538240013295,
8005,short,135.7206650027365,128,6302.480163001746,
8006,short,135.55481799994595,128,6302.4539800026105,
8007,short,135.41580400124076,128,6302.442781998252,
8008,short,135.23358200109215,128,6302.426769998419,
8009,short,135.36831500096014,128,6302.515710001899,
8010,short,133.8760309990903,128,6301.154884997231,
8011,short,132.33666899759555,128,6300.99132399846,
8001,short,142.35873100187746,128,6308.879496998998,
8013,short,139.2530839984829,128,6303.526840001723,
8014,short,139.05865299966536,128,6303.5625140000775,
8015,short,138.91044200136093,128,6304.41255900223,
8016,short,138.77777199741104,128,6304.4705469983455,
8017,short,138.5818359995028,128,6304.436791000626,
8018,short,138.4836479992373,128,6304.348181998648,
8019,short,138.6939980002353,128,6304.410156000813,
8020,short,138.5916700019152,128,6304.379294000682,
8021,short,138.53527399987797,128,6304.407020001236,
8022,short,138.40335399800097,128,6304.45042700012,
8023,short,138.176514999941,128,6304.349944999558,
8024,short,138.29103499665507,128,6304.426941998827,
8025,short,138.16346100065857,128,6304.470128001412,
8026,short,138.0406509997556,128,6304.476574001455,
8027,short,135.0613450013043,128,6301.635456999065,
8012,short,145.48773500064272,128,6310.648467999272,
8028,short,145.88404599999194,128,6303.39506999735,
8029,short,145.71256599811022,128,6301.575366000179,
8030,short,146.96768399880966,128,6307.184432997019,
8031,short,151.32852900205762,128,6296.722873001272,
8032,short,140.79869199849782,128,6297.001810999063,
8033,short,139.63254500049516,128,6295.352369001193,
8035,short,141.52789500076324,128,6298.831807998795,
8036,short,141.11162400149624,128,6298.694293000153,
8037,short,140.82523999968544,128,6298.659157000657,
8038,short,140.37815399933606,128,6298.425068001961,
8039,short,133.5407260012289,128,6291.873218000546,
8034,short,142.9894709981454,128,6301.653629998327,
8040,short,146.6784229996847,128,6299.098540999694,
8041,short,148.4552310030267,128,6299.9738569997135,
8042,short,134.95845099896542,128,6299.239332998695,
8044,short,135.82491100169136,128,6300.620844998775,
8045,short,135.64022600257886,128,6300.711464002234,
8046,short,135.4532820005261,128,6300.8054710007855,
8047,short,135.21035600206233,128,6300.777513999492,
8048,short,135.05198699931498,128,6300.900460999401,
8049,short,134.78603000112344,128,6300.857778001955,
8050,short,133.86469099714304,128,6300.157207999291,
8043,short,136.78884700129856,128,6303.6612549985875,
8052,short,137.7640090031491,128,6300.612435999938,
8053,short,137.67982199715334,128,6300.7390040002065,
8054,short,137.4950909994368,128,6300.812739998946,
8055,short,137.30320600006962,128,6300.853254000685,
8056,short,137.12213799954043,128,6300.900352998724,
8057,short,136.94257699899026,128,6300.938231997861,
8058,short,136.76269400093588,128,6300.9754230006365,
8059,short,136.57401100135758,128,6301.010685001529,
8060,short,136.38928100044723,128,6301.049835998128,
8061,short,136.21191499987617,128,6301.138578000973,
8062,short,135.985665001499,128,6301.180384001782,
8063,short,135.7407930008776,128,6301.166085999284,
8051,short,138.90732700019726,128,6304.638438999973,
8064,short,155.84087800016277,128,6294.517089001602,
8066,short,143.093726997904,128,6293.718130997149,
8067,short,145.1883590016223,128,6294.93332399943,
8068,short,145.42835199972615,128,6294.899076001457,
8069,short,146.2102639998193,128,6295.154213999922,
8070,short,146.03101600005175,128,6295.170616998803,
8071,short,144.2397790015093,128,6293.566625001404,
8065,short,150.49282000109088,128,6300.191647002066,
8073,short,136.40353600203525,128,6291.804708002019,
8074,short,136.09319899842376,128,6291.823895000562,
8075,short,135.78890699864132,128,6291.730373999599,
8076,short,135.30710199847817,128,6291.43703599766,
8077,short,134.86505600303644,128,6292.055312002049,
8078,short,134.38807700003963,128,6291.817115001322,
8079,short,134.308360000432,128,6291.356664001796,
8080,short,133.819141999993,128,6291.063749999012,
8081,short,131.14470399887068,128,6288.597785998718,
8072,short,138.2019560005574,128,6295.862925999245,
8083,short,143.08529999834718,128,6294.406696997612,
8084,short,143.01101800083416,128,6294.682464998914,
8085,short,141.9387320020178,128,6293.8152460010315,
8086,short,142.22068099843455,128,6294.645341000432,
8087,short,141.98552800007747,128,6294.721080997988,
8088,short,141.55677600138006,128,6294.497306000267,
8089,short,141.499297998962,128,6294.647689999692,
8090,short,141.33647299968288,128,6294.676599998638,
8091,short,141.13486299902434,128,6294.646537000517,
8092,short,140.98085899968282,128,6294.677502999548,
8093,short,140.76773900160333,128,6294.643356999586,
8094,short,140.57867000155966,128,6294.643330002145,
8095,short,138.96286499948474,128,6293.214215002081,
8082,short,147.13316000052146,128,6301.030611997703,
8096,short,137.10346500010928,128,6292.749833002745,
8098,short,137.34811899848864,128,6292.346100999566,
8099,short,137.3780540016014,128,6293.044343001384,
8100,short,137.07577799868886,128,6292.985681997379,
8101,short,136.93951899767853,128,6293.05278999891,
8102,short,136.75417199920048,128,6293.082298998343,
8103,short,136.5271219983697,128,6293.0630989976635,
8104,short,136.25885700093932,128,6292.978999001207,
8105,short,136.82433199937805,128,6293.0491250008345,
8106,short,135.2269540002453,128,6291.630994001025,
8107,short,133.31993199972203,128,6289.938756999618,
8097,short,142.1830540020892,128,6299.542279000889,
8109,short,138.51368899850058,128,6291.840019999654,
8110,short,137.45928299977095,128,6291.117354998278,
8111,short,137.21123099821853,128,6291.070455998124,
8112,short,136.9934739996097,128,6291.893025998434,
8113,short,136.74176600034116,128,6291.8744910020905,
8114,short,136.47104800111265,128,6291.804792999756,
8115,short,136.38180999987526,128,6291.912083997886,
8116,short,136.19771000230685,128,6291.918122002244,
8117,short,135.98913800160517,128,6291.8958560003375,
8118,short,135.80796400128747,128,6291.895566999301,
8119,short,135.5429360010021,128,6291.807903002336,
8120,short,136.18873100131168,128,6291.852438000205,
8121,short,136.00704199780012,128,6291.86101400046,
8122,short,135.82425699860323,128,6291.862377998768,
8123,short,134.14075800028513,128,6290.362078998442,
8108,short,141.18396100093378,128,6298.266383000737,
8124,short,149.6730530016066,128,6291.613842000515,
8125,short,140.99045200055116,128,6290.821254999173,
8126,short,135.24961200164398,128,6288.205996002944,
8127,short,147.64793799986364,128,6294.654006000201,
8128,short,142.91724799841177,128,6293.967362998956,
8129,short,144.27714599878527,128,6295.128115998523,
8131,short,142.03036099934252,128,6292.556756998238,
8132,short,141.74685300167766,128,6292.602212000929,
8133,short,141.50255200001993,128,6292.58995499913,
8134,short,141.2220129968773,128,6292.507022997597,
8135,short,140.08343200111995,128,6291.578461001336,
8130,short,142.93745100076194,128,6294.926206999662,
8136,short,148.71303600011743,128,6293.010525001591,
8137,short,149.80715600177064,128,6295.5822240001,
8138,short,136.75866000266979,128,6294.334373000311,
8140,short,135.97921499967924,128,6292.922852000629,
8141,short,135.71050300015486,128,6293.00943799899,
8142,short,135.48791799985338,128,6292.99980200085,
8143,short,135.17532399782795,128,6292.932567997923,
8144,short,134.9620369983313,128,6292.976898999768,
8145,short,134.73324200094794,128,6292.939161001414,
8146,short,133.77701100034756,128,6292.16752299908,
8139,short,136.68148400029168,128,6295.620787997905,
8148,short,137.33170699924813,128,6292.050497999298,
8149,short,137.14764399992418,128,6292.168672996922,
8150,short,136.906376999832,128,6292.157033996773,
8151,short,136.67236599940225,128,6292.11679600121,
8152,short,136.4480709999043,128,6292.079537000973,
8153,short,136.22376300190808,128,6292.041762000736,
8154,short,135.99183300175355,128,6292.041751999932,
8155,short,135.74937700104783,128,6291.9969400027185,
8156,short,135.4855019999377,128,6291.920707000827,
8157,short,135.20949800295057,128,6291.8314230009855,
8158,short,134.97169599941117,128,6291.781167001318,
8159,short,134.27321299968753,128,6291.269238001405,
8147,short,138.18036099837627,128,6295.461098001397,
8160,short,151.4237619994674,128,6282.112173001224,
8162,short,142.66757199948188,128,6281.302886000049,
8163,short,144.73658099814202,128,6282.511803998204,
8164,short,144.94118499715114,128,6282.429651997518,
8165,short,145.70996100155753,128,6282.656564999343,
8166,short,145.52404999994906,128,6282.654521997756,
8167,short,143.57638399815187,128,6280.8858979988145,
8161,short,149.74996599994483,128,6287.70792999785,
8169,short,138.83250599974417,128,6282.202652000706,
8170,short,138.62556099775247,128,6282.249894997221,
8171,short,138.43720899967593,128,6282.259416999295,
8172,short,137.32819199867663,128,6281.335329000285,
8173,short,137.7645909997227,128,6281.293484000344,
8174,short,137.57727300253464,128,6281.302621002396,
8175,short,137.32070100013516,128,6281.236848997651,
8176,short,137.1469480000087,128,6281.258222999895,
8177,short,136.74368400097592,128,6281.04869299932,
8168,short,140.69711100091808,128,6285.197654000513,
8179,short,141.22734000193304,128,6280.979727001977,
8180,short,141.15583599777892,128,6282.014769996749,
8181,short,140.01660699796048,128,6281.133018997934,
8182,short,140.4286270008015,128,6281.011174000014,
8183,short,140.2328389995091,128,6281.046177999087,
8184,short,139.855618999718,128,6280.846031000692,
8185,short,139.8362179970718,128,6280.991560997791,
8186,short,139.6813999999722,128,6281.069344000571,
8187,short,139.472785001999,128,6281.048151002324,
8188,short,139.32027999908314,128,6281.078598000022,
8189,short,139.1083369999251,128,6281.043497001519,
8190,short,138.92218799810507,128,6281.03978499712,
8191,short,137.02397100132657,128,6279.320805002499,
8178,short,145.04217200010316,128,6287.160686999414,
8192,short,137.78589899811777,128,6282.016755998484,
8194,short,134.92785900234594,128,6280.986431000201,
8195,short,134.93183299942757,128,6281.5436300006695,
8196,short,134.68671000009635,128,6281.517023999186,
8197,short,134.53087200105074,128,6281.550126001093,
8198,short,134.3248470002436,128,6281.525300000794,
8199,short,134.14032600121573,128,6281.5337810025085,
8200,short,133.87997400059248,128,6281.451003000257,
8201,short,134.36568600081955,128,6281.514602000243,
8202,short,134.09637700169696,128,6281.420752999111,
8203,short,130.90175799879944,128,6279.620227000123,
8193,short,139.01967700076057,128,6287.639423000655,
8205,short,138.66198600226198,128,6282.125973000802,
8206,short,138.46340500094811,128,6282.879379003134,
8207,short,137.42150699908962,128,6282.058183998743,
8208,short,137.1912139984488,128,6282.011332998081,
8209,short,136.94137199854595,128,6281.954059999407,
8210,short,136.6674269993382,128,6281.8670900014695,
8211,short,136.5769440017175,128,6281.96921199924,
8212,short,136.39258799958043,128,6281.967041999451,
8213,short,136.23841899971012,128,6281.994951001252,
8214,short,136.09203600208275,128,6281.995222001569,
8215,short,135.81143199917278,128,6281.890338999801,
8216,short,135.70647300002747,128,6281.967635997717,
8217,short,135.51184400057537,128,6281.952625999111,
8218,short,135.32715100154746,128,6281.9429650007805,
8219,short,133.57154999903287,128,6280.362420999154,
8204,short,141.6391160018975,128,6288.658542998746,
8220,short,146.26325299832388,128,6282.449282000016,
8221,short,144.80222999918624,128,6281.852785999945,
8222,short,142.15082900045672,128,6284.174759999587,
8223,short,145.57840500128805,128,6283.84799199921,
8224,short,141.94896399931167,128,6284.2847219981195,
8225,short,144.706513001438,128,6284.498658002121,
8227,short,143.11750400156598,128,6283.799573000579,
8228,short,142.87926999895717,128,6283.851495001727,
8229,short,142.7175040007569,128,6283.894080002938,
8230,short,142.50083200022345,128,6283.859560000565,
8231,short,141.5419010008918,128,6283.086452000134,
8226,short,144.3967840023106,128,6286.028298000019,
8232,short,148.67846199922496,128,6286.4485179998155,
8233,short,146.06739199734875,128,6284.230037999805,
8234,short,136.48159099830082,128,6284.817456999008,
8236,short,136.30876500246814,128,6287.170706000325,
8237,short,136.13101599912625,128,6287.3387549989275,
8238,short,135.89223199960543,128,6287.309912000637,
8239,short,135.62851999813574,128,6287.230783000268,
8240,short,135.47219300016877,128,6287.294126002962,
8241,short,135.29521799864597,128,6287.311559997761,
8242,short,134.51348400121788,128,6286.710442000185,
8235,short,137.27510500029894,128,6289.84511499948,
8244,short,137.10186900061672,128,6286.924869000359,
8245,short,136.99717700001202,128,6287.097389998962,
8246,short,136.8116949997784,128,6287.123045000044,
8247,short,136.63216200075112,128,6287.126112998521,
8248,short,136.45307699698606,128,6287.126397997781,
8249,short,136.23700099924463,128,6287.101000998518,
8250,short,136.04714799657813,128,6287.093586997798,
8251,short,135.86701700114645,128,6287.093680999533,
8252,short,135.68736699744477,128,6287.092417998792,
8253,short,135.50935099920025,128,6287.090162000823,
8254,short,135.33065100273234,128,6287.090896003065,
8255,short,134.8153929975524,128,6286.777642999368,
8243,short,138.23636999950395,128,6290.358506998018,
8256,short,150.69779899931746,128,6300.7994380022865,
8258,short,141.19556299920077,128,6298.211801000434,
8259,short,143.07404700230109,128,6299.403380002332,
8260,short,143.34414399854722,128,6299.363615999027,
8261,short,144.10702399982256,128,6299.629041001026,
8262,short,143.92747999954736,128,6299.63904500255,
8263,short,142.0172600010119,128,6297.910362001858,
8257,short,148.8048319988593,128,6304.993405999994,
8265,short,138.36743399951956,128,6300.932737998664,
8266,short,138.17014600135735,128,6301.047244000074,
8267,short,137.98410199888167,128,6301.063535000139,
8268,short,138.4461490015383,128,6301.009824001085,
8269,short,138.25211400035187,128,6300.99807499937,
8270,short,138.0602090030152,128,6301.0005410033045,
8271,short,137.81744399966556,128,6300.948767999216,
8272,short,137.65142099873628,128,6300.980340998649,
8273,short,137.22067400158267,128,6300.742065999657,
8264,short,140.16678999905707,128,6304.343734998838,
8275,short,140.74909400005708,128,6299.952162000409,
8276,short,141.11689199853572,128,6300.186509997729,
8277,short,140.9373599999526,128,6300.207602998853,
8278,short,140.74931899813237,128,6301.035872998909,
8279,short,140.56975100174895,128,6301.151938001567,
8280,short,140.20586900005583,128,6300.976079997781,
8281,short,140.11217999723158,128,6301.102183999319,
8282,short,139.94840099985595,128,6301.131550000719,
8283,short,139.73909400010598,128,6301.105902999552,
8284,short,139.58472299782443,128,6301.142491000064,
8285,short,139.37683699987247,128,6301.128032999259,
8286,short,139.1941260008025,128,6301.139790997695,
8287,short,137.561267001729,128,6299.680555002851,
8274,short,145.30523599751177,128,6307.097028999124,
8288,short,136.46854299804545,128,6300.856207999459,
8290,short,135.2782300018589,128,6300.458925001294,
8291,short,135.28829099959694,128,6301.082351998048,
8292,short,135.0459969980875,128,6301.072662998195,
8293,short,134.92171500183758,128,6301.143101998605,
8294,short,134.72722199730924,128,6301.1320080004225,
8295,short,134.5392389994231,128,6301.122869001119,
8296,short,134.29918499969062,128,6301.060535999568,
8297,short,134.7128099987458,128,6301.120326999808,
8298,short,133.25913199878414,128,6299.845413999719,
8299,short,131.58710400239215,128,6299.619499000983,
8289,short,139.55454300230485,128,6307.391494003241,
8301,short,136.99385699874256,128,6301.74801999965,
8302,short,136.77541099968948,128,6301.828943000146,
8303,short,136.59040499987896,128,6301.845333000529,
8304,short,136.39839900133666,128,6302.674476002721,
8305,short,136.15886499974295,128,6302.6667650010495,
8306,short,135.88685399736278,128,6302.599642000132,
8307,short,135.79636299982667,128,6302.71937499856,
8308,short,135.61068600029103,128,6302.725139001268,
8309,short,135.45479199819965,128,6302.775493997615,
8310,short,135.27799999792478,128,6302.786121999816,
8311,short,135.85889999740175,128,6302.707364997332,
8312,short,135.76474900037283,128,6302.794254002947,
8313,short,135.59062100102892,128,6302.801677000389,
8314,short,135.41488899863907,128,6302.80706999838,
8315,short,133.2477390023996,128,6300.844158002292,
8300,short,140.281590000086,128,6309.837073000381,
8316,short,148.67414200125495,128,6302.4187209994125,
8317,short,146.79337999768904,128,6302.897063000273,
8318,short,142.47708699986106,128,6300.292173000344,
8319,short,145.6936169997789,128,6301.570180999988,
8320,short,144.1098699979193,128,6301.66754399761,
8321,short,144.44261900280253,128,6300.978980001673,
8323,short,143.87910799996462,128,6300.229410000611,
8324,short,143.649773002835,128,6300.27097600032,
8325,short,143.49223099998198,128,6300.36785899938,
8326,short,143.2802499984973,128,6300.361068999337,
8327,short,142.44798199797515,128,6299.720990999049,
8322,short,145.0782790016092,128,6302.4807709989545,
8328,short,149.71327099920018,128,6300.015647997498,
8329,short,149.13666899883538,128,6299.3856119974225,
8330,short,138.0165010014025,128,6299.808577001386,
8332,short,133.874133000063,128,6298.506625997106,
8333,short,133.6888510013523,128,6298.6670680002135,
8334,short,133.5050269990461,128,6298.691002000851,
8335,short,133.2493850022729,128,6298.7392130016815,
8336,short,133.09023599867942,128,6298.807686001965,
8337,short,132.90865599992685,128,6298.825819998456,
8338,short,132.15268299973104,128,6298.253051998472,
8331,short,134.79562800057465,128,6301.314599997568,
8340,short,137.3133589986537,128,6298.884853997151,
8341,short,137.22904499809374,128,6299.096536000434,
8342,short,137.04735499777598,128,6299.179227997229,
8343,short,136.8816140020499,128,6299.1998469988175,
8344,short,136.68350400257623,128,6299.186576001375,
8345,short,136.51058400137117,128,6299.187215001439,
8346,short,136.3315140006307,128,6299.188305998541,
8347,short,136.15456100160372,128,6299.261706000834,
8348,short,135.9786860011809,128,6299.276615001872,
8349,short,135.79987900084234,128,6299.28258200016,
8350,short,135.59693500064895,128,6299.262352000369,
8351,short,135.09219999832567,128,6298.9346089998435,
8339,short,138.47296200037817,128,6302.505339001073,
8352,short,151.62850900014746,128,6293.120870002895,
8354,short,142.6565820001997,128,6291.309628999443,
8355,short,144.63619000161998,128,6292.421124999237,
8356,short,144.84608600105275,128,6292.340553998656,
8357,short,145.6472619975102,128,6292.580479999742,
8358,short,145.46809900275548,128,6292.597627001669,
8359,short,143.20076399963,128,6290.518196998164,
8353,short,150.30273500087787,128,6297.897545999149,
8361,short,137.95304399900488,128,6292.74846699991,
8362,short,137.75458799864282,128,6292.829002999497,
8363,short,137.56801500130678,128,6292.840193000302,
8364,short,137.31990499945823,128,6292.776720998518,
8365,short,137.1218839994981,128,6292.776333997608,
8366,short,136.92842599994037,128,6292.774681001902,
8367,short,137.28965500195045,128,6292.717969001387,
8368,short,137.16466700134333,128,6292.741102002765,
8369,short,136.30171499971766,128,6292.066914000316,
8360,short,140.10278699788614,128,6296.081677999609,
8371,short,141.52315599858412,128,6292.525265998847,
8372,short,141.44669300003443,128,6293.544339001528,
8373,short,140.37505499800318,128,6292.715973999293,
8374,short,140.70508599979803,128,6292.6100510012475,
8375,short,140.50938299988047,128,6292.69437000039,
8376,short,140.13400000112597,128,6292.516808000073,
8377,short,140.09028000145918,128,6292.684971998824,
8378,short,139.93165200008661,128,6292.723155002022,
8379,short,139.71835800111876,128,6292.694351999671,
8380,short,139.54959600232542,128,6292.712466001831,
8381,short,139.33329400242656,128,6292.688805002399,
8382,short,139.14600099815289,128,6292.687598997873,
8383,short,137.45156200093334,128,6291.179891002685,
8370,short,145.6539579994569,128,6298.882979001064,
8384,short,136.76917599877925,128,6294.705066000461,
8386,short,136.64399899789714,128,6293.648994997056,
8387,short,136.70538700171164,128,6294.308986001852,
8388,short,136.4640719984891,128,6294.305475999863,
8389,short,136.34554999953252,128,6294.378967999364,
8390,short,136.1680920017534,128,6294.385872002749,
8391,short,135.99194600101328,128,6294.409379999706,
8392,short,135.7540839999274,128,6294.351253000059,
8393,short,136.22902299903217,128,6294.4134319986915,
8394,short,134.7355130019423,128,6293.095203000121,
8395,short,132.7223279986356,128,6292.596240000421,
8385,short,140.52070799880312,128,6300.42719300036,
8397,short,136.97338099882472,128,6293.705495001632,
8398,short,136.7745460011065,128,6293.862328999239,
8399,short,135.75249399946188,128,6293.053409001004,
8400,short,135.52545600032317,128,6293.023895999795,
8401,short,135.2760230001877,128,6293.875683000806,
8402,short,134.9996339995414,128,6293.846542997926,
8403,short,134.90939199982677,128,6293.9642800010915,
8404,short,134.70437199794105,128,6293.955086999631,
8405,short,134.54141500187689,128,6293.982019000396,
8406,short,134.3723569989379,128,6293.9849860013055,
8407,short,134.10663600006956,128,6293.897873998503,
8408,short,133.99902899982408,128,6293.984955998894,
8409,short,133.81909400050063,128,6293.986024997139,
8410,short,133.6135199999262,128,6293.956238998362,
8411,short,131.601673001569,128,6291.32849600137,
8396,short,139.93216099697747,128,6300.40332399949,
8412,short,145.7680089988571,128,6292.931543997838,
8413,short,146.18765299746883,128,6292.535956999927,
8414,short,143.1605510006193,128,6293.580860001384,
8415,short,144.7102679994714,128,6295.794327001204,
8416,short,142.44584599873633,128,6296.651698001369,
8417,short,142.8539720000117,128,6293.802110998513,
8419,short,143.23393300219323,128,6293.390470000304,
8420,short,142.95376399968518,128,6293.4359409991885,
8421,short,142.77416299955803,128,6293.485182999575,
8422,short,142.55712299927836,128,6293.457234001835,
8423,short,141.72549000068102,128,6292.850019999605,
8418,short,144.35115699961898,128,6295.700989001489,
8424,short,148.7113360017247,128,6293.149645000085,
8425,short,149.1791970001941,128,6293.549802998314,
8426,short,138.58954099850962,128,6292.777725000633,
8428,short,135.80806300160475,128,6291.165402002662,
8429,short,135.5484979976609,128,6291.243028997997,
8430,short,135.32516099803615,128,6291.224373999285,
8431,short,135.0658299998031,128,6291.151331002766,
8432,short,134.89829299942357,128,6291.202478998457,
8433,short,134.71611199929612,128,6291.202419000911,
8434,short,133.97059599810746,128,6290.634285000124,
8427,short,136.7078940020292,128,6293.798251001135,
8436,short,137.9102149985556,128,6292.307804000302,
8437,short,137.77576700158534,128,6292.460101998586,
8438,short,137.57716200052528,128,6292.485902002227,
8439,short,137.39257300039753,128,6292.491666998103,
8440,short,137.2102859968436,128,6292.505712997809,
8441,short,137.0294799999101,128,6292.520097998931,
8442,short,136.77935899977456,128,6292.448148000403,
8443,short,136.59183399795438,128,6292.440028999408,
8444,short,136.40749800106278,128,6292.431775000296,
8445,short,136.2249569974665,128,6292.425068997545,
8446,short,136.0441630022251,128,6292.423039001733,
8447,short,135.52626700038672,128,6292.083215001185,
8435,short,139.04846000150428,128,6295.737644002656,
8448,short,150.85235600054148,128,6290.280314999109,
8450,short,142.82440500028315,128,6290.284755999892,
8451,short,144.75676700021722,128,6291.5148319989385,
8452,short,144.98353199815028,128,6291.450798998994,
8453,short,145.75993700054823,128,6291.6909029991075,
8454,short,145.57178899849532,128,6291.692162998515,
8455,short,143.36946299954434,128,6289.6906819987635,
8449,short,150.4200060007861,128,6296.9023840014415,
8457,short,140.41590199849452,128,6290.052606997051,
8458,short,140.22190499963472,128,6291.070614999626,
8459,short,140.03949900143198,128,6291.132793001452,
8460,short,139.79547299823025,128,6291.078432997892,
8461,short,139.60436300112633,128,6291.097114000877,
8462,short,139.41441399947507,128,6291.098018002231,
8463,short,139.1733429991291,128,6291.050969997741,
8464,short,139.50758700229926,128,6291.077722002228,
8465,short,138.7205819992232,128,6290.473731998645,
8456,short,142.36806099870591,128,6294.353362998663,
8467,short,142.3901839989412,128,6290.73577699819,
8468,short,142.28316599837854,128,6290.977435000968,
8469,short,142.09772199683357,128,6290.995621999173,
8470,short,142.48290700197686,128,6291.744801001187,
8471,short,142.28892900064238,128,6291.842182999972,
8472,short,141.90371800214052,128,6291.643518001365,
8473,short,141.85667499987176,128,6291.808891997789,
8474,short,141.69782099997974,128,6291.846600997815,
8475,short,141.4754270008416,128,6291.806838999037,
8476,short,141.31797300069593,128,6291.867739000736,
8477,short,141.10694200280705,128,6291.907146001904,
8478,short,140.93190700077685,128,6291.92103600144,
8479,short,139.14024000041536,128,6290.319433999684,
8466,short,147.65663000071072,128,6298.1677549978485,
8480,short,136.92030799938948,128,6289.997005998885,
8482,short,134.4696189989918,128,6289.655297001445,
8483,short,134.43203600036213,128,6290.267054999276,
8484,short,134.18680500035407,128,6290.237479999632,
8485,short,134.0616420020524,128,6290.299676002178,
8486,short,133.86161000016727,128,6290.280469998834,
8487,short,133.6820299984538,128,6290.283754999109,
8488,short,133.44202199732536,128,6290.219460999651,
8489,short,133.80422699992778,128,6290.278632000991,
8490,short,132.23381599891582,128,6288.888112001587,
8491,short,130.57301699882373,128,6288.763746997574,
8481,short,138.26685000094585,128,6296.437958000752,
8493,short,135.63651200092863,128,6289.287993000471,
8494,short,135.42792500084033,128,6289.382744002069,
8495,short,135.21563099857303,128,6290.192721000494,
8496,short,134.1226939985063,128,6289.330638999672,
8497,short,133.82877399999416,128,6289.2248399984965,
8498,short,133.5469980003836,128,6289.143026999227,
8499,short,133.44990800032974,128,6289.25183300089,
8500,short,133.2587879987841,128,6289.254160001292,
8501,short,133.0988250010705,128,6289.296919003391,
8502,short,132.92925200221362,128,6289.313749002758,
8503,short,132.6599990024988,128,6289.23000800205,
8504,short,133.36963099936838,128,6289.315263999015,
8505,short,133.19587699879776,128,6289.320775998931,
8506,short,133.02305999968667,128,6289.326787999016,
8507,short,131.08973999987938,128,6287.572974997602,
8492,short,138.26388400048018,128,6295.856819997425,
8508,short,147.2369980001531,128,6291.94061599992,
8509,short,148.68304899937357,128,6291.965405998781,
8510,short,144.0404179993493,128,6287.6489230002335,
8511,short,142.6685210026335,128,6285.0502930014045,
8512,short,138.9350919998833,128,6284.90634300033,
8513,short,142.5922560010804,128,6287.496339999052,
8515,short,142.2339689997898,128,6288.807654000266,
8516,short,141.99681600075564,128,6288.840999000968,
8517,short,141.83532099923468,128,6288.944366999203,
8518,short,141.5873379992263,128,6288.911081999686,
8519,short,140.71971800149186,128,6288.273803002085,
8514,short,143.4394030002295,128,6291.3145259990415,
8520,short,146.94054700157722,128,6288.357830999303,
8521,short,148.20975800103042,128,6288.8057330019365,
8522,short,136.39390399839613,128,6290.431998000713,
8524,short,136.94909600235405,128,6289.651500999753,
8525,short,136.7732819999219,128,6289.763971002685,
8526,short,136.58846000180347,128,6289.834308001446,
8527,short,136.34739599729073,128,6289.799851998396,
8528,short,136.1909819970606,128,6289.897796999867,
8529,short,136.01490600194666,128,6289.941397000803,
8530,short,135.2833599994483,128,6289.425312999811,
8523,short,137.84500999827287,128,6292.496843998379,
8532,short,138.9000120034325,128,6288.525918000232,
8533,short,138.80025500111515,128,6288.627919999271,
8534,short,138.61045900193858,128,6288.721750999684,
8535,short,138.403171000391,128,6288.748744002078,
8536,short,138.21774499956518,128,6288.78724599781,
8537,short,138.03695399838034,128,6288.82525699737,
8538,short,137.85640800051624,128,6288.896538000699,
8539,short,137.6784560015949,128,6288.940788002947,
8540,short,137.50138899922604,128,6288.991826997517,
8541,short,137.3221879985067,128,6289.0467010001885,
8542,short,137.1431699990353,128,6289.087917997676,
8543,short,136.70880499921623,128,6288.865872000315,
8531,short,140.01010100037092,128,6292.383931002405,
8544,short,151.93845300018438,128,6298.923081001703,
8546,short,142.93904299847782,128,6297.0929959992645,
8547,short,144.9074770025618,128,6298.441934999573,
8548,short,145.12098499835702,128,6298.416073997942,
8549,short,146.0152770014247,128,6298.672970002372,
8550,short,145.81488799740328,128,6298.6637849971885,
8551,short,143.6351430020295,128,6296.668730999954,
8545,short,150.3317889983009,128,6303.997981998691,
8553,short,138.56867299909936,128,6297.331372999906,
8554,short,138.3290500016301,128,6297.438757999771,
8555,short,138.12879199758754,128,6297.455900999921,
8556,short,137.88236000254983,128,6297.399740000401,
8557,short,138.42420999935712,128,6297.410579998541,
8558,short,138.2390819999273,128,6298.286151999491,
8559,short,138.00040899877786,128,6298.387091999757,
8560,short,137.8346359997522,128,6298.442071001773,
8561,short,137.0597759996599,128,6297.878859000775,
8552,short,141.69438399767387,128,6302.701253000123,
8563,short,141.04121499985922,128,6298.643045000063,
8564,short,140.97861899790587,128,6298.9892449986655,
8565,short,139.9452250007016,128,6298.212965000857,
8566,short,140.34428900049534,128,6298.125363999134,
8567,short,140.16018500115024,128,6299.142027000926,
8568,short,139.78436300021713,128,6298.990469000273,
8569,short,139.7474149998743,128,6299.15016599989,
8570,short,139.59230000182288,128,6299.191220001376,
8571,short,139.34931100084214,128,6299.149265003507,
8572,short,139.12685199829866,128,6299.121637999633,
8573,short,138.90484800140257,128,6299.080674001743,
8574,short,138.72773199909716,128,6299.0817579993745,
8575,short,136.7835829987598,128,6297.323145998234,
8562,short,145.6729159981478,128,6305.379837998771,
8576,short,137.2159290003765,128,6299.183725001058,
8578,short,136.0550300014438,128,6297.896015999868,
8579,short,136.1373130021093,128,6298.593678002362,
8580,short,135.9004139994795,128,6298.582750998321,
8581,short,135.78386600056547,128,6298.669350999262,
8582,short,135.60365599914803,128,6298.6748029979935,
8583,short,135.42827299897908,128,6298.681958000088,
8584,short,135.1901470006851,128,6298.624347000441,
8585,short,135.08924200141337,128,6298.685870002373,
8586,short,134.1115310024179,128,6297.275354001613,
8587,short,132.42334200185724,128,6297.084941001231,
8577,short,140.3672260021267,128,6304.732448003051,
8589,short,139.1749569993408,128,6298.697892998462,
8590,short,138.21123199886642,128,6298.012931001722,
8591,short,138.03972400273778,128,6298.084168000059,
8592,short,137.9089699985343,128,6298.097407001478,
8593,short,137.71695900140912,128,6298.971787000482,
8594,short,137.6150289979705,128,6298.953012999846,
8595,short,137.8928679987439,128,6299.06222900172,
8596,short,137.82148199970834,128,6299.063885999203,
8597,short,137.76477499777684,128,6299.084498998127,
8598,short,137.6361500006169,128,6299.080042001151,
8599,short,137.42658000046504,128,6298.994186003256,
8600,short,137.5448079998023,128,6299.078767999163,
8601,short,137.42045300023165,128,6299.162578001415,
8602,short,137.2965970003861,128,6299.169654001162,
8603,short,135.45985400196514,128,6297.454856001423,
8588,short,144.4924870011164,128,6305.278438001551,
8604,short,141.99203099997249,128,6297.590867998224,
8605,short,142.4642860001768,128,6299.292185998638,
8606,short,143.2094590018096,128,6302.401600001758,
8607,short,147.5251379997644,128,6303.448667997145,
8608,short,142.40925099875312,128,6302.16339099934,
8609,short,143.92426499762223,128,6302.727946997038,
8611,short,143.87899100256618,128,6302.561532000254,
8612,short,143.583918998047,128,6302.6294319970475,
8613,short,143.37768599943956,128,6302.661744000943,
8614,short,143.1162700027926,128,6303.440829000465,
8615,short,142.11986400187016,128,6302.716153000802,
8610,short,144.7298849998333,128,6305.7481859978,
8616,short,148.81727299871272,128,6307.3666599993885,
8617,short,148.77345900094952,128,6304.414793001342,
8618,short,135.212851997494,128,6304.137044997333,
8620,short,133.37042200146243,128,6300.81474599865,
8621,short,133.12668700018548,128,6301.074720002362,
8622,short,132.91006899817148,128,6301.198201999796,
8623,short,132.62144399777753,128,6301.252880999527,
8624,short,132.40762499845005,128,6301.512168000045,
8625,short,132.18423000216717,128,6301.592309999251,
8626,short,131.36316999953124,128,6301.070191999315,
8619,short,134.00210899999365,128,6308.799243000976,
8628,short,136.90819600014947,128,6300.816348000808,
8629,short,136.69990099879215,128,6300.858394999523,
8630,short,136.4589939985308,128,6300.827012997615,
8631,short,136.22779499928583,128,6300.78815899833,
8632,short,136.0016020007606,128,6300.748423000186,
8633,short,135.74185499965097,128,6300.672645000304,
8634,short,135.51268000082928,128,6300.628001001314,
8635,short,135.26877999902354,128,6300.570625000546,
8636,short,135.03772100011702,128,6300.520429998869,
8637,short,134.8104600001534,128,6300.4755309993925,
8638,short,134.58054099828587,128,6300.4287160001695,
8639,short,134.07294399803504,128,6300.104988000385,
8627,short,137.66890699844225,128,6303.9367079982185,
8640,short,151.71079300125712,128,6288.637532001303,
8642,short,143.3195479985443,128,6285.751383999013,
8643,short,145.4237079997256,128,6286.843803998636,
8644,short,145.65751700138208,128,6286.775169002794,
8645,short,146.4488399979018,128,6287.001609998697,
8646,short,146.26596399830305,128,6287.005176000093,
8647,short,144.0480640012538,128,6284.966790000908,
8641,short,150.84724400003324,128,6292.300545999751,
8650,short,142.79583799725515,128,6289.059639999323,
8649,short,143.010741998296,128,6289.7149290001835,
8651,short,142.6052280003205,128,6289.597859002242,
8652,short,142.35514199754107,128,6289.639926999371,
8653,short,141.2862849974772,128,6288.98550699887,
8654,short,140.94597400253406,128,6289.070663002349,
8655,short,140.66431500032195,128,6289.215159002197,
8656,short,140.48725700195064,128,6289.5791420014575,
8657,short,140.21757099908427,128,6289.325747999101,
8648,short,144.97305999975652,128,6296.095885001705,
8659,short,140.62755999839283,128,6286.605324999982,
8660,short,141.00956600304926,128,6286.838461001025,
8661,short,140.81870899826754,128,6286.863303997961,
8662,short,139.66511499893386,128,6286.718576000567,
8663,short,139.4347379973624,128,6286.790355999983,
8664,short,139.0554149984382,128,6286.596695998014,
8665,short,139.0062710015627,128,6286.748825001268,
8666,short,138.82864200058975,128,6286.767047000467,
8667,short,138.6095519992523,128,6286.729818999447,
8668,short,138.4537830017507,128,6286.760112001502,
8669,short,138.2397650013445,128,6286.762438998267,
8670,short,139.10777300043264,128,6286.769877999177,
8671,short,137.28899800116778,128,6285.137113001838,
8658,short,144.9578029969416,128,6293.298846998368,
8672,short,138.08281800083932,128,6286.866687001748,
8674,short,136.1088400008157,128,6286.283582001488,
8675,short,136.19450799888,128,6286.853629000689,
8676,short,135.9493010022561,128,6286.8425529995875,
8677,short,135.82615999985137,128,6286.9281390012475,
8678,short,135.64454000152182,128,6286.931037000613,
8679,short,135.465083996678,128,6286.928543999238,
8680,short,135.22296200244455,128,6286.861622000288,
8681,short,135.11979000031715,128,6286.930327001755,
8682,short,133.5568839967891,128,6285.545742997783,
8683,short,132.5205430002825,128,6285.250861001259,
8673,short,140.90523699996993,128,6293.296395000652,
8685,short,139.04564999756985,128,6285.95786599908,
8686,short,138.75198300229385,128,6285.905017000914,
8687,short,138.55292399966856,128,6286.648434001108,
8688,short,137.42520400046487,128,6285.742060998018,
8689,short,137.12010999734048,128,6285.622407998744,
8690,short,136.8357549981738,128,6285.542014000384,
8691,short,136.74333700328134,128,6285.639413999888,
8692,short,136.54999799837242,128,6285.633996998513,
8693,short,136.39262399738072,128,6285.660893998283,
8694,short,136.2138770018646,128,6285.661837999214,
8695,short,135.8966190018691,128,6285.5205119994935,
8696,short,135.75175900041359,128,6285.564525001973,
8697,short,135.5662720015971,128,6285.55821700138,
8698,short,135.38738399802241,128,6285.55586499715,
8699,short,133.77489100093953,128,6284.11708099884,
8684,short,141.60935299878474,128,6293.14694599816,
8700,short,147.46366100007435,128,6287.1977539980435,
8701,short,145.5951659991115,128,6287.588555998809,
8702,short,144.21789399784757,128,6286.699503998534,
8703,short,147.00682500188123,128,6284.809410000889,
8704,short,150.3916699984984,128,6284.836692997487,
8705,short,145.4876290008542,128,6284.375080002064,
8707,short,142.7921949980373,128,6283.435639998061,
8708,short,142.60162500067963,128,6283.512216999952,
8709,short,141.7011330013338,128,6282.713287000661,
8710,short,141.4830809990235,128,6282.6222389994655,
8711,short,140.76037599807023,128,6281.973745000869,
8706,short,145.88851000007708,128,6285.667314998136,
8712,short,147.78751700214343,128,6283.56531800091,
8713,short,144.87542699862388,128,6286.097496998991,
8714,short,135.06681400031084,128,6280.548677001207,
8716,short,138.4500839994871,128,6281.7843490011,
8717,short,138.2628730025317,128,6281.707948000985,
8718,short,137.98397199934698,128,6281.601175000105,
8719,short,137.56181599819683,128,6281.339162000222,
8720,short,137.40119800058892,128,6281.330981000792,
8721,short,137.1667300008994,128,6281.277417001547,
8722,short,131.977986999118,128,6276.250349001202,
8715,short,140.48517899936996,128,6284.678585998336,
8724,short,141.30148599724635,128,6283.198793997144,
8725,short,141.5521999988414,128,6283.283875000052,
8726,short,141.42575400182977,128,6283.341361002385,
8727,short,141.3041810010327,128,6283.388132000255,
8728,short,141.184643998713,128,6283.439617000113,
8729,short,141.0607580000942,128,6283.480060999864,
8730,short,140.93854100065073,128,6283.521211000334,
8731,short,140.81901000099606,128,6283.568623999599,
8732,short,140.7082099976833,128,6283.619874000578,
8733,short,140.58939200185705,128,6283.66882300179,
8734,short,140.47685200057458,128,6283.714056000463,
8735,short,140.15659100186895,128,6283.550037001987,
8723,short,143.80483199784067,128,6286.782014998607,
8736,short,155.0245439975697,128,6281.916956999339,
8738,short,143.16637000229093,128,6281.594537002093,
8739,short,145.17115299895522,128,6282.821206998051,
8740,short,145.40572999976575,128,6282.7813049989345,
8741,short,146.29832499849726,128,6283.047156997782,
8742,short,146.12049400238902,128,6283.058345001336,
8743,short,144.1020109996316,128,6281.221454999468,
8737,short,150.42986600019503,128,6288.091879003332,
8745,short,139.14277299772948,128,6281.174113999441,
8746,short,138.8333729992155,128,6281.115075998969,
8747,short,138.54174200241687,128,6281.020624999655,
8748,short,138.07346600151504,128,6280.735632000869,
8749,short,137.64772600188735,128,6280.500619999657,
8750,short,137.22096600031364,128,6280.264182001702,
8751,short,137.25398599854088,128,6279.8605040006805,
8752,short,136.81058300062432,128,6279.596757998661,
8753,short,134.2653669998981,128,6277.241759999015,
8744,short,141.29048500035424,128,6284.413538000081,
8755,short,140.76750000094762,128,6280.579600999772,
8756,short,140.67715300188866,128,6281.636471001548,
8757,short,139.60905899875797,128,6280.807111998001,
8758,short,139.91064299989375,128,6280.694848999701,
8759,short,139.72502300021006,128,6280.748647001019,
8760,short,139.35111399769085,128,6280.552885000361,
8761,short,139.30000899927109,128,6280.738401997951,
8762,short,139.139264003461,128,6280.782184003328,
8763,short,138.92754200060153,128,6280.764952000027,
8764,short,138.73405299818842,128,6280.7596790007665,
8765,short,138.51482799873338,128,6280.72044199871,
8766,short,138.31482800014783,128,6280.705145996762,
8767,short,136.4266900018265,128,6278.9986730022065,
8754,short,144.68006400056765,128,6287.0388430019375,
8768,short,138.70022700211848,128,6286.060025002371,
8770,short,137.10679699943285,128,6285.084765997453,
8771,short,137.1148930011259,128,6285.699467000086,
8772,short,136.86216899805004,128,6285.673238999152,
8773,short,136.73970300078508,128,6285.811436999211,
8774,short,136.56488600099692,128,6285.824370999762,
8775,short,136.37984700108063,128,6285.817528001644,
8776,short,136.14033100020606,128,6285.7561109995,
8777,short,136.59907200053567,128,6285.816438001348,
8778,short,135.13019600213738,128,6284.524506001617,
8779,short,133.11375999910524,128,6283.985835001658,
8769,short,141.61826300187386,128,6292.097478002688,
8781,short,139.58164399809903,128,6285.268603998702,
8782,short,138.63731600213214,128,6285.276875001728,
8783,short,138.4173330006888,128,6285.2777510015585,
8784,short,138.2327740029723,128,6285.2781920009875,
8785,short,137.97797100050957,128,6285.205013999075,
8786,short,137.71310200172593,128,6285.133317000145,
8787,short,137.62282300012885,128,6285.243831000116,
8788,short,137.4374250008259,128,6285.250665001513,
8789,short,137.27987600213964,128,6285.282610002469,
8790,short,137.10145400182228,128,6285.283927001728,
8791,short,136.84236300105113,128,6285.203267001634,
8792,short,137.514640999143,128,6285.342089999176,
8793,short,137.35610500225448,128,6285.352950002562,
8794,short,137.18390299982275,128,6285.356931999559,
8795,short,134.42675199985388,128,6282.774651997897,
8780,short,142.43940899905283,128,6291.723604997969,
8796,short,146.23009400020237,128,6283.712975000526,
8797,short,143.57018599912408,128,6282.960265998554,
8798,short,141.1777700013772,128,6284.573334000015,
8799,short,145.5454169990844,128,6286.489431000518,
8800,short,145.97800300180097,128,6286.690062999696,
8801,short,148.58453900160384,128,6287.69400300007,
8803,short,141.96318299946142,128,6288.968074000877,
8804,short,141.72051599962288,128,6289.042575001076,
8805,short,141.54159800091293,128,6289.106227002776,
8806,short,141.32309400156373,128,6289.083534000383,
8807,short,140.53698499992606,128,6288.507818000653,
8802,short,142.756498997187,128,6291.1939619989425,
8808,short,141.2350869977672,128,6285.426373997325,
8809,short,142.77806900281576,128,6285.431331001746,
8810,short,136.76475299871527,128,6290.200452000136,
8812,short,137.1715099994617,128,6291.795725999691,
8813,short,136.95247000214295,128,6291.865500999847,
8814,short,136.72753400169313,128,6291.844192001008,
8815,short,136.41987899973174,128,6291.728479001904,
8816,short,136.20194400209584,128,6291.742208002688,
8817,short,135.97514200228034,128,6291.7036680009915,
8818,short,135.1929829979781,128,6291.1082609971345,
8811,short,137.71626599918818,128,6294.08665200026,
8820,short,136.1413740014541,128,6290.643997002917,
8821,short,135.96775900077773,128,6290.7259540006635,
8822,short,135.73424700007308,128,6290.69934799918,
8823,short,135.50194399795146,128,6290.655809996679,
8824,short,135.27466599771287,128,6290.615591999085,
8825,short,135.04691100024502,128,6290.572546000476,
8826,short,134.81850600146572,128,6290.528812001867,
8827,short,134.58511299904785,128,6290.478364997398,
8828,short,134.35295499948552,128,6290.4274399988935,
8829,short,134.12293800138286,128,6290.379866000876,
8830,short,133.91696499820682,128,6290.3350759988825,
8831,short,133.47063900073408,128,6290.069411999866,
8819,short,136.85790200179326,128,6293.661747000442,
8832,short,151.08429999963846,128,6293.518160997337,
8834,short,141.08784300333355,128,6290.967717002786,
8835,short,142.91840299847536,128,6292.227902999002,
8836,short,143.14476599975023,128,6292.153548998613,
8837,short,143.9078059993335,128,6292.426512998645,
8838,short,143.72711599935428,128,6292.440175999218,
8839,short,141.6898770003172,128,6290.584516998933,
8833,short,148.22823199938284,128,6297.588123001333,
8842,short,137.88040899817133,128,6292.784084998857,
8841,short,138.0760639985965,128,6293.33903099905,
8843,short,137.69731000138563,128,6293.147268999746,
8844,short,137.45567799924174,128,6293.13060700224,
8845,short,137.27138299873332,128,6293.143983999471,
8846,short,137.65255600083037,128,6293.1712250028795,
8847,short,137.41120899794623,128,6293.129098998179,
8848,short,137.23230399773456,128,6293.15829999905,
8849,short,136.57821000015247,128,6292.708704000688,
8840,short,139.91313999940758,128,6296.268807996967,
8851,short,144.71702100127004,128,6292.363788001239,
8852,short,144.62197399916477,128,6292.586351999489,
8853,short,144.43813800244243,128,6293.448421001813,
8854,short,144.90207400012878,128,6293.506423997314,
8855,short,144.71387899902766,128,6293.569131998083,
8856,short,144.32154899986926,128,6293.357082002331,
8857,short,144.2848420010705,128,6293.49662200184,
8858,short,144.11578399813152,128,6293.51693100034,
8859,short,143.90654799717595,128,6293.4873969970795,
8860,short,143.75209799982258,128,6293.517796999367,
8861,short,143.5460319989943,128,6293.501080999704,
8862,short,143.3658470014052,128,6293.506286001502,
8863,short,141.50092899944866,128,6291.814403997705,
8850,short,149.64810899982695,128,6299.703732998751,
8864,short,136.31419299781555,128,6291.062060998229,
8866,short,134.0675569990708,128,6290.482502998202,
8867,short,134.04741799968178,128,6291.2205520005955,
8868,short,133.72975799939013,128,6291.128798999125,
8869,short,133.5979360010242,128,6291.190803000063,
8870,short,133.41854499958572,128,6291.195611000148,
8871,short,133.24131700210273,128,6291.199177001545,
8872,short,133.00178200006485,128,6291.138890002912,
8873,short,133.41073199990205,128,6291.202960001101,
8874,short,131.87753499732935,128,6289.92310600006,
8875,short,129.95321600101306,128,6288.183190001291,
8865,short,138.51932200122974,128,6297.563893000188,
8877,short,137.1570970004541,128,6291.627704002167,
8878,short,136.93935199989937,128,6291.696080999827,
8879,short,136.75451300150598,128,6292.5645610012,
8880,short,136.57322799917893,128,6292.619588999514,
8881,short,136.33146600113832,128,6292.575969000609,
8882,short,136.05656400250155,128,6292.497207999986,
8883,short,135.95694600007846,128,6292.60382999928,
8884,short,135.76684899817337,128,6292.6070030007395,
8885,short,135.6122309989587,128,6292.638809998607,
8886,short,135.43339600073523,128,6292.638671999157,
8887,short,135.11420999930124,128,6292.494203000388,
8888,short,135.79335100075696,128,6292.5828989973525,
8889,short,135.61810000101104,128,6292.5907659991935,
8890,short,135.44270499915,128,6292.590326000209,
8891,short,133.33514699843363,128,6290.658353998879,
8876,short,140.6867890000285,128,6298.923557998933,
8892,short,148.14335600021877,128,6293.930347001151,
8893,short,146.43471599993063,128,6292.124698000407,
8894,short,144.04268100042827,128,6290.6610970021575,
8895,short,147.820893998869,128,6291.984244002379,
8896,short,145.68053299808525,128,6291.852513997583,
8897,short,145.01498600293417,128,6290.801461000228,
8899,short,142.58922999943024,128,6288.9437490011915,
8900,short,142.3421799991047,128,6289.023050998367,
8901,short,142.17911800005822,128,6289.088017998438,
8902,short,141.96461499886937,128,6289.058676997229,
8903,short,141.17743200040422,128,6288.465255001938,
8898,short,144.19671799987555,128,6291.490538998914,
8904,short,147.52887899885536,128,6288.694527996995,
8905,short,147.77446699736174,128,6288.504258998728,
8906,short,137.37167399813188,128,6290.034434998233,
8908,short,135.24312999652466,128,6289.465268997446,
8909,short,135.07190800009994,128,6289.637958998355,
8910,short,134.8877230011567,128,6289.666385000601,
8911,short,134.64771999861114,128,6289.61463199812,
8912,short,134.49186900106724,128,6289.684152001428,
8913,short,134.3133489972388,128,6289.690197998425,
8914,short,133.72996800171677,128,6289.287987001444,
8907,short,135.939588999463,128,6291.907735001587,
8916,short,139.20839699858334,128,6289.0786309981195,
8917,short,139.12612499916577,128,6289.23461299928,
8918,short,138.9455940006883,128,6289.257468000869,
8919,short,138.76637000066694,128,6289.259613000468,
8920,short,138.59056800356484,128,6289.262896003493,
8921,short,138.41375400079414,128,6289.277367002796,
8922,short,138.23685299939825,128,6289.280011998926,
8923,short,138.06441999986419,128,6289.286238999921,
8924,short,137.8892199973052,128,6289.287607000006,
8925,short,137.71296499908203,128,6289.289850999921,
8926,short,137.53821899808827,128,6289.291959998081,
8927,short,137.2081529989373,128,6289.138598000136,
8915,short,140.106664999621,128,6292.167489002168,
8928,short,151.00195400009397,128,6285.6579779981985,
8930,short,142.04648199665826,128,6284.61827999854,
8931,short,144.0451230009785,128,6285.763252999459,
8932,short,144.22399800241692,128,6285.657912001625,
8933,short,144.99871199950576,128,6285.89157299939,
8934,short,144.81829199939966,128,6285.959724998975,
8935,short,142.81012100036605,128,6284.141674997954,
8929,short,149.39701100229286,128,6291.2721169996075,
8937,short,138.2092220010236,128,6286.193248000927,
8938,short,138.00214399816468,128,6286.250033997931,
8939,short,137.77689400012605,128,6286.314122000476,
8940,short,137.52386399937677,128,6286.265487000492,
8941,short,137.96672500029672,128,6286.303533997852,
8942,short,137.77607200245257,128,6286.307742000645,
8943,short,137.53248899956816,128,6286.2574819992005,
8944,short,137.35916699806694,128,6286.282236000261,
8945,short,136.70114599881344,128,6285.819263001031,
8936,short,140.2357689985365,128,6289.525717998913,
8947,short,142.8568190021906,128,6287.333091000619,
8948,short,141.94082200265257,128,6286.7625820035755,
8949,short,141.64704499853542,128,6287.567051000224,
8950,short,142.04196799983038,128,6287.599057999614,
8951,short,141.86265100215678,128,6287.677212003473,
8952,short,141.51056700211484,128,6287.496111002838,
8953,short,141.47984600276686,128,6287.653308001609,
8954,short,141.32570699803182,128,6287.687715001084,
8955,short,141.10593899749801,128,6287.651908998669,
8956,short,140.95190499938326,128,6287.684973001888,
8957,short,140.7432680025522,128,6287.657860000763,
8958,short,140.56270199944265,128,6287.66456700032,
8959,short,138.6583849998715,128,6285.9487919995445,
8946,short,147.046264999517,128,6293.949851002253,
8960,short,137.49128299969016,128,6285.046009001235,
8962,short,134.86675600142917,128,6284.253273002832,
8963,short,134.84772800075007,128,6284.905487002106,
8964,short,134.60524900074233,128,6284.894142001576,
8965,short,134.480339998845,128,6284.965702998306,
8966,short,134.3014839985699,128,6284.971728000528,
8967,short,134.1235729996697,128,6284.973350000655,
8968,short,133.87896600033855,128,6284.909019999759,
8969,short,134.17503999880864,128,6284.895638000307,
8970,short,133.8993630015466,128,6284.810411001672,
8971,short,130.75871399996686,128,6283.130119001726,
8961,short,139.2767350007489,128,6291.352443000505,
8973,short,136.81810500202118,128,6284.472952000215,
8974,short,135.76400199963246,128,6283.658159001789,
8975,short,135.51937299780548,128,6283.604840999033,
8976,short,135.3339799970854,128,6283.601855997404,
8977,short,135.09055399845238,128,6283.538497998961,
8978,short,134.81671000045026,128,6283.456273999036,
8979,short,134.71731200115755,128,6283.604268999625,
8980,short,134.5309950011142,128,6283.622413000558,
8981,short,134.37600700126495,128,6283.672189001663,
8982,short,134.20356799906585,128,6283.711793999828,
8983,short,133.92732399734086,128,6283.624398998654,
8984,short,134.5976580014394,128,6284.567443002743,
8985,short,134.4228870002553,128,6284.605172000738,
8986,short,134.24788300108048,128,6284.61396000057,
8987,short,132.20187000115402,128,6282.7461840024625,
8972,short,139.62768599958508,128,6290.348316000745,
8988,short,144.78177099954337,128,6285.581317999458,
8989,short,147.359945000062,128,6286.055361000763,
8990,short,144.84846100094728,128,6288.288334002573,
8991,short,145.15202999973553,128,6286.073071001738,
8992,short,141.87622900135466,128,6286.282000000938,
8993,short,143.37374699971406,128,6288.28429600253,
8995,short,143.24005500020576,128,6288.605342000665,
8996,short,143.00387399998726,128,6288.692693000485,
8997,short,142.8460469978745,128,6288.742215998354,
8998,short,142.63165300144465,128,6288.712197001587,
8999,short,141.53054700000212,128,6287.798121000378,
8994,short,144.32803499948932,128,6290.7742589995905,
9000,short,149.26826199734933,128,6289.653391999309,
9001,short,148.73658000215073,128,6289.4487289995595,
9002,short,136.1914680019254,128,6289.952598002856,
9004,short,134.983233998355,128,6289.614257999347,
9005,short,134.79962700148462,128,6289.769366001565,
9006,short,134.61257699964335,128,6289.798530997359,
9007,short,134.36532599735074,128,6289.73758400025,
9008,short,134.2063690026407,128,6289.799793001293,
9009,short,134.02612500067335,128,6289.801249000448,
9010,short,133.43271800113143,128,6289.384138999594,
9003,short,135.7614000007743,128,6292.162255998846,
9012,short,138.2818500023859,128,6290.90369700134,
9013,short,138.2144499984861,128,6291.091158000199,
9014,short,138.0353139975341,128,6291.107528999419,
9015,short,137.84660599776544,128,6291.101120998064,
9016,short,137.67837600244093,128,6291.101776001597,
9017,short,137.49974700112944,128,6291.102511000645,
9018,short,137.32072499988135,128,6291.10183100056,
9019,short,137.14489999983925,128,6291.104150001047,
9020,short,136.9674550005584,128,6291.104203999566,
9021,short,136.7899140022928,128,6291.115660002106,
9022,short,136.61356500233524,128,6291.118624001683,
9023,short,136.30793599804747,128,6290.978728000482,
9011,short,139.24179099922185,128,6294.045059999917,
9024,short,151.87172000150895,128,6297.056250001333,
9026,short,143.72581799761974,128,6292.621338998288,
9027,short,145.7909010023286,128,6294.198405001225,
9028,short,146.01122500243946,128,6294.46171300151,
9029,short,146.74475300125778,128,6295.285370000784,
9030,short,146.55795599901467,128,6295.400097998936,
9031,short,144.44223099781084,128,6293.591014997219,
9025,short,151.01488800064544,128,6303.336075001425,
9033,short,139.25195499905385,128,6294.672367999738,
9034,short,138.9651609970315,128,6294.813076998253,
9035,short,138.75247499890975,128,6294.913708999957,
9036,short,138.46280000143452,128,6294.918569001311,
9037,short,138.29163999980665,128,6295.149050998589,
9038,short,138.7467860004108,128,6295.389273000183,
9039,short,138.50667500082636,128,6295.572684997751,
9040,short,138.3429019988398,128,6295.962635998876,
9041,short,137.73048899747664,128,6295.918540999992,
9032,short,141.24829200227396,128,6302.118341001915,
9043,short,140.37925299999188,128,6292.202570999507,
9044,short,139.42535699970904,128,6291.976216998592,
9045,short,139.67704100286937,128,6292.042120003316,
9046,short,139.4790619997366,128,6292.0770199998515,
9047,short,139.29525300045498,128,6292.367671001557,
9048,short,138.93443199776812,128,6292.300714998419,
9049,short,138.89099299922236,128,6292.981906997738,
9050,short,138.73048199820914,128,6293.222626998613,
9051,short,138.51754399729543,128,6293.305888000759,
9052,short,138.35725199896842,128,6293.510108996998,
9053,short,138.14318000004278,128,6293.597515999863,
9054,short,137.95370200023171,128,6293.781085998489,
9055,short,136.04043099985574,128,6292.2310960020695,
9042,short,144.29396799823735,128,6302.5311609999335,
9056,short,138.1511159997899,128,6294.933254997886,
9058,short,135.48990500203217,128,6292.763819001266,
9059,short,135.45162599984906,128,6293.347867998818,
9060,short,135.2052750007715,128,6293.33065299943,
9061,short,135.07602299796417,128,6293.408476998593,
9062,short,134.89782999749877,128,6293.412710998382,
9063,short,134.71728600052302,128,6293.4108580011525,
9064,short,134.47429199732142,128,6293.348207997042,
9065,short,134.85374500305625,128,6293.396363002103,
9066,short,133.34230899999966,128,6292.063458000484,
9067,short,131.38051200076006,128,6291.535555999872,
9057,short,139.4587809991208,128,6299.630141998932,
9069,short,139.35132899860037,128,6297.469000001001,
9070,short,139.1612939987681,128,6298.323597999115,
9071,short,138.9786119980272,128,6298.376585000369,
9072,short,138.79910800096695,128,6298.4353760002705,
9073,short,138.57161399937468,128,6298.382952998509,
9074,short,138.2584120001411,128,6298.2612650012015,
9075,short,138.14246200126945,128,6298.345696999604,
9076,short,137.94965899796807,128,6298.3422559991595,
9077,short,137.76090299870702,128,6298.339543998736,
9078,short,137.57450800039805,128,6298.334176000935,
9079,short,137.25391999832937,128,6297.382855998876,
9080,short,137.12828300049296,128,6297.479241999099,
9081,short,136.9449949997943,128,6297.505876002106,
9082,short,136.76827599920216,128,6297.509666001133,
9083,short,135.50626899814233,128,6296.4251279991,
9068,short,142.21028999963892,128,6305.07081199903,
9084,short,147.5157750028302,128,6293.752878002124,
9085,short,147.2874929968384,128,6295.097669997631,
9086,short,144.7963870014064,128,6292.466148002859,
9087,short,148.20851600234164,128,6294.43660400284,
9088,short,144.95027999873855,128,6294.386129997292,
9089,short,143.87523400000646,128,6292.555423999147,
9091,short,144.2852820000553,128,6292.5052539976605,
9092,short,144.0530369982298,128,6292.600639000739,
9093,short,143.8942489985493,128,6292.652493997593,
9094,short,143.6815499982913,128,6292.623535999155,
9095,short,142.96537399786757,128,6292.100830996787,
9090,short,146.04767900164006,128,6295.029974000499,
9096,short,149.04510999986087,128,6291.791398998612,
9097,short,151.0917600026005,128,6293.499701001565,
9098,short,136.05710300180363,128,6291.920522999135,
9100,short,135.25948599999538,128,6291.536236996762,
9101,short,135.07278299948666,128,6291.722170997673,
9102,short,134.8875939984282,128,6291.759093001019,
9103,short,134.64248799937195,128,6291.705291998369,
9104,short,134.48409400007222,128,6291.767463000724,
9105,short,134.30686200081254,128,6291.772751999815,
9106,short,133.6753260002297,128,6291.321968998091,
9099,short,135.99383700056933,128,6294.115567001427,
9108,short,136.67798900132766,128,6290.761306001514,
9109,short,136.59838800231228,128,6290.960114001791,
9110,short,136.4259440015303,128,6290.998080999998,
9111,short,136.24554199850536,128,6291.0041689974605,
9112,short,136.0658420016989,128,6291.005734001374,
9113,short,135.88841499949922,128,6291.008697000507,
9114,short,135.70906600216404,128,6291.008587999386,
9115,short,135.52069599973038,128,6291.002633999597,
9116,short,135.3416769998148,128,6291.00366000057,
9117,short,135.16345400057617,128,6291.005893999682,
9118,short,134.98618099765736,128,6291.008964999492,
9119,short,134.69779200022458,128,6290.892134999012,
9107,short,137.62013399900752,128,6293.992749997415,
9120,short,153.92626599714276,128,6304.092504997243,
9122,short,141.90666399736074,128,6306.178269998782,
9123,short,144.00809099970502,128,6306.752132000838,
9124,short,144.07854399905773,128,6305.809483998019,
9125,short,145.63086499765632,128,6305.746403999365,
9126,short,145.3813940024702,128,6305.459126000642,
9127,short,140.69781000216608,128,6300.7379040027445,
9121,short,153.25797400146257,128,6311.729679000564,
9129,short,135.50687200040556,128,6304.844030000822,
9130,short,135.19565000024159,128,6304.564725000091,
9131,short,134.9005859992758,128,6304.292787997838,
9132,short,134.4199720006145,128,6303.834898000787,
9133,short,134.61018900125055,128,6304.284683003061,
9134,short,134.19012799931807,128,6303.888891001407,
9135,short,133.58907300062128,128,6303.301133997593,
9136,short,133.05234600193216,128,6302.799095999944,
9137,short,129.94155100022908,128,6299.71554200165,
9128,short,137.57671200073673,128,6307.324473000335,
9139,short,141.9221860014659,128,6304.607632002444,
9140,short,141.71196300230804,128,6304.411098000855,
9141,short,141.4202749983815,128,6304.902995998418,
9142,short,141.65306500217412,128,6304.453581000416,
9143,short,141.3515170024766,128,6304.22980900039,
9144,short,140.4555849985627,128,6303.3520149983815,
9145,short,140.21372400020482,128,6303.097531003004,
9146,short,139.94416800051113,128,6302.850091000437,
9147,short,139.55760400131112,128,6302.482967999822,
9148,short,139.28054899952258,128,6302.200324000296,
9149,short,138.8847119997081,128,6301.8220479971205,
9150,short,138.51853300002404,128,6301.477557000908,
9151,short,134.39714400010416,128,6297.378519000631,
9138,short,146.54141300343326,128,6308.761226002389,
9152,short,136.90194800074096,128,6285.279073003039,
9154,short,136.81593599903863,128,6280.647474999569,
9155,short,136.8355309969047,128,6280.54490499926,
9156,short,136.5915460010001,128,6280.314098999952,
9157,short,136.47157700324897,128,6281.010509002954,
9158,short,136.29486699937843,128,6280.857155001286,
9159,short,136.11602199671324,128,6280.835544999718,
9160,short,135.87980500233243,128,6280.646938001155,
9161,short,136.3280820005457,128,6280.73803100051,
9162,short,134.84464700013632,128,6279.274724998686,
9163,short,132.92809199992917,128,6277.463816000818,
9153,short,140.90364100047736,128,6283.518046999234,
9171,short,133.28476100286935,128,6269.381579000765,
9172,short,133.09722900157794,128,6269.286883001769,
9173,short,133.81130500056315,128,6270.006326001749,
9174,short,133.63914900037344,128,6269.9156109993055,
9175,short,133.32160100253532,128,6269.675073999679,
9176,short,133.21479099977296,128,6269.603738001024,
9165,short,134.54970499878982,128,6272.4590209982125,
9177,short,133.03415100017446,128,6269.518780998624,
9166,short,134.31797699740855,128,6272.295835999103,
9167,short,134.08019800044713,128,6272.106831998826,
9178,short,132.89026400161674,128,6269.479071001115,
9179,short,129.8376869999629,128,6266.43961100126,
9164,short,138.321057002031,128,6273.818943998776,
9168,short,133.89278199974797,128,6272.164401001646,
9169,short,133.64919499872485,128,6271.985880997818,
9170,short,133.37802900059614,128,6271.778057998745,
9180,short,145.53601700026775,128,6267.474432999734,
9181,short,146.64850899862358,128,6256.206482998095,
9182,short,145.27304399962304,128,6236.399601999437,
9183,short,146.9972319973749,128,6225.289582998812,
9184,short,143.03710000240244,128,6215.951870002755,
9185,short,144.51915699828533,128,6206.097479000164,
9187,short,143.34538399998564,128,6193.64598500033,
9186,short,144.39850700000534,128,6194.174328997178,
9188,short,143.11410799928126,128,6193.972421999206,
9189,short,142.95579299869132,128,6193.868492999172,
9190,short,142.73867900192272,128,6193.6750860004395,
9191,short,141.6660899994895,128,6192.624630002683,
9192,short,149.84617599839112,128,6183.205465997162,
9193,short,148.21350299826008,128,6169.738370001141,
9194,short,136.69347099857987,128,6157.168000998354,
9195,short,134.30055999924662,128,6144.770849998167,
9196,short,133.5728099984408,128,6144.442946999334,
9197,short,133.37862100161146,128,6144.486192999466,
9198,short,133.18830600110232,128,6144.319726001413,
9199,short,132.9434939980274,128,6144.096123000054,
9200,short,132.785566001985,128,6143.960285000503,
9201,short,132.6050830029999,128,6143.809327000781,
9202,short,131.9873850006843,128,6143.209598001704,
9207,short,136.2941180013877,128,6126.408553998772,
9204,short,136.75381299981382,128,6127.397493000899,
9208,short,136.1144399998011,128,6126.580258998729,
9209,short,135.9352610015776,128,6126.410081000358,
9210,short,135.75273799870047,128,6126.237582997419,
9211,short,135.57227100318414,128,6126.065214000846,
9212,short,135.39228299850947,128,6125.892564999958,
9213,short,135.21361099992646,128,6125.719292998838,
9214,short,135.03609899998992,128,6125.547479001398,
9215,short,134.71475599726546,128,6125.231840000197,
9203,short,137.670251999225,128,6128.0784720001975,
9205,short,136.65207600206486,128,6127.454026998748,
9206,short,136.47381600094377,128,6127.271272998769,
