concurrency,repeat,request_id,sent_at,ttft_ms,total_ms,output_tokens,inter_token_ms,error
48,0,625,232.74,250.4,17991.4,254,70.12,
48,0,626,232.79,718.0,17991.5,249,69.65,
48,0,627,232.79,717.7,17991.5,253,68.55,
48,0,628,232.79,717.9,17991.8,256,67.74,
48,0,629,232.79,717.5,17991.7,250,69.37,
48,0,630,232.83,1187.0,17990.6,255,66.16,
48,0,631,232.83,1186.7,17990.6,255,66.16,
48,0,632,232.83,1186.6,17990.7,256,65.90,
48,0,633,232.84,1187.0,17990.6,252,66.95,
48,0,634,232.99,1556.3,17993.1,256,64.46,
48,0,635,232.99,1556.4,17993.1,254,64.97,
48,0,636,232.99,1556.4,17993.1,250,66.01,
48,0,637,232.99,1556.5,17993.1,255,64.71,
48,0,638,233.50,1557.1,17996.1,250,66.02,
48,0,639,233.50,1556.7,17996.1,254,64.98,
48,0,640,233.50,1556.6,17996.3,252,65.50,
48,0,641,233.51,1555.9,17996.2,255,64.73,
48,0,642,234.02,1561.4,17997.8,253,65.22,
48,0,643,234.02,1561.2,17997.8,254,64.97,
48,0,644,234.02,1561.0,17998.1,252,65.49,
48,0,645,234.02,1560.8,17997.9,252,65.49,
48,0,646,234.54,1560.0,17998.6,255,64.72,
48,0,647,234.54,1560.0,17998.6,254,64.97,
48,0,648,234.54,1560.0,17998.6,249,66.28,
48,0,649,234.54,1560.4,17998.6,250,66.02,
48,0,650,235.06,1564.1,17998.3,256,64.45,
48,0,651,235.06,1564.3,17998.5,253,65.21,
48,0,652,235.06,1564.0,17998.6,253,65.22,
48,0,653,235.06,1563.9,17998.7,255,64.70,
48,0,654,235.58,1557.2,17996.0,251,65.76,
48,0,655,235.58,1556.9,17996.2,255,64.72,
48,0,656,235.58,1557.1,17996.4,254,64.98,
48,0,657,235.58,1557.0,17996.5,254,64.98,
48,0,658,236.10,1558.2,17995.2,254,64.97,
48,0,659,236.10,1558.3,17995.3,254,64.97,
48,0,660,236.10,1558.1,17995.4,252,65.49,
48,0,661,236.10,1558.1,17995.4,256,64.46,
48,0,662,236.62,1558.5,17989.7,254,64.95,
48,0,663,236.62,1558.4,17989.9,246,67.07,
48,0,664,236.63,1557.9,17990.0,253,65.21,
48,0,665,236.63,1556.3,17990.1,256,64.45,
48,0,666,237.14,1457.7,17994.9,254,65.36,
48,0,667,237.14,1457.4,17995.0,252,65.89,
48,0,668,237.14,1457.4,17995.1,255,65.11,
48,0,669,237.66,1343.8,17995.7,254,65.82,
48,0,670,237.66,1343.5,17995.8,254,65.82,
48,0,671,237.66,1343.0,17996.0,253,66.08,
48,0,672,238.18,988.1,17994.9,254,67.22,
48,0,673,250.73,252.0,17996.8,250,71.26,
48,0,674,250.78,722.6,17997.3,256,67.74,
48,0,675,250.78,722.2,17998.2,256,67.75,
48,0,676,250.78,722.3,17998.0,253,68.55,
48,0,677,250.78,722.0,17998.2,256,67.75,
48,0,678,250.82,1194.3,17997.0,253,66.68,
48,0,679,250.82,1193.9,17997.0,254,66.42,
48,0,680,250.83,1193.8,17997.2,254,66.42,
48,0,681,250.83,1194.3,17997.3,252,66.94,
48,0,682,250.98,1561.7,17996.5,253,65.22,
48,0,683,250.98,1561.9,17996.6,255,64.70,
48,0,684,250.98,1562.0,17996.7,253,65.22,
48,0,685,250.98,1562.0,17996.8,252,65.48,
48,0,686,251.50,1559.3,17997.3,256,64.46,
48,0,687,251.50,1559.0,17997.4,255,64.72,
48,0,688,251.50,1558.8,17997.4,254,64.97,
48,0,689,251.50,1558.2,17997.6,255,64.72,
48,0,690,252.02,1559.4,17997.5,254,64.97,
48,0,691,252.02,1559.8,17998.0,254,64.97,
48,0,692,252.02,1559.3,17997.8,252,65.49,
48,0,693,252.02,1559.1,17997.9,255,64.72,
48,0,694,252.54,1556.5,17997.2,255,64.73,
48,0,695,252.54,1556.7,17997.8,254,64.98,
48,0,696,252.54,1556.9,17998.7,255,64.73,
48,0,697,252.54,1557.3,17999.7,249,66.30,
48,0,698,253.06,1555.4,17996.3,252,65.50,
48,0,699,253.06,1555.6,17996.1,255,64.73,
48,0,700,253.06,1555.4,17996.0,254,64.98,
48,0,701,253.06,1555.2,17995.9,254,64.98,
48,0,702,253.58,1555.8,17994.6,253,65.23,
48,0,703,253.58,1555.7,17994.6,255,64.72,
48,0,704,253.58,1555.9,17994.6,255,64.72,
48,0,705,253.58,1555.7,17994.6,254,64.98,
48,0,706,254.10,1558.7,17995.2,255,64.71,
48,0,707,254.10,1558.7,17995.2,254,64.97,
48,0,708,254.10,1558.7,17995.3,253,65.22,
48,0,709,254.10,1558.7,17995.3,251,65.75,
48,0,710,254.61,1563.5,17999.9,253,65.22,
48,0,711,254.61,1563.1,17999.9,252,65.49,
48,0,712,254.62,1562.8,18000.0,252,65.49,
48,0,713,254.62,1561.0,18000.0,254,64.98,
48,0,714,255.13,1455.5,18000.1,252,65.91,
48,0,715,255.13,1455.1,18000.1,256,64.88,
48,0,716,255.14,1454.8,18000.1,252,65.92,
48,0,717,255.66,1347.3,17997.6,251,66.60,
48,0,718,255.66,1347.1,17997.6,252,66.34,
48,0,719,255.66,1346.4,17997.5,254,65.81,
48,0,720,256.18,988.2,17998.1,254,67.23,
48,0,721,268.72,251.9,17997.1,255,69.86,
48,0,722,268.77,722.9,17995.8,256,67.74,
48,0,723,268.78,721.8,17995.9,253,68.55,
48,0,724,268.78,721.7,17995.8,255,68.01,
48,0,725,268.78,721.5,17995.8,254,68.28,
48,0,726,268.82,1195.1,17997.8,254,66.41,
48,0,727,268.82,1194.7,17997.8,256,65.89,
48,0,728,268.82,1194.6,17997.6,254,66.42,
48,0,729,268.82,1194.9,17997.6,249,67.75,
48,0,730,268.98,1562.3,17996.8,256,64.45,
48,0,731,268.98,1563.8,17996.7,256,64.44,
48,0,732,268.98,1564.7,17996.6,254,64.95,
48,0,733,268.98,1565.6,17996.6,252,65.46,
48,0,734,269.50,1558.3,17995.0,253,65.22,
48,0,735,269.50,1557.9,17994.9,255,64.71,
48,0,736,269.50,1557.5,17994.8,250,66.01,
48,0,737,269.50,1556.7,17994.7,254,64.97,
48,0,738,270.02,1556.8,17996.6,251,65.76,
48,0,739,270.02,1556.3,17996.9,254,64.98,
48,0,740,270.02,1556.0,17996.9,254,64.98,
48,0,741,270.02,1555.7,17997.2,255,64.73,
48,0,742,270.54,1554.5,17995.9,254,64.99,
48,0,743,270.54,1554.1,17995.5,255,64.73,
48,0,744,270.54,1553.4,17994.8,253,65.24,
48,0,745,270.54,1552.8,17993.9,253,65.24,
48,0,746,271.05,1559.0,17997.2,252,65.49,
48,0,747,271.06,1559.5,17997.5,254,64.97,
48,0,748,271.06,1559.4,17997.5,254,64.97,
48,0,749,271.06,1559.2,17997.6,253,65.23,
48,0,750,271.57,1561.2,17999.1,254,64.97,
48,0,751,271.57,1561.2,17999.2,254,64.97,
48,0,752,271.57,1561.4,17999.2,250,66.02,
48,0,753,271.58,1561.2,17999.2,254,64.97,
48,0,754,272.09,1561.0,17999.2,254,64.97,
48,0,755,272.09,1561.1,17999.2,253,65.23,
48,0,756,272.09,1560.7,17999.1,249,66.28,
48,0,757,272.09,1561.0,17999.1,254,64.97,
48,0,758,272.61,1559.4,17999.0,253,65.24,
48,0,759,272.61,1560.0,17998.8,253,65.23,
48,0,760,272.62,1560.6,17998.7,254,64.97,
48,0,761,272.62,1556.9,17998.6,255,64.73,
48,0,762,273.13,1451.0,17999.5,254,65.41,
48,0,763,273.13,1450.6,17999.4,255,65.15,
48,0,764,273.14,1450.5,17999.3,252,65.93,
48,0,765,273.65,1343.3,17998.4,253,66.09,
48,0,766,273.65,1343.0,17998.6,254,65.83,
48,0,767,273.66,1342.4,17998.3,255,65.57,
48,0,768,274.18,987.3,17995.8,254,67.23,
48,0,769,286.72,251.4,17999.1,253,70.43,
48,0,770,286.77,721.9,18000.0,251,69.11,
48,0,771,286.77,720.7,17999.1,255,68.03,
48,0,772,286.77,720.8,17999.0,253,68.56,
48,0,773,286.77,720.4,17999.2,254,68.30,
48,0,774,286.82,1193.5,17999.2,254,66.43,
48,0,775,286.82,1193.3,17999.2,254,66.43,
48,0,776,286.82,1193.7,17999.1,254,66.42,
48,0,777,286.82,1194.4,17999.1,252,66.95,
48,0,778,286.97,1561.6,18000.7,255,64.72,
48,0,779,286.97,1562.1,18000.7,253,65.23,
48,0,780,286.97,1562.0,18000.7,254,64.97,
48,0,781,286.97,1562.4,18000.7,255,64.72,
48,0,782,287.49,1560.6,18000.5,256,64.47,
48,0,783,287.49,1560.3,18000.5,256,64.47,
48,0,784,287.49,1560.2,18000.5,256,64.47,
48,0,785,287.49,1559.4,18000.5,254,64.98,
48,0,786,288.01,1559.4,18000.9,254,64.99,
48,0,787,288.01,1558.6,18000.2,253,65.24,
48,0,788,288.01,1558.3,18000.0,253,65.25,
48,0,789,288.02,1557.7,17999.9,254,64.99,
48,0,790,288.53,1558.0,17998.1,251,65.76,
48,0,791,288.53,1557.8,17997.9,254,64.98,
48,0,792,288.54,1557.7,17997.8,255,64.72,
48,0,793,288.54,1557.9,17997.7,251,65.76,
48,0,794,289.05,1560.8,17999.2,252,65.49,
48,0,795,289.05,1560.9,17998.9,255,64.72,
48,0,796,289.05,1560.5,17998.8,254,64.97,
48,0,797,289.05,1560.3,17998.8,256,64.46,
48,0,798,289.57,1561.9,17999.3,254,64.97,
48,0,799,289.57,1561.5,17999.2,254,64.97,
48,0,800,289.57,1561.4,17999.1,253,65.23,
48,0,801,289.57,1561.2,17999.0,252,65.49,
48,0,802,290.09,1560.3,18001.2,249,66.29,
48,0,803,290.09,1560.3,18001.2,254,64.98,
48,0,804,290.09,1560.2,18001.2,254,64.98,
48,0,805,290.09,1560.2,18001.2,256,64.47,
48,0,806,290.61,1558.7,18003.1,254,65.00,
48,0,807,290.61,1558.5,18003.1,256,64.49,
48,0,808,290.61,1558.1,18003.1,253,65.26,
48,0,809,290.61,1556.5,18003.1,252,65.52,
48,0,810,291.13,1450.7,17998.2,251,66.19,
48,0,811,291.13,1450.7,17998.2,252,65.93,
48,0,812,291.13,1450.4,17998.2,256,64.89,
48,0,813,291.65,1344.8,18002.0,253,66.10,
48,0,814,291.65,1344.1,18002.0,252,66.37,
48,0,815,291.65,1343.9,18002.0,254,65.84,
48,0,816,292.17,989.0,18001.5,255,66.98,
48,0,817,304.72,253.0,18004.3,253,70.44,
48,0,818,304.77,722.5,18003.9,255,68.04,
48,0,819,304.77,722.1,18004.7,256,67.77,
48,0,820,304.77,722.3,18004.8,255,68.04,
48,0,821,304.77,721.8,18004.7,251,69.13,
48,0,822,304.82,1195.3,18004.4,253,66.70,
48,0,823,304.82,1195.0,18004.4,255,66.18,
48,0,824,304.82,1195.0,18004.7,256,65.92,
48,0,825,304.82,1195.3,18004.7,253,66.70,
48,0,826,304.97,1559.0,18004.5,254,65.00,
48,0,827,304.97,1559.1,18004.7,255,64.75,
48,0,828,304.97,1559.2,18004.8,253,65.26,
48,0,829,304.97,1559.3,18004.9,254,65.00,
48,0,830,305.49,1559.2,18007.3,256,64.50,
48,0,831,305.49,1558.8,18007.3,253,65.27,
48,0,832,305.49,1558.6,18007.6,254,65.02,
48,0,833,305.49,1557.9,18007.6,254,65.02,
48,0,834,306.01,1557.6,18004.9,256,64.50,
48,0,835,306.01,1557.5,18004.9,256,64.50,
48,0,836,306.01,1557.3,18005.0,254,65.01,
48,0,837,306.02,1557.2,18005.0,253,65.27,
48,0,838,306.53,1561.1,18006.7,254,65.00,
48,0,839,306.53,1561.1,18006.8,255,64.75,
48,0,840,306.53,1561.1,18007.0,255,64.75,
48,0,841,306.53,1561.5,18007.1,254,65.00,
48,0,842,307.05,1564.7,18008.4,256,64.49,
48,0,843,307.05,1565.0,18008.7,252,65.51,
48,0,844,307.05,1564.8,18008.8,254,65.00,
48,0,845,307.05,1564.6,18008.8,255,64.74,
48,0,846,307.57,1560.5,18013.7,255,64.78,
48,0,847,307.57,1560.5,18013.9,255,64.78,
48,0,848,307.57,1560.6,18013.9,250,66.08,
48,0,849,307.57,1560.4,18014.0,255,64.78,
48,0,850,308.09,1561.0,18014.8,256,64.52,
48,0,851,308.09,1561.1,18014.9,254,65.03,
48,0,852,308.09,1561.0,18015.0,254,65.04,
48,0,853,308.10,1561.0,18015.1,251,65.82,
48,0,854,308.62,1556.9,18013.6,256,64.54,
48,0,855,308.62,1556.7,18013.8,253,65.31,
48,0,856,308.62,1556.5,18013.9,254,65.05,
48,0,857,308.62,1554.7,18013.9,256,64.55,
48,0,858,309.13,1454.4,18016.0,255,65.20,
48,0,859,309.13,1454.1,18016.1,247,67.33,
48,0,860,309.13,1454.0,18016.2,255,65.21,
48,0,861,309.65,1343.1,18013.3,253,66.15,
48,0,862,309.66,1342.6,18013.1,256,65.37,
48,0,863,309.66,1342.4,18013.4,254,65.89,
48,0,864,310.17,989.7,18012.7,253,67.55,
48,0,865,322.73,253.5,18017.1,255,69.94,
48,0,866,322.77,726.1,18017.4,254,68.34,
48,0,867,322.78,724.9,18016.6,250,69.44,
48,0,868,322.78,724.9,18016.6,254,68.35,
48,0,869,322.78,724.7,18016.6,255,68.08,
48,0,870,322.82,1195.9,18016.9,255,66.22,
48,0,871,322.82,1195.4,18017.5,252,67.02,
48,0,872,322.82,1195.2,18016.8,255,66.23,
48,0,873,322.82,1195.6,18016.7,253,66.75,
48,0,874,322.98,1561.1,18015.0,254,65.03,
48,0,875,322.98,1561.4,18014.9,253,65.29,
48,0,876,322.98,1561.4,18014.9,250,66.08,
48,0,877,322.98,1561.6,18014.9,255,64.78,
48,0,878,323.50,1560.4,18014.0,253,65.29,
48,0,879,323.50,1560.0,18014.2,254,65.04,
48,0,880,323.50,1559.7,18014.9,249,66.35,
48,0,881,323.50,1559.0,18015.5,255,64.79,
48,0,882,324.02,1566.6,18017.6,251,65.80,
48,0,883,324.02,1566.5,18018.1,255,64.77,
48,0,884,324.02,1566.3,18018.1,256,64.52,
48,0,885,324.02,1565.8,18017.9,254,65.03,
48,0,886,324.54,1569.1,18019.5,256,64.51,
48,0,887,324.54,1569.1,18019.6,255,64.77,
48,0,888,324.54,1569.1,18019.5,256,64.51,
48,0,889,324.54,1569.4,18019.3,253,65.28,
48,0,890,325.06,1569.7,18022.3,252,65.55,
48,0,891,325.06,1570.0,18023.9,255,64.78,
48,0,892,325.06,1569.7,18024.4,256,64.53,
48,0,893,325.06,1569.6,18024.6,253,65.30,
48,0,894,325.58,1562.7,18015.7,255,64.78,
48,0,895,325.59,1562.7,18015.6,253,65.29,
48,0,896,325.59,1562.9,18015.5,253,65.29,
48,0,897,325.59,1562.7,18015.4,251,65.81,
48,0,898,326.11,1559.5,18012.2,256,64.52,
48,0,899,326.11,1559.6,18012.2,254,65.03,
48,0,900,326.11,1559.4,18012.1,254,65.03,
48,0,901,326.11,1559.4,18012.1,253,65.29,
48,0,902,326.63,1556.5,18010.4,254,65.03,
48,0,903,326.63,1555.9,18010.3,254,65.04,
48,0,904,326.63,1555.4,18010.2,254,65.04,
48,0,905,326.63,1554.0,18010.1,251,65.82,
48,0,906,327.15,1455.8,18014.0,256,64.93,
48,0,907,327.15,1455.5,18013.9,253,65.71,
48,0,908,327.15,1455.3,18013.8,252,65.97,
48,0,909,327.67,1345.9,18021.0,255,65.65,
48,0,910,327.67,1345.6,18021.1,254,65.91,
48,0,911,327.67,1345.0,18020.8,249,67.24,
48,0,912,328.19,992.7,18025.8,252,67.86,
48,0,913,340.74,251.3,18022.5,251,71.08,
48,0,914,340.79,722.7,18022.4,256,67.84,
48,0,915,340.79,723.0,18022.3,251,69.20,
48,0,916,340.79,723.3,18022.2,256,67.84,
48,0,917,340.79,723.5,18022.4,255,68.11,
48,0,918,340.84,1196.8,18022.1,254,66.50,
48,0,919,340.84,1195.9,18021.4,254,66.50,
48,0,920,340.84,1196.5,18022.0,252,67.03,
48,0,921,340.84,1196.9,18022.1,252,67.03,
48,0,922,340.99,1565.7,18022.0,255,64.79,
48,0,923,340.99,1566.0,18021.9,252,65.56,
48,0,924,340.99,1566.0,18021.8,256,64.53,
48,0,925,340.99,1566.2,18021.8,255,64.79,
48,0,926,341.51,1568.6,18020.8,253,65.29,
48,0,927,341.51,1568.4,18020.6,256,64.52,
48,0,928,341.52,1568.4,18019.9,256,64.52,
48,0,929,341.52,1567.2,18019.3,255,64.77,
48,0,930,342.04,1564.5,18022.9,254,65.05,
48,0,931,342.04,1563.9,18023.0,255,64.80,
48,0,932,342.04,1563.6,18023.0,253,65.31,
48,0,933,342.04,1563.6,18023.0,253,65.31,
71,0,711,228.63,528.3,22891.2,250,89.81,
71,0,712,228.63,527.7,22891.6,254,88.39,
71,0,713,228.64,524.0,22888.7,256,87.70,
71,0,714,228.69,894.1,22890.2,252,87.63,
71,0,715,228.69,894.2,22890.3,248,89.05,
71,0,716,228.69,893.6,22890.4,252,87.64,
71,0,717,228.74,1260.8,22890.1,255,85.15,
71,0,718,228.75,1261.1,22890.4,255,85.15,
71,0,719,228.75,1260.9,22890.5,254,85.49,
71,0,720,229.16,1269.3,22893.0,255,85.13,
71,0,721,229.16,1268.9,22893.1,255,85.13,
71,0,722,229.16,1268.8,22893.2,252,86.15,
71,0,723,229.58,1269.9,22894.7,251,86.50,
71,0,724,229.58,1269.1,22894.9,256,84.81,
71,0,725,229.58,1268.9,22895.0,255,85.14,
71,0,726,230.00,1269.9,22897.4,253,85.82,
71,0,727,230.01,1270.2,22897.2,254,85.48,
71,0,728,230.01,1270.2,22897.0,250,86.85,
71,0,729,230.43,1271.7,22895.7,254,85.47,
71,0,730,230.43,1271.5,22895.6,256,84.80,
71,0,731,230.43,1271.6,22895.4,250,86.84,
71,0,732,230.85,1271.1,22895.6,254,85.47,
71,0,733,230.85,1271.1,22895.8,252,86.15,
71,0,734,230.85,1270.1,22895.5,256,84.81,
71,0,735,231.28,1270.9,22892.4,254,85.46,
71,0,736,231.28,1270.5,22892.4,255,85.13,
71,0,737,231.28,1270.8,22892.5,255,85.12,
71,0,738,231.70,1371.6,22892.0,255,84.73,
71,0,739,231.70,1370.4,22890.7,253,85.40,
71,0,740,231.71,1369.6,22890.1,251,86.08,
71,0,742,232.12,1476.7,22890.0,255,84.30,
71,0,743,232.12,1477.0,22890.6,256,83.97,
71,0,744,232.12,1477.0,22891.6,254,84.64,
71,0,741,231.71,1894.5,23310.5,251,85.66,
71,0,746,232.55,1580.0,22883.8,254,84.20,
71,0,747,232.55,1579.7,22883.4,252,84.88,
71,0,748,232.55,1579.4,22883.4,256,83.54,
71,0,745,232.13,2002.2,23307.2,250,85.56,
71,0,750,233.07,1579.3,22783.9,252,84.48,
71,0,751,233.07,1578.8,22783.9,254,83.81,
71,0,752,233.07,1579.0,22784.0,256,83.16,
71,0,749,232.55,2104.5,23310.4,253,84.15,
71,0,754,233.60,1576.2,22779.5,254,83.81,
71,0,755,233.60,1575.9,22779.5,254,83.81,
71,0,756,233.60,1576.0,22779.4,255,83.48,
71,0,753,233.08,2099.9,23306.2,255,83.49,
71,0,759,234.13,1574.9,22775.8,253,84.13,
71,0,758,234.13,1575.2,22776.6,254,83.80,
71,0,760,234.13,1574.9,22776.1,251,84.80,
71,0,757,233.60,2101.2,23302.4,256,83.14,
71,0,762,234.65,1572.4,22769.6,250,85.13,
71,0,763,234.65,1572.1,22770.0,252,84.45,
71,0,764,234.65,1572.0,22771.0,256,83.13,
71,0,761,234.13,2098.5,23297.9,256,83.13,
71,0,766,235.18,1578.6,22769.9,254,83.76,
71,0,767,235.18,1578.4,22769.9,253,84.09,
71,0,765,234.65,2102.0,23293.7,253,84.09,
71,0,768,235.18,1578.2,22770.1,254,83.76,
71,0,770,235.70,1569.9,22766.8,253,84.11,
71,0,771,235.70,1571.1,22766.8,250,85.12,
71,0,772,235.70,1572.5,22766.9,253,84.10,
71,0,769,235.18,2097.4,23291.7,254,83.77,
71,0,774,236.23,1574.5,22767.7,256,83.11,
71,0,775,236.23,1575.1,22767.7,255,83.44,
71,0,776,236.23,1575.1,22767.8,254,83.77,
71,0,773,235.70,2098.4,23291.2,253,84.10,
71,0,780,236.76,1561.1,22755.9,252,84.44,
71,0,779,236.76,1563.7,22759.2,254,83.78,
71,0,777,236.23,2093.8,23289.6,252,84.44,
71,0,778,236.76,1564.1,22760.4,252,84.45,
71,0,781,236.76,1679.4,23284.5,256,84.73,
71,0,782,251.52,529.6,22881.9,256,87.66,
71,0,783,251.52,529.0,22882.0,254,88.35,
71,0,784,251.53,528.6,22882.1,252,89.06,
71,0,785,251.58,898.8,22882.2,249,88.64,
71,0,786,251.58,898.9,22882.2,252,87.58,
71,0,787,251.58,898.2,22881.8,255,86.55,
71,0,788,251.63,1268.2,22883.5,255,85.10,
71,0,789,251.64,1267.7,22883.6,252,86.12,
71,0,790,251.64,1267.4,22883.5,254,85.44,
71,0,791,252.06,1271.5,22884.0,255,85.09,
71,0,792,252.06,1271.1,22884.0,253,85.77,
71,0,793,252.06,1271.0,22884.1,254,85.43,
71,0,794,252.48,1271.0,22880.3,253,85.75,
71,0,795,252.48,1270.4,22880.4,254,85.42,
71,0,796,252.48,1270.2,22880.5,253,85.75,
71,0,797,252.90,1265.0,22875.0,252,86.10,
71,0,798,252.90,1265.6,22875.9,251,86.44,
71,0,799,252.90,1265.6,22876.7,253,85.76,
71,0,800,253.32,1268.9,22873.9,253,85.73,
71,0,801,253.32,1268.6,22873.9,254,85.40,
71,0,802,253.33,1267.9,22873.8,255,85.06,
71,0,803,253.75,1265.3,22870.7,254,85.40,
71,0,804,253.75,1265.6,22870.3,254,85.39,
71,0,805,253.75,1265.2,22870.6,253,85.74,
71,0,806,254.17,1262.3,22868.6,255,85.06,
71,0,807,254.17,1261.8,22868.6,254,85.40,
71,0,808,254.17,1262.0,22868.6,253,85.74,
71,0,809,254.59,1263.5,22868.2,255,85.06,
71,0,810,254.59,1263.7,22868.8,251,86.42,
71,0,811,254.60,1263.5,22868.9,255,85.06,
71,0,812,255.01,1366.3,22869.5,256,84.33,
71,0,813,255.01,1365.9,22868.7,253,85.33,
71,0,814,255.02,1364.8,22868.3,255,84.66,
71,0,816,255.43,1472.3,22874.7,253,84.93,
71,0,817,255.43,1472.4,22875.3,254,84.60,
71,0,818,255.43,1472.2,22875.4,251,85.61,
71,0,815,255.02,1886.4,23289.7,254,84.60,
71,0,820,255.86,1565.0,22875.8,254,84.23,
71,0,821,255.86,1565.3,22875.5,253,84.56,
71,0,822,255.86,1565.3,22876.1,252,84.90,
71,0,819,255.43,1991.8,23303.0,252,84.90,
71,0,824,256.38,1566.6,22768.9,254,83.80,
71,0,825,256.38,1566.4,22769.4,255,83.48,
71,0,826,256.38,1566.5,22769.5,253,84.14,
71,0,823,255.86,2087.9,23292.0,255,83.48,
71,0,829,256.90,1565.5,22767.6,255,83.47,
71,0,828,256.90,1565.9,22768.5,254,83.80,
71,0,830,256.90,1565.7,22769.7,254,83.81,
71,0,827,256.38,2085.3,23294.8,252,84.50,
71,0,832,257.42,1570.1,22773.3,254,83.81,
71,0,833,257.42,1569.6,22772.6,253,84.14,
71,0,834,257.42,1568.7,22771.4,255,83.48,
71,0,831,256.90,2090.1,23292.5,252,84.47,
71,0,836,257.95,1568.3,22774.5,256,83.16,
71,0,837,257.95,1568.1,22774.4,256,83.16,
71,0,838,257.95,1567.9,22774.5,252,84.49,
71,0,835,257.43,2090.2,23296.7,253,84.15,
71,0,840,258.47,1572.4,22772.8,255,83.47,
71,0,841,258.47,1572.6,22772.9,255,83.47,
71,0,839,257.95,2093.5,23294.4,255,83.47,
71,0,842,258.47,1572.0,22773.1,253,84.13,
71,0,844,258.99,1574.4,22770.5,248,85.81,
71,0,845,258.99,1574.0,22770.7,254,83.78,
71,0,843,258.47,2097.8,23294.6,255,83.45,
71,0,846,258.99,1573.8,22770.8,253,84.12,
71,0,848,259.51,1577.5,22772.5,254,83.77,
71,0,849,259.52,1576.8,22772.1,249,85.46,
71,0,847,258.99,2098.3,23293.9,256,83.12,
71,0,850,259.52,1576.6,22772.3,254,83.78,
71,0,851,259.52,1789.1,23292.9,255,84.66,
71,0,852,260.04,1261.7,22768.0,253,85.34,
71,0,853,274.41,532.1,22876.7,251,89.38,
71,0,854,274.41,531.3,22876.6,253,88.67,
71,0,855,274.41,530.5,22876.5,254,88.32,
71,0,856,274.46,896.9,22877.5,256,86.20,
71,0,857,274.46,897.4,22877.4,255,86.54,
71,0,858,274.46,898.0,22877.8,252,87.57,
71,0,859,274.52,1259.4,22877.1,253,85.78,
71,0,860,274.52,1260.3,22876.7,256,84.77,
71,0,861,274.52,1260.4,22876.7,252,86.12,
71,0,862,274.94,1261.3,22877.4,250,86.81,
71,0,863,274.94,1261.1,22877.7,254,85.44,
71,0,864,274.94,1260.8,22878.1,256,84.77,
71,0,865,275.36,1260.8,22878.0,256,84.77,
71,0,866,275.36,1259.6,22878.5,255,85.11,
71,0,867,275.36,1259.3,22878.6,256,84.78,
71,0,868,275.78,1258.6,22881.0,254,85.46,
71,0,869,275.78,1258.3,22881.8,253,85.81,
71,0,870,275.78,1257.5,22882.0,253,85.81,
71,0,871,276.20,1263.5,22882.8,254,85.45,
71,0,872,276.20,1263.2,22883.1,253,85.79,
71,0,873,276.20,1262.6,22884.0,254,85.46,
71,0,874,276.62,1264.3,22882.6,254,85.45,
71,0,875,276.62,1264.6,22882.7,255,85.11,
71,0,876,276.62,1263.8,22882.9,254,85.45,
71,0,877,277.04,1268.3,22887.5,256,84.78,
71,0,878,277.04,1267.9,22887.5,253,85.79,
71,0,879,277.04,1268.5,22887.5,252,86.13,
71,0,880,277.46,1270.9,22883.6,256,84.76,
71,0,881,277.46,1271.0,22883.6,255,85.09,
71,0,882,277.46,1270.7,22883.5,256,84.76,
71,0,883,277.88,1265.3,22880.3,253,85.77,
71,0,884,277.88,1266.6,22880.2,255,85.09,
71,0,885,277.88,1266.1,22880.1,253,85.77,
71,0,886,278.30,1366.1,22883.1,254,85.05,
71,0,887,278.31,1366.0,22883.2,254,85.05,
71,0,888,278.31,1365.9,22883.3,256,84.38,
71,0,890,278.73,1462.2,22876.0,254,84.64,
71,0,891,278.73,1462.3,22876.3,256,83.98,
71,0,892,278.73,1461.5,22875.7,253,84.98,
71,0,889,278.31,1889.3,23303.5,252,85.32,
71,0,894,279.15,1572.2,22880.4,254,84.22,
71,0,895,279.15,1571.5,22879.9,253,84.56,
71,0,896,279.15,1571.5,22879.9,254,84.22,
71,0,893,278.74,1986.2,23295.4,251,85.24,
71,0,899,279.67,1570.3,22776.5,255,83.49,
71,0,898,279.67,1570.8,22777.4,256,83.16,
71,0,900,279.67,1568.8,22775.3,255,83.49,
71,0,897,279.15,2090.8,23298.3,255,83.49,
71,0,902,280.19,1567.9,22778.3,253,84.17,
71,0,903,280.19,1568.1,22778.5,256,83.18,
71,0,904,280.20,1567.8,22778.7,251,84.84,
71,0,901,279.68,2085.5,23299.1,255,83.52,
71,0,906,280.72,1566.2,22778.8,254,83.84,
71,0,907,280.72,1565.8,22778.9,255,83.52,
71,0,908,280.72,1565.5,22778.9,253,84.18,
71,0,905,280.20,2091.6,23304.8,254,83.85,
71,0,910,281.24,1567.4,22785.4,256,83.21,
71,0,911,281.24,1567.3,22785.5,256,83.21,
71,0,912,281.24,1566.8,22785.4,254,83.87,
71,0,909,280.72,2086.4,23305.4,254,83.87,
71,0,914,281.76,1571.6,22791.5,254,83.87,
71,0,913,281.24,2092.6,23312.9,255,83.54,
71,0,915,281.76,1571.1,22791.5,250,85.22,
71,0,916,281.76,1570.8,22791.6,253,84.21,
71,0,918,282.29,1573.1,22789.0,254,83.86,
71,0,917,281.76,2096.0,23312.5,255,83.53,
71,0,919,282.29,1572.9,22789.8,254,83.86,
71,0,920,282.29,1572.7,22789.8,255,83.53,
71,0,921,282.29,1892.4,23313.7,254,84.67,
71,0,922,282.81,1371.2,22793.3,253,85.01,
71,0,923,282.81,1368.8,22793.1,253,85.02,
71,0,924,297.28,529.9,22944.0,254,88.59,
71,0,925,297.28,529.6,22944.0,255,88.25,
71,0,926,297.28,530.9,22944.0,255,88.24,
71,0,927,297.34,897.9,22943.4,248,89.25,
71,0,928,297.34,898.8,22943.4,254,87.13,
71,0,929,297.34,899.4,22943.5,254,87.13,
71,0,930,297.39,1263.2,22942.8,253,86.03,
71,0,931,297.40,1265.5,22943.2,252,86.37,
71,0,932,297.40,1265.6,22943.3,255,85.35,
71,0,933,297.82,1270.3,22940.2,256,84.98,
71,0,934,297.82,1269.8,22939.9,253,85.99,
71,0,935,297.82,1269.7,22939.4,253,85.99,
71,0,936,298.24,1265.8,22942.6,255,85.34,
71,0,937,298.24,1264.1,22941.9,254,85.68,
71,0,938,298.24,1263.8,22941.7,251,86.71,
71,0,939,298.66,1265.0,22939.4,254,85.67,
71,0,940,298.66,1264.0,22938.2,254,85.67,
71,0,941,298.66,1262.9,22937.1,252,86.35,
71,0,942,299.08,1264.3,22941.4,254,85.68,
71,0,943,299.08,1263.7,22941.3,253,86.02,
71,0,944,299.08,1262.2,22940.8,256,85.01,
71,0,945,299.50,1262.0,22945.8,256,85.03,
71,0,946,299.50,1262.1,22945.7,252,86.39,
71,0,947,299.50,1261.1,22945.5,254,85.71,
71,0,948,299.92,1263.5,22944.9,252,86.38,
71,0,949,299.92,1263.2,22944.9,254,85.70,
71,0,950,299.93,1264.5,22944.9,253,86.03,
71,0,951,300.35,1263.6,22948.3,249,87.44,
71,0,952,300.35,1263.1,22948.5,253,86.05,
71,0,953,300.35,1262.8,22948.7,254,85.71,
71,0,954,300.76,1265.7,22949.3,253,86.05,
71,0,955,300.76,1266.3,22950.4,254,85.71,
71,0,956,300.76,1265.7,22950.8,255,85.37,
71,0,957,301.19,1259.5,22945.5,256,85.04,
71,0,958,301.19,1258.8,22944.8,254,85.72,
71,0,959,301.19,1258.4,22944.6,255,85.38,
71,0,960,301.61,1364.7,22944.1,254,85.29,
71,0,961,301.61,1364.7,22944.1,254,85.29,
71,0,962,301.61,1364.4,22944.1,254,85.30,
71,0,964,302.03,1470.7,22945.5,254,84.88,
71,0,965,302.03,1470.4,22945.5,253,85.22,
71,0,966,302.03,1470.6,22945.4,254,84.88,
71,0,963,301.61,1890.6,23365.2,253,85.22,
71,0,969,302.45,1578.9,22941.4,254,84.44,
71,0,968,302.45,1579.2,22942.2,252,85.11,
71,0,970,302.45,1579.0,22942.0,252,85.11,
71,0,967,302.03,1996.6,23360.6,253,84.78,
71,0,972,302.97,1580.9,22835.2,253,84.34,
71,0,973,302.97,1581.0,22835.4,255,83.68,
71,0,971,302.45,2105.5,23360.4,256,83.35,
71,0,974,302.97,1580.6,22835.8,253,84.35,
71,0,976,303.50,1576.6,22837.3,255,83.70,
71,0,977,303.50,1576.3,22837.5,249,85.73,
71,0,978,303.50,1576.1,22837.6,255,83.71,
71,0,975,302.98,2099.4,23363.9,254,84.05,
71,0,980,304.03,1574.8,22835.0,255,83.70,
71,0,981,304.03,1574.7,22835.2,256,83.37,
71,0,982,304.03,1574.2,22835.3,255,83.70,
71,0,979,303.50,2100.8,23361.9,251,85.04,
71,0,984,304.55,1572.7,22833.7,255,83.70,
71,0,985,304.56,1572.4,22833.7,252,84.71,
71,0,986,304.56,1572.3,22833.8,256,83.38,
71,0,983,304.03,2099.8,23361.7,254,84.04,
71,0,988,305.07,1572.1,22837.0,251,85.06,
71,0,987,304.56,2092.6,23358.0,255,83.72,
71,0,989,305.08,1571.5,22837.3,252,84.72,
71,0,990,305.08,1571.2,22837.2,252,84.73,
71,0,991,305.08,2043.9,23359.5,254,84.25,
71,0,992,305.60,1519.8,22835.7,253,84.59,
71,0,993,305.60,1519.1,22835.6,255,83.92,
71,0,994,305.60,1516.7,22835.6,252,84.94,
71,0,995,320.23,529.3,22908.9,254,88.46,
71,0,996,320.23,528.3,22908.8,249,90.24,
71,0,997,320.23,527.4,22908.9,253,88.82,
71,0,998,320.28,896.6,22910.0,254,87.01,
71,0,999,320.28,896.6,22910.0,253,87.35,
71,0,1000,320.29,895.7,22909.8,255,86.67,
71,0,1001,320.34,1260.2,22911.2,256,84.91,
71,0,1002,320.34,1260.1,22910.8,254,85.58,
71,0,1003,320.34,1259.8,22910.8,255,85.24,
71,0,1004,320.76,1270.0,22913.4,252,86.23,
71,0,1005,320.76,1269.8,22913.4,255,85.21,
71,0,1006,320.76,1270.0,22913.4,254,85.55,
71,0,1007,321.18,1268.5,22910.7,255,85.21,
71,0,1008,321.18,1267.6,22911.0,254,85.55,
71,0,1009,321.18,1267.5,22911.2,255,85.21,
71,0,1010,321.60,1270.5,22911.9,254,85.54,
71,0,1011,321.60,1270.7,22912.4,253,85.88,
71,0,1012,321.60,1270.7,22913.0,256,84.87,
71,0,1013,322.02,1270.4,22909.1,252,86.21,
71,0,1014,322.02,1270.0,22908.9,255,85.19,
71,0,1015,322.02,1269.6,22908.5,252,86.21,
71,0,1016,322.45,1265.4,22907.0,255,85.20,
71,0,1017,322.45,1266.0,22907.3,254,85.54,
71,0,1018,322.45,1265.4,22906.7,255,85.20,
71,0,1019,322.87,1264.1,22908.6,256,84.88,
71,0,1020,322.87,1263.7,22908.5,253,85.89,
71,0,1021,322.87,1264.0,22908.3,256,84.88,
71,0,1022,323.29,1259.5,22905.3,254,85.56,
71,0,1023,323.30,1258.8,22904.5,256,84.89,
71,0,1024,323.30,1258.3,22904.2,255,85.22,
71,0,1025,323.71,1261.9,22908.4,253,85.90,
71,0,1026,323.71,1261.4,22907.7,255,85.22,
71,0,1027,323.72,1260.3,22906.7,253,85.90,
71,0,1028,324.13,1255.8,22909.6,252,86.27,
71,0,1029,324.13,1255.9,22910.0,252,86.27,
71,0,1030,324.13,1255.8,22910.0,252,86.27,
71,0,1031,324.55,1255.9,22910.0,250,86.96,
71,0,1032,324.55,1255.5,22910.2,256,84.92,
71,0,1033,324.55,1255.3,22910.2,252,86.27,
71,0,1034,324.97,1361.9,22911.0,253,85.51,
71,0,1035,324.97,1362.1,22911.0,250,86.54,
71,0,1036,324.98,1362.0,22911.1,256,84.51,
71,0,1039,325.39,1472.3,22918.5,256,84.10,
71,0,1038,325.39,1472.6,22919.5,254,84.77,
71,0,1040,325.39,1472.2,22919.4,255,84.44,
71,0,1037,324.98,1887.3,23334.5,256,84.11,
71,0,1042,325.81,1578.9,22913.3,255,83.99,
71,0,1043,325.81,1578.6,22913.2,255,83.99,
71,0,1044,325.81,1578.8,22913.1,255,83.99,
71,0,1041,325.39,1997.4,23332.5,251,85.34,
71,0,1046,326.34,1576.2,22803.1,255,83.57,
71,0,1045,325.81,2103.4,23330.7,253,84.23,
71,0,1047,326.34,1575.7,22803.2,254,83.90,
71,0,1048,326.34,1575.4,22803.2,254,83.90,
71,0,1050,326.86,1574.7,22803.1,254,83.91,
71,0,1051,326.86,1574.3,22803.0,251,84.91,
71,0,1052,326.86,1574.2,22803.0,256,83.25,
71,0,1049,326.34,2095.4,23327.3,254,83.92,
71,0,1054,327.39,1575.9,22804.4,255,83.58,
71,0,1055,327.39,1575.5,22804.3,255,83.58,
71,0,1056,327.39,1575.3,22804.3,256,83.25,
71,0,1053,326.86,2101.2,23330.7,254,83.91,
71,0,1058,327.91,1572.8,22805.2,256,83.26,
71,0,1059,327.91,1572.5,22805.1,254,83.92,
71,0,1060,327.91,1572.1,22805.2,251,84.93,
71,0,1057,327.39,2096.8,23330.1,254,83.93,
71,0,1061,327.91,2097.1,23329.5,253,84.26,
71,0,1062,328.44,1574.6,22807.4,249,85.62,
71,0,1063,328.44,1574.3,22807.3,253,84.26,
71,0,1064,328.44,1573.7,22807.4,254,83.93,
71,0,1065,328.44,1661.7,23328.5,253,85.98,
95,0,761,221.47,312.8,27786.1,256,107.74,
95,0,762,221.54,674.9,27783.5,254,107.15,
95,0,763,221.54,674.5,27783.5,253,107.58,
95,0,764,221.54,674.6,27783.5,254,107.15,
95,0,765,221.60,1049.3,27788.3,253,106.11,
95,0,766,221.60,1048.9,27788.2,256,104.86,
95,0,767,221.60,1049.4,27788.4,254,105.69,
95,0,768,221.78,1297.2,27781.0,254,104.68,
95,0,769,221.78,1297.1,27780.8,253,105.09,
95,0,770,221.79,1297.2,27781.6,254,104.68,
95,0,771,222.21,1297.0,27787.1,255,104.29,
95,0,772,222.22,1296.5,27786.9,251,105.96,
95,0,773,222.22,1296.9,27787.2,251,105.96,
95,0,774,222.65,1291.8,27783.9,256,103.89,
95,0,775,222.65,1291.6,27783.2,254,104.71,
95,0,776,222.65,1291.4,27783.1,254,104.71,
95,0,777,223.08,1293.1,27785.9,252,105.55,
95,0,778,223.08,1292.7,27785.9,252,105.55,
95,0,779,223.08,1293.2,27785.8,252,105.55,
95,0,780,223.51,1293.0,27783.6,253,105.12,
95,0,781,223.51,1293.1,27783.9,255,104.29,
95,0,782,223.51,1292.9,27784.0,256,103.89,
95,0,783,223.94,1387.7,27783.2,255,103.92,
95,0,784,223.94,1389.6,27784.0,254,104.33,
95,0,785,223.94,1390.0,27784.1,255,103.91,
95,0,787,224.37,1492.7,27786.5,255,103.52,
95,0,788,224.37,1492.7,27787.1,254,103.93,
95,0,789,224.38,1492.3,27786.7,254,103.93,
95,0,786,223.95,1924.6,28217.1,254,103.92,
95,0,791,224.80,1590.4,27788.7,255,103.14,
95,0,792,224.80,1590.1,27788.6,253,103.96,
95,0,793,224.80,1590.4,27788.5,248,106.06,
95,0,790,224.38,2023.3,28217.9,253,103.95,
95,0,795,225.33,1588.8,27693.2,254,103.18,
95,0,796,225.33,1587.9,27692.7,249,105.26,
95,0,797,225.33,1587.9,27692.7,252,104.00,
95,0,794,224.81,2116.8,28220.9,253,103.59,
95,0,799,225.86,1586.6,27689.0,253,103.58,
95,0,800,225.86,1586.2,27688.8,253,103.58,
95,0,801,225.87,1584.6,27687.1,255,102.77,
95,0,798,225.34,2116.9,28219.1,253,103.58,
95,0,803,226.40,1582.0,27689.0,250,104.85,
95,0,804,226.40,1581.1,27688.5,253,103.60,
95,0,805,226.40,1580.3,27688.3,250,104.85,
95,0,802,225.87,2108.7,28217.0,253,103.60,
95,0,807,226.92,1584.9,27690.7,253,103.59,
95,0,808,226.92,1586.0,27691.6,256,102.37,
95,0,809,226.92,1585.6,27691.2,254,103.18,
95,0,806,226.40,2108.9,28214.8,255,102.78,
95,0,811,227.45,1585.1,27686.6,254,103.17,
95,0,812,227.45,1585.9,27687.0,254,103.17,
95,0,813,227.45,1585.1,27686.5,254,103.17,
95,0,810,226.92,2116.4,28217.7,253,103.58,
95,0,815,227.97,1588.0,27690.7,255,102.77,
95,0,816,227.98,1587.5,27690.5,253,103.58,
95,0,817,227.98,1587.9,27691.2,254,103.18,
95,0,814,227.45,2112.8,28214.9,254,103.17,
95,0,819,228.50,1585.8,27686.8,256,102.36,
95,0,820,228.51,1585.4,27686.8,253,103.58,
95,0,821,228.51,1584.4,27686.4,253,103.58,
95,0,818,227.98,2113.8,28216.1,254,103.17,
95,0,823,229.03,1576.9,27683.2,254,103.19,
95,0,824,229.04,1576.3,27683.1,255,102.78,
95,0,825,229.04,1576.9,27683.0,253,103.60,
95,0,822,228.51,2107.3,28214.1,247,106.13,
95,0,826,229.56,1574.0,27679.1,253,103.59,
95,0,827,229.56,1573.7,27679.1,255,102.78,
95,0,828,229.56,1574.1,27679.1,254,103.18,
95,0,830,230.09,1576.9,27683.4,251,104.43,
95,0,831,230.09,1576.6,27683.6,254,103.19,
95,0,832,230.09,1576.5,27683.0,254,103.19,
95,0,829,229.57,2103.0,28209.4,254,103.19,
95,0,834,230.61,1581.6,27687.4,254,103.18,
95,0,835,230.61,1581.2,27688.2,255,102.78,
95,0,836,230.61,1581.1,27688.9,255,102.79,
95,0,833,230.09,2105.5,28214.0,254,103.20,
95,0,838,231.14,1588.7,27685.4,254,103.15,
95,0,839,231.14,1587.9,27685.5,256,102.34,
95,0,840,231.14,1587.2,27685.5,254,103.16,
95,0,837,230.62,2113.0,28210.4,252,103.97,
95,0,842,231.67,1584.3,27686.9,254,103.17,
95,0,843,231.67,1584.3,27686.9,253,103.58,
95,0,844,231.67,1584.0,27686.8,256,102.36,
95,0,841,231.14,2113.1,28216.3,254,103.17,
95,0,846,232.20,1579.3,27686.3,254,103.19,
95,0,847,232.20,1578.9,27686.2,254,103.19,
95,0,848,232.20,1578.6,27686.2,255,102.79,
95,0,845,231.67,2105.7,28213.8,255,102.79,
95,0,849,232.20,2105.8,28211.8,255,102.78,
95,0,850,232.73,1575.6,27682.0,253,103.60,
95,0,851,232.73,1575.2,27682.0,253,103.60,
95,0,852,232.73,1575.0,27682.0,256,102.38,
95,0,853,232.73,1953.4,28206.5,254,103.77,
95,0,854,233.25,1428.6,27682.0,254,103.77,
95,0,855,233.25,1428.2,27682.0,253,104.18,
95,0,856,249.26,307.6,27782.3,251,109.90,
95,0,857,249.32,678.6,27786.2,251,108.43,
95,0,858,249.32,678.1,27786.2,251,108.43,
95,0,859,249.32,678.1,27786.1,255,106.72,
95,0,860,249.39,1044.6,27783.8,253,106.11,
95,0,861,249.39,1044.5,27783.8,249,107.82,
95,0,862,249.39,1044.5,27783.7,254,105.69,
95,0,863,249.57,1302.1,27785.3,253,105.09,
95,0,864,249.57,1302.1,27785.4,249,106.79,
95,0,865,249.57,1301.0,27785.3,254,104.68,
95,0,866,250.00,1293.8,27782.0,254,104.70,
95,0,867,250.00,1293.5,27782.1,254,104.70,
95,0,868,250.00,1293.6,27782.1,253,105.11,
95,0,869,250.44,1291.6,27779.0,250,106.37,
95,0,870,250.44,1292.5,27779.5,254,104.69,
95,0,871,250.44,1292.3,27779.5,255,104.28,
95,0,872,250.87,1293.7,27782.7,251,105.96,
95,0,873,250.87,1293.3,27782.7,253,105.12,
95,0,874,250.87,1294.1,27782.8,256,103.88,
95,0,875,251.29,1297.9,27782.2,254,104.68,
95,0,876,251.30,1297.6,27782.2,255,104.27,
95,0,877,251.30,1297.2,27782.1,256,103.86,
95,0,878,251.73,1297.6,27788.6,255,104.30,
95,0,879,251.73,1297.7,27789.6,255,104.30,
95,0,880,251.73,1297.2,27790.7,255,104.31,
95,0,881,252.16,1394.3,27781.1,255,103.89,
95,0,882,252.16,1393.4,27780.6,254,104.30,
95,0,883,252.16,1393.1,27780.7,256,103.48,
95,0,885,252.59,1492.3,27785.3,253,104.34,
95,0,886,252.59,1491.7,27785.2,253,102.61,
95,0,887,252.59,1491.1,27785.4,253,104.34,
95,0,884,252.16,1923.7,28216.8,253,104.34,
95,0,889,253.02,1586.6,27782.7,254,103.54,
95,0,890,253.02,1586.3,27782.7,256,102.73,
95,0,891,253.03,1586.0,27782.6,256,102.73,
95,0,888,252.59,2020.0,28215.2,256,102.73,
95,0,893,253.55,1584.2,27676.8,254,103.13,
95,0,894,253.55,1584.3,27676.9,253,103.54,
95,0,895,253.56,1584.1,27677.2,255,102.73,
95,0,892,253.03,2113.6,28206.7,255,102.73,
95,0,897,254.08,1583.3,27681.0,254,103.15,
95,0,898,254.09,1583.0,27681.0,254,103.15,
95,0,899,254.09,1582.3,27681.0,254,103.16,
95,0,896,253.56,2112.6,28211.4,255,102.75,
95,0,901,254.61,1580.5,27683.1,253,103.58,
95,0,902,254.61,1580.4,27682.7,255,102.77,
95,0,903,254.61,1580.8,27683.0,253,103.58,
95,0,900,254.09,2107.9,28210.2,254,103.17,
95,0,905,255.14,1582.4,27679.5,254,103.15,
95,0,906,255.14,1581.9,27679.5,253,103.56,
95,0,907,255.14,1581.7,27679.5,253,103.56,
95,0,904,254.61,2108.3,28205.9,254,103.15,
95,0,909,255.66,1576.8,27679.8,253,103.58,
95,0,910,255.67,1576.7,27679.8,253,103.58,
95,0,911,255.67,1575.8,27679.1,256,102.37,
95,0,908,255.14,2105.6,28208.1,252,103.99,
95,0,913,256.19,1582.0,27675.9,256,102.33,
95,0,914,256.19,1581.6,27675.9,255,102.73,
95,0,915,256.19,1581.7,27675.9,254,103.14,
95,0,912,255.67,2107.3,28201.6,255,102.73,
95,0,917,256.72,1581.0,27673.0,254,101.06,
95,0,918,256.72,1581.1,27672.7,254,103.13,
95,0,919,256.72,1581.7,27672.7,252,103.95,
95,0,916,256.19,2111.3,28200.1,254,103.12,
95,0,921,257.24,1580.4,27675.2,253,103.55,
95,0,922,257.24,1580.1,27675.2,256,102.33,
95,0,923,257.24,1579.8,27675.1,254,103.14,
95,0,920,256.72,2103.6,28198.4,255,102.74,
95,0,924,257.77,1580.5,27668.8,254,103.12,
95,0,925,257.77,1580.0,27668.7,255,102.71,
95,0,926,257.77,1580.4,27669.2,254,103.12,
95,0,928,258.30,1580.4,27669.1,251,104.35,
95,0,929,258.30,1579.3,27668.3,254,103.12,
95,0,930,258.30,1578.5,27667.5,253,103.53,
95,0,927,257.78,2107.5,28195.9,250,102.65,
95,0,932,258.82,1584.4,27674.3,255,102.72,
95,0,933,258.82,1583.6,27673.8,254,103.12,
95,0,934,258.82,1583.2,27673.8,254,103.12,
95,0,931,258.31,2103.6,28193.6,255,102.72,
95,0,936,259.35,1579.0,27670.4,249,105.21,
95,0,937,259.36,1578.7,27670.8,252,103.95,
95,0,938,259.36,1578.4,27670.7,253,103.54,
95,0,935,258.83,2109.6,28201.2,251,104.37,
95,0,940,259.88,1576.7,27673.5,256,102.34,
95,0,941,259.88,1576.3,27673.8,252,103.97,
95,0,942,259.88,1576.0,27674.1,253,103.56,
95,0,939,259.36,2102.5,28202.3,254,103.16,
95,0,944,260.41,1579.8,27672.3,254,103.13,
95,0,945,260.41,1579.4,27672.3,251,104.37,
95,0,946,260.41,1579.1,27672.1,255,102.73,
95,0,943,259.88,2105.2,28198.5,254,103.14,
95,0,947,260.41,2061.5,28197.4,254,103.30,
95,0,948,260.93,1536.9,27673.0,256,102.49,
95,0,949,260.94,1536.5,27672.8,254,103.31,
95,0,950,260.94,1536.2,27672.7,250,104.97,
95,0,951,277.04,310.5,27776.1,253,108.99,
95,0,952,277.11,674.4,27776.5,252,107.98,
95,0,953,277.11,674.0,27776.5,254,107.12,
95,0,954,277.11,674.0,27776.5,254,107.12,
95,0,955,277.17,1040.1,27774.9,254,105.67,
95,0,956,277.17,1039.8,27774.9,256,104.84,
95,0,957,277.18,1040.3,27774.8,249,107.80,
95,0,958,277.35,1299.5,27774.7,253,105.06,
95,0,959,277.35,1299.5,27775.4,252,105.48,
95,0,960,277.35,1298.9,27775.4,253,105.07,
95,0,961,277.78,1293.9,27771.8,253,105.07,
95,0,962,277.78,1293.6,27771.8,255,104.24,
95,0,963,277.79,1293.6,27771.8,254,104.66,
95,0,964,278.21,1301.7,27775.2,252,105.47,
95,0,965,278.22,1302.8,27774.8,251,105.89,
95,0,966,278.22,1303.1,27774.7,252,105.46,
95,0,967,278.65,1291.7,27771.6,256,103.84,
95,0,968,278.65,1291.7,27771.7,253,105.08,
95,0,969,278.65,1292.0,27771.6,253,105.08,
95,0,970,279.08,1301.0,27771.9,256,103.81,
95,0,971,279.08,1300.9,27771.9,255,104.22,
95,0,972,279.08,1300.6,27771.9,253,105.04,
95,0,973,279.51,1291.7,27766.9,255,104.23,
95,0,974,279.52,1290.7,27766.0,255,104.23,
95,0,975,279.52,1289.1,27764.9,255,104.24,
95,0,976,279.94,1290.3,27770.7,255,104.25,
95,0,977,279.94,1289.9,27770.7,255,104.25,
95,0,978,279.94,1289.6,27770.6,255,104.26,
95,0,979,280.38,1388.0,27766.5,253,104.68,
95,0,980,280.38,1387.5,27766.4,254,104.26,
95,0,981,280.38,1386.7,27766.2,255,103.86,
95,0,983,280.81,1487.1,27767.0,254,103.87,
95,0,984,280.81,1486.8,27767.6,254,103.88,
95,0,985,280.81,1487.0,27767.3,255,103.47,
95,0,982,280.38,1917.1,28199.3,256,103.07,
95,0,987,281.23,1586.9,27774.9,251,104.75,
95,0,988,281.23,1587.0,27774.9,253,103.92,
95,0,989,281.23,1586.3,27774.4,253,103.92,
95,0,986,280.81,2010.4,28198.3,254,103.51,
95,0,991,281.77,1582.0,27669.9,255,102.71,
95,0,992,281.77,1581.7,27669.9,254,103.12,
95,0,993,281.77,1581.0,27669.9,255,102.71,
95,0,990,281.23,2115.0,28203.9,255,102.71,
95,0,995,282.29,1573.4,27671.3,256,102.34,
95,0,996,282.30,1573.5,27670.9,255,102.75,
95,0,997,282.30,1573.7,27670.9,249,105.23,
95,0,994,281.77,2102.8,28200.1,253,103.56,
95,0,999,282.82,1575.6,27672.4,253,103.56,
95,0,1000,282.82,1575.1,27672.4,256,102.34,
95,0,1001,282.82,1574.9,27672.4,250,104.81,
95,0,998,282.30,2097.8,28195.5,253,103.56,
95,0,1003,283.34,1572.1,27677.6,254,103.18,
95,0,1004,283.35,1571.6,27677.7,256,102.38,
95,0,1005,283.35,1571.9,27677.7,256,102.38,
95,0,1002,282.82,2100.8,28206.5,252,104.01,
95,0,1007,283.87,1574.6,27673.8,255,102.75,
95,0,1008,283.87,1574.3,27673.9,255,102.75,
95,0,1009,283.87,1574.3,27673.8,255,102.75,
95,0,1006,283.35,2096.0,28195.7,255,102.75,
95,0,1011,284.39,1577.2,27678.3,255,102.76,
95,0,1012,284.39,1576.9,27678.2,254,103.17,
95,0,1013,284.39,1577.6,27678.2,253,103.57,
95,0,1010,283.87,2101.6,28202.6,253,103.58,
95,0,1015,284.92,1579.1,27678.9,254,103.16,
95,0,1016,284.92,1579.4,27678.8,254,103.16,
95,0,1017,284.92,1579.2,27678.8,255,102.75,
95,0,1014,284.39,2105.0,28204.9,254,103.16,
95,0,1019,285.44,1582.6,27686.5,254,103.18,
95,0,1020,285.44,1582.0,27686.4,254,103.18,
95,0,1021,285.44,1581.6,27686.5,254,103.18,
95,0,1018,284.92,2106.4,28210.4,255,102.77,
95,0,1022,285.97,1580.9,27682.0,253,103.58,
95,0,1023,285.97,1581.8,27682.0,254,103.16,
95,0,1024,285.97,1583.2,27682.0,255,102.75,
95,0,1026,286.50,1582.7,27681.8,252,103.98,
95,0,1027,286.50,1582.3,27681.7,250,104.82,
95,0,1028,286.50,1582.2,27681.4,252,103.98,
95,0,1025,285.97,2109.4,28209.3,250,104.82,
95,0,1030,287.03,1581.8,27680.9,256,102.35,
95,0,1031,287.03,1580.9,27680.9,256,102.35,
95,0,1032,287.03,1580.7,27680.9,254,103.16,
95,0,1029,286.50,2107.6,28208.1,254,103.16,
95,0,1034,287.56,1575.3,27674.5,253,103.57,
95,0,1035,287.56,1574.6,27674.1,253,103.57,
95,0,1036,287.56,1574.0,27673.8,252,103.98,
95,0,1033,287.03,2104.2,28204.3,253,103.57,
95,0,1038,288.08,1573.8,27674.0,252,103.98,
95,0,1039,288.08,1573.4,27674.0,253,103.57,
95,0,1040,288.08,1573.2,27674.1,254,103.17,
95,0,1037,287.56,2096.1,28197.6,251,104.41,
95,0,1042,288.61,1578.9,27686.1,255,102.78,
95,0,1041,288.08,2104.4,28212.0,254,103.19,
95,0,1043,288.61,1578.9,27686.9,255,102.79,
95,0,1044,288.61,1578.8,27687.1,254,103.19,
95,0,1045,288.61,1699.5,28207.1,251,106.03,
95,0,1046,304.82,310.2,27816.5,254,108.72,
95,0,1047,304.89,669.7,27815.0,254,107.29,
95,0,1048,304.89,669.2,27815.3,251,108.58,
95,0,1049,304.89,669.3,27815.5,252,108.15,
95,0,1050,304.95,1040.2,27817.6,255,105.42,
95,0,1051,304.95,1040.0,27817.9,255,105.42,
95,0,1052,304.95,1040.2,27820.0,249,107.71,
95,0,1053,305.13,1296.5,27822.0,253,105.26,
95,0,1054,305.13,1295.8,27822.4,253,105.26,
95,0,1055,305.13,1295.1,27822.8,255,104.44,
95,0,1056,305.56,1294.0,27823.1,249,106.97,
95,0,1057,305.56,1293.7,27823.1,255,104.45,
95,0,1058,305.56,1293.7,27823.2,256,104.04,
95,0,1059,305.99,1292.9,27821.4,255,104.44,
95,0,1060,305.99,1293.8,27823.1,255,104.45,
95,0,1061,305.99,1293.7,27823.6,254,104.86,
95,0,1062,306.42,1291.2,27819.7,250,106.54,
95,0,1063,306.42,1290.8,27820.1,255,104.45,
95,0,1064,306.42,1291.2,27819.9,254,104.86,
95,0,1065,306.85,1295.5,27827.0,256,104.05,
95,0,1066,306.85,1295.2,27827.0,253,105.28,
95,0,1067,306.85,1294.9,27827.0,256,104.05,
95,0,1068,307.28,1292.1,27823.5,254,104.87,
95,0,1069,307.28,1294.6,27823.5,253,105.27,
95,0,1070,307.28,1294.2,27823.4,256,104.04,
95,0,1071,307.71,1294.1,27824.9,251,106.12,
95,0,1072,307.71,1293.7,27824.9,254,104.87,
95,0,1073,307.71,1293.6,27825.1,255,104.45,
95,0,1074,308.14,1291.4,27822.6,254,104.87,
95,0,1075,308.14,1290.9,27822.8,252,105.70,
95,0,1076,308.14,1290.4,27823.0,256,104.05,
95,0,1077,308.57,1391.0,27824.3,250,106.16,
95,0,1078,308.57,1390.1,27824.3,255,104.07,
95,0,1079,308.58,1390.5,27824.3,249,106.59,
95,0,1081,309.00,1484.4,27825.4,255,103.70,
95,0,1082,309.01,1484.5,27825.5,252,104.94,
95,0,1083,309.01,1484.3,27826.0,252,104.95,
95,0,1080,308.58,1913.3,28255.0,255,103.71,
95,0,1085,309.44,1589.9,27830.5,254,103.72,
95,0,1086,309.44,1589.6,27830.6,256,102.91,
95,0,1087,309.44,1589.0,27830.3,256,102.91,
95,0,1084,309.01,2018.6,28260.3,255,103.31,
95,0,1089,309.97,1575.8,27726.0,254,103.36,
95,0,1090,309.97,1576.5,27726.9,233,110.88,
95,0,1091,309.97,1576.6,27726.6,254,103.36,
95,0,1088,309.44,2106.8,28256.9,255,102.95,
95,0,1093,310.49,1581.5,27730.7,254,103.36,
95,0,1094,310.49,1580.9,27730.3,255,102.95,
95,0,1095,310.49,1580.8,27730.8,254,103.36,
95,0,1092,309.97,2105.3,28255.4,252,104.18,
95,0,1097,311.02,1573.3,27727.1,253,103.78,
95,0,1098,311.02,1572.8,27727.3,251,104.62,
95,0,1099,311.02,1573.1,27727.4,256,102.57,
95,0,1096,310.49,2107.2,28261.5,255,102.97,
95,0,1101,311.54,1587.9,27741.6,253,103.78,
95,0,1102,311.54,1587.6,27741.6,252,104.20,
95,0,1103,311.54,1587.2,27741.7,253,103.79,
95,0,1100,311.03,2104.8,28259.5,254,103.38,
95,0,1105,312.07,1580.9,27735.1,256,102.57,
95,0,1106,312.07,1580.7,27735.6,255,102.97,
95,0,1107,312.07,1581.4,27735.7,253,103.79,
95,0,1104,311.54,2109.7,28264.5,256,102.57,
95,0,1109,312.60,1582.3,27736.6,253,103.79,
95,0,1110,312.60,1582.0,27736.6,255,102.97,
95,0,1111,312.60,1581.8,27736.7,255,102.97,
95,0,1108,312.07,2108.3,28263.4,256,102.57,
95,0,1113,313.13,1576.9,27732.5,255,102.97,
95,0,1114,313.13,1576.4,27732.7,254,103.38,
95,0,1115,313.13,1575.9,27732.8,254,103.39,
95,0,1112,312.60,2108.5,28264.4,255,102.98,
95,0,1117,313.65,1577.4,27736.5,255,102.99,
95,0,1118,313.65,1577.3,27736.5,254,103.40,
95,0,1119,313.65,1576.4,27736.7,254,103.40,
95,0,1116,313.13,2100.2,28259.5,254,103.40,
95,0,1120,314.18,1575.0,27736.7,255,103.00,
95,0,1121,314.18,1574.7,27736.8,255,103.00,
95,0,1122,314.18,1574.8,27736.8,250,105.07,
95,0,1124,314.71,1584.6,27739.5,252,104.20,
95,0,1125,314.71,1584.5,27739.4,254,103.38,
95,0,1126,314.71,1584.4,27739.4,254,103.38,
95,0,1123,314.18,2111.8,28266.2,254,103.38,
95,0,1128,315.23,1584.5,27749.8,254,103.42,
95,0,1129,315.23,1584.2,27749.8,253,103.83,
95,0,1130,315.23,1584.2,27749.8,256,102.61,
95,0,1127,314.71,2107.4,28273.2,250,105.08,
95,0,1132,315.76,1585.9,27740.6,254,103.38,
95,0,1133,315.76,1585.6,27740.5,254,103.38,
95,0,1134,315.76,1585.4,27740.4,254,103.38,
95,0,1131,315.23,2110.0,28265.4,256,102.57,
95,0,1136,316.29,1575.4,27733.1,255,102.98,
95,0,1137,316.29,1574.8,27732.9,254,103.39,
95,0,1138,316.29,1574.3,27732.6,254,103.39,
95,0,1135,315.76,2112.4,28270.9,254,103.39,
95,0,1139,316.30,1820.6,28255.1,253,104.90,
95,0,1140,316.82,1300.5,27735.3,255,104.07,
103,0,728,209.78,2127.7,30416.5,254,111.81,
103,0,731,210.31,1597.9,29885.7,254,111.81,
103,0,729,209.78,2128.0,30416.8,254,111.81,
103,0,730,209.78,2128.1,30416.8,254,111.81,
103,0,735,210.85,1597.5,29885.4,254,111.81,
103,0,732,210.31,2133.4,30420.8,253,112.25,
103,0,733,210.31,2134.3,30420.3,249,114.06,
103,0,734,210.31,2136.1,30420.8,255,111.36,
103,0,739,211.37,1598.1,29897.2,250,113.65,
103,0,736,210.85,2124.5,30422.2,252,112.74,
103,0,737,210.85,2124.1,30421.4,254,111.85,
103,0,738,210.85,2123.9,30420.3,255,111.40,
103,0,742,211.91,1592.7,29892.4,253,112.30,
103,0,740,211.37,2127.6,30427.4,253,112.30,
103,0,743,211.91,1593.1,29892.4,254,111.86,
103,0,741,211.37,2130.6,30427.4,253,112.29,
103,0,746,212.44,1589.2,29895.3,249,114.14,
103,0,747,212.44,1588.8,29895.3,252,112.77,
103,0,744,211.91,2126.6,30430.8,254,111.87,
103,0,745,211.91,2128.1,30430.7,250,113.66,
103,0,750,212.97,1590.7,29889.0,254,111.85,
103,0,751,212.97,1590.2,29888.1,254,111.85,
103,0,748,212.45,2118.2,30415.8,256,110.97,
103,0,749,212.45,2118.8,30414.8,253,112.29,
103,0,754,213.50,1593.8,29890.4,253,112.29,
103,0,755,213.50,1593.1,29890.1,254,111.85,
103,0,752,212.97,2121.4,30418.2,252,112.74,
103,0,753,212.98,2120.4,30417.4,255,111.41,
103,0,758,214.03,1594.8,29891.5,256,110.97,
103,0,756,213.50,2124.8,30422.1,255,111.41,
103,0,759,214.03,1593.6,29890.8,254,111.85,
103,0,757,213.51,2123.8,30421.0,254,111.85,
103,0,762,214.56,1588.4,29893.4,253,112.32,
103,0,763,214.56,1587.6,29893.5,254,111.88,
103,0,760,214.04,2116.2,30421.7,255,111.44,
103,0,761,214.04,2116.1,30421.3,247,115.06,
103,0,766,215.09,1593.5,29891.2,253,112.29,
103,0,764,214.57,2126.7,30421.2,254,111.84,
103,0,765,214.57,2127.5,30420.0,254,111.83,
103,0,770,215.63,1579.6,29889.5,252,112.79,
103,0,767,215.09,2113.1,30422.8,254,111.90,
103,0,768,215.10,2112.5,30422.5,253,112.34,
103,0,769,215.10,2112.3,30422.6,250,113.70,
103,0,774,216.15,1586.5,29897.9,254,111.90,
103,0,771,215.63,2110.4,30422.0,254,111.90,
103,0,772,215.63,2109.7,30421.7,255,111.46,
103,0,773,215.63,2109.5,30421.8,255,111.47,
103,0,778,216.68,1582.5,29892.1,256,111.02,
103,0,775,216.15,2118.8,30427.6,255,111.45,
103,0,776,216.15,2118.4,30427.5,253,112.34,
103,0,777,216.15,2118.3,30427.5,253,112.34,
103,0,781,217.21,1590.2,29898.4,254,111.89,
103,0,782,217.21,1591.3,29898.1,252,112.78,
103,0,779,216.69,2109.6,30416.5,255,111.44,
103,0,780,216.69,2110.0,30413.6,253,112.32,
103,0,785,217.74,1585.1,29896.9,255,111.46,
103,0,786,217.74,1585.5,29896.9,254,111.90,
103,0,783,217.21,2120.1,30427.0,254,111.88,
103,0,784,217.21,2120.0,30426.7,251,113.23,
103,0,789,218.27,1578.1,29895.0,251,113.27,
103,0,790,218.27,1577.2,29895.7,253,112.37,
103,0,787,217.74,2110.0,30430.0,256,111.06,
103,0,788,217.74,2109.8,30430.6,256,111.06,
103,0,793,218.79,1581.3,29900.5,254,111.93,
103,0,794,218.79,1581.1,29900.5,252,112.83,
103,0,791,218.27,2107.6,30426.8,248,114.65,
103,0,792,218.27,2107.7,30426.7,251,113.28,
103,0,797,219.32,1581.1,29902.3,253,112.39,
103,0,795,218.80,2107.0,30428.5,251,113.29,
103,0,798,219.32,1580.3,29902.2,253,112.39,
103,0,796,218.80,2103.1,30424.8,252,112.84,
103,0,801,219.84,1588.2,29904.3,253,112.37,
103,0,802,219.85,1590.7,29904.3,256,111.03,
103,0,799,219.33,2111.2,30423.2,255,111.46,
103,0,800,219.33,2110.9,30423.1,252,112.80,
103,0,805,220.37,1583.1,29904.2,254,111.94,
103,0,803,219.85,2114.7,30434.2,253,112.38,
103,0,804,219.85,2116.6,30433.9,253,112.37,
103,0,809,220.90,1583.7,29908.4,255,111.51,
103,0,806,220.38,2110.7,30435.6,253,112.40,
103,0,807,220.38,2109.7,30435.3,255,111.52,
103,0,808,220.38,2109.4,30435.3,253,112.40,
103,0,813,221.43,1584.4,29905.1,253,112.38,
103,0,810,220.90,2115.5,30436.6,254,111.94,
103,0,811,220.91,2115.0,30436.2,252,112.83,
103,0,812,220.91,2115.0,30436.4,254,111.94,
103,0,814,221.44,2114.7,30431.7,256,111.05,
103,0,815,221.44,2112.9,30431.1,255,111.49,
103,0,817,221.96,1589.0,29907.5,250,113.73,
103,0,816,221.44,2112.1,30430.5,256,111.05,
103,0,818,221.96,1835.5,30435.5,255,112.60,
103,0,819,221.97,1833.4,30433.8,254,113.04,
103,0,820,224.05,307.1,30192.0,256,117.20,
103,0,821,227.45,308.8,30584.0,250,121.59,
103,0,822,231.30,313.5,31127.3,255,121.31,
103,0,823,234.01,317.2,31745.4,252,125.21,
103,0,825,239.60,1132.0,29925.5,254,113.81,
103,0,824,237.77,2962.8,31756.5,256,112.92,
103,0,828,239.67,1601.2,29920.9,253,112.38,
103,0,826,239.60,1669.4,29989.3,253,112.38,
103,0,827,239.60,1669.1,29989.3,254,111.94,
103,0,829,239.67,1601.5,29921.3,254,111.94,
103,0,831,240.20,1603.7,29928.0,255,111.51,
103,0,832,240.20,1604.3,29928.5,255,111.51,
103,0,830,239.67,2131.3,30456.2,252,112.85,
103,0,833,240.20,1603.3,29928.4,254,111.96,
103,0,835,240.73,1607.2,29923.5,253,112.37,
103,0,836,240.73,1607.2,29923.4,252,112.81,
103,0,837,240.73,1607.4,29924.0,255,111.48,
103,0,834,240.20,2141.9,30458.6,255,111.48,
103,0,839,241.27,1590.0,29912.0,255,111.50,
103,0,840,241.27,1590.7,29912.1,254,111.94,
103,0,841,241.27,1590.7,29911.7,255,111.50,
103,0,838,240.73,2129.1,30450.4,248,114.66,
103,0,843,241.80,1591.1,29917.4,251,113.31,
103,0,844,241.80,1590.8,29917.6,254,111.96,
103,0,845,241.80,1590.6,29917.7,253,112.41,
103,0,842,241.27,2121.4,30447.9,254,111.96,
103,0,847,242.34,1585.4,29912.2,254,111.96,
103,0,848,242.34,1584.6,29911.8,252,112.86,
103,0,846,241.80,2124.5,30450.9,255,111.52,
103,0,849,242.34,1585.8,29912.5,252,112.86,
103,0,851,242.86,1596.4,29924.3,255,111.53,
103,0,852,242.86,1595.6,29924.3,254,111.97,
103,0,853,242.86,1596.3,29924.4,253,112.41,
103,0,850,242.34,2118.3,30446.4,254,111.97,
103,0,855,243.39,1594.6,29923.3,253,112.42,
103,0,856,243.39,1594.3,29923.6,253,112.42,
103,0,854,242.86,2124.9,30456.1,256,111.10,
103,0,859,243.92,1593.1,29921.8,253,112.42,
103,0,860,243.92,1593.0,29921.8,253,112.42,
103,0,857,243.39,2125.8,30454.9,251,113.32,
103,0,858,243.39,2125.9,30454.8,255,111.53,
103,0,863,244.46,1593.0,29923.4,255,111.54,
103,0,861,243.93,2124.8,30455.7,254,111.98,
103,0,864,244.46,1592.5,29923.6,254,111.98,
103,0,862,243.93,2124.5,30455.8,256,111.10,
103,0,867,244.99,1593.6,29924.6,253,112.42,
103,0,868,244.99,1593.6,29925.0,256,111.10,
103,0,865,244.46,2121.9,30453.5,253,112.43,
103,0,866,244.46,2122.0,30453.5,254,111.98,
103,0,870,245.52,1588.5,29921.8,255,111.55,
103,0,871,245.52,1588.7,29921.7,254,111.99,
103,0,872,245.52,1588.6,29921.7,253,112.43,
103,0,869,244.99,2120.0,30453.5,254,111.99,
103,0,874,246.05,1585.5,29923.3,252,112.90,
103,0,875,246.05,1585.3,29924.6,255,111.57,
103,0,873,245.52,2116.7,30457.5,256,111.14,
103,0,876,246.05,1584.9,29926.0,254,112.02,
103,0,878,246.58,1585.2,29923.9,252,112.90,
103,0,879,246.58,1587.7,29924.0,253,112.45,
103,0,880,246.58,1587.4,29924.0,252,112.89,
103,0,877,246.05,2117.5,30453.3,253,112.44,
103,0,882,247.10,1591.4,29930.5,254,112.01,
103,0,883,247.11,1591.1,29930.9,254,112.01,
103,0,884,247.11,1590.9,29931.0,254,112.02,
103,0,881,246.58,2117.4,30457.7,250,113.82,
103,0,886,247.63,1591.7,29931.0,254,112.01,
103,0,887,247.63,1591.2,29930.8,254,112.01,
103,0,888,247.64,1592.1,29930.4,254,112.01,
103,0,885,247.11,2120.9,30459.2,255,111.57,
103,0,890,248.16,1587.4,29933.6,251,113.38,
103,0,891,248.17,1585.9,29933.0,253,112.49,
103,0,892,248.17,1584.2,29930.8,253,112.49,
103,0,889,247.64,2116.9,30463.8,254,112.04,
103,0,894,248.69,1584.9,29927.1,254,112.02,
103,0,895,248.70,1584.7,29926.8,254,112.02,
103,0,893,248.17,2113.1,30455.6,253,112.47,
103,0,898,249.22,1587.3,29926.3,253,112.46,
103,0,899,249.23,1586.4,29926.3,255,111.57,
103,0,896,248.70,2116.1,30456.0,250,113.81,
103,0,897,248.70,2116.3,30456.3,251,113.36,
103,0,902,249.75,1589.5,29931.6,254,112.02,
103,0,900,249.23,2114.4,30457.4,250,113.83,
103,0,903,249.75,1589.5,29933.6,251,113.38,
103,0,901,249.23,2114.5,30460.0,254,112.04,
103,0,906,250.28,1587.0,29934.6,252,112.94,
103,0,907,250.28,1587.4,29936.0,254,112.05,
103,0,904,249.75,2117.4,30467.7,254,112.06,
103,0,905,249.75,2117.1,30467.7,254,112.06,
103,0,909,250.81,1585.1,29926.8,254,112.02,
103,0,910,250.81,1584.6,29926.8,254,112.02,
103,0,911,250.81,1584.7,29926.8,255,111.58,
103,0,908,250.28,2116.0,30458.1,254,112.02,
103,0,913,251.34,1585.9,29925.9,254,112.02,
103,0,914,251.34,1585.6,29926.0,255,111.58,
103,0,915,251.34,1585.2,29926.4,256,111.14,
103,0,912,250.81,2113.3,30454.3,256,111.14,
103,0,917,251.87,1589.6,29929.1,254,112.01,
103,0,918,251.87,1588.5,29929.1,253,112.46,
103,0,919,251.87,1588.1,29929.0,253,112.46,
103,0,916,251.34,2115.9,30457.0,256,111.14,
103,0,921,252.40,1458.8,29926.7,256,111.64,
103,0,920,251.87,1987.2,30455.5,251,113.87,
103,0,922,252.40,1458.5,30989.1,252,117.65,
103,0,923,254.24,305.6,30654.7,254,119.96,
103,0,924,258.04,310.0,31187.6,252,123.02,
103,0,925,262.43,315.2,31544.5,254,123.44,
103,0,926,265.76,316.7,31977.2,254,125.14,
103,0,927,269.52,1130.1,30116.2,254,114.57,
103,0,929,269.59,1592.3,30119.3,253,113.20,
103,0,930,269.59,1592.1,30119.4,253,113.20,
103,0,931,269.59,1591.9,30119.4,254,112.76,
103,0,928,269.53,1656.6,30184.7,255,112.32,
103,0,933,270.12,1593.4,29834.9,255,111.19,
103,0,932,269.59,2128.9,30370.1,256,110.75,
103,0,934,270.13,1593.7,29835.2,256,110.75,
103,0,935,270.13,1593.1,29835.0,252,112.52,
103,0,937,270.65,1595.9,29837.8,256,110.75,
103,0,938,270.66,1596.3,29837.8,255,111.19,
103,0,939,270.66,1595.6,29837.9,255,111.19,
103,0,936,270.13,2125.7,30368.3,256,110.75,
103,0,941,271.18,1602.3,29845.1,252,112.52,
103,0,942,271.18,1603.0,29844.8,256,110.75,
103,0,943,271.18,1603.3,29844.7,252,112.52,
103,0,940,270.66,2129.7,30371.4,254,111.63,
103,0,945,271.72,1596.7,29840.2,252,112.52,
103,0,946,271.72,1596.4,29840.6,254,111.64,
103,0,944,271.18,2135.7,30381.3,256,110.77,
103,0,949,272.25,1595.2,29840.8,252,112.53,
103,0,947,271.72,2127.7,30374.1,255,111.21,
103,0,950,272.25,1595.5,29841.5,254,111.64,
103,0,948,271.72,2128.3,30373.9,256,110.77,
103,0,953,272.78,1595.5,29839.3,252,112.52,
103,0,954,272.79,1594.6,29838.8,256,110.76,
103,0,951,272.25,2129.4,30373.0,254,111.63,
103,0,952,272.25,2129.2,30372.9,252,112.52,
103,0,957,273.31,1595.9,29838.9,252,112.52,
103,0,958,273.32,1595.2,29838.6,255,111.19,
103,0,955,272.79,2125.0,30368.6,256,110.76,
103,0,956,272.79,2125.4,30368.7,252,112.52,
103,0,960,273.85,1593.0,29839.8,254,111.65,
103,0,961,273.85,1592.9,29839.8,254,111.65,
103,0,962,273.85,1592.6,29839.8,253,112.09,
103,0,959,273.32,2122.3,30369.4,253,112.09,
103,0,964,274.38,1594.0,29835.2,255,111.19,
103,0,965,274.38,1593.8,29834.7,253,112.07,
103,0,966,274.38,1593.7,29834.7,254,111.62,
103,0,963,273.85,2129.1,30368.9,253,112.06,
103,0,968,274.91,1593.0,29837.1,254,111.64,
103,0,969,274.91,1592.7,29836.7,253,112.08,
103,0,967,274.38,2122.4,30366.8,255,111.20,
103,0,970,274.91,1592.7,29837.4,255,111.20,
103,0,972,275.44,1597.2,29844.8,254,111.65,
103,0,973,275.44,1598.0,29844.6,256,110.77,
103,0,974,275.44,1597.7,29845.1,254,111.65,
103,0,971,274.91,2126.2,30373.6,254,111.65,
103,0,976,275.97,1593.0,29836.8,254,111.64,
103,0,977,275.97,1591.3,29835.4,254,111.64,
103,0,978,275.98,1589.7,29834.2,252,112.53,
103,0,975,275.44,2125.8,30370.1,252,112.53,
103,0,980,276.50,1595.0,29837.2,253,112.07,
103,0,981,276.50,1595.6,29837.5,255,111.19,
103,0,982,276.50,1595.3,29837.5,254,111.63,
103,0,979,275.98,2122.8,30365.2,254,111.63,
103,0,984,277.03,1588.2,29833.1,256,110.76,
103,0,985,277.04,1587.7,29832.9,254,111.64,
103,0,983,276.50,2120.8,30366.2,251,112.98,
103,0,988,277.56,1587.1,29832.3,256,110.77,
103,0,989,277.56,1586.7,29832.3,251,112.98,
103,0,986,277.04,2115.8,30360.8,252,112.53,
103,0,987,277.04,2116.1,30360.6,252,112.53,
103,0,992,278.10,1585.5,29826.2,255,111.18,
103,0,993,278.10,1586.1,29826.3,252,112.51,
103,0,990,277.57,2121.5,30359.6,255,111.17,
103,0,991,277.57,2121.9,30359.7,253,112.05,
103,0,996,278.62,1592.5,29828.9,254,111.61,
103,0,997,278.62,1592.5,29829.3,256,110.73,
103,0,994,278.10,2120.5,30354.5,254,111.60,
103,0,995,278.10,2120.5,30354.5,256,110.72,
103,0,999,279.15,1587.7,29832.5,256,110.76,
103,0,1000,279.15,1586.9,29832.2,256,110.77,
103,0,1001,279.15,1587.0,29834.6,256,110.77,
103,0,998,278.63,2115.6,30365.9,253,112.10,
103,0,1003,279.68,1583.5,29829.4,250,113.44,
103,0,1004,279.68,1583.3,29828.5,255,111.20,
103,0,1005,279.69,1582.3,29827.9,255,111.20,
103,0,1002,279.15,2114.5,30360.1,254,111.64,
103,0,1007,280.21,1581.5,29825.0,252,112.52,
103,0,1008,280.22,1580.4,29823.6,256,110.76,
103,0,1006,279.69,2111.5,30354.5,254,111.63,
103,0,1009,280.22,1578.8,29822.1,256,110.76,
103,0,1011,280.74,1585.1,29825.8,254,111.62,
103,0,1012,280.74,1585.0,29826.2,255,111.19,
103,0,1013,280.74,1584.7,29825.8,255,111.19,
103,0,1010,280.22,2105.0,30346.0,254,111.62,
103,0,1015,281.27,1588.1,29828.4,251,112.96,
103,0,1016,281.27,1587.7,29828.7,255,111.19,
103,0,1017,281.27,1587.2,29829.6,253,112.07,
103,0,1014,280.74,2114.8,30359.4,255,111.20,
103,0,1019,281.80,1586.9,29824.0,253,112.05,
103,0,1020,281.80,1587.2,29824.7,253,112.05,
103,0,1018,281.27,2118.0,30355.9,255,111.17,
103,0,1021,281.80,2021.1,30353.3,250,113.78,
103,0,1023,282.32,1494.8,29827.5,255,111.55,
103,0,1024,282.33,1494.2,29827.9,256,111.11,
103,0,1022,281.80,2020.2,30355.2,254,112.00,
103,0,1025,283.39,674.0,30350.0,254,117.30,
103,0,1026,284.89,304.7,30742.0,256,119.36,
103,0,1027,289.23,311.6,31146.0,254,121.87,
103,0,1028,293.97,317.1,31700.3,253,124.54,
103,0,1031,299.71,1318.1,29935.3,256,112.22,
103,0,1030,299.64,1385.8,30002.8,255,112.66,
103,0,1032,299.71,1317.8,29935.7,254,113.11,
103,0,1029,297.74,3290.4,31908.1,253,113.56,
103,0,1033,299.71,1849.8,30003.9,255,110.84,
103,0,1035,299.96,1600.2,29754.2,254,111.28,
103,0,1034,299.71,1850.0,30003.5,254,111.28,
103,0,1039,300.49,1598.9,29757.8,251,112.64,
103,0,1036,299.96,2132.3,30291.5,255,110.86,
103,0,1037,299.96,2132.0,30291.9,249,113.55,
103,0,1038,299.96,2131.9,30294.0,255,110.87,
103,0,1043,301.03,1597.0,29745.7,254,111.26,
103,0,1040,300.49,2130.9,30279.7,254,111.26,
103,0,1041,300.49,2130.7,30279.2,254,111.26,
103,0,1042,300.50,2130.5,30279.7,253,111.70,
103,0,1047,301.56,1596.2,29750.3,255,110.84,
103,0,1044,301.03,2127.1,30281.6,255,110.84,
103,0,1045,301.03,2127.6,30281.8,255,110.84,
103,0,1046,301.03,2127.0,30281.5,252,112.17,
103,0,1048,301.56,2127.2,30281.0,254,111.28,
103,0,1050,302.09,1594.2,29748.4,253,111.72,
103,0,1051,302.09,1593.4,29747.9,255,110.84,
103,0,1049,301.57,2122.9,30276.3,251,112.61,
103,0,1054,302.62,1591.1,29747.0,254,111.29,
103,0,1052,302.09,2122.9,30278.6,253,111.73,
103,0,1055,302.62,1591.0,29747.7,254,111.29,
103,0,1053,302.09,2123.7,30279.2,254,111.29,
103,0,1058,303.15,1594.1,29745.4,254,111.27,
103,0,1059,303.15,1593.8,29745.7,252,112.16,
103,0,1056,302.63,2123.2,30277.0,253,111.72,
103,0,1057,302.63,2123.0,30277.1,254,111.28,
103,0,1062,303.69,1597.8,29744.1,256,110.38,
103,0,1063,303.69,1597.8,29744.7,256,110.38,
103,0,1060,303.15,2130.1,30277.1,254,111.25,
103,0,1061,303.16,2130.4,30276.6,255,110.81,
103,0,1066,304.22,1594.5,29748.2,254,111.28,
103,0,1067,304.22,1594.4,29748.2,250,113.07,
103,0,1064,303.69,2123.2,30277.3,255,110.84,
103,0,1065,303.69,2122.9,30277.3,253,111.72,
103,0,1070,304.75,1592.4,29745.1,253,111.72,
103,0,1068,304.22,2124.8,30277.1,253,111.72,
103,0,1071,304.75,1593.6,29745.5,256,110.40,
103,0,1069,304.22,2125.0,30277.2,253,111.71,
103,0,1074,305.28,1585.5,29735.7,255,110.83,
103,0,1072,304.75,2121.8,30271.7,253,111.71,
103,0,1073,304.75,2121.7,30271.5,252,112.15,
103,0,1078,305.81,1588.5,29740.4,256,110.40,
103,0,1075,305.28,2114.1,30265.7,250,113.06,
103,0,1076,305.29,2113.2,30265.6,253,111.72,
103,0,1077,305.29,2113.1,30265.5,255,110.84,
103,0,1082,306.34,1584.1,29742.6,253,111.74,
103,0,1079,305.81,2115.5,30273.1,251,112.63,
103,0,1080,305.81,2115.1,30273.1,254,111.30,
103,0,1081,305.81,2115.4,30273.1,255,110.86,
103,0,1086,306.87,1584.0,29744.1,255,110.87,
103,0,1083,306.34,2112.7,30273.1,254,111.31,
103,0,1084,306.34,2112.3,30273.1,255,110.87,
103,0,1085,306.34,2112.1,30272.9,255,110.87,
103,0,1089,307.40,1586.0,29745.5,254,111.30,
103,0,1090,307.40,1586.6,29746.7,253,111.75,
103,0,1087,306.87,2116.5,30275.9,256,110.43,
103,0,1088,306.87,2119.6,30278.7,254,111.30,
103,0,1093,307.92,1588.6,29748.5,250,113.09,
103,0,1094,307.92,1588.0,29748.1,255,110.87,
103,0,1091,307.40,2115.0,30275.3,255,110.87,
103,0,1092,307.40,2115.6,30275.3,252,112.19,
103,0,1097,308.45,1588.6,29755.9,252,112.22,
103,0,1098,308.45,1588.2,29755.7,250,113.12,
103,0,1095,307.93,2116.6,30283.5,253,111.77,
103,0,1096,307.93,2116.6,30283.5,253,111.77,
103,0,1101,308.98,1580.6,29747.3,255,110.89,
103,0,1102,308.98,1580.9,29746.8,253,111.77,
103,0,1099,308.45,2112.6,30278.9,255,110.89,
103,0,1100,308.45,2112.6,30278.9,254,111.33,
103,0,1105,309.51,1582.4,29746.7,256,110.45,
103,0,1106,309.51,1583.7,29746.3,255,110.88,
103,0,1103,308.99,2110.2,30271.5,254,111.31,
103,0,1104,308.99,2108.9,30269.1,253,111.75,
103,0,1109,310.04,1579.8,29745.6,255,110.89,
103,0,1107,309.51,2109.7,30273.9,254,111.32,
103,0,1110,310.04,1581.6,29745.8,254,111.32,
103,0,1108,309.51,2111.7,30273.8,254,111.31,
103,0,1113,310.56,1584.9,29755.4,254,111.35,
103,0,1111,310.04,2112.3,30278.9,255,110.89,
103,0,1112,310.04,2112.4,30279.1,256,110.46,
103,0,1117,311.09,1587.5,29751.3,256,110.45,
103,0,1114,310.57,2117.2,30281.4,253,111.76,
103,0,1115,310.57,2118.5,30281.4,255,110.88,
103,0,1116,310.57,2119.3,30281.3,252,112.20,
103,0,1118,311.09,2111.2,30277.8,256,110.46,
103,0,1121,311.62,1585.7,29752.6,253,111.77,
103,0,1119,311.10,2109.9,30277.2,253,111.78,
103,0,1120,311.10,2107.8,30275.2,253,111.78,
103,0,1122,311.62,2114.1,30275.4,256,110.44,
103,0,1124,312.15,1585.2,29746.8,256,110.44,
103,0,1125,312.15,1584.7,29746.5,254,111.31,
103,0,1123,311.62,2113.3,30275.3,255,110.87,
103,0,1126,312.15,1830.8,30275.3,254,112.43,
103,0,1127,312.15,1830.1,31337.5,249,118.98,
103,0,1128,313.74,489.4,30822.8,253,120.37,
103,0,1129,315.64,306.1,31229.8,252,123.20,
103,0,1130,320.37,311.6,31595.9,253,124.14,
103,0,1131,325.67,326.5,32120.1,253,126.17,
103,0,1132,329.64,1128.5,30114.5,256,113.67,
103,0,1133,329.64,1664.3,30183.1,249,115.00,
103,0,1134,329.64,1663.3,30183.3,253,113.17,
103,0,1136,329.71,1594.9,30115.2,253,113.18,
103,0,1135,329.64,1663.9,30183.7,255,112.28,
103,0,1139,330.25,1589.4,29833.7,255,111.20,
103,0,1137,329.71,2126.3,30371.2,254,111.64,
103,0,1140,330.25,1589.2,29834.2,252,112.53,
103,0,1138,329.71,2126.9,30372.7,255,111.20,
108,0,746,206.45,314.8,34517.8,250,137.36,
108,0,747,208.03,316.3,35208.2,252,139.01,
108,0,748,211.65,321.1,35857.7,255,139.91,
108,0,749,214.97,322.4,36352.3,254,142.41,
108,0,750,217.78,5552.1,35474.8,256,117.34,
108,0,752,221.65,2200.9,31667.0,255,116.01,
108,0,751,221.13,2724.2,32190.6,254,116.47,
108,0,753,221.66,2199.7,31666.3,252,117.40,
108,0,754,221.66,2200.5,31666.9,255,116.01,
108,0,755,221.72,2671.1,31854.3,252,116.27,
108,0,756,221.72,2670.8,31854.3,256,114.44,
108,0,757,221.72,2670.5,31854.0,251,116.73,
108,0,758,221.72,2670.4,31854.0,254,115.35,
108,0,759,222.26,2664.9,31849.2,255,114.90,
108,0,760,222.26,2664.9,31848.8,256,114.45,
108,0,761,222.26,2664.7,31849.1,255,114.90,
108,0,763,222.79,2664.0,31848.6,250,117.21,
108,0,764,222.79,2663.7,31848.6,254,115.36,
108,0,765,222.79,2663.4,31848.7,254,115.36,
108,0,762,222.26,3196.4,32381.4,253,115.81,
108,0,767,223.33,2661.4,31848.5,253,115.82,
108,0,768,223.33,2662.6,31848.5,255,114.90,
108,0,769,223.33,2665.6,31848.5,250,117.20,
108,0,766,222.79,3204.7,32385.5,255,114.88,
108,0,771,223.85,2658.6,31852.0,254,115.39,
108,0,772,223.86,2658.8,31851.7,255,114.93,
108,0,773,223.86,2658.5,31851.6,254,115.39,
108,0,770,223.33,3185.3,32378.1,253,115.84,
108,0,775,224.39,2654.7,31845.5,253,115.84,
108,0,776,224.39,2654.1,31845.5,255,114.93,
108,0,777,224.39,2655.0,31845.5,254,115.38,
108,0,774,223.86,3191.5,32382.6,254,115.38,
108,0,779,224.92,2648.5,31842.8,254,115.39,
108,0,780,224.92,2648.7,31842.6,253,115.85,
108,0,781,224.92,2648.8,31843.0,251,116.78,
108,0,778,224.39,3179.8,32374.4,255,114.94,
108,0,783,225.45,2649.7,31846.2,254,115.40,
108,0,784,225.45,2649.8,31846.2,253,115.86,
108,0,785,225.46,2650.0,31846.2,253,115.86,
108,0,782,224.93,3181.3,32377.7,254,115.40,
108,0,787,225.99,2646.2,31840.2,249,117.72,
108,0,788,225.99,2645.5,31840.2,255,114.94,
108,0,789,225.99,2644.9,31840.2,254,115.40,
108,0,786,225.46,3182.2,32380.8,255,114.96,
108,0,791,226.51,2649.8,31849.0,253,115.87,
108,0,790,225.99,3169.7,32369.3,255,114.96,
108,0,792,226.52,2649.7,31849.0,254,115.41,
108,0,793,226.52,2649.4,31849.2,254,115.41,
108,0,794,227.04,2644.2,31848.1,253,115.89,
108,0,795,227.05,2643.5,31848.9,254,115.44,
108,0,796,227.05,2643.9,31850.0,255,114.98,
108,0,797,227.05,2643.4,31854.2,249,117.79,
108,0,798,227.57,2650.8,31851.9,255,114.96,
108,0,799,227.57,2650.5,31853.5,252,116.35,
108,0,800,227.57,2650.2,31854.3,255,114.98,
108,0,802,228.10,2648.6,31848.0,250,117.27,
108,0,803,228.10,2648.7,31848.1,252,116.33,
108,0,804,228.11,2648.6,31848.1,252,116.33,
108,0,801,227.57,3181.3,32381.5,256,114.51,
108,0,806,228.64,2644.5,31843.7,253,115.87,
108,0,807,228.64,2644.7,31843.7,254,115.41,
108,0,808,228.64,2643.8,31843.6,255,114.96,
108,0,805,228.11,3176.1,32375.7,248,118.22,
108,0,810,229.16,2646.1,31849.9,255,114.98,
108,0,811,229.16,2645.7,31849.6,250,117.28,
108,0,812,229.16,2645.4,31849.5,256,114.53,
108,0,809,228.64,3171.1,32375.5,251,116.82,
108,0,814,229.69,2642.2,31853.1,254,115.46,
108,0,815,229.69,2641.8,31852.5,251,116.84,
108,0,816,229.69,2641.7,31853.4,254,115.46,
108,0,813,229.16,3169.2,32380.9,249,117.79,
108,0,818,230.22,2643.3,31851.6,254,115.45,
108,0,819,230.22,2646.1,31852.0,254,115.44,
108,0,820,230.22,2647.0,31851.7,255,114.98,
108,0,817,229.69,3179.0,32383.5,254,115.43,
108,0,822,230.75,2639.7,31850.3,255,115.00,
108,0,823,230.75,2639.7,31851.4,255,115.01,
108,0,824,230.75,2640.3,31854.7,254,115.47,
108,0,821,230.22,3171.9,32387.0,253,115.93,
108,0,826,231.28,2645.6,31848.8,255,114.97,
108,0,827,231.28,2645.6,31850.1,255,114.98,
108,0,828,231.28,2645.3,31851.3,252,116.36,
108,0,825,230.76,3172.8,32380.9,254,115.45,
108,0,830,231.81,2641.1,31849.4,254,115.45,
108,0,831,231.81,2641.0,31852.4,255,115.01,
108,0,829,231.28,3168.0,32380.1,255,115.01,
108,0,832,231.81,2640.7,31853.3,254,115.46,
108,0,834,232.33,2649.0,31860.5,254,115.46,
108,0,835,232.33,2648.6,31861.1,249,117.79,
108,0,836,232.33,2648.3,31861.7,255,115.01,
108,0,833,231.81,3172.4,32386.8,254,115.47,
108,0,837,232.86,2645.0,31854.2,256,114.55,
108,0,838,232.86,2644.5,31854.2,253,115.91,
108,0,839,232.87,2641.7,31854.3,254,115.46,
108,0,840,232.87,2640.1,31854.2,252,116.39,
108,0,841,233.39,2648.9,31851.6,256,114.52,
108,0,842,233.39,2648.2,31852.4,253,115.89,
108,0,843,233.39,2648.5,31854.2,254,115.44,
108,0,845,233.92,2641.3,31846.7,250,117.29,
108,0,846,233.93,2640.9,31847.1,255,114.98,
108,0,847,233.93,2640.6,31847.1,254,115.44,
108,0,844,233.39,3173.3,32380.1,255,114.99,
108,0,848,233.93,2856.0,32904.8,255,118.30,
108,0,849,234.45,2333.6,34486.1,254,127.08,
108,0,850,236.91,316.2,32938.7,256,127.93,
108,0,851,237.69,314.0,33733.5,252,133.15,
108,0,852,238.73,321.1,34346.7,256,133.43,
108,0,853,240.05,314.9,34897.1,254,136.69,
108,0,854,240.97,316.9,35309.9,253,138.86,
108,0,855,243.23,316.8,35687.9,256,138.71,
108,0,856,247.50,321.2,36183.0,252,142.88,
108,0,857,251.32,3861.3,33771.1,255,117.76,
108,0,859,253.32,2385.9,31835.5,253,116.86,
108,0,860,253.32,2385.5,31835.6,256,115.49,
108,0,858,253.25,2455.8,31906.6,255,115.95,
108,0,861,253.32,2385.1,31836.3,252,117.34,
108,0,863,253.57,2662.3,31828.2,255,114.83,
108,0,864,253.57,2662.0,31828.2,254,115.28,
108,0,865,253.58,2662.0,31828.5,252,116.20,
108,0,862,253.32,2916.2,32082.0,256,114.38,
108,0,867,254.11,2658.6,31828.7,253,115.75,
108,0,868,254.11,2658.7,31828.3,253,115.75,
108,0,866,253.58,3190.2,32360.8,251,116.68,
108,0,869,254.11,2658.2,31829.1,253,115.76,
108,0,870,254.64,2661.7,31831.4,250,117.15,
108,0,871,254.64,2661.3,31831.4,253,115.75,
108,0,872,254.64,2661.0,31831.5,256,114.39,
108,0,873,254.64,2661.0,31831.4,255,114.84,
108,0,874,255.18,2653.2,31822.8,256,114.39,
108,0,875,255.18,2654.4,31823.1,254,115.29,
108,0,876,255.18,2656.9,31823.2,250,117.13,
108,0,878,255.70,2655.4,31822.4,252,116.20,
108,0,879,255.71,2656.1,31823.0,252,116.20,
108,0,880,255.71,2656.2,31823.1,256,114.38,
108,0,877,255.18,3186.0,32352.9,255,114.83,
108,0,882,256.24,2657.9,31824.9,252,116.20,
108,0,883,256.24,2658.4,31824.9,254,115.28,
108,0,884,256.24,2660.7,31824.9,254,115.27,
108,0,881,255.71,3194.0,32356.0,253,115.72,
108,0,886,256.76,2658.1,31828.0,255,114.84,
108,0,887,256.77,2660.9,31828.0,254,115.28,
108,0,888,256.77,2661.5,31827.6,255,114.83,
108,0,885,256.24,3190.2,32356.6,255,114.83,
108,0,890,257.30,2651.5,31823.0,255,114.85,
108,0,891,257.30,2651.6,31822.9,254,115.30,
108,0,892,257.30,2652.3,31825.6,254,115.31,
108,0,889,256.77,3186.8,32361.0,254,115.31,
108,0,894,257.83,2649.6,31824.5,256,114.41,
108,0,895,257.83,2648.8,31823.4,255,114.86,
108,0,896,257.83,2648.3,31822.7,256,114.41,
108,0,893,257.30,3179.2,32354.1,256,114.41,
108,0,898,258.36,2650.2,31825.6,254,115.32,
108,0,899,258.36,2649.8,31825.6,256,114.41,
108,0,900,258.36,2650.1,31825.8,255,114.86,
108,0,897,257.84,3176.6,32352.6,254,115.32,
108,0,902,258.89,2649.2,31817.9,253,115.75,
108,0,903,258.89,2647.8,31817.1,254,115.29,
108,0,904,258.90,2646.5,31816.1,255,114.84,
108,0,901,258.37,3180.8,32349.8,254,115.29,
108,0,906,259.42,2650.5,31819.9,251,116.68,
108,0,907,259.42,2648.9,31818.8,253,115.75,
108,0,908,259.43,2647.9,31818.1,254,115.30,
108,0,905,258.90,3173.1,32342.3,254,115.29,
108,0,909,259.95,2651.9,31820.6,255,114.84,
108,0,910,259.95,2652.2,31821.3,255,114.84,
108,0,911,259.95,2653.7,31822.8,253,115.75,
108,0,912,259.95,2653.8,31823.3,254,115.29,
108,0,913,260.48,2649.9,31820.3,256,114.39,
108,0,914,260.48,2650.0,31820.8,251,116.68,
108,0,915,260.48,2650.5,31820.1,252,116.21,
108,0,917,261.01,2646.0,31821.3,254,115.32,
108,0,918,261.01,2646.5,31821.6,255,114.86,
108,0,919,261.01,2646.5,31821.7,253,115.77,
108,0,916,260.48,3183.8,32353.4,254,115.29,
108,0,921,261.54,2646.3,31818.6,251,116.69,
108,0,922,261.54,2647.7,31819.6,250,117.16,
108,0,923,261.54,2648.4,31819.7,255,114.85,
108,0,920,261.01,3182.2,32352.4,254,113.20,
108,0,925,262.07,2645.9,31813.9,250,117.14,
108,0,926,262.07,2648.3,31814.8,254,115.28,
108,0,924,261.54,3178.2,32345.0,255,114.83,
108,0,927,262.07,2649.5,31816.2,254,115.28,
108,0,929,262.60,2640.8,31810.2,252,116.21,
108,0,930,262.60,2640.8,31809.1,255,114.84,
108,0,931,262.61,2640.9,31805.9,255,114.82,
108,0,928,262.08,3175.8,32340.3,254,115.27,
108,0,933,263.13,2643.4,31814.3,253,115.76,
108,0,934,263.13,2642.2,31813.6,254,115.30,
108,0,935,263.13,2641.1,31813.2,254,115.30,
108,0,932,262.61,3164.9,32337.9,250,117.16,
108,0,937,263.66,2645.6,31817.9,253,115.76,
108,0,938,263.66,2642.3,31814.9,253,115.76,
108,0,939,263.66,2641.6,31814.5,253,115.77,
108,0,936,263.14,3168.2,32342.7,255,114.86,
108,0,941,264.19,2638.7,31809.3,254,115.30,
108,0,940,263.66,3169.5,32340.5,253,115.76,
108,0,942,264.19,2637.8,31809.0,252,116.22,
108,0,943,264.20,2636.9,31808.4,252,116.22,
108,0,945,264.72,2641.8,31814.1,255,114.85,
108,0,946,264.72,2641.3,31813.9,254,115.31,
108,0,947,264.72,2638.5,31811.3,256,114.40,
108,0,944,264.20,3164.1,32337.0,255,114.85,
108,0,949,265.24,2646.8,31813.4,254,115.28,
108,0,950,265.25,2645.4,31812.0,253,115.74,
108,0,951,265.25,2643.9,31811.0,255,114.83,
108,0,948,264.72,3168.5,32335.8,252,116.20,
108,0,952,265.77,2650.0,31816.7,250,117.13,
108,0,953,265.77,2649.3,31816.3,255,114.83,
108,0,954,265.77,2648.9,31816.3,251,116.67,
108,0,955,265.78,2832.0,32875.8,254,118.75,
108,0,956,266.83,1774.2,33908.3,251,128.54,
108,0,957,268.94,320.9,33245.4,251,131.70,
108,0,958,269.85,310.4,33979.1,255,132.55,
108,0,959,271.42,315.4,34335.7,254,134.47,
108,0,960,273.07,317.8,34898.9,251,138.32,
108,0,961,274.95,318.1,35318.8,254,138.34,
108,0,962,276.28,323.5,35626.2,250,141.78,
108,0,963,278.92,318.6,36106.0,253,142.01,
108,0,964,283.69,3315.6,33209.9,254,118.16,
108,0,966,285.15,2372.9,31807.0,253,116.80,
108,0,967,285.16,2372.5,31807.0,254,116.34,
108,0,968,285.16,2372.1,31807.0,253,116.81,
108,0,965,285.09,2442.9,31877.9,252,117.27,
108,0,970,285.40,2659.1,31814.5,254,115.24,
108,0,971,285.40,2658.8,31814.5,253,115.70,
108,0,969,285.16,2905.0,32061.1,254,115.24,
108,0,972,285.40,2658.5,31814.9,253,115.70,
108,0,974,285.94,2657.8,31817.9,254,115.26,
108,0,975,285.94,2658.4,31818.3,255,114.80,
108,0,976,285.94,2657.5,31817.9,253,115.72,
108,0,973,285.41,3190.7,32350.4,253,115.71,
108,0,978,286.47,2653.7,31815.0,253,115.72,
108,0,979,286.47,2653.8,31815.0,251,116.64,
108,0,980,286.47,2653.9,31815.0,254,115.26,
108,0,977,285.94,3189.2,32350.0,254,115.26,
108,0,982,287.00,2655.6,31822.4,253,115.74,
108,0,983,287.00,2654.8,31823.4,252,116.21,
108,0,984,287.00,2655.4,31825.4,253,115.75,
108,0,981,286.47,3183.7,32356.5,252,116.23,
108,0,985,287.53,2659.2,31826.9,254,115.29,
108,0,986,287.53,2658.6,31829.1,255,114.84,
108,0,987,287.53,2658.6,31830.2,253,115.76,
108,0,988,287.53,2658.7,31832.6,253,115.77,
108,0,989,288.06,2650.3,31825.7,255,114.86,
108,0,990,288.06,2649.7,31826.1,256,114.42,
108,0,991,288.06,2650.6,31826.2,252,116.24,
108,0,993,288.59,2649.3,31823.9,253,115.77,
108,0,994,288.59,2649.7,31823.9,253,115.77,
108,0,995,288.60,2649.5,31824.2,254,115.32,
108,0,992,288.06,3180.5,32355.6,255,114.86,
108,0,997,289.12,2648.7,31828.2,252,116.25,
108,0,998,289.12,2649.3,31827.8,250,117.18,
108,0,996,288.60,3183.6,32357.9,252,116.23,
108,0,999,289.13,2651.9,31826.2,252,116.23,
108,0,1001,289.65,2645.9,31830.2,253,115.81,
108,0,1002,289.66,2645.5,31831.0,254,115.36,
108,0,1003,289.66,2645.5,31831.2,254,113.25,
108,0,1000,289.13,3173.0,32359.0,255,114.91,
108,0,1005,290.19,2646.4,31825.1,251,116.71,
108,0,1006,290.19,2646.0,31825.1,254,115.33,
108,0,1007,290.19,2645.4,31824.8,254,115.33,
108,0,1004,289.66,3178.5,32358.2,254,115.33,
108,0,1009,290.71,2650.0,31831.5,254,115.34,
108,0,1010,290.71,2649.6,31831.2,255,114.89,
108,0,1011,290.71,2649.9,31831.9,254,115.34,
108,0,1008,290.19,3177.2,32355.1,253,115.79,
108,0,1013,291.24,2644.0,31831.6,256,114.46,
108,0,1014,291.24,2644.0,31830.9,254,115.36,
108,0,1015,291.24,2644.2,31830.8,254,115.36,
108,0,1012,290.71,3177.8,32361.6,254,115.35,
108,0,1017,291.77,2640.6,31833.6,252,116.31,
108,0,1018,291.77,2639.9,31832.3,253,115.84,
108,0,1019,291.78,2638.3,31830.8,251,116.77,
108,0,1016,291.25,3171.0,32363.4,255,114.93,
108,0,1021,292.30,2643.7,31832.5,250,117.22,
108,0,1022,292.30,2643.2,31832.5,251,116.76,
108,0,1023,292.30,2644.0,31832.5,253,111.63,
108,0,1020,291.78,3169.3,32356.9,254,115.37,
108,0,1024,292.83,2642.2,31828.6,251,116.75,
108,0,1025,292.83,2641.8,31828.3,255,114.91,
108,0,1026,292.83,2641.5,31828.2,253,115.82,
108,0,1027,292.84,2643.3,31828.2,256,114.45,
108,0,1028,293.36,2640.3,31827.4,253,115.82,
108,0,1029,293.36,2639.4,31826.9,252,116.28,
108,0,1030,293.36,2638.4,31826.1,254,115.37,
108,0,1032,293.89,2645.4,31830.1,255,114.90,
108,0,1033,293.89,2644.0,31829.1,256,114.45,
108,0,1034,293.89,2643.5,31828.7,252,116.28,
108,0,1031,293.37,3167.1,32352.7,253,115.82,
108,0,1036,294.41,2644.2,31838.6,254,115.39,
108,0,1037,294.41,2644.2,31839.0,253,115.85,
108,0,1038,294.42,2644.7,31838.6,254,115.39,
108,0,1035,293.89,3168.9,32363.0,254,115.39,
108,0,1040,294.94,2645.8,31834.3,252,116.29,
108,0,1041,294.94,2645.2,31834.1,254,115.37,
108,0,1042,294.95,2644.2,31833.5,255,114.92,
108,0,1039,294.42,3175.9,32365.0,255,114.92,
108,0,1044,295.47,2639.9,31831.5,253,115.84,
108,0,1045,295.48,2639.6,31831.6,254,115.38,
108,0,1046,295.48,2639.3,31831.7,253,115.84,
108,0,1043,294.95,3168.2,32360.5,250,117.24,
108,0,1048,296.00,2646.6,31836.8,254,115.38,
108,0,1049,296.00,2646.5,31836.8,254,115.38,
108,0,1050,296.00,2646.7,31836.7,254,115.38,
108,0,1047,295.48,3173.6,32361.8,255,114.91,
108,0,1052,296.53,2640.7,31836.2,254,115.40,
108,0,1053,296.53,2640.4,31836.3,255,114.94,
108,0,1054,296.53,2640.5,31836.3,254,115.40,
108,0,1051,296.00,3169.6,32366.1,254,115.40,
108,0,1056,297.06,2644.5,31836.7,254,115.38,
108,0,1057,297.06,2644.7,31837.1,253,115.84,
108,0,1058,297.06,2643.8,31836.4,252,116.31,
108,0,1055,296.53,3170.1,32362.9,255,114.93,
108,0,1060,297.59,2643.7,31834.5,256,114.47,
108,0,1061,297.59,2643.3,31834.0,254,115.38,
108,0,1059,297.06,3174.4,32365.4,254,115.38,
108,0,1062,297.59,2643.0,32358.7,252,118.39,
108,0,1063,298.65,1760.2,33894.0,254,127.01,
108,0,1064,300.74,317.0,32908.1,253,129.33,
108,0,1065,302.18,315.9,33778.5,250,134.39,
108,0,1066,303.83,315.5,34332.1,254,134.45,
108,0,1067,305.76,316.6,34888.5,256,135.58,
108,0,1068,307.97,316.4,35257.1,252,139.21,
108,0,1069,310.27,323.6,35558.9,255,138.72,
108,0,1070,311.90,319.7,36033.2,254,141.16,
108,0,1071,315.03,3803.4,33515.1,253,117.90,
108,0,1073,316.96,2392.8,31646.6,254,115.63,
108,0,1074,316.96,2392.7,31646.6,253,116.09,
108,0,1075,316.96,2392.8,31646.6,254,115.63,
108,0,1072,316.90,2465.6,31717.0,252,116.54,
108,0,1077,317.22,2670.1,31646.6,253,114.99,
108,0,1078,317.22,2669.8,31646.7,254,114.53,
108,0,1079,317.22,2670.1,31647.5,255,114.08,
108,0,1076,316.97,2923.6,31903.0,254,114.54,
108,0,1081,317.75,2663.8,31640.8,251,115.91,
108,0,1082,317.75,2663.9,31641.2,252,115.45,
108,0,1080,317.22,3198.8,32176.5,255,114.09,
108,0,1083,317.76,2663.5,31641.3,255,114.09,
108,0,1085,318.29,2666.7,31654.6,253,115.03,
108,0,1086,318.29,2666.3,31654.5,250,116.42,
108,0,1087,318.29,2666.1,31654.4,256,113.68,
108,0,1084,317.76,3198.8,32187.0,254,114.58,
108,0,1089,318.82,2663.9,31638.5,254,114.52,
108,0,1090,318.82,2662.3,31637.2,256,113.63,
108,0,1091,318.83,2660.8,31635.1,252,115.44,
108,0,1088,318.29,3199.8,32174.4,255,114.07,
108,0,1093,319.35,2656.8,31635.6,253,115.00,
108,0,1094,319.36,2654.7,31633.4,254,114.54,
108,0,1095,319.36,2653.6,31632.3,253,114.99,
108,0,1092,318.83,3185.3,32164.1,254,114.54,
108,0,1097,319.89,2655.8,31629.9,256,113.62,
108,0,1098,319.89,2655.6,31629.7,256,113.62,
108,0,1099,319.89,2655.5,31629.7,254,114.52,
108,0,1096,319.36,3181.3,32156.1,253,114.98,
108,0,1100,320.42,2656.5,31640.6,252,115.47,
108,0,1101,320.42,2656.6,31642.9,255,114.12,
108,0,1102,320.42,2656.4,31643.6,255,114.12,
108,0,1103,320.42,2656.2,31645.5,254,114.58,
108,0,1104,320.95,2654.1,31632.8,252,115.45,
108,0,1105,320.95,2654.5,31632.9,253,114.99,
108,0,1106,320.95,2654.4,31633.1,251,115.91,
108,0,1108,321.48,2648.2,31632.3,256,113.66,
108,0,1109,321.49,2647.0,31632.2,255,114.12,
108,0,1110,321.49,2646.8,31632.5,256,113.67,
108,0,1107,320.95,3180.6,32167.9,250,116.41,
108,0,1112,322.01,2649.4,31635.6,256,113.67,
108,0,1113,322.01,2649.0,31635.6,256,113.67,
108,0,1114,322.02,2649.1,31635.9,254,114.57,
108,0,1111,321.49,3175.5,32162.6,254,114.57,
108,0,1116,322.54,2645.7,31636.0,256,113.69,
108,0,1117,322.54,2645.3,31636.0,255,114.14,
108,0,1118,322.54,2645.1,31636.1,256,113.69,
108,0,1115,322.02,3175.5,32166.0,252,115.50,
108,0,1120,323.07,2643.0,31629.4,252,115.48,
108,0,1121,323.07,2643.2,31629.4,250,116.41,
108,0,1122,323.07,2643.0,31629.5,256,113.67,
108,0,1119,322.55,3174.3,32160.4,252,115.48,
108,0,1124,323.61,2645.5,31632.5,254,114.57,
108,0,1125,323.61,2645.9,31633.4,255,114.12,
108,0,1126,323.61,2645.7,31633.6,254,114.58,
108,0,1123,323.08,3178.2,32165.9,255,114.12,
108,0,1128,324.13,2645.6,31633.5,254,114.58,
108,0,1129,324.13,2644.7,31633.4,254,114.58,
108,0,1130,324.13,2645.7,31634.2,256,113.68,
108,0,1127,323.61,3172.7,32163.4,256,113.69,
108,0,1132,324.66,2645.2,31634.9,254,114.58,
108,0,1133,324.66,2645.2,31635.4,254,114.59,
108,0,1134,324.66,2644.9,31635.6,253,115.04,
108,0,1131,324.13,3173.8,32165.8,252,115.51,
108,0,1136,325.19,2649.8,31637.5,254,114.58,
108,0,1137,325.19,2648.8,31637.4,253,115.03,
108,0,1138,325.19,2648.6,31637.4,255,114.13,
108,0,1135,324.66,3176.8,32164.4,252,115.49,
108,0,1139,325.72,2651.6,31636.8,252,115.48,
108,0,1140,325.72,2651.2,31636.8,256,113.67,
108,0,1141,325.72,2651.3,31636.8,255,114.12,
108,0,1142,325.72,2651.1,31636.9,254,114.57,
108,0,1143,326.25,2642.3,31630.5,256,113.68,
108,0,1144,326.25,2641.8,31630.1,254,114.58,
108,0,1145,326.25,2642.7,31630.5,253,115.03,
108,0,1147,326.78,2645.7,31636.4,253,115.04,
108,0,1148,326.78,2645.2,31636.3,253,115.04,
108,0,1149,326.78,2644.7,31636.3,253,115.05,
108,0,1146,326.25,3171.3,32162.7,253,115.05,
108,0,1151,327.31,2641.9,31637.7,253,115.06,
108,0,1152,327.31,2641.2,31637.7,250,116.45,
108,0,1153,327.31,2640.9,31637.7,256,113.71,
108,0,1150,326.78,3169.7,32165.9,253,115.06,
108,0,1155,327.84,2638.5,31632.0,255,114.15,
108,0,1156,327.84,2638.2,31631.9,254,114.60,
108,0,1157,327.84,2638.0,31632.0,256,113.70,
108,0,1154,327.31,3169.5,32163.7,251,115.98,
108,0,1159,328.37,2636.0,31630.7,256,113.70,
108,0,1160,328.37,2635.7,31630.7,254,114.60,
108,0,1161,328.37,2635.1,31630.7,255,114.16,
108,0,1158,327.84,3163.9,32160.1,255,114.16,
108,1,746,206.30,312.4,34473.1,251,136.64,
108,1,747,207.87,313.0,35165.8,255,137.22,
108,1,748,211.48,320.0,35826.6,253,140.90,
108,1,749,214.80,321.4,36321.4,251,144.00,
108,1,750,217.60,5545.6,35457.5,254,118.23,
108,1,752,221.47,2199.7,31645.0,254,116.38,
108,1,751,220.95,2723.6,32169.4,256,115.47,
108,1,753,221.47,2199.6,31644.6,254,116.38,
108,1,754,221.48,2200.0,31645.1,252,117.31,
108,1,755,221.54,2668.6,31838.7,253,115.75,
108,1,756,221.54,2667.8,31838.7,253,115.76,
108,1,757,221.54,2667.4,31839.2,252,116.22,
108,1,758,221.54,2667.1,31839.8,253,115.76,
108,1,759,222.08,2656.0,31830.4,255,114.86,
108,1,760,222.08,2655.6,31830.9,255,114.86,
108,1,761,222.08,2654.5,31830.1,253,115.78,
108,1,763,222.60,2657.9,31836.2,256,114.42,
108,1,762,222.08,3184.8,32362.6,252,116.25,
108,1,764,222.61,2658.1,31836.5,249,117.65,
108,1,765,222.61,2657.9,31836.4,254,115.33,
108,1,767,223.14,2654.2,31829.5,255,114.86,
108,1,768,223.14,2654.3,31829.5,253,115.77,
108,1,766,222.61,3190.8,32365.8,254,115.32,
108,1,769,223.14,2654.5,31830.1,249,117.64,
108,1,771,223.67,2652.3,31832.0,253,115.79,
108,1,772,223.67,2651.4,31831.0,255,114.88,
108,1,773,223.67,2651.3,31831.4,254,115.34,
108,1,770,223.14,3183.0,32362.8,254,115.34,
108,1,775,224.20,2650.5,31825.8,254,115.32,
108,1,776,224.21,2650.8,31825.4,255,114.86,
108,1,777,224.21,2650.4,31825.3,252,116.23,
108,1,774,223.68,3183.1,32358.3,255,114.86,
108,1,779,224.73,2654.1,31833.6,255,114.88,
108,1,780,224.73,2654.3,31834.1,256,114.43,
108,1,781,224.73,2654.0,31834.1,252,116.26,
108,1,778,224.21,3180.7,32360.8,252,116.26,
108,1,783,225.26,2654.4,31838.2,255,114.90,
108,1,784,225.26,2654.6,31838.5,253,115.81,
108,1,785,225.26,2654.4,31838.6,254,115.35,
108,1,782,224.74,3184.1,32368.4,256,114.45,
108,1,787,225.79,2651.2,31831.1,253,115.79,
108,1,788,225.80,2651.0,31831.1,255,114.88,
108,1,789,225.80,2650.7,31831.1,254,115.34,
108,1,786,225.27,3183.3,32363.6,254,115.34,
108,1,791,226.32,2648.7,31832.1,253,115.81,
108,1,790,225.80,3177.0,32360.7,255,114.90,
108,1,792,226.33,2648.6,31832.4,248,118.15,
108,1,793,226.33,2648.6,31832.4,253,115.81,
108,1,794,226.85,2645.4,31831.9,250,117.21,
108,1,795,226.86,2645.5,31831.5,253,115.82,
108,1,796,226.86,2645.5,31831.4,252,116.28,
108,1,797,226.86,2645.7,31831.3,254,115.36,
108,1,798,227.39,2648.2,31829.6,254,115.34,
108,1,799,227.39,2647.0,31829.6,253,115.80,
108,1,800,227.39,2648.5,31829.5,253,115.80,
108,1,802,227.92,2646.7,31827.6,249,117.66,
108,1,803,227.92,2645.6,31827.0,252,116.26,
108,1,804,227.92,2645.3,31827.0,253,115.80,
108,1,801,227.39,3175.7,32357.5,256,114.44,
108,1,806,228.44,2645.5,31823.5,252,116.25,
108,1,807,228.45,2645.7,31823.5,255,114.87,
108,1,808,228.45,2645.7,31823.5,250,117.18,
108,1,805,227.92,3174.2,32352.6,255,114.88,
108,1,810,228.97,2646.4,31829.3,249,117.67,
108,1,811,228.97,2646.0,31829.2,254,115.35,
108,1,812,228.97,2646.3,31829.2,254,115.35,
108,1,809,228.45,3172.5,32355.8,253,115.81,
108,1,814,229.50,2650.7,31830.2,255,114.88,
108,1,815,229.50,2650.3,31830.2,254,115.34,
108,1,816,229.50,2649.2,31830.2,255,114.89,
108,1,813,228.97,3179.4,32359.3,254,115.34,
108,1,818,230.04,2642.3,31825.2,250,117.20,
108,1,819,230.04,2642.2,31825.1,254,115.35,
108,1,820,230.04,2641.8,31825.0,254,115.35,
108,1,817,229.50,3174.6,32358.0,255,114.90,
108,1,822,230.56,2645.0,31823.8,253,115.79,
108,1,823,230.56,2645.0,31823.8,254,115.33,
108,1,824,230.56,2647.6,31823.7,254,115.32,
108,1,821,230.04,3177.9,32351.2,252,116.23,
108,1,826,231.09,2641.6,31821.4,254,115.34,
108,1,827,231.09,2641.9,31821.5,255,114.88,
108,1,828,231.09,2641.6,31821.5,255,114.88,
108,1,825,230.56,3170.1,32350.0,252,116.25,
108,1,830,231.62,2642.5,31819.2,254,115.32,
108,1,831,231.62,2642.3,31819.2,253,115.78,
108,1,829,231.09,3169.1,32346.4,254,115.32,
108,1,832,231.62,2642.0,31819.5,251,116.71,
108,1,834,232.15,2639.3,31812.8,254,115.31,
108,1,835,232.15,2638.6,31812.9,256,114.41,
108,1,836,232.15,2638.4,31812.9,255,114.86,
108,1,833,231.62,3171.8,32346.3,254,115.31,
108,1,837,232.67,2642.8,31815.0,251,116.69,
108,1,838,232.68,2645.6,31815.1,251,116.68,
108,1,839,232.68,2646.0,31815.1,255,114.84,
108,1,840,232.68,2647.4,31815.1,255,114.83,
108,1,841,233.20,2640.6,31812.0,254,115.30,
108,1,842,233.21,2640.0,31811.7,255,114.85,
108,1,843,233.21,2635.7,31807.8,254,115.30,
108,1,845,233.73,2644.2,31815.4,255,114.85,
108,1,846,233.73,2643.4,31815.6,252,116.22,
108,1,847,233.73,2642.9,31815.0,251,116.69,
108,1,844,233.21,3164.7,32337.3,254,115.31,
108,1,848,233.73,2862.8,32872.5,252,119.56,
108,1,849,234.26,2334.9,34447.5,256,125.93,
108,1,850,236.73,310.2,32889.2,253,129.28,
108,1,851,237.50,314.6,33694.0,255,131.42,
108,1,852,238.55,314.9,34299.2,256,133.27,
108,1,853,239.86,316.2,34857.8,256,135.46,
108,1,854,240.78,315.5,35271.6,256,137.08,
108,1,855,243.04,318.3,35639.0,252,140.72,
108,1,856,247.31,321.9,36136.2,255,141.00,
108,1,857,251.12,3852.9,33723.1,254,118.06,
108,1,859,253.12,2386.6,31792.3,256,115.32,
108,1,860,253.12,2386.4,31792.3,252,117.15,
108,1,861,253.12,2386.0,31792.1,254,116.23,
108,1,858,253.05,2451.5,31857.5,255,115.77,
108,1,863,253.38,2655.6,31783.8,254,115.13,
108,1,864,253.38,2654.8,31783.3,255,114.68,
108,1,865,253.38,2654.0,31782.8,253,115.59,
108,1,862,253.12,2913.3,32042.4,251,116.52,
108,1,867,253.91,2659.4,31786.7,254,115.13,
108,1,866,253.38,3187.4,32315.1,256,114.23,
108,1,868,253.91,2658.5,31786.9,254,115.13,
108,1,869,253.91,2658.9,31786.8,251,116.51,
108,1,870,254.44,2660.1,31786.2,254,115.12,
108,1,871,254.44,2660.4,31786.7,255,114.67,
108,1,872,254.44,2659.8,31785.9,256,114.22,
108,1,873,254.44,2659.7,31785.8,254,115.12,
108,1,874,254.97,2655.8,31789.3,252,116.07,
108,1,875,254.97,2655.9,31789.0,256,114.25,
108,1,876,254.97,2656.1,31789.2,249,117.47,
108,1,878,255.50,2652.4,31791.1,255,114.72,
108,1,879,255.50,2652.5,31791.2,256,114.27,
108,1,880,255.51,2652.4,31791.0,251,116.55,
108,1,877,254.97,3185.6,32324.3,255,114.72,
108,1,882,256.03,2656.5,31795.6,254,115.17,
108,1,883,256.03,2656.7,31795.6,254,115.17,
108,1,884,256.03,2656.5,31795.7,253,115.63,
108,1,881,255.51,3183.3,32322.8,253,115.63,
108,1,886,256.57,2650.0,31791.4,255,114.73,
108,1,887,256.57,2649.7,31791.3,254,115.18,
108,1,888,256.57,2649.4,31791.3,251,116.57,
108,1,885,256.03,3184.7,32326.9,254,115.19,
108,1,890,257.10,2643.2,31788.1,254,115.20,
108,1,891,257.10,2643.0,31788.0,252,116.12,
108,1,892,257.10,2643.0,31788.0,253,115.65,
108,1,889,256.57,3177.4,32322.2,250,117.05,
108,1,894,257.62,2643.6,31791.7,254,113.12,
108,1,895,257.63,2643.4,31791.4,253,115.67,
108,1,896,257.63,2643.1,31791.3,255,114.76,
108,1,893,257.10,3168.3,32316.4,254,115.21,
108,1,898,258.16,2645.9,31792.3,256,114.30,
108,1,899,258.16,2645.5,31792.3,253,115.66,
108,1,900,258.16,2645.1,31792.3,255,114.75,
108,1,897,257.63,3175.5,32322.6,252,116.12,
108,1,902,258.69,2643.7,31792.5,256,114.31,
108,1,903,258.69,2644.2,31792.8,253,115.67,
108,1,904,258.69,2644.3,31793.0,254,115.21,
108,1,901,258.16,3175.4,32324.0,256,114.31,
108,1,906,259.21,2643.7,31793.2,253,115.67,
108,1,907,259.22,2643.0,31793.0,255,114.76,
108,1,908,259.22,2643.9,31793.3,253,115.67,
108,1,905,258.69,3172.2,32321.6,254,115.21,
108,1,909,259.74,2642.8,31792.8,255,114.76,
108,1,910,259.74,2642.3,31792.8,254,115.22,
108,1,911,259.75,2642.4,31792.8,254,115.22,
108,1,912,259.75,2642.0,31792.8,255,114.77,
108,1,913,260.27,2643.5,31801.4,253,115.71,
108,1,914,260.27,2643.6,31801.5,251,116.63,
108,1,915,260.27,2643.4,31801.5,253,115.71,
108,1,917,260.80,2636.4,31795.9,254,115.26,
108,1,918,260.80,2636.0,31795.9,252,116.17,
108,1,919,260.80,2636.6,31795.9,254,115.25,
108,1,916,260.27,3168.3,32327.8,252,116.17,
108,1,921,261.33,2633.3,31794.1,256,114.36,
108,1,922,261.33,2632.9,31794.5,253,115.72,
108,1,923,261.33,2632.6,31793.7,250,117.11,
108,1,920,260.80,3163.0,32323.7,253,115.72,
108,1,925,261.86,2632.1,31795.1,254,115.27,
108,1,926,261.86,2632.1,31795.4,254,115.27,
108,1,927,261.86,2631.9,31795.9,256,114.37,
108,1,924,261.33,3159.5,32323.9,256,114.37,
108,1,929,262.39,2632.6,31798.2,251,116.66,
108,1,930,262.39,2633.1,31798.4,254,115.28,
108,1,931,262.39,2632.1,31800.1,252,116.21,
108,1,928,261.86,3158.9,32327.3,253,115.75,
108,1,933,262.91,2635.5,31802.5,255,114.83,
108,1,934,262.91,2636.2,31802.2,251,116.66,
108,1,935,262.91,2635.9,31802.8,255,114.83,
108,1,932,262.39,3162.3,32328.2,254,115.28,
108,1,937,263.44,2643.2,31807.7,252,116.19,
108,1,938,263.44,2644.1,31808.0,254,115.27,
108,1,939,263.44,2643.9,31808.0,254,115.27,
108,1,936,262.91,3169.2,32333.4,251,116.66,
108,1,941,263.96,2641.0,31807.8,255,114.83,
108,1,940,263.44,3166.7,32336.8,252,116.22,
108,1,942,263.97,2640.3,31811.8,254,115.30,
108,1,943,263.97,2640.0,31812.0,255,114.85,
108,1,945,264.49,2641.8,31811.0,254,115.29,
108,1,946,264.49,2641.7,31813.5,254,115.30,
108,1,947,264.49,2641.3,31814.5,254,115.31,
108,1,944,263.97,3167.6,32342.9,255,114.86,
108,1,949,265.02,2646.6,31812.0,256,114.37,
108,1,950,265.02,2646.1,31811.9,253,115.74,
108,1,951,265.02,2645.7,31811.4,251,116.66,
108,1,948,264.49,3172.2,32338.5,256,114.38,
108,1,952,265.55,2642.5,31811.9,254,115.29,
108,1,953,265.55,2641.5,31811.3,254,115.30,
108,1,954,265.55,2641.4,31811.6,256,114.39,
108,1,955,265.55,2832.8,32864.1,254,118.70,
108,1,956,266.61,1776.2,33900.5,252,127.98,
108,1,957,268.71,314.2,33233.3,254,130.12,
108,1,958,269.62,312.1,33975.6,256,132.01,
108,1,959,271.20,314.5,34324.9,250,136.59,
108,1,960,272.84,315.2,34895.1,256,135.61,
108,1,961,274.71,318.9,35326.5,252,139.47,
108,1,962,276.05,317.1,35623.3,254,139.55,
108,1,963,278.68,321.0,36119.3,256,140.39,
108,1,964,283.44,3315.9,33219.3,255,117.73,
108,1,966,284.91,2385.4,31822.8,253,116.82,
108,1,967,284.91,2385.3,31822.9,254,116.35,
108,1,968,284.91,2385.0,31823.6,254,116.36,
108,1,965,284.84,2454.0,31892.7,252,117.29,
108,1,970,285.16,2667.4,31822.6,256,114.33,
108,1,971,285.16,2666.9,31822.7,256,114.34,
108,1,972,285.16,2666.6,31823.3,252,116.16,
108,1,969,284.91,2916.5,32073.0,254,115.24,
108,1,974,285.69,2664.1,31824.0,255,114.80,
108,1,975,285.69,2663.7,31824.0,255,114.80,
108,1,976,285.69,2663.7,31824.0,256,114.35,
108,1,973,285.16,3197.8,32357.2,255,114.80,
108,1,978,286.23,2662.7,31826.4,256,114.37,
108,1,977,285.69,3194.5,32359.0,255,114.82,
108,1,979,286.23,2661.8,31826.6,254,115.28,
108,1,980,286.23,2662.0,31826.6,254,115.28,
108,1,982,286.76,2658.2,31826.1,255,114.83,
108,1,983,286.76,2658.2,31826.1,254,115.29,
108,1,981,286.23,3191.0,32358.8,253,115.75,
108,1,984,286.76,2658.1,31826.3,253,115.75,
108,1,985,287.30,2653.5,31818.4,255,114.82,
108,1,986,287.30,2653.7,31818.5,255,114.82,
108,1,987,287.30,2653.4,31818.4,252,116.20,
108,1,988,287.30,2653.6,31818.4,256,114.37,
108,1,989,287.83,2653.5,31815.6,254,115.27,
108,1,990,287.83,2654.3,31815.7,251,116.65,
108,1,991,287.83,2653.9,31815.6,255,114.81,
108,1,993,288.36,2651.9,31816.9,253,115.73,
108,1,994,288.36,2651.3,31816.5,251,116.66,
108,1,995,288.36,2651.0,31816.4,253,115.74,
108,1,992,287.83,3182.1,32347.4,253,115.74,
108,1,997,288.89,2647.9,31815.3,254,115.29,
108,1,998,288.89,2647.8,31815.3,253,115.74,
108,1,999,288.89,2647.8,31815.3,255,114.83,
108,1,996,288.36,3178.8,32346.2,255,114.83,
108,1,1001,289.42,2653.3,31814.6,255,114.81,
108,1,1002,289.42,2653.5,31816.6,253,115.73,
108,1,1003,289.42,2653.3,31817.1,253,115.73,
108,1,1000,288.89,3181.8,32348.7,250,117.14,
108,1,1005,289.95,2649.0,31813.0,253,115.73,
108,1,1006,289.95,2649.0,31813.4,255,114.82,
108,1,1007,289.95,2648.6,31813.0,254,115.27,
108,1,1004,289.42,3179.8,32344.3,256,114.37,
108,1,1009,290.48,2645.5,31812.9,252,116.20,
108,1,1010,290.48,2645.1,31812.9,256,114.38,
108,1,1011,290.48,2644.9,31812.9,253,115.75,
108,1,1008,289.95,3176.6,32344.5,254,115.29,
108,1,1013,291.01,2644.6,31811.4,254,115.28,
108,1,1014,291.01,2644.1,31811.7,253,115.74,
108,1,1015,291.01,2646.6,31811.5,253,115.73,
108,1,1012,290.48,3176.5,32340.2,255,114.82,
108,1,1017,291.54,2648.6,31810.2,254,115.26,
108,1,1018,291.54,2649.4,31810.2,256,114.36,
108,1,1019,291.54,2649.6,31810.2,255,114.81,
108,1,1016,291.01,3179.3,32338.0,253,115.71,
108,1,1021,292.07,2644.3,31805.7,253,115.72,
108,1,1022,292.07,2644.2,31805.8,255,114.81,
108,1,1023,292.07,2643.8,31805.8,254,115.26,
108,1,1020,291.54,3177.4,32340.2,253,115.73,
108,1,1024,292.60,2648.2,31808.7,253,115.72,
108,1,1025,292.60,2647.9,31808.7,253,115.72,
108,1,1026,292.60,2648.5,31808.8,252,116.18,
108,1,1027,292.60,2648.6,31809.2,255,114.81,
108,1,1028,293.12,2647.8,31808.9,250,117.11,
108,1,1029,293.13,2647.3,31808.5,251,116.64,
108,1,1030,293.13,2648.0,31809.3,256,114.36,
108,1,1032,293.66,2651.3,31808.0,254,115.24,
108,1,1033,293.66,2651.6,31807.8,255,114.79,
108,1,1034,293.66,2651.4,31807.5,254,115.24,
108,1,1031,293.13,3183.3,32337.7,249,117.56,
108,1,1036,294.18,2646.2,31807.9,252,116.18,
108,1,1037,294.18,2646.4,31807.8,255,114.81,
108,1,1038,294.19,2643.4,31806.2,249,117.59,
108,1,1035,293.66,3174.5,32336.9,253,115.72,
108,1,1040,294.71,2644.8,31806.0,253,115.72,
108,1,1041,294.71,2645.6,31806.3,254,115.26,
108,1,1042,294.72,2644.7,31805.7,256,114.36,
108,1,1039,294.19,3172.5,32334.1,253,115.72,
108,1,1044,295.24,2638.5,31807.0,255,114.84,
108,1,1045,295.25,2637.7,31807.0,255,114.84,
108,1,1046,295.25,2637.3,31806.9,254,115.29,
108,1,1043,294.72,3168.6,32338.5,256,114.39,
108,1,1048,295.77,2640.8,31808.4,253,115.74,
108,1,1049,295.78,2637.7,31808.5,255,114.85,
108,1,1050,295.78,2636.4,31808.4,249,117.63,
108,1,1047,295.25,3167.2,32341.0,256,114.41,
108,1,1052,296.30,2641.6,31804.3,252,116.19,
108,1,1053,296.31,2638.9,31804.3,255,114.82,
108,1,1054,296.31,2637.5,31804.3,254,115.28,
108,1,1051,295.78,3166.6,32334.4,256,114.38,
108,1,1056,296.83,2646.3,31804.0,256,114.34,
108,1,1057,296.83,2646.2,31804.4,252,116.17,
108,1,1058,296.83,2646.6,31808.6,254,115.26,
108,1,1055,296.31,3168.6,32332.1,253,115.73,
108,1,1060,297.36,2645.3,31804.4,248,118.05,
108,1,1061,297.36,2645.0,31805.5,252,116.18,
108,1,1059,296.83,3174.0,32338.7,255,114.82,
108,1,1062,297.36,2644.7,32332.0,254,117.34,
108,1,1063,298.41,1765.1,33877.8,253,127.43,
108,1,1064,300.51,313.2,32889.6,253,129.27,
108,1,1065,301.94,321.4,33760.9,254,132.17,
108,1,1066,303.60,316.4,34309.4,252,135.43,
108,1,1067,305.52,316.8,34864.0,254,136.55,
108,1,1068,307.74,322.4,35232.5,253,138.53,
108,1,1069,310.04,323.7,35525.3,254,139.14,
108,1,1070,311.67,323.7,36004.8,254,141.03,
108,1,1071,314.80,3789.2,33485.8,251,118.52,
108,1,1073,316.73,2380.9,31619.0,254,115.57,
108,1,1074,316.73,2380.5,31618.9,249,117.90,
108,1,1075,316.73,2379.9,31618.3,253,116.03,
108,1,1072,316.66,2450.5,31689.8,255,115.12,
108,1,1077,316.98,2660.4,31623.0,252,115.39,
108,1,1078,316.98,2659.9,31622.9,253,114.93,
108,1,1079,316.98,2659.0,31622.2,254,114.48,
108,1,1076,316.73,2908.9,31872.1,252,115.39,
108,1,1081,317.52,2657.2,31622.6,252,115.40,
108,1,1082,317.52,2656.9,31622.7,254,114.49,
108,1,1083,317.52,2656.2,31622.7,256,113.59,
108,1,1080,316.99,3190.8,32157.1,252,115.40,
108,1,1085,318.05,2651.7,31621.1,255,114.05,
108,1,1086,318.05,2650.8,31621.1,255,114.06,
108,1,1087,318.05,2650.6,31621.1,251,115.88,
108,1,1084,317.52,3186.7,32156.6,254,114.51,
108,1,1089,318.59,2647.3,31623.9,255,114.08,
108,1,1090,318.59,2649.0,31623.8,255,114.07,
108,1,1088,318.05,3181.8,32156.2,253,114.98,
108,1,1091,318.59,2649.9,31624.0,255,114.07,
108,1,1093,319.11,2648.1,31624.3,253,114.98,
108,1,1094,319.11,2648.6,31625.3,252,115.44,
108,1,1092,318.59,3175.9,32153.8,253,114.99,
108,1,1095,319.12,2648.3,31626.6,252,115.45,
108,1,1097,319.64,2650.8,31622.5,256,113.61,
108,1,1098,319.64,2651.4,31622.4,253,114.96,
108,1,1099,319.64,2651.1,31622.3,249,116.82,
108,1,1096,319.12,3179.7,32151.3,254,114.51,
108,1,1100,320.18,2646.4,31621.4,254,114.53,
108,1,1101,320.18,2646.4,31621.8,254,114.53,
108,1,1102,320.18,2646.4,31621.9,253,114.98,
108,1,1103,320.18,2646.5,31622.0,249,116.84,
108,1,1104,320.70,2642.8,31621.7,253,115.00,
108,1,1105,320.71,2642.7,31621.2,254,114.54,
108,1,1106,320.71,2642.8,31621.3,254,114.54,
108,1,1108,321.23,2644.5,31633.0,254,114.58,
108,1,1109,321.23,2642.8,31632.9,250,116.43,
108,1,1110,321.24,2642.0,31632.9,254,114.59,
108,1,1107,320.71,3172.8,32166.1,254,114.60,
108,1,1112,321.76,2645.2,31626.6,255,114.10,
108,1,1113,321.76,2644.4,31626.2,253,115.01,
108,1,1114,321.76,2644.5,31626.7,254,114.55,
108,1,1111,321.24,3168.7,32150.8,251,115.93,
108,1,1116,322.29,2641.3,31634.4,252,115.51,
108,1,1117,322.29,2641.4,31634.5,254,114.60,
108,1,1118,322.29,2641.4,31634.5,255,114.15,
108,1,1115,321.76,3173.0,32166.1,254,114.60,
108,1,1120,322.82,2642.3,31625.9,251,115.93,
108,1,1121,322.82,2641.1,31625.9,253,115.02,
108,1,1122,322.82,2642.5,31625.9,253,115.01,
108,1,1119,322.30,3169.7,32153.2,254,114.56,
108,1,1124,323.35,2646.4,31627.4,255,114.10,
108,1,1125,323.35,2646.0,31627.3,254,114.55,
108,1,1126,323.35,2645.7,31627.7,251,115.93,
108,1,1123,322.82,3172.1,32153.5,254,114.55,
108,1,1128,323.88,2644.8,31625.0,254,114.55,
108,1,1129,323.88,2644.9,31624.6,251,115.92,
108,1,1130,323.88,2644.6,31625.0,256,113.65,
108,1,1127,323.35,3174.3,32154.5,255,114.10,
108,1,1132,324.41,2646.6,31622.0,252,115.44,
108,1,1133,324.41,2646.2,31622.2,251,115.90,
108,1,1134,324.41,2646.7,31623.9,253,114.99,
108,1,1131,323.88,3175.7,32154.5,250,116.38,
108,1,1136,324.93,2647.3,31625.6,256,113.64,
108,1,1137,324.93,2647.3,31625.9,254,114.54,
108,1,1138,324.94,2647.2,31625.8,254,114.54,
108,1,1135,324.41,3180.7,32156.9,254,114.53,
108,1,1139,325.46,2647.6,31624.5,253,114.99,
108,1,1140,325.46,2648.2,31624.5,254,114.53,
108,1,1141,325.46,2648.7,31624.3,254,114.53,
108,1,1142,325.47,2650.1,31623.8,254,114.52,
108,1,1143,325.99,2643.1,31622.5,255,114.09,
108,1,1144,325.99,2643.1,31622.4,254,114.54,
108,1,1145,325.99,2645.5,31622.3,254,114.53,
108,1,1147,326.52,2642.8,31626.5,254,114.56,
108,1,1148,326.52,2644.9,31626.2,250,116.39,
108,1,1149,326.52,2644.8,31626.9,254,114.55,
108,1,1146,325.99,3175.4,32154.3,256,113.64,
108,1,1151,327.05,2638.5,31624.9,251,115.95,
108,1,1152,327.05,2640.1,31624.4,252,115.48,
108,1,1153,327.05,2640.6,31624.3,254,114.56,
108,1,1150,326.52,3173.8,32155.8,255,114.10,
108,1,1155,327.58,2639.2,31621.6,254,114.55,
108,1,1156,327.58,2635.9,31618.7,252,115.47,
108,1,1157,327.59,2634.7,31617.7,255,114.11,
108,1,1154,327.06,3166.5,32149.4,256,113.66,
108,1,1159,328.10,2645.5,31624.5,256,113.64,
108,1,1160,328.11,2642.9,31621.6,253,114.99,
108,1,1161,328.11,2641.5,31620.5,253,115.00,
108,1,1158,327.59,3164.9,32144.1,256,113.64,
108,1,1163,328.63,2643.8,31627.3,256,113.66,
108,1,1164,328.63,2643.2,31626.9,254,114.56,
108,1,1162,328.11,3166.4,32150.4,254,114.56,
108,1,1165,328.64,2639.1,31623.4,254,114.56,
108,2,746,206.41,314.2,34502.2,254,135.13,
108,2,747,207.98,315.4,35200.3,255,137.34,
108,2,748,211.60,320.8,35854.6,251,142.13,
108,2,749,214.92,322.6,36356.0,255,141.86,
108,2,750,217.72,5535.8,35490.2,255,117.93,
108,2,752,221.60,2199.4,31685.6,255,116.09,
108,2,753,221.60,2200.1,31686.5,254,116.55,
108,2,751,221.07,2724.7,32211.1,254,116.55,
108,2,754,221.60,2200.1,31686.7,255,116.09,
108,2,755,221.66,2658.6,31868.7,255,115.00,
108,2,756,221.66,2658.8,31868.7,253,115.91,
108,2,757,221.66,2658.4,31868.7,254,115.46,
108,2,758,221.67,2662.3,31868.7,254,115.44,
108,2,759,222.19,2661.2,31872.0,255,115.00,
108,2,760,222.19,2661.5,31872.0,255,115.00,
108,2,761,222.20,2661.7,31872.0,256,114.55,
108,2,763,222.73,2655.3,31867.7,254,115.46,
108,2,764,222.73,2655.3,31867.7,255,115.01,
108,2,765,222.73,2654.8,31867.4,254,115.46,
108,2,762,222.20,3191.7,32404.3,255,115.01,
108,2,767,223.26,2659.2,31873.9,251,116.86,
108,2,768,223.26,2659.2,31873.7,254,115.47,
108,2,769,223.26,2659.3,31874.2,255,115.02,
108,2,766,222.74,3185.1,32400.2,254,115.47,
108,2,771,223.79,2656.1,31866.1,254,115.45,
108,2,772,223.80,2654.6,31865.5,251,116.84,
108,2,773,223.80,2654.0,31864.5,255,115.00,
108,2,770,223.26,3190.6,32401.1,253,115.91,
108,2,775,224.32,2653.8,31872.9,255,115.04,
108,2,776,224.32,2653.2,31872.9,254,115.49,
108,2,774,223.80,3180.2,32401.4,251,116.88,
108,2,777,224.33,2651.8,31873.6,251,116.89,
108,2,779,224.86,2648.3,31871.4,255,115.05,
108,2,780,224.86,2646.9,31870.6,255,115.05,
108,2,778,224.33,3179.6,32403.5,254,115.51,
108,2,781,224.86,2646.3,31870.0,254,115.51,
108,2,783,225.39,2651.9,31880.0,252,116.45,
108,2,784,225.39,2651.5,31880.9,255,115.08,
108,2,785,225.39,2652.0,31881.4,254,115.53,
108,2,782,224.86,3178.8,32409.5,256,114.63,
108,2,787,225.92,2650.8,31867.2,256,114.57,
108,2,788,225.92,2651.1,31866.8,256,114.57,
108,2,789,225.92,2651.0,31867.0,252,116.40,
108,2,786,225.39,3182.9,32398.5,256,114.57,
108,2,791,226.45,2650.1,31866.5,255,115.02,
108,2,790,225.92,3181.3,32398.0,254,115.48,
108,2,792,226.45,2650.0,31867.3,253,115.94,
108,2,793,226.45,2649.7,31867.3,255,115.03,
108,2,794,226.98,2653.0,31871.4,253,115.95,
108,2,795,226.98,2653.8,31872.1,254,115.49,
108,2,796,226.98,2653.2,31871.7,252,116.41,
108,2,797,226.98,2653.3,31871.7,255,115.03,
108,2,798,227.50,2653.5,31874.5,253,115.96,
108,2,799,227.51,2653.1,31874.2,254,115.50,
108,2,800,227.51,2652.7,31874.1,255,115.04,
108,2,802,228.04,2652.9,31868.9,254,115.48,
108,2,803,228.04,2652.4,31868.8,254,115.48,
108,2,804,228.04,2652.2,31869.1,255,115.03,
108,2,801,227.51,3184.2,32401.2,251,116.87,
108,2,806,228.57,2654.5,31862.4,252,116.37,
108,2,807,228.57,2654.1,31862.3,256,114.54,
108,2,808,228.57,2653.8,31862.2,256,114.54,
108,2,805,228.04,3185.0,32393.4,256,114.54,
108,2,810,229.10,2646.6,31867.5,254,115.50,
108,2,811,229.10,2646.1,31867.4,253,115.96,
108,2,812,229.10,2646.1,31867.3,254,115.50,
108,2,809,228.57,3176.3,32397.6,254,115.50,
108,2,814,229.63,2646.3,31867.1,251,116.88,
108,2,815,229.63,2645.7,31867.0,255,115.04,
108,2,816,229.63,2646.2,31866.9,253,115.95,
108,2,813,229.10,3175.9,32396.9,255,115.04,
108,2,818,230.16,2649.5,31867.9,256,114.58,
108,2,819,230.16,2649.3,31867.7,254,115.49,
108,2,820,230.16,2648.9,31867.6,254,115.49,
108,2,817,229.63,3177.2,32396.1,254,115.49,
108,2,822,230.69,2645.3,31865.1,253,115.95,
108,2,823,230.69,2645.3,31865.4,254,115.49,
108,2,824,230.69,2644.9,31865.5,256,114.59,
108,2,821,230.16,3176.6,32397.1,254,115.50,
108,2,826,231.22,2641.6,31863.2,246,119.27,
108,2,827,231.22,2642.0,31863.3,253,115.96,
108,2,828,231.22,2641.8,31863.3,249,117.83,
108,2,825,230.69,3175.0,32396.6,254,115.50,
108,2,830,231.75,2647.8,31866.7,256,114.58,
108,2,831,231.75,2647.4,31867.2,256,114.59,
108,2,832,231.75,2647.1,31867.3,255,115.04,
108,2,829,231.22,3169.9,32390.4,251,116.88,
108,2,834,232.28,2649.2,31865.0,254,115.48,
108,2,835,232.28,2648.9,31865.2,256,114.57,
108,2,836,232.28,2648.6,31865.2,256,114.57,
108,2,833,231.75,3178.7,32396.4,254,115.48,
108,2,838,232.81,2647.6,31862.6,251,116.86,
108,2,837,232.81,2647.9,31863.4,250,117.33,
108,2,839,232.81,2646.9,31863.8,253,115.94,
108,2,840,232.81,2647.2,31864.7,255,115.03,
108,2,841,233.33,2648.3,31865.0,252,116.40,
108,2,842,233.33,2647.8,31865.0,255,115.03,
108,2,843,233.34,2647.7,31866.5,254,115.49,
108,2,845,233.86,2649.6,31861.8,256,114.56,
108,2,846,233.86,2649.3,31861.9,256,114.56,
108,2,847,233.86,2649.5,31862.0,255,115.01,
108,2,844,233.34,3178.9,32391.9,255,115.01,
108,2,848,233.87,2868.1,32916.9,255,118.30,
108,2,849,234.39,2340.3,34489.7,256,126.08,
108,2,850,236.87,310.2,32926.6,254,128.92,
108,2,851,237.64,315.3,33727.2,254,132.06,
108,2,852,238.68,311.6,34342.6,253,135.04,
108,2,853,239.99,317.9,34898.8,254,136.68,
108,2,854,240.91,315.5,35318.4,253,138.90,
108,2,855,243.18,317.5,35683.8,253,140.34,
108,2,856,247.45,323.5,36175.3,255,141.15,
108,2,857,251.27,3861.3,33754.6,254,118.15,
108,2,858,253.21,2447.1,31882.9,256,115.43,
108,2,859,253.28,2379.6,31815.0,256,115.43,
108,2,860,253.28,2378.7,31814.0,252,117.27,
108,2,861,253.28,2378.4,31814.0,254,116.35,
108,2,863,253.53,2662.8,31815.8,250,117.08,
108,2,864,253.53,2663.0,31815.8,253,115.69,
108,2,865,253.53,2662.6,31815.8,254,115.23,
108,2,862,253.28,2915.2,32066.1,254,115.22,
108,2,867,254.07,2662.4,31815.8,253,115.69,
108,2,868,254.07,2662.0,31816.4,255,114.78,
108,2,869,254.07,2661.7,31816.4,256,114.33,
108,2,866,253.54,3196.4,32353.1,255,114.79,
108,2,870,254.60,2665.9,31816.2,254,115.22,
108,2,871,254.60,2665.9,31816.2,255,114.76,
108,2,872,254.60,2665.8,31816.2,255,114.77,
108,2,873,254.60,2668.6,31816.1,254,115.21,
108,2,874,255.13,2652.5,31817.4,253,115.73,
108,2,875,255.13,2652.3,31817.9,256,114.38,
108,2,876,255.14,2651.8,31818.9,253,115.74,
108,2,878,255.66,2656.4,31819.6,256,114.37,
108,2,879,255.66,2656.0,31819.3,256,114.37,
108,2,880,255.66,2656.1,31819.2,254,115.27,
108,2,877,255.14,3183.3,32346.6,255,112.74,
108,2,882,256.19,2652.5,31816.1,254,115.27,
108,2,883,256.20,2652.3,31815.7,254,115.27,
108,2,884,256.20,2650.4,31813.6,248,118.07,
108,2,881,255.66,3187.8,32350.8,253,115.73,
108,2,886,256.73,2650.6,31814.4,252,116.19,
108,2,887,256.73,2650.5,31814.4,250,117.12,
108,2,885,256.20,3180.5,32344.7,256,114.37,
108,2,888,256.73,2650.3,31814.7,253,115.73,
108,2,890,257.27,2641.0,31807.8,254,115.28,
108,2,891,257.27,2639.7,31806.9,254,115.29,
108,2,892,257.27,2639.3,31806.3,254,115.28,
108,2,889,256.73,3177.8,32345.1,254,115.29,
108,2,894,257.78,2646.2,31815.7,254,115.29,
108,2,895,257.79,2646.5,31817.2,255,114.85,
108,2,896,257.79,2646.5,31817.9,254,115.30,
108,2,893,257.27,3162.7,32334.9,252,116.22,
108,2,898,258.32,2650.9,31812.5,254,115.26,
108,2,899,258.32,2650.6,31812.4,254,115.26,
108,2,897,257.79,3182.0,32343.7,256,114.36,
108,2,900,258.32,2650.3,31812.2,253,115.72,
108,2,902,258.85,2648.7,31809.9,253,115.72,
108,2,903,258.85,2648.1,31809.1,255,114.81,
108,2,904,258.85,2648.4,31809.5,255,114.81,
108,2,901,258.32,3179.4,32340.6,251,112.43,
108,2,906,259.38,2647.2,31809.2,250,117.12,
108,2,907,259.38,2646.6,31809.2,253,115.72,
108,2,908,259.38,2646.3,31809.1,254,115.27,
108,2,905,258.85,3177.7,32340.0,255,114.81,
108,2,909,259.91,2648.7,31810.5,252,116.18,
108,2,910,259.91,2649.1,31810.6,252,116.18,
108,2,911,259.91,2648.8,31810.6,253,115.72,
108,2,912,259.91,2648.6,31810.6,254,115.27,
108,2,913,260.43,2655.3,31819.1,251,116.65,
108,2,914,260.43,2655.0,31819.1,253,115.73,
108,2,915,260.43,2654.9,31819.1,252,116.19,
108,2,917,260.97,2645.1,31807.8,252,116.19,
108,2,918,260.97,2646.6,31807.7,254,113.19,
108,2,919,260.97,2647.0,31807.7,255,114.81,
108,2,916,260.43,3183.7,32343.1,252,116.17,
108,2,921,261.50,2642.5,31812.9,254,115.30,
108,2,922,261.50,2643.2,31815.4,249,117.63,
108,2,923,261.50,2645.2,31817.3,251,116.69,
108,2,920,260.97,3175.5,32348.3,253,115.77,
108,2,925,262.03,2645.0,31810.2,254,115.28,
108,2,926,262.03,2647.5,31814.7,254,115.29,
108,2,927,262.03,2647.3,31814.9,252,116.21,
108,2,924,261.50,3177.3,32345.7,253,115.75,
108,2,929,262.55,2645.3,31805.4,255,114.80,
108,2,930,262.56,2645.6,31805.2,249,117.58,
108,2,931,262.56,2645.6,31805.2,254,115.26,
108,2,928,262.03,3176.9,32334.7,252,116.17,
108,2,933,263.09,2640.2,31802.8,254,115.27,
108,2,934,263.09,2640.3,31803.0,251,116.65,
108,2,935,263.09,2640.8,31804.3,253,115.73,
108,2,932,262.56,3171.7,32336.9,255,114.82,
108,2,937,263.61,2646.1,31805.2,255,114.80,
108,2,938,263.61,2645.7,31804.3,254,115.25,
108,2,939,263.61,2645.4,31804.1,254,115.25,
108,2,936,263.09,3174.2,32330.7,253,115.70,
108,2,940,263.62,3167.9,32333.0,253,115.73,
108,2,941,264.14,2641.4,31806.9,256,114.37,
108,2,942,264.14,2640.8,31806.5,256,114.38,
108,2,943,264.14,2640.7,31806.6,256,114.38,
108,2,945,264.67,2641.2,31805.5,253,115.73,
108,2,946,264.67,2640.8,31805.4,252,116.19,
108,2,947,264.67,2640.6,31804.7,255,114.82,
108,2,944,264.14,3171.5,32333.4,252,116.18,
108,2,949,265.20,2645.0,31798.4,254,115.23,
108,2,950,265.20,2644.5,31798.4,256,114.33,
108,2,951,265.20,2642.4,31797.0,255,114.78,
108,2,948,264.67,3172.5,32326.7,253,115.69,
108,2,952,265.73,2645.5,31798.8,255,114.78,
108,2,953,265.73,2645.1,31798.7,255,114.78,
108,2,954,265.73,2645.2,31799.2,253,115.69,
108,2,955,265.73,2826.5,32849.8,255,118.20,
108,2,956,266.78,1771.7,33891.1,253,127.46,
108,2,957,268.88,313.7,33227.4,253,130.61,
108,2,958,269.79,315.4,33970.2,250,135.16,
108,2,959,271.37,313.5,34317.4,249,137.11,
108,2,960,273.02,315.2,34876.1,256,135.53,
108,2,961,274.89,318.0,35302.6,254,138.28,
108,2,962,276.23,318.9,35586.4,253,139.95,
108,2,963,278.87,320.4,36072.9,255,140.76,
108,2,964,283.63,3329.0,33179.6,252,118.93,
108,2,966,285.10,2383.7,31777.2,249,118.52,
108,2,967,285.10,2384.0,31777.1,255,115.72,
108,2,968,285.10,2383.9,31778.0,255,115.72,
108,2,965,285.03,2453.3,31847.4,255,115.72,
108,2,970,285.35,2663.1,31781.0,255,114.64,
108,2,971,285.35,2663.0,31781.5,256,114.19,
108,2,972,285.35,2662.4,31781.9,249,117.42,
108,2,969,285.10,2915.5,32037.6,251,116.49,
108,2,974,285.88,2661.0,31777.6,255,114.63,
108,2,975,285.88,2660.1,31777.6,254,115.09,
108,2,976,285.88,2659.8,31777.1,254,115.09,
108,2,973,285.35,3194.8,32312.3,250,116.94,
108,2,978,286.41,2659.5,31776.1,253,115.54,
108,2,979,286.42,2658.8,31776.1,250,116.94,
108,2,980,286.42,2658.5,31776.1,255,114.64,
108,2,977,285.89,3188.5,32305.1,253,115.54,
108,2,982,286.95,2651.3,31767.1,253,115.54,
108,2,983,286.95,2650.7,31766.3,249,117.40,
108,2,984,286.95,2650.4,31765.5,254,115.08,
108,2,981,286.42,3188.0,32302.8,253,115.53,
108,2,985,287.48,2649.4,31772.6,254,115.11,
108,2,986,287.48,2648.7,31772.6,255,114.66,
108,2,987,287.48,2649.3,31772.6,255,114.66,
108,2,988,287.48,2649.1,31772.6,254,115.11,
108,2,989,288.01,2646.0,31766.4,255,114.65,
108,2,990,288.01,2645.8,31766.0,255,114.65,
108,2,991,288.01,2646.3,31766.9,255,114.65,
108,2,993,288.54,2645.4,31763.8,253,115.55,
108,2,994,288.55,2645.2,31763.7,254,115.09,
108,2,995,288.55,2645.0,31763.7,253,115.55,
108,2,992,288.01,3177.0,32295.6,254,115.09,
108,2,997,289.08,2643.3,31764.7,256,114.20,
108,2,998,289.08,2643.5,31765.4,256,114.20,
108,2,999,289.08,2643.6,31765.7,254,115.11,
108,2,996,288.55,3174.1,32296.6,254,115.11,
108,2,1001,289.60,2649.6,31765.3,254,115.08,
108,2,1002,289.60,2648.4,31765.3,253,115.54,
108,2,1003,289.61,2647.6,31765.2,251,116.47,
108,2,1000,289.08,3176.5,32294.9,254,115.09,
108,2,1005,290.13,2646.1,31768.8,256,114.21,
108,2,1006,290.13,2645.9,31769.4,254,115.11,
108,2,1004,289.61,3170.9,32294.9,255,114.66,
108,2,1007,290.13,2645.7,31770.6,252,116.04,
108,2,1009,290.66,2651.5,31768.4,254,115.09,
108,2,1010,290.66,2655.2,31770.6,254,115.08,
108,2,1011,290.66,2656.5,31771.3,253,115.53,
108,2,1008,290.13,3187.0,32300.7,254,115.07,
108,2,1013,291.19,2649.0,31765.9,253,115.54,
108,2,1014,291.19,2651.0,31767.6,251,116.47,
108,2,1015,291.19,2651.7,31768.2,254,115.09,
108,2,1012,290.66,3184.3,32299.8,255,114.63,
108,2,1017,291.72,2644.2,31762.2,252,116.01,
108,2,1018,291.72,2643.8,31762.2,255,114.64,
108,2,1019,291.72,2643.3,31762.2,252,116.01,
108,2,1016,291.19,3172.5,32291.2,252,116.01,
108,2,1021,292.25,2639.9,31758.2,254,115.09,
108,2,1022,292.25,2639.6,31758.2,252,116.01,
108,2,1023,292.25,2640.2,31758.4,254,115.09,
108,2,1020,291.72,3174.8,32291.6,254,115.09,
108,2,1024,292.77,2642.8,31763.5,256,114.20,
108,2,1025,292.78,2642.4,31763.6,256,114.20,
108,2,1026,292.78,2642.6,31763.6,253,115.56,
108,2,1027,292.78,2642.1,31763.7,253,115.56,
108,2,1028,293.31,2637.7,31758.6,254,115.10,
108,2,1029,293.31,2634.8,31756.6,255,114.65,
108,2,1030,293.32,2633.8,31754.3,255,114.65,
108,2,1032,293.84,2640.0,31758.0,253,115.55,
108,2,1033,293.84,2635.3,31753.5,254,115.09,
108,2,1034,293.84,2634.9,31753.4,253,115.55,
108,2,1031,293.32,3160.2,32279.2,255,114.64,
108,2,1036,294.36,2638.3,31763.1,251,116.50,
108,2,1037,294.36,2638.2,31763.2,253,115.58,
108,2,1038,294.36,2637.7,31765.4,255,114.68,
108,2,1035,293.85,3156.0,32283.4,254,115.13,
108,2,1040,294.89,2636.2,31761.5,251,116.50,
108,2,1041,294.89,2636.5,31760.8,249,117.44,
108,2,1042,294.89,2634.9,31760.4,253,115.58,
108,2,1039,294.36,3164.5,32290.1,255,114.67,
108,2,1044,295.42,2631.1,31766.5,252,116.08,
108,2,1045,295.42,2631.4,31767.4,251,116.54,
108,2,1046,295.42,2631.2,31767.5,252,116.08,
108,2,1043,294.90,3155.5,32294.2,255,114.72,
108,2,1048,295.95,2629.8,31766.7,252,116.08,
108,2,1049,295.95,2629.5,31766.9,253,115.62,
108,2,1050,295.95,2629.3,31767.1,255,114.72,
108,2,1047,295.42,3159.8,32298.9,252,116.09,
108,2,1052,296.47,2631.5,31763.5,256,114.24,
108,2,1053,296.47,2631.2,31763.6,254,115.15,
108,2,1054,296.48,2631.0,31764.2,251,116.53,
108,2,1051,295.95,3158.9,32293.5,254,115.16,
108,2,1056,297.00,2642.9,31767.3,252,116.03,
108,2,1057,297.00,2642.7,31767.3,250,116.97,
108,2,1058,297.00,2642.5,31768.7,254,115.12,
108,2,1055,296.48,3165.7,32293.0,256,114.22,
108,2,1060,297.52,2645.6,31768.1,255,114.66,
108,2,1061,297.53,2645.3,31768.2,252,116.03,
108,2,1059,297.00,3171.6,32296.2,254,115.12,
108,2,1062,297.53,2644.6,32300.3,255,116.75,
108,2,1063,298.58,1771.4,33844.2,252,127.78,
108,2,1064,300.68,315.1,32852.7,254,128.61,
108,2,1065,302.11,317.5,33726.8,253,132.58,
108,2,1066,303.76,317.1,34270.9,256,133.15,
108,2,1067,305.68,318.9,34834.7,253,136.97,
108,2,1068,307.90,316.2,35201.1,256,136.80,
108,2,1069,310.19,320.9,35495.0,255,138.48,
108,2,1070,311.82,322.9,35985.9,254,140.96,
108,2,1071,314.94,3778.4,33470.1,255,116.90,
108,2,1073,316.87,2379.1,31604.0,251,116.90,
108,2,1074,316.87,2379.5,31605.2,251,116.90,
108,2,1075,316.88,2378.5,31605.1,255,115.07,
108,2,1072,316.81,2449.3,31677.7,256,114.62,
108,2,1077,317.13,2648.4,31597.2,253,114.88,
108,2,1078,317.13,2647.9,31596.9,253,114.88,
108,2,1079,317.13,2647.2,31596.4,251,115.80,
108,2,1076,316.88,2904.5,31856.2,256,113.54,
108,2,1081,317.66,2647.2,31598.5,253,114.89,
108,2,1082,317.66,2646.3,31598.0,250,116.27,
108,2,1083,317.66,2646.4,31598.0,255,113.98,
108,2,1080,317.14,3172.8,32125.0,255,113.99,
108,2,1085,318.19,2647.0,31603.2,250,116.29,
108,2,1086,318.19,2646.7,31602.9,256,113.55,
108,2,1087,318.19,2646.6,31603.7,251,115.83,
108,2,1084,317.66,3178.3,32133.9,253,114.90,
108,2,1089,318.72,2649.4,31613.5,254,114.48,
108,2,1090,318.72,2649.7,31614.3,250,116.32,
108,2,1091,318.72,2650.2,31616.0,254,114.49,
108,2,1088,318.19,3178.8,32146.1,256,113.60,
108,2,1093,319.25,2643.6,31602.2,256,113.56,
108,2,1094,319.25,2644.5,31602.4,255,114.01,
108,2,1095,319.25,2645.7,31602.4,256,113.56,
108,2,1092,318.72,3180.2,32137.0,253,114.91,
108,2,1097,319.78,2647.9,31607.8,255,114.02,
108,2,1098,319.78,2649.2,31608.3,253,114.92,
108,2,1099,319.78,2650.4,31607.4,254,114.45,
108,2,1096,319.25,3176.4,32133.4,253,114.91,
108,2,1100,320.31,2648.4,31598.3,254,114.43,
108,2,1101,320.31,2649.3,31597.7,253,114.87,
108,2,1102,320.31,2649.4,31598.2,253,114.88,
108,2,1103,320.31,2650.8,31598.4,256,113.52,
108,2,1104,320.84,2641.4,31603.2,252,115.39,
108,2,1105,320.84,2640.3,31603.1,254,114.48,
108,2,1106,320.84,2640.1,31602.9,255,114.03,
108,2,1108,321.37,2642.3,31605.8,254,114.48,
108,2,1109,321.37,2641.4,31604.3,253,114.93,
108,2,1110,321.37,2640.5,31603.6,248,117.26,
108,2,1107,320.84,3169.0,32132.0,254,114.48,
108,2,1112,321.90,2641.0,31603.0,256,113.58,
108,2,1113,321.90,2640.2,31602.4,255,114.02,
108,2,1111,321.37,3169.4,32131.8,252,115.39,
108,2,1114,321.90,2639.7,31602.2,254,114.48,
108,2,1116,322.43,2641.5,31601.9,255,114.02,
108,2,1117,322.43,2640.4,31599.7,253,114.92,
108,2,1118,322.43,2639.4,31599.1,254,114.46,
108,2,1115,321.90,3169.0,32128.6,249,116.77,
108,2,1120,322.95,2639.8,31601.5,254,114.47,
108,2,1121,322.96,2638.0,31599.9,254,114.47,
108,2,1122,322.96,2637.1,31599.2,251,115.85,
108,2,1119,322.43,3164.9,32126.0,256,113.57,
108,2,1124,323.48,2647.4,31605.7,254,114.46,
108,2,1125,323.48,2646.9,31605.6,251,115.83,
108,2,1126,323.48,2646.5,31605.7,253,114.92,
108,2,1123,322.96,3168.2,32127.6,253,114.92,
108,2,1128,324.01,2642.7,31605.7,250,116.32,
108,2,1129,324.01,2642.2,31605.7,254,114.48,
108,2,1130,324.01,2642.2,31605.5,255,114.03,
108,2,1127,323.48,3171.6,32135.0,252,115.39,
108,2,1132,324.54,2645.5,31604.9,252,115.38,
108,2,1133,324.54,2646.9,31604.8,251,115.83,
108,2,1134,324.54,2647.1,31604.8,254,114.46,
108,2,1131,324.01,3177.4,32134.1,256,113.56,
108,2,1136,325.07,2644.3,31601.3,254,114.45,
108,2,1137,325.07,2644.5,31603.3,254,114.46,
108,2,1138,325.07,2646.8,31605.6,255,114.01,
108,2,1135,324.54,3177.3,32137.1,254,114.47,
108,2,1139,325.59,2645.8,31599.4,253,114.90,
108,2,1140,325.60,2648.4,31599.4,253,114.89,
108,2,1141,325.60,2648.1,31599.4,253,114.89,
108,2,1142,325.60,2647.9,31599.4,251,115.81,
108,2,1143,326.12,2642.6,31603.2,254,114.47,
108,2,1144,326.12,2642.8,31603.0,252,115.38,
108,2,1145,326.13,2640.7,31600.6,252,115.38,
108,2,1147,326.65,2642.6,31596.0,254,114.44,
108,2,1148,326.65,2643.6,31595.9,254,114.44,
108,2,1149,326.65,2643.6,31595.9,255,113.99,
108,2,1146,326.13,3171.0,32121.0,254,114.43,
108,2,1151,327.18,2643.3,31594.5,253,114.89,
108,2,1152,327.19,2642.9,31594.1,253,114.89,
108,2,1153,327.19,2642.6,31594.0,253,114.89,
108,2,1150,326.65,3177.8,32127.6,255,113.98,
108,2,1155,327.71,2640.7,31591.7,254,114.43,
108,2,1156,327.72,2640.3,31591.5,253,112.80,
108,2,1157,327.72,2640.1,31591.4,256,113.53,
108,2,1154,327.19,3168.9,32119.2,249,116.74,
108,2,1159,328.24,2645.4,31596.8,254,114.43,
108,2,1160,328.24,2645.0,31596.7,254,114.43,
108,2,1161,328.24,2644.9,31596.2,255,113.98,
108,2,1158,327.72,3171.6,32120.1,254,114.42,
108,2,1163,328.76,2644.4,31596.4,252,115.35,
108,2,1164,328.77,2644.1,31596.6,254,114.44,
108,2,1165,328.77,2642.6,31597.8,254,114.45,
108,2,1162,328.24,3168.6,32124.9,255,114.00,
113,0,734,206.98,3177.1,33264.3,254,118.92,
113,0,731,206.47,3695.7,33781.3,253,119.39,
113,0,732,206.47,3699.1,33781.7,252,119.85,
113,0,733,206.47,3700.8,33781.8,256,117.96,
113,0,738,207.52,3172.6,33269.2,250,120.87,
113,0,735,206.98,3704.6,33802.1,254,118.96,
113,0,736,206.99,3704.5,33803.0,255,118.50,
113,0,737,206.99,3705.0,33806.6,250,120.89,
113,0,742,208.04,3178.1,33267.4,253,119.40,
113,0,739,207.52,3703.2,33793.5,253,119.41,
113,0,740,207.52,3703.0,33793.5,256,118.00,
113,0,741,207.52,3703.0,33793.2,255,118.47,
113,0,746,208.57,3174.5,33263.0,254,118.93,
113,0,743,208.04,3706.3,33794.4,255,118.46,
113,0,744,208.04,3707.3,33794.6,253,119.39,
113,0,745,208.04,3708.7,33794.3,255,118.45,
113,0,750,209.10,3170.8,33257.5,252,119.87,
113,0,747,208.57,3701.6,33789.0,256,117.99,
113,0,748,208.58,3701.4,33788.7,254,118.92,
113,0,749,208.58,3701.2,33789.1,251,120.35,
113,0,754,209.63,3171.7,33260.7,253,119.40,
113,0,751,209.11,3700.1,33790.1,256,118.00,
113,0,752,209.11,3699.9,33790.2,254,118.93,
113,0,753,209.11,3699.8,33791.6,253,119.41,
113,0,757,210.16,3172.8,33258.2,253,119.39,
113,0,755,209.64,3698.7,33783.8,255,118.45,
113,0,756,209.64,3695.7,33781.4,255,118.45,
113,0,761,210.69,3178.4,33262.2,251,120.34,
113,0,758,210.16,3705.3,33789.4,255,118.44,
113,0,759,210.16,3703.7,33787.4,254,118.91,
113,0,760,210.17,3701.3,33785.6,254,118.91,
113,0,762,210.69,3703.8,33786.4,255,118.44,
113,0,763,210.69,3703.8,34845.1,254,123.09,
113,0,764,210.69,3703.6,37263.2,254,132.65,
113,0,765,211.22,3173.1,37729.2,253,137.13,
113,0,766,212.28,2240.1,37542.0,255,138.98,
113,0,767,214.99,315.9,36031.2,254,141.17,
113,0,768,215.78,317.6,37011.2,254,145.03,
113,0,769,216.57,317.6,37512.3,256,145.86,
113,0,770,218.12,326.8,38112.1,254,149.35,
113,0,771,219.61,324.6,38986.0,254,152.81,
113,0,772,220.77,320.7,39351.7,254,154.27,
113,0,773,222.00,322.6,39651.3,254,155.45,
113,0,774,224.43,319.7,40046.2,253,157.64,
113,0,778,231.70,2719.1,33289.0,253,121.31,
113,0,777,230.24,4188.4,34758.3,255,120.35,
113,0,775,226.56,7867.2,38437.5,254,120.83,
113,0,776,228.29,6134.0,36704.6,253,121.31,
113,0,779,231.70,3256.7,33355.8,253,119.44,
113,0,782,231.77,3190.3,33289.8,253,119.44,
113,0,780,231.70,3256.2,33356.1,249,121.37,
113,0,781,231.71,3256.7,33356.0,253,119.44,
113,0,783,231.77,3713.3,33817.5,256,118.06,
113,0,784,231.77,3713.9,33818.4,250,120.90,
113,0,786,232.30,3190.1,33294.9,253,119.46,
113,0,785,231.77,3713.7,33818.8,252,119.94,
113,0,789,232.83,3188.4,33297.0,254,119.01,
113,0,787,232.30,3718.3,33827.1,249,121.41,
113,0,788,232.30,3717.7,33826.8,253,119.48,
113,0,793,233.36,3187.9,33293.9,253,119.47,
113,0,790,232.83,3721.0,33827.1,253,119.47,
113,0,791,232.83,3720.4,33826.9,254,119.00,
113,0,792,232.83,3718.4,33825.1,255,118.53,
113,0,797,233.89,3185.0,33296.8,254,119.02,
113,0,794,233.36,3710.5,33822.0,253,119.49,
113,0,795,233.37,3709.5,33821.4,254,119.02,
113,0,796,233.37,3708.6,33820.1,254,119.02,
113,0,801,234.42,3184.0,33294.2,251,120.44,
113,0,798,233.89,3720.7,33828.5,253,119.48,
113,0,799,233.89,3721.9,33828.8,250,120.91,
113,0,800,233.89,3722.5,33828.5,253,119.47,
113,0,805,234.96,3175.7,33287.8,255,118.55,
113,0,802,234.42,3714.5,33825.7,254,119.02,
113,0,803,234.42,3715.3,33825.6,249,121.41,
113,0,804,234.43,3717.1,33825.0,255,118.53,
113,0,809,235.48,3177.9,33290.4,253,119.49,
113,0,806,234.96,3701.8,33814.3,254,119.02,
113,0,807,234.96,3701.6,33814.2,253,119.49,
113,0,808,234.96,3701.9,33814.2,252,119.97,
113,0,813,236.02,3175.1,33291.3,254,119.04,
113,0,810,235.49,3705.8,33821.4,254,119.03,
113,0,811,235.49,3706.4,33821.7,256,118.10,
113,0,812,235.49,3706.4,33821.6,254,119.03,
113,0,817,236.55,3170.8,33283.4,254,119.02,
113,0,814,236.02,3703.9,33817.4,256,118.09,
113,0,815,236.02,3704.5,33816.8,255,118.55,
113,0,816,236.02,3704.7,33816.7,255,118.55,
113,0,821,237.07,3175.1,33293.7,254,119.05,
113,0,818,236.55,3698.0,33817.0,256,118.11,
113,0,819,236.55,3698.7,33817.3,255,118.58,
113,0,820,236.55,3698.5,33817.3,255,118.58,
113,0,825,237.61,3177.2,33285.6,255,118.54,
113,0,822,237.07,3712.1,33819.1,254,119.00,
113,0,823,237.08,3715.4,33819.4,252,119.94,
113,0,824,237.08,3715.6,33819.0,249,121.38,
113,0,829,238.14,3172.2,33284.9,250,120.93,
113,0,826,237.61,3701.4,33813.3,255,118.55,
113,0,827,237.61,3700.5,33812.6,255,118.55,
113,0,828,237.61,3699.9,33811.9,253,119.49,
113,0,832,238.66,3173.1,33288.9,253,119.51,
113,0,830,238.14,3697.8,33812.5,253,119.50,
113,0,831,238.14,3696.4,33810.9,256,118.10,
113,0,836,239.19,3170.8,33289.2,252,119.99,
113,0,833,238.66,3699.0,33818.2,253,119.52,
113,0,834,238.67,3698.9,33817.8,255,118.58,
113,0,835,238.67,3698.7,33817.8,255,118.58,
113,0,840,239.72,3174.1,33288.3,253,119.50,
113,0,837,239.19,3703.9,33817.0,256,118.09,
113,0,838,239.19,3704.4,33817.3,254,119.02,
113,0,839,239.19,3704.7,33816.8,255,118.55,
113,0,844,240.25,3171.9,33289.7,254,119.04,
113,0,841,239.72,3699.4,33818.5,255,118.58,
113,0,842,239.72,3698.7,33821.4,254,119.06,
113,0,843,239.72,3698.5,33822.4,253,119.54,
113,0,848,240.78,3165.6,33280.3,254,119.03,
113,0,845,240.25,3703.6,33818.0,253,119.50,
113,0,846,240.25,3703.1,33817.5,252,119.98,
113,0,847,240.25,3703.0,33817.4,254,119.03,
113,0,852,241.31,3166.0,33286.4,252,120.00,
113,0,849,240.79,3688.9,33809.5,254,119.05,
113,0,850,240.79,3688.2,33808.5,253,119.53,
113,0,851,240.79,3684.5,33805.2,255,118.59,
113,0,856,241.84,3165.6,33288.7,254,119.06,
113,0,853,241.31,3691.8,33815.2,254,119.06,
113,0,854,241.31,3691.6,33815.1,250,120.98,
113,0,855,241.31,3691.2,33815.4,253,119.54,
113,0,860,242.36,3169.7,33287.1,252,119.99,
113,0,857,241.84,3696.2,33813.3,254,119.04,
113,0,858,241.84,3697.1,33812.3,254,119.03,
113,0,859,241.84,3699.4,33812.5,256,118.09,
113,0,864,242.89,3168.8,33282.1,253,119.50,
113,0,861,242.36,3700.9,33813.8,254,119.02,
113,0,862,242.36,3704.1,33813.9,251,120.44,
113,0,863,242.37,3704.0,33813.6,254,119.01,
113,0,868,243.42,3174.0,33286.2,252,119.97,
113,0,865,242.90,3699.2,33811.4,255,118.55,
113,0,866,242.90,3698.8,33811.2,253,119.49,
113,0,867,242.90,3697.3,33809.9,256,118.09,
113,0,871,243.95,3175.2,33278.7,254,118.99,
113,0,869,243.42,3709.4,33810.8,254,118.98,
113,0,870,243.42,3711.5,33810.7,254,118.97,
113,0,872,243.95,3701.8,33806.6,256,118.06,
113,0,873,243.95,3703.5,36967.7,254,131.48,
113,0,874,243.95,3704.2,37756.0,248,137.86,
113,0,875,244.48,3178.1,37823.3,254,136.94,
113,0,876,245.54,2215.8,37554.9,255,139.13,
113,0,877,247.95,318.2,36136.1,254,141.57,
113,0,878,248.95,319.6,37039.6,253,145.71,
113,0,879,249.82,318.4,37603.7,252,148.55,
113,0,880,251.02,320.3,38399.1,253,151.11,
113,0,881,252.79,322.5,39001.6,253,153.49,
113,0,882,254.08,324.9,39509.7,253,155.49,
113,0,883,256.23,326.5,40171.7,254,157.49,
113,0,884,258.60,8589.4,39409.2,255,121.34,
113,0,888,264.99,2724.2,33082.9,252,120.95,
113,0,886,261.65,6065.5,36425.4,255,119.53,
113,0,885,260.12,7595.2,37954.8,254,120.00,
113,0,887,264.47,3245.2,33604.9,256,119.06,
113,0,892,265.06,3188.9,33262.3,254,118.87,
113,0,889,265.00,3255.2,33329.1,256,117.94,
113,0,890,265.00,3254.6,33329.0,253,119.34,
113,0,891,265.00,3254.4,33329.0,250,120.78,
113,0,893,265.06,3714.8,33793.1,256,117.95,
113,0,896,265.59,3186.0,33264.7,252,119.84,
113,0,894,265.06,3714.6,33793.5,256,117.96,
113,0,895,265.06,3714.9,33793.7,254,118.89,
113,0,900,266.13,3182.4,33265.3,253,119.38,
113,0,897,265.59,3717.0,33800.3,255,118.44,
113,0,898,265.59,3716.7,33800.2,254,118.91,
113,0,899,265.59,3716.4,33800.1,255,118.44,
113,0,903,266.65,3177.5,33265.0,254,118.92,
113,0,901,266.13,3707.9,33795.2,254,118.92,
113,0,902,266.13,3707.5,33795.1,254,118.92,
113,0,907,267.18,3181.9,33267.5,252,119.86,
113,0,904,266.66,3711.2,33796.5,253,119.39,
113,0,905,266.66,3710.9,33796.4,255,118.45,
113,0,906,266.66,3710.7,33796.4,255,118.45,
113,0,911,267.72,3175.6,33263.1,254,118.92,
113,0,908,267.19,3707.5,33795.3,255,118.46,
113,0,909,267.19,3707.2,33795.3,254,118.93,
113,0,910,267.19,3707.4,33795.3,256,117.99,
113,0,915,268.25,3172.9,33260.9,256,117.99,
113,0,912,267.72,3705.3,33793.2,254,118.92,
113,0,913,267.72,3704.9,33793.0,253,119.40,
113,0,914,267.72,3704.7,33793.0,254,118.93,
113,0,919,268.77,3176.8,33261.1,256,117.98,
113,0,916,268.25,3702.9,33788.3,252,119.86,
113,0,917,268.25,3702.7,33788.4,254,118.92,
113,0,918,268.25,3702.8,33788.6,252,119.86,
113,0,923,269.31,3173.3,33262.6,256,118.00,
113,0,920,268.78,3705.0,33794.9,254,118.93,
113,0,921,268.78,3705.3,33795.0,254,118.93,
113,0,922,268.78,3705.5,33795.0,252,119.88,
113,0,927,269.83,3175.8,33266.7,254,118.94,
113,0,924,269.31,3701.3,33793.8,256,118.01,
113,0,925,269.31,3701.5,33794.9,251,120.37,
113,0,926,269.31,3701.6,33796.3,253,119.42,
113,0,931,270.37,3171.5,33258.5,254,118.92,
113,0,928,269.83,3705.2,33792.4,256,117.99,
113,0,929,269.83,3708.7,33794.5,256,117.98,
113,0,930,269.84,3710.9,33796.0,255,118.44,
113,0,935,270.89,3172.9,33260.7,255,118.46,
113,0,932,270.37,3699.0,33786.8,253,119.40,
113,0,933,270.37,3698.9,33786.5,254,118.92,
113,0,934,270.37,3698.7,33786.5,255,118.46,
113,0,939,271.42,3173.8,33261.0,255,118.45,
113,0,936,270.89,3703.0,33790.4,255,118.45,
113,0,937,270.89,3703.2,33790.0,251,120.35,
113,0,938,270.90,3703.0,33790.0,255,118.45,
113,0,940,271.42,3703.2,33791.8,256,117.99,
113,0,941,271.42,3703.4,33792.8,254,118.93,
113,0,942,271.42,3703.4,33793.9,255,118.47,
113,0,943,271.95,3697.3,33785.4,253,119.40,
113,0,946,272.48,3168.6,33256.9,254,118.93,
113,0,944,271.95,3697.5,33786.1,255,118.46,
113,0,945,271.95,3697.8,33786.2,255,118.46,
113,0,950,273.01,3167.7,33257.3,254,118.93,
113,0,947,272.48,3695.3,33785.5,253,119.41,
113,0,948,272.48,3695.1,33785.5,251,120.36,
113,0,949,272.48,3694.9,33785.5,256,118.00,
113,0,954,273.54,3168.8,33253.2,253,119.38,
113,0,951,273.01,3697.5,33782.5,252,119.86,
113,0,952,273.01,3697.3,33782.2,253,119.38,
113,0,953,273.01,3697.3,33782.2,253,119.38,
113,0,958,274.07,3164.5,33257.3,255,118.48,
113,0,955,273.54,3691.6,33784.6,253,119.42,
113,0,956,273.54,3688.0,33784.5,254,118.96,
113,0,957,273.55,3686.8,33784.5,254,118.96,
113,0,962,274.59,3162.3,33254.0,254,118.94,
113,0,959,274.07,3692.3,33784.1,254,118.94,
113,0,960,274.07,3692.0,33784.0,254,118.94,
113,0,961,274.07,3691.7,33784.0,255,118.47,
113,0,966,275.12,3165.2,33254.4,254,118.93,
113,0,963,274.60,3693.8,33783.6,256,118.00,
113,0,964,274.60,3693.6,33783.6,252,119.88,
113,0,965,274.60,3693.4,33783.6,253,119.41,
113,0,970,275.65,3169.2,33258.2,254,118.93,
113,0,967,275.13,3693.0,33782.9,256,118.00,
113,0,968,275.13,3692.7,33783.0,254,118.93,
113,0,969,275.13,3692.5,33782.6,254,118.93,
113,0,974,276.18,3170.4,33254.8,256,117.98,
113,0,971,275.65,3697.0,33781.5,253,119.38,
113,0,972,275.65,3697.4,33782.3,254,118.91,
113,0,973,275.65,3696.9,33782.1,255,118.45,
113,0,978,276.71,3168.9,33249.1,255,118.43,
113,0,975,276.18,3698.0,33779.3,256,117.97,
113,0,976,276.18,3698.1,33779.3,254,118.90,
113,0,977,276.18,3697.9,33779.4,256,117.97,
113,0,979,276.71,3700.9,33772.9,255,118.39,
113,0,980,276.71,3700.6,33773.1,253,119.33,
113,0,981,276.71,3700.5,33772.9,254,118.86,
113,0,982,277.23,3614.6,34303.0,249,123.74,
113,0,983,277.23,3614.2,37126.8,255,131.94,
113,0,984,277.23,3613.4,37851.9,254,135.33,
113,0,985,277.76,3086.4,38388.6,255,138.98,
113,0,986,280.92,316.7,36028.5,250,143.42,
113,0,987,281.71,319.7,36587.1,256,142.23,
113,0,988,282.30,316.0,37006.4,256,143.88,
113,0,989,283.09,318.2,37707.1,255,147.20,
113,0,990,284.09,317.4,38358.6,255,149.77,
113,0,991,285.99,320.9,38964.8,255,152.14,
113,0,992,287.42,321.3,39379.2,254,154.38,
113,0,993,289.42,325.8,40054.1,254,157.03,
113,0,994,291.79,8660.1,39415.5,254,121.56,
113,0,998,298.08,2904.5,33200.1,256,118.81,
113,0,995,293.59,7387.3,37683.7,252,120.70,
113,0,996,296.40,4582.1,34878.6,253,120.22,
113,0,997,298.01,2975.6,33273.8,250,121.68,
113,0,1002,298.32,3187.2,33210.8,255,118.20,
113,0,999,298.08,3433.4,33456.6,254,118.67,
113,0,1000,298.08,3433.5,33456.5,249,121.06,
113,0,1001,298.08,3433.3,33456.6,253,119.14,
113,0,1006,298.85,3182.6,33206.5,253,119.14,
113,0,1003,298.33,3714.6,33737.6,255,118.20,
113,0,1004,298.33,3714.2,33737.5,255,118.20,
113,0,1005,298.33,3714.0,33737.4,255,118.20,
113,0,1007,298.85,3716.0,33740.9,255,118.21,
113,0,1008,298.85,3715.7,33740.9,249,121.07,
113,0,1010,299.39,3179.7,33205.5,250,120.59,
113,0,1009,298.86,3716.3,33740.9,253,119.15,
113,0,1011,299.39,3710.1,33734.4,254,118.67,
113,0,1012,299.39,3710.0,33734.5,254,118.67,
113,0,1013,299.39,3710.0,33734.5,252,119.62,
113,0,1017,300.45,3172.5,33205.8,255,118.24,
113,0,1014,299.92,3704.4,33738.4,252,119.66,
113,0,1015,299.92,3708.3,33737.9,253,119.17,
113,0,1016,299.92,3708.2,33737.9,254,118.69,
113,0,1021,300.98,3173.2,33212.5,256,117.80,
113,0,1018,300.45,3701.2,33740.1,255,118.26,
113,0,1019,300.45,3700.9,33740.1,252,119.68,
113,0,1020,300.46,3700.7,33740.1,255,118.27,
113,0,1025,301.51,3173.1,33212.6,252,119.68,
113,0,1022,300.98,3702.7,33741.9,255,118.26,
113,0,1023,300.98,3702.2,33741.8,254,118.73,
113,0,1024,300.98,3702.0,33741.4,252,119.68,
113,0,1029,302.04,3175.1,33215.9,254,118.74,
113,0,1026,301.51,3704.2,33743.1,251,120.16,
113,0,1027,301.51,3706.0,33743.1,254,118.72,
113,0,1028,301.51,3707.4,33743.2,256,117.79,
113,0,1033,302.57,3167.6,33212.0,253,119.22,
113,0,1030,302.04,3700.7,33745.5,256,117.82,
113,0,1031,302.04,3700.4,33745.6,252,119.70,
113,0,1032,302.04,3700.4,33745.5,253,119.23,
113,0,1037,303.10,3166.4,33211.2,255,118.29,
113,0,1034,302.57,3695.6,33740.6,254,118.75,
113,0,1035,302.57,3695.4,33740.7,254,118.76,
113,0,1036,302.57,3696.0,33740.7,255,118.29,
113,0,1041,303.62,3165.7,33209.0,255,118.28,
113,0,1038,303.10,3689.9,33733.8,256,117.82,
113,0,1039,303.10,3688.8,33732.4,254,118.75,
113,0,1040,303.11,3687.6,33731.3,254,118.75,
113,0,1045,304.15,3168.6,33217.9,255,118.30,
113,0,1042,303.63,3697.3,33745.4,256,117.84,
113,0,1043,303.63,3698.7,33743.7,251,120.18,
113,0,1044,303.63,3699.4,33742.3,255,118.28,
113,0,1049,304.68,3166.9,33214.0,252,119.71,
113,0,1046,304.15,3696.3,33743.2,250,120.67,
113,0,1047,304.16,3696.4,33743.8,251,120.19,
113,0,1048,304.16,3696.2,33743.8,254,118.77,
113,0,1050,304.68,3696.2,33740.3,256,117.82,
113,0,1053,305.21,3165.8,33210.3,255,118.29,
113,0,1051,304.68,3696.9,33741.1,256,117.82,
113,0,1052,304.69,3696.6,33741.1,254,118.75,
113,0,1056,305.74,3170.0,33212.5,250,120.65,
113,0,1054,305.22,3693.1,33736.5,250,120.66,
113,0,1055,305.22,3692.1,33736.1,254,118.75,
113,0,1057,305.74,3693.2,33738.2,256,117.82,
113,0,1060,306.27,3165.2,33210.1,255,118.29,
113,0,1058,305.74,3693.7,33738.4,253,119.22,
113,0,1059,305.74,3694.0,33738.3,251,120.18,
113,0,1064,306.79,3164.1,33212.0,253,119.24,
113,0,1061,306.27,3688.4,33736.8,254,118.77,
113,0,1062,306.27,3688.7,33736.3,253,119.24,
113,0,1063,306.27,3688.5,33736.3,252,119.71,
113,0,1068,307.32,3155.9,33205.8,256,117.84,
113,0,1065,306.79,3688.2,33737.4,254,118.77,
113,0,1066,306.79,3688.0,33737.7,253,119.24,
113,0,1067,306.79,3688.0,33737.7,253,117.16,
113,0,1072,307.85,3154.5,33209.5,254,118.79,
113,0,1069,307.32,3680.4,33736.2,256,117.87,
113,0,1070,307.33,3676.9,33732.6,256,117.87,
113,0,1071,307.33,3676.0,33731.7,254,118.80,
113,0,1076,308.38,3153.9,33210.8,254,118.80,
113,0,1073,307.85,3683.7,33740.3,249,121.20,
113,0,1074,307.85,3683.2,33740.4,256,117.87,
113,0,1075,307.85,3683.3,33740.4,254,118.80,
113,0,1080,308.91,3152.6,33210.1,252,119.75,
113,0,1077,308.38,3680.5,33738.1,253,119.28,
113,0,1078,308.38,3680.3,33738.1,254,118.81,
113,0,1079,308.38,3680.1,33738.1,252,119.75,
113,0,1084,309.43,3159.9,33208.3,255,118.30,
113,0,1081,308.91,3682.9,33731.0,254,118.77,
113,0,1082,308.91,3682.6,33731.7,253,119.24,
113,0,1083,308.91,3682.4,33731.7,255,118.30,
113,0,1088,309.95,3168.1,33216.4,254,118.77,
113,0,1085,309.43,3692.6,33740.6,252,119.71,
113,0,1086,309.43,3691.6,33740.5,254,118.77,
113,0,1087,309.43,3691.9,33740.5,252,119.72,
113,0,1089,309.96,3696.3,33747.2,252,119.72,
113,0,1090,309.96,3696.3,33747.0,254,118.78,
113,0,1091,309.96,3696.1,33747.3,252,119.73,
113,0,1092,310.48,3172.9,33753.4,253,121.35,
113,0,1093,310.48,3608.4,37097.0,255,131.85,
113,0,1094,310.48,3608.5,37688.2,255,134.17,
113,0,1095,311.53,2555.2,37764.8,253,139.72,
113,0,1096,314.36,319.6,36010.4,254,141.07,
113,0,1097,315.08,317.6,36563.9,252,144.41,
113,0,1098,316.15,318.9,36993.9,253,145.54,
113,0,1099,316.95,319.0,37698.2,254,147.74,
113,0,1100,318.30,320.2,38281.9,252,151.24,
113,0,1101,319.31,321.2,38933.1,256,151.42,
113,0,1102,320.80,325.9,39245.6,253,154.44,
113,1,739,206.67,3682.9,33753.3,256,117.92,
113,1,742,207.20,3159.0,33229.2,256,117.92,
113,1,740,206.68,3682.9,33753.7,253,119.33,
113,1,741,206.68,3682.6,33753.7,252,119.80,
113,1,746,207.73,3155.3,33221.4,253,119.31,
113,1,743,207.20,3685.1,33752.5,253,119.32,
113,1,744,207.20,3684.6,33752.5,255,118.38,
113,1,745,207.20,3684.7,33752.6,253,119.32,
113,1,750,208.25,3154.7,33222.7,248,121.73,
113,1,747,207.73,3680.8,33749.0,254,118.85,
113,1,748,207.73,3679.9,33748.7,253,119.32,
113,1,749,207.73,3678.5,33747.2,254,118.85,
113,1,754,208.78,3151.3,33221.5,252,119.80,
113,1,751,208.26,3681.2,33752.8,255,118.39,
113,1,752,208.26,3681.5,33755.5,255,118.40,
113,1,753,208.26,3681.2,33756.2,249,121.27,
113,1,757,209.31,3162.3,33229.4,251,120.27,
113,1,755,208.79,3682.6,33752.7,254,118.85,
113,1,756,208.79,3682.3,33753.2,254,118.86,
113,1,761,209.84,3162.4,33220.7,253,119.28,
113,1,758,209.31,3698.6,33758.2,253,119.28,
113,1,759,209.31,3698.5,33758.9,255,118.35,
113,1,760,209.31,3698.4,33760.9,254,118.82,
113,1,762,209.84,3689.7,33745.8,252,119.75,
113,1,763,209.85,3690.2,34797.2,252,123.93,
113,1,764,209.85,3690.0,37209.7,254,132.49,
113,1,765,210.36,3176.9,37693.9,251,138.07,
113,1,766,211.41,2247.6,37502.9,251,141.02,
113,1,767,214.13,318.2,35981.2,253,141.52,
113,1,768,214.93,316.8,36953.2,252,145.96,
113,1,769,215.72,320.0,37451.0,253,147.35,
113,1,770,217.27,315.9,38033.8,254,149.08,
113,1,771,218.76,319.6,38899.5,254,152.49,
113,1,772,219.91,319.5,39282.8,254,154.01,
113,1,773,221.13,326.5,39580.3,255,154.54,
113,1,774,223.56,323.5,39967.9,254,156.70,
113,1,778,230.82,2728.0,33226.2,253,121.02,
113,1,777,229.36,4194.9,34693.6,256,119.60,
113,1,776,227.42,6138.2,36638.6,255,120.08,
113,1,775,225.69,7864.8,38368.6,256,119.62,
113,1,782,230.88,3196.9,33229.8,252,119.65,
113,1,779,230.82,3257.5,33291.2,254,118.71,
113,1,780,230.83,3257.9,33292.0,254,118.71,
113,1,781,230.83,3258.3,33294.3,250,120.63,
113,1,783,230.89,3728.3,33760.3,253,119.17,
113,1,786,231.42,3195.7,33227.2,254,118.70,
113,1,784,230.89,3728.9,33760.8,255,118.24,
113,1,785,230.89,3729.5,33760.8,250,120.61,
113,1,789,231.95,3188.5,33220.1,254,118.70,
113,1,787,231.42,3725.2,33755.8,256,117.77,
113,1,788,231.42,3725.3,33755.8,252,119.64,
113,1,793,232.48,3191.1,33219.8,254,118.69,
113,1,790,231.96,3721.4,33750.4,255,118.22,
113,1,791,231.96,3721.1,33750.3,253,119.16,
113,1,792,231.96,3721.0,33749.8,254,118.69,
113,1,797,233.02,3188.2,33220.9,254,118.71,
113,1,794,232.49,3720.7,33753.7,255,118.24,
113,1,795,232.49,3720.1,33753.5,252,119.65,
113,1,796,232.49,3717.8,33750.5,254,118.71,
113,1,801,233.55,3185.8,33218.0,255,118.24,
113,1,798,233.02,3717.0,33749.3,254,118.70,
113,1,799,233.02,3716.5,33748.7,255,118.24,
113,1,800,233.02,3715.7,33748.2,252,119.65,
113,1,805,234.08,3178.8,33216.0,254,118.72,
113,1,802,233.55,3709.4,33746.3,253,115.00,
113,1,803,233.55,3709.2,33746.1,255,118.26,
113,1,804,233.55,3709.3,33746.1,253,119.19,
113,1,809,234.61,3175.8,33212.1,254,118.72,
113,1,806,234.08,3708.9,33744.9,255,118.25,
113,1,807,234.08,3709.5,33744.0,254,118.71,
113,1,808,234.08,3711.7,33744.2,253,119.18,
113,1,813,235.14,3172.4,33215.3,256,117.82,
113,1,810,234.62,3701.9,33744.4,252,119.69,
113,1,811,234.62,3702.1,33744.8,253,119.22,
113,1,812,234.62,3701.8,33744.7,250,120.65,
113,1,817,235.68,3171.6,33210.6,254,118.73,
113,1,814,235.14,3704.3,33743.1,254,118.73,
113,1,815,235.15,3704.0,33743.1,256,117.80,
113,1,816,235.15,3704.6,33743.0,255,118.26,
113,1,821,236.21,3169.8,33202.7,254,118.71,
113,1,818,235.68,3700.4,33733.8,253,119.18,
113,1,819,235.68,3700.1,33733.9,252,119.66,
113,1,820,235.68,3700.0,33733.9,253,119.18,
113,1,825,236.74,3164.4,33199.6,250,120.62,
113,1,822,236.21,3694.4,33729.3,254,118.72,
113,1,823,236.21,3693.7,33729.4,253,119.19,
113,1,824,236.21,3693.9,33729.5,256,117.79,
113,1,829,237.26,3166.1,33199.6,254,118.71,
113,1,826,236.74,3690.6,33723.6,254,118.71,
113,1,827,236.74,3691.0,33724.0,254,118.71,
113,1,828,236.74,3690.7,33723.7,252,119.65,
113,1,832,237.79,3161.3,33204.2,254,118.75,
113,1,830,237.26,3690.5,33732.5,253,119.21,
113,1,831,237.26,3690.3,33732.5,252,119.69,
113,1,836,238.32,3162.9,33206.3,254,118.75,
113,1,833,237.79,3689.2,33732.9,255,118.28,
113,1,834,237.79,3686.3,33729.8,254,118.75,
113,1,835,237.80,3683.9,33727.4,252,119.70,
113,1,840,238.85,3160.1,33209.7,252,119.72,
113,1,837,238.32,3692.6,33742.5,253,119.25,
113,1,838,238.32,3693.6,33742.0,252,119.71,
113,1,839,238.32,3694.0,33741.9,253,119.24,
113,1,844,239.38,3159.0,33204.2,253,119.23,
113,1,841,238.85,3688.2,33732.1,253,119.22,
113,1,842,238.85,3689.2,33732.9,252,119.70,
113,1,843,238.85,3688.8,33732.5,249,121.14,
113,1,848,239.90,3163.1,33204.3,254,118.74,
113,1,845,239.38,3687.8,33728.9,250,120.65,
113,1,846,239.38,3690.5,33730.9,255,118.27,
113,1,847,239.38,3690.7,33731.8,255,118.27,
113,1,852,240.43,3161.7,33205.3,252,119.70,
113,1,849,239.90,3688.4,33731.5,253,119.22,
113,1,850,239.90,3690.2,33731.5,251,120.16,
113,1,851,239.90,3690.5,33731.7,254,118.74,
113,1,853,240.43,3684.6,33731.7,254,118.76,
113,1,856,240.95,3161.7,33209.2,253,119.24,
113,1,854,240.43,3685.5,33733.4,254,118.77,
113,1,855,240.43,3685.2,33733.5,252,119.71,
113,1,860,241.48,3162.8,33203.0,255,118.27,
113,1,857,240.95,3689.7,33731.0,255,118.27,
113,1,858,240.95,3689.2,33731.5,255,118.28,
113,1,859,240.95,3689.4,33732.8,253,119.22,
113,1,864,242.01,3158.7,33199.6,254,118.74,
113,1,861,241.48,3687.7,33730.1,250,120.65,
113,1,862,241.48,3687.2,33730.4,255,118.28,
113,1,863,241.48,3686.8,33731.9,253,119.23,
113,1,868,242.54,3159.7,33200.2,254,118.74,
113,1,865,242.01,3687.1,33728.4,254,118.74,
113,1,866,242.01,3684.7,33728.4,256,117.82,
113,1,867,242.01,3683.9,33728.4,254,118.75,
113,1,871,243.06,3161.6,33201.4,250,120.64,
113,1,869,242.54,3686.8,33726.7,256,117.80,
113,1,870,242.54,3686.0,33726.2,255,118.27,
113,1,872,243.07,3690.2,33728.9,255,118.26,
113,1,873,243.07,3689.5,36879.4,254,131.19,
113,1,874,243.07,3687.4,37664.9,256,133.25,
113,1,875,243.59,3166.2,37733.6,253,137.17,
113,1,876,244.64,2210.6,37472.5,254,139.37,
113,1,877,247.06,314.4,36071.8,256,140.23,
113,1,878,248.05,319.5,36967.2,254,144.85,
113,1,879,248.91,314.9,37529.8,253,147.68,
113,1,880,250.11,321.6,38331.1,254,150.24,
113,1,881,251.88,320.6,38929.0,255,152.00,
113,1,882,253.17,321.7,39438.0,256,153.40,
113,1,883,255.30,327.2,40119.6,254,157.28,
113,1,884,257.66,8582.4,39359.0,254,121.65,
113,1,888,264.05,2720.1,33035.1,254,119.82,
113,1,886,260.71,6060.7,36376.1,256,118.88,
113,1,887,263.53,3242.5,33557.4,256,118.88,
113,1,885,259.19,7583.8,37899.2,253,120.30,
113,1,892,264.11,3183.4,33223.3,254,118.73,
113,1,889,264.05,3247.5,33289.1,256,117.81,
113,1,890,264.05,3245.5,33290.2,250,120.66,
113,1,891,264.06,3242.3,33290.6,254,118.77,
113,1,896,264.65,3180.2,33220.5,252,119.68,
113,1,893,264.12,3711.1,33751.1,254,118.74,
113,1,894,264.12,3709.9,33750.1,255,118.27,
113,1,895,264.12,3708.1,33748.0,253,119.21,
113,1,900,265.17,3183.7,33222.2,254,118.73,
113,1,897,264.65,3712.9,33751.6,254,118.73,
113,1,898,264.65,3713.0,33751.3,253,119.20,
113,1,899,264.65,3713.2,33751.6,254,118.73,
113,1,903,265.70,3182.2,33226.6,253,119.22,
113,1,901,265.18,3712.3,33757.0,252,119.70,
113,1,902,265.18,3712.2,33757.2,254,118.75,
113,1,907,266.24,3170.3,33220.3,252,119.72,
113,1,904,265.71,3704.8,33754.0,254,118.77,
113,1,905,265.71,3704.7,33754.9,253,119.25,
113,1,906,265.71,3705.1,33755.0,255,118.31,
113,1,911,266.77,3167.3,33222.8,255,118.33,
113,1,908,266.24,3696.2,33752.0,251,120.22,
113,1,909,266.24,3695.9,33752.0,254,118.80,
113,1,910,266.24,3696.8,33752.1,255,118.33,
113,1,915,267.30,3162.7,33220.7,254,118.81,
113,1,912,266.77,3691.3,33749.6,252,119.75,
113,1,913,266.77,3691.4,33749.7,256,117.88,
113,1,914,266.77,3691.2,33749.8,255,118.34,
113,1,916,267.30,3695.3,33753.4,251,120.23,
113,1,919,267.83,3167.4,33225.5,256,117.87,
113,1,917,267.30,3695.6,33754.1,252,119.75,
113,1,918,267.30,3695.7,33754.1,250,120.72,
113,1,923,268.36,3163.4,33230.2,255,118.37,
113,1,920,267.83,3696.4,33763.5,252,119.79,
113,1,921,267.83,3696.2,33765.5,250,120.76,
113,1,922,267.83,3695.8,33767.8,253,119.33,
113,1,927,268.89,3170.8,33220.0,253,119.24,
113,1,924,268.36,3699.1,33748.7,256,117.84,
113,1,925,268.36,3699.2,33748.4,254,118.77,
113,1,926,268.36,3698.9,33748.5,251,120.20,
113,1,931,269.41,3171.4,33224.3,254,118.79,
113,1,928,268.89,3694.1,33746.9,255,118.32,
113,1,929,268.89,3693.8,33746.8,256,117.85,
113,1,930,268.89,3694.1,33746.8,255,118.32,
113,1,935,269.94,3169.1,33227.4,253,119.28,
113,1,932,269.41,3695.6,33752.8,253,119.27,
113,1,933,269.41,3696.8,33753.2,253,119.27,
113,1,934,269.41,3697.2,33753.1,254,118.80,
113,1,939,270.46,3171.8,33230.6,252,119.76,
113,1,936,269.94,3696.5,33754.4,252,119.75,
113,1,937,269.94,3695.8,33754.4,255,118.34,
113,1,938,269.94,3696.1,33754.3,253,119.28,
113,1,940,270.46,3699.3,33758.9,254,118.81,
113,1,941,270.46,3700.9,33759.0,254,118.81,
113,1,942,270.46,3701.3,33759.0,255,118.34,
113,1,946,271.52,3159.8,33222.4,254,118.82,
113,1,943,270.99,3689.0,33751.6,255,118.36,
113,1,944,270.99,3690.1,33751.5,250,120.73,
113,1,945,271.00,3690.6,33751.3,254,118.82,
113,1,950,272.06,3149.9,33215.5,252,119.78,
113,1,947,271.52,3685.8,33751.3,254,118.84,
113,1,948,271.52,3687.5,33750.9,254,118.83,
113,1,949,271.53,3689.1,33750.9,255,118.35,
113,1,954,272.58,3154.9,33220.1,254,118.83,
113,1,951,272.06,3678.5,33742.5,255,118.36,
113,1,952,272.06,3680.0,33742.9,249,121.22,
113,1,953,272.06,3680.4,33742.8,255,118.36,
113,1,958,273.10,3160.6,33221.2,255,118.35,
113,1,955,272.58,3685.0,33745.1,255,118.35,
113,1,956,272.58,3683.8,33745.0,251,120.24,
113,1,957,272.58,3683.6,33745.0,256,117.89,
113,1,962,273.63,3162.1,33222.6,253,119.29,
113,1,959,273.11,3688.1,33749.7,253,119.29,
113,1,960,273.11,3686.7,33749.7,254,118.83,
113,1,961,273.11,3685.3,33749.7,252,119.78,
113,1,966,274.16,3165.1,33225.4,252,117.66,
113,1,963,273.63,3690.6,33752.3,255,118.35,
113,1,964,273.63,3690.6,33754.6,254,118.83,
113,1,965,273.64,3690.0,33755.0,255,118.37,
113,1,970,274.68,3165.4,33228.2,255,118.36,
113,1,967,274.16,3687.4,33751.1,255,118.36,
113,1,968,274.16,3685.4,33751.1,253,119.31,
113,1,969,274.16,3685.0,33751.0,250,120.75,
113,1,974,275.21,3168.1,33229.1,253,119.29,
113,1,971,274.68,3692.8,33754.5,256,117.89,
113,1,972,274.68,3691.9,33753.9,252,119.77,
113,1,973,274.69,3690.9,33752.4,254,118.82,
113,1,978,275.74,3170.4,33228.0,255,118.34,
113,1,975,275.21,3698.4,33756.4,254,118.81,
113,1,976,275.21,3697.6,33755.3,255,118.34,
113,1,977,275.21,3695.8,33754.0,252,119.75,
113,1,979,275.74,3698.5,33749.9,253,119.25,
113,1,980,275.74,3696.3,33747.9,253,119.25,
113,1,981,275.74,3695.5,33747.3,255,118.31,
113,1,982,276.26,3612.3,34275.1,253,121.68,
113,1,983,276.27,3612.4,37097.0,253,132.88,
113,1,984,276.27,3612.2,37824.7,254,135.23,
113,1,985,276.79,3083.5,38356.6,252,140.53,
113,1,986,279.95,315.3,35994.6,253,141.58,
113,1,987,280.74,316.2,36561.6,253,143.83,
113,1,988,281.32,319.4,36978.8,254,144.90,
113,1,989,282.12,317.7,37682.1,254,147.69,
113,1,990,283.13,315.0,38319.6,253,150.81,
113,1,991,285.02,319.0,38932.4,250,155.07,
113,1,992,286.44,325.2,39350.7,250,156.73,
113,1,993,288.45,326.0,40022.0,251,158.78,
113,1,994,290.81,8654.1,39395.4,253,121.99,
113,1,998,297.08,2907.9,33185.6,255,119.20,
113,1,996,295.42,4571.4,34850.5,254,119.68,
113,1,997,297.02,2975.4,33254.9,255,119.21,
113,1,995,292.61,7385.9,37665.1,254,119.68,
113,1,1002,297.34,3180.9,33183.4,255,118.12,
113,1,999,297.09,3434.5,33436.7,256,117.66,
113,1,1000,297.09,3434.6,33436.7,252,119.53,
113,1,1001,297.09,3434.3,33437.0,250,120.49,
113,1,1006,297.87,3184.7,33185.5,254,118.58,
113,1,1003,297.34,3713.1,33713.2,253,119.05,
113,1,1004,297.34,3709.8,33709.4,254,118.58,
113,1,1005,297.35,3705.7,33707.8,253,119.06,
113,1,1010,298.40,3190.8,33183.6,254,118.55,
113,1,1007,297.87,3723.6,33714.5,250,120.45,
113,1,1008,297.87,3724.9,33714.5,253,119.01,
113,1,1009,297.87,3728.5,33714.5,255,118.06,
113,1,1011,298.40,3709.2,33713.0,254,118.59,
113,1,1012,298.40,3710.1,33713.5,253,119.06,
113,1,1013,298.40,3710.1,33713.2,253,119.06,
113,1,1014,298.93,3701.9,33712.2,255,118.15,
113,1,1017,299.46,3174.1,33184.7,252,119.56,
113,1,1015,298.93,3702.0,33712.2,252,119.56,
113,1,1016,298.94,3702.0,33712.0,256,117.69,
113,1,1021,299.99,3171.8,33182.1,256,117.69,
113,1,1018,299.46,3703.6,33714.3,254,118.62,
113,1,1019,299.46,3702.6,33713.3,254,118.62,
113,1,1020,299.46,3703.2,33713.6,254,118.62,
113,1,1025,300.52,3172.9,33184.4,254,118.62,
113,1,1022,299.99,3698.7,33710.7,254,118.62,
113,1,1023,299.99,3698.5,33710.7,256,117.70,
113,1,1024,299.99,3698.9,33710.5,254,118.62,
113,1,1029,301.05,3168.4,33177.9,256,117.68,
113,1,1026,300.52,3700.6,33710.5,255,118.15,
113,1,1027,300.52,3701.2,33710.3,255,118.15,
113,1,1028,300.52,3700.8,33710.7,255,118.15,
113,1,1033,301.59,3155.6,33170.6,254,118.64,
113,1,1030,301.05,3693.7,33708.3,254,118.63,
113,1,1031,301.05,3692.5,33707.9,253,119.11,
113,1,1032,301.05,3692.9,33708.3,254,118.64,
113,1,1037,302.11,3166.1,33183.2,255,118.18,
113,1,1034,301.59,3683.9,33700.3,253,119.11,
113,1,1035,301.59,3681.7,33699.3,255,118.18,
113,1,1036,301.60,3679.0,33696.6,253,119.12,
113,1,1041,302.63,3167.1,33178.5,255,118.15,
113,1,1038,302.11,3693.7,33705.7,251,120.05,
113,1,1039,302.11,3693.6,33705.6,254,118.62,
113,1,1040,302.11,3693.3,33705.6,255,118.16,
113,1,1045,303.16,3162.8,33180.5,256,117.72,
113,1,1042,302.63,3692.2,33710.9,253,119.12,
113,1,1043,302.64,3691.9,33711.5,254,118.65,
113,1,1044,302.64,3692.3,33712.0,255,118.19,
113,1,1049,303.69,3163.7,33180.6,256,117.71,
113,1,1046,303.16,3692.6,33709.0,251,120.07,
113,1,1047,303.17,3693.3,33709.8,255,118.18,
113,1,1048,303.17,3693.8,33710.6,252,119.59,
113,1,1053,304.22,3166.0,33177.3,253,119.09,
113,1,1050,303.69,3695.1,33706.4,251,120.05,
113,1,1051,303.69,3695.5,33706.0,255,118.15,
113,1,1052,303.69,3696.5,33706.3,256,117.69,
113,1,1056,304.74,3165.5,33181.0,254,118.64,
113,1,1054,304.22,3692.9,33705.6,254,118.63,
113,1,1055,304.22,3693.3,33705.7,256,117.70,
113,1,1060,305.27,3163.1,33184.0,256,117.73,
113,1,1057,304.74,3691.7,33713.0,255,118.19,
113,1,1058,304.75,3691.8,33713.1,253,119.13,
113,1,1059,304.75,3691.7,33713.2,254,118.66,
113,1,1064,305.80,3163.5,33183.6,256,117.73,
113,1,1061,305.27,3691.5,33711.3,254,118.65,
113,1,1062,305.28,3691.6,33711.9,254,118.66,
113,1,1063,305.28,3691.4,33711.8,252,119.60,
113,1,1068,306.32,3161.5,33186.4,253,119.15,
113,1,1065,305.80,3686.4,33711.4,256,117.74,
113,1,1066,305.80,3686.3,33711.4,254,118.68,
113,1,1067,305.80,3686.1,33711.4,256,117.75,
113,1,1072,306.85,3159.7,33183.7,253,119.14,
113,1,1069,306.33,3688.5,33713.0,255,118.21,
113,1,1070,306.33,3687.9,33712.3,251,120.10,
113,1,1071,306.33,3687.6,33712.8,254,118.68,
113,1,1076,307.38,3157.4,33176.9,254,118.65,
113,1,1073,306.86,3685.9,33705.4,256,117.72,
113,1,1074,306.86,3685.9,33703.7,249,121.04,
113,1,1075,306.86,3685.3,33702.7,254,118.65,
113,1,1080,307.91,3161.1,33177.5,253,119.11,
113,1,1077,307.39,3685.1,33702.4,256,117.72,
113,1,1078,307.39,3682.8,33700.2,255,118.18,
113,1,1079,307.39,3681.9,33699.6,256,117.72,
113,1,1084,308.43,3167.2,33175.5,254,118.61,
113,1,1081,307.91,3693.0,33701.6,254,118.61,
113,1,1082,307.91,3691.1,33700.4,251,120.04,
113,1,1083,307.91,3690.8,33700.4,254,118.61,
113,1,1088,308.96,3165.4,33176.7,255,118.15,
113,1,1085,308.44,3693.1,33705.5,255,118.16,
113,1,1086,308.44,3692.7,33706.4,254,118.63,
113,1,1087,308.44,3693.3,33708.7,252,119.58,
113,1,1089,308.97,3694.7,33701.8,255,118.14,
113,1,1090,308.97,3695.0,33703.6,253,119.08,
113,1,1091,308.97,3694.6,33705.8,251,120.04,
113,1,1092,309.49,3172.3,33699.9,254,120.66,
113,1,1093,309.49,3610.8,37050.5,254,132.17,
113,1,1094,309.49,3610.6,37637.6,250,136.65,
113,1,1095,310.54,2557.6,37713.5,254,138.96,
113,1,1096,313.36,316.9,35959.3,253,141.44,
113,1,1097,314.09,315.5,36509.1,254,143.06,
113,1,1098,315.15,315.3,36944.1,254,144.78,
113,1,1099,315.94,318.7,37650.4,250,149.93,
113,1,1100,317.30,314.9,38223.5,252,151.03,
113,1,1101,318.30,320.0,38879.8,253,153.01,
113,1,1102,319.80,325.7,39181.7,256,152.38,
113,2,742,207.25,3155.7,33196.0,253,119.21,
113,2,739,206.73,3677.7,33718.8,252,119.69,
113,2,740,206.73,3677.8,33718.7,254,118.74,
113,2,741,206.73,3677.8,33718.6,256,117.81,
113,2,746,207.78,3155.6,33197.3,253,119.21,
113,2,743,207.26,3681.4,33723.2,255,118.28,
113,2,744,207.26,3681.3,33723.0,255,118.27,
113,2,745,207.26,3680.7,33723.1,253,119.22,
113,2,750,208.30,3165.0,33199.0,253,119.18,
113,2,747,207.78,3686.9,33721.0,253,119.18,
113,2,748,207.79,3686.8,33720.9,253,119.18,
113,2,749,207.79,3686.5,33720.8,252,119.66,
113,2,754,208.83,3165.9,33202.6,256,117.79,
113,2,751,208.31,3694.2,33730.0,253,119.19,
113,2,752,208.31,3696.4,33729.1,255,118.24,
113,2,753,208.31,3696.8,33728.9,254,118.70,
113,2,757,209.36,3169.4,33195.0,256,117.75,
113,2,755,208.83,3702.0,33721.5,252,119.60,
113,2,756,208.83,3701.8,33721.5,253,119.13,
113,2,761,209.89,3165.2,33194.2,255,118.22,
113,2,758,209.36,3693.3,33722.3,255,118.22,
113,2,759,209.36,3693.1,33722.3,251,120.12,
113,2,760,209.36,3693.4,33722.7,249,121.09,
113,2,762,209.89,3696.3,33718.5,256,117.73,
113,2,763,209.89,3696.3,34772.6,253,123.32,
113,2,764,209.89,3696.1,37190.6,254,132.39,
113,2,765,210.41,3173.0,37663.2,251,137.96,
113,2,766,211.47,2241.7,37462.9,254,139.21,
113,2,767,214.18,319.6,35959.7,249,143.71,
113,2,768,214.97,315.0,36930.3,251,146.46,
113,2,769,215.76,317.3,37426.0,256,145.52,
113,2,770,217.31,319.6,38011.9,256,147.81,
113,2,771,218.80,324.3,38871.3,256,151.16,
113,2,772,219.96,319.6,39228.4,253,154.40,
113,2,773,221.18,327.2,39532.2,254,154.96,
113,2,774,223.61,328.6,39913.5,255,155.85,
113,2,778,230.87,2721.3,33172.7,255,119.89,
113,2,777,229.41,4184.4,34636.3,253,120.84,
113,2,775,225.73,7861.2,38313.5,254,120.36,
113,2,776,227.47,6125.8,36578.4,254,120.37,
113,2,779,230.87,3251.6,33241.8,255,118.07,
113,2,782,230.94,3186.1,33176.3,256,117.61,
113,2,780,230.87,3252.2,33242.2,254,118.54,
113,2,781,230.88,3252.1,33242.3,256,117.61,
113,2,786,231.47,3177.4,33177.9,253,119.05,
113,2,783,230.94,3703.3,33704.2,254,118.58,
113,2,784,230.94,3703.2,33703.7,254,118.58,
113,2,785,230.94,3703.0,33704.0,256,117.65,
113,2,789,232.00,3173.8,33174.5,254,118.58,
113,2,787,231.47,3710.6,33713.1,250,120.49,
113,2,788,231.47,3710.3,33716.3,255,118.13,
113,2,793,232.53,3174.6,33171.4,253,119.03,
113,2,790,232.00,3705.1,33702.2,255,118.10,
113,2,791,232.00,3705.3,33702.0,253,119.03,
113,2,792,232.00,3705.1,33702.0,254,118.56,
113,2,797,233.06,3176.5,33175.3,253,119.04,
113,2,794,232.53,3704.4,33703.3,255,118.11,
113,2,795,232.54,3704.5,33703.5,251,120.00,
113,2,796,232.54,3704.3,33703.6,256,117.64,
113,2,801,233.59,3169.8,33171.2,256,117.65,
113,2,798,233.06,3702.9,33703.8,254,118.58,
113,2,799,233.06,3702.5,33703.8,255,118.12,
113,2,800,233.06,3702.4,33703.8,253,119.05,
113,2,805,234.12,3164.7,33171.2,253,119.07,
113,2,802,233.60,3696.5,33702.6,254,118.60,
113,2,803,233.60,3696.3,33702.7,250,120.51,
113,2,804,233.60,3696.2,33703.0,251,120.03,
113,2,809,234.64,3172.2,33184.8,254,118.63,
113,2,806,234.13,3690.1,33702.6,254,118.63,
113,2,807,234.13,3693.3,33702.5,254,118.61,
113,2,808,234.13,3693.9,33702.8,254,118.61,
113,2,813,235.17,3164.1,33182.9,256,117.72,
113,2,810,234.64,3698.5,33716.6,254,118.65,
113,2,811,234.64,3701.2,33716.0,254,118.64,
113,2,812,234.65,3701.7,33716.0,253,119.10,
113,2,817,235.71,3158.3,33181.2,253,119.14,
113,2,814,235.18,3690.3,33712.9,254,118.67,
113,2,815,235.18,3693.5,33712.9,253,119.12,
113,2,816,235.18,3693.8,33712.9,251,120.08,
113,2,821,236.24,3158.1,33188.5,255,118.23,
113,2,818,235.71,3687.4,33717.4,251,120.12,
113,2,819,235.71,3687.5,33717.4,251,120.12,
113,2,820,235.71,3687.2,33717.8,256,117.77,
113,2,825,236.76,3162.0,33182.2,254,118.66,
113,2,822,236.24,3688.5,33708.5,256,117.73,
113,2,823,236.24,3688.0,33709.1,256,117.73,
113,2,824,236.24,3687.7,33708.7,255,118.19,
113,2,829,237.29,3162.5,33184.7,253,119.14,
113,2,826,236.76,3688.2,33710.6,255,118.20,
113,2,827,236.77,3688.3,33710.6,254,118.66,
113,2,828,236.77,3688.3,33711.0,253,119.14,
113,2,832,237.81,3164.8,33183.4,251,120.07,
113,2,830,237.29,3690.3,33708.7,254,118.65,
113,2,831,237.29,3690.3,33708.7,254,118.65,
113,2,836,238.34,3163.8,33184.5,255,118.19,
113,2,833,237.82,3689.0,33710.2,255,118.19,
113,2,834,237.82,3687.6,33709.1,255,118.19,
113,2,835,237.82,3686.8,33708.2,255,118.19,
113,2,840,238.87,3168.2,33187.9,250,120.56,
113,2,837,238.34,3694.1,33713.7,253,119.13,
113,2,838,238.34,3693.5,33713.4,249,121.05,
113,2,839,238.35,3691.4,33711.7,252,119.60,
113,2,844,239.39,3159.5,33189.1,255,118.23,
113,2,841,238.87,3687.1,33716.8,253,119.17,
113,2,842,238.87,3685.3,33715.4,254,118.70,
113,2,843,238.87,3683.5,33714.3,254,118.70,
113,2,848,239.92,3156.8,33184.1,253,119.16,
113,2,845,239.40,3686.7,33714.2,251,120.11,
113,2,846,239.40,3686.5,33714.2,255,118.22,
113,2,847,239.40,3686.2,33714.2,253,119.16,
113,2,852,240.45,3154.2,33185.1,256,117.77,
113,2,849,239.93,3680.3,33711.5,251,120.13,
113,2,850,239.93,3681.2,33712.0,255,118.23,
113,2,851,239.93,3681.2,33712.0,252,119.64,
113,2,856,240.98,3152.5,33182.9,253,119.17,
113,2,853,240.45,3679.9,33710.5,252,119.64,
113,2,854,240.45,3679.7,33710.4,253,119.17,
113,2,855,240.45,3679.4,33710.9,256,117.77,
113,2,860,241.50,3156.6,33186.2,256,117.76,
113,2,857,240.98,3681.2,33710.9,255,118.23,
113,2,858,240.98,3681.0,33711.0,254,118.70,
113,2,859,240.98,3681.1,33710.6,254,118.69,
113,2,864,242.03,3155.1,33182.6,256,117.76,
113,2,861,241.51,3685.6,33713.2,249,121.08,
113,2,862,241.51,3685.2,33713.2,253,119.16,
113,2,863,241.51,3685.3,33713.2,254,118.69,
113,2,868,242.55,3170.6,33194.7,255,118.21,
113,2,865,242.04,3689.5,33714.1,253,119.15,
113,2,866,242.04,3689.9,33714.1,253,119.14,
113,2,867,242.04,3689.7,33714.1,254,118.67,
113,2,871,243.08,3169.6,33193.4,254,118.67,
113,2,869,242.56,3697.6,33721.2,254,118.67,
113,2,870,242.56,3697.3,33721.1,252,119.62,
113,2,872,243.08,3699.1,33715.9,256,117.71,
113,2,873,243.08,3698.9,36849.9,254,131.03,
113,2,874,243.08,3698.3,37636.1,254,134.14,
113,2,875,243.61,3174.2,37702.9,254,136.21,
113,2,876,244.66,2216.6,37438.2,255,138.67,
113,2,877,247.08,317.5,36019.2,253,141.67,
113,2,878,248.08,317.9,36924.9,254,144.69,
113,2,879,248.93,318.8,37489.5,254,146.92,
113,2,880,250.14,317.8,38280.7,254,150.05,
113,2,881,251.90,321.3,38882.8,252,153.63,
113,2,882,253.19,323.5,39394.4,251,156.28,
113,2,883,255.32,325.0,40064.1,256,155.84,
113,2,884,257.67,8569.0,39315.2,254,121.53,
113,2,888,264.04,2719.9,33002.6,254,119.69,
113,2,886,260.71,6051.2,36334.5,253,120.17,
113,2,887,263.52,3242.8,33526.3,253,120.17,
113,2,885,259.19,7582.0,37864.7,254,119.69,
113,2,892,264.11,3180.9,33186.6,253,119.07,
113,2,889,264.04,3250.2,33256.1,254,118.60,
113,2,890,264.05,3250.2,33255.7,253,119.07,
113,2,891,264.05,3249.9,33255.6,254,118.60,
113,2,893,264.12,3712.5,33712.7,254,118.58,
113,2,896,264.64,3184.6,33185.1,253,119.05,
113,2,894,264.12,3712.3,33713.5,254,118.58,
113,2,895,264.12,3712.3,33713.4,253,119.05,
113,2,900,265.18,3181.9,33180.9,255,118.11,
113,2,897,264.64,3715.7,33714.4,255,118.11,
113,2,898,264.65,3715.5,33714.7,255,118.11,
113,2,899,264.65,3715.0,33714.4,256,117.64,
113,2,903,265.70,3185.5,33183.3,255,118.10,
113,2,901,265.18,3710.4,33710.4,254,118.58,
113,2,902,265.18,3706.8,33710.2,254,118.59,
113,2,907,266.24,3189.6,33183.1,254,118.55,
113,2,904,265.71,3720.3,33715.1,253,119.03,
113,2,905,265.71,3721.1,33717.5,253,119.03,
113,2,906,265.71,3720.8,33717.7,252,119.51,
113,2,911,266.76,3180.8,33180.7,256,117.65,
113,2,908,266.24,3710.2,33709.9,252,119.52,
113,2,909,266.24,3709.7,33709.5,256,117.65,
113,2,910,266.24,3709.3,33709.4,256,117.65,
113,2,915,267.30,3178.3,33177.3,253,119.04,
113,2,912,266.77,3709.6,33710.1,254,118.58,
113,2,913,266.77,3709.7,33710.7,255,118.11,
113,2,914,266.77,3709.6,33711.1,255,118.12,
113,2,919,267.83,3171.0,33174.7,254,118.59,
113,2,916,267.30,3702.6,33705.9,252,119.54,
113,2,917,267.30,3702.3,33705.8,247,121.97,
113,2,918,267.30,3701.9,33705.5,254,118.59,
113,2,923,268.36,3166.4,33173.2,255,118.14,
113,2,920,267.83,3697.9,33705.9,253,119.08,
113,2,921,267.83,3698.3,33709.9,254,118.62,
113,2,922,267.83,3697.8,33710.8,254,118.63,
113,2,927,268.89,3165.9,33166.1,255,118.11,
113,2,924,268.36,3695.7,33697.7,254,118.58,
113,2,925,268.36,3696.5,33701.7,253,119.07,
113,2,926,268.36,3696.2,33702.8,256,117.67,
113,2,931,269.42,3158.8,33157.6,251,120.00,
113,2,928,268.89,3695.0,33694.5,256,117.65,
113,2,929,268.89,3695.6,33694.2,255,118.10,
113,2,930,268.89,3695.4,33694.2,254,118.57,
113,2,935,269.94,3163.9,33165.7,254,118.58,
113,2,932,269.43,3684.2,33686.5,254,118.59,
113,2,933,269.43,3684.3,33686.4,252,119.53,
113,2,934,269.43,3683.7,33686.1,253,119.06,
113,2,939,270.47,3163.1,33167.6,251,120.02,
113,2,936,269.95,3691.5,33697.4,256,117.67,
113,2,937,269.95,3690.9,33699.5,256,117.68,
113,2,938,269.95,3691.1,33701.5,254,118.62,
113,2,940,270.47,3688.1,33691.3,256,117.66,
113,2,941,270.48,3688.2,33691.5,252,119.54,
113,2,942,270.48,3688.2,33691.3,256,117.66,
113,2,943,271.00,3692.4,33699.9,253,119.08,
113,2,946,271.52,3165.5,33173.3,256,117.68,
113,2,944,271.00,3692.3,33700.1,250,120.51,
113,2,945,271.00,3692.2,33700.1,254,118.61,
113,2,950,272.05,3162.9,33165.7,249,120.98,
113,2,947,271.53,3692.0,33695.3,251,120.01,
113,2,948,271.53,3691.7,33696.5,252,119.54,
113,2,949,271.53,3691.9,33697.6,254,118.60,
113,2,954,272.58,3164.9,33162.4,253,119.04,
113,2,951,272.06,3694.4,33691.7,256,117.64,
113,2,952,272.06,3694.1,33691.7,254,118.57,
113,2,953,272.06,3693.7,33691.8,254,118.57,
113,2,958,273.11,3166.2,33168.6,254,118.59,
113,2,955,272.58,3691.0,33693.8,254,118.59,
113,2,956,272.59,3691.1,33693.9,253,119.06,
113,2,957,272.59,3690.4,33693.5,251,120.01,
113,2,962,273.64,3161.1,33165.4,251,120.02,
113,2,959,273.11,3688.4,33692.8,254,118.59,
113,2,960,273.11,3688.1,33692.8,253,119.07,
113,2,961,273.11,3687.9,33692.8,248,121.48,
113,2,963,273.64,3684.6,33689.9,253,119.07,
113,2,966,274.16,3159.0,33164.6,255,118.13,
113,2,964,273.64,3684.4,33690.4,255,118.13,
113,2,965,273.64,3684.1,33690.4,256,117.67,
113,2,970,274.69,3154.1,33164.7,254,118.62,
113,2,967,274.16,3681.2,33692.7,254,118.62,
113,2,968,274.16,3680.9,33692.7,254,118.62,
113,2,969,274.16,3680.5,33692.2,254,118.62,
113,2,974,275.22,3155.8,33169.1,256,117.70,
113,2,971,274.69,3682.6,33698.2,254,118.64,
113,2,972,274.69,3682.3,33698.8,253,119.11,
113,2,973,274.69,3682.6,33702.1,253,119.12,
113,2,978,275.75,3153.6,33160.5,253,119.07,
113,2,975,275.22,3684.6,33695.0,256,117.69,
113,2,976,275.22,3684.7,33696.5,254,118.62,
113,2,977,275.22,3684.5,33696.8,256,117.70,
113,2,979,275.75,3678.5,33684.7,254,118.60,
113,2,980,275.75,3679.0,33685.3,254,118.60,
113,2,981,275.75,3678.8,33685.4,254,118.60,
113,2,982,276.27,3592.6,34210.0,256,120.07,
113,2,983,276.28,3592.7,37025.5,250,134.27,
113,2,984,276.28,3592.4,37748.6,255,134.47,
113,2,985,276.80,3070.3,38288.8,254,139.20,
113,2,986,279.93,315.3,35943.1,255,140.27,
113,2,987,280.72,321.7,36499.5,256,141.87,
113,2,988,281.31,315.1,36914.7,256,143.53,
113,2,989,282.10,318.5,37618.9,254,147.43,
113,2,990,283.10,318.6,38268.2,254,150.00,
113,2,991,285.00,317.5,38860.4,255,151.74,
113,2,992,286.42,320.0,39282.6,256,152.79,
113,2,993,288.42,322.6,39958.3,254,156.66,
113,2,994,290.78,8638.9,39331.6,250,123.26,
113,2,998,297.05,2897.9,33128.7,255,119.02,
113,2,996,295.38,4563.1,34794.8,255,119.02,
113,2,997,296.98,2963.4,33195.4,253,119.97,
113,2,995,292.58,7364.0,37595.2,253,119.96,
113,2,1002,297.30,3171.6,33128.3,256,117.48,
113,2,999,297.05,3425.5,33382.2,253,118.88,
113,2,1000,297.05,3425.6,33382.9,256,117.48,
113,2,1001,297.05,3428.9,33387.1,253,118.88,
113,2,1003,297.30,3699.9,33660.6,254,118.42,
113,2,1006,297.83,3173.8,33135.8,254,118.43,
113,2,1004,297.30,3700.0,33662.9,254,118.43,
113,2,1005,297.30,3699.7,33664.0,254,118.44,
113,2,1010,298.36,3175.4,33134.0,255,117.95,
113,2,1007,297.83,3706.1,33664.7,252,119.36,
113,2,1008,297.83,3707.4,33666.2,252,119.36,
113,2,1009,297.83,3709.0,33668.1,256,117.49,
113,2,1011,298.36,3700.6,33666.3,254,118.44,
113,2,1012,298.36,3702.8,33668.9,253,118.91,
113,2,1013,298.36,3702.9,33669.3,255,117.98,
113,2,1014,298.89,3696.0,33663.9,247,121.82,
113,2,1017,299.42,3164.4,33132.7,255,117.99,
113,2,1015,298.89,3693.7,33663.0,253,118.93,
113,2,1016,298.89,3690.8,33659.9,252,119.40,
113,2,1021,299.94,3165.8,33140.1,256,117.55,
113,2,1018,299.42,3691.7,33665.8,252,119.42,
113,2,1019,299.42,3689.7,33663.2,256,117.54,
113,2,1020,299.42,3689.2,33662.9,256,117.54,
113,2,1025,300.47,3168.2,33141.9,254,118.47,
113,2,1022,299.95,3698.2,33669.3,252,119.41,
113,2,1023,299.95,3702.3,33669.5,254,118.45,
113,2,1024,299.95,3702.3,33669.4,254,118.45,
113,2,1029,301.00,3163.9,33149.2,256,117.59,
113,2,1026,300.48,3691.2,33675.7,254,118.52,
113,2,1027,300.48,3690.3,33675.4,254,118.52,
113,2,1028,300.48,3690.1,33675.0,254,118.52,
113,2,1033,301.53,3165.9,33138.9,254,118.47,
113,2,1030,301.00,3696.7,33668.8,252,119.41,
113,2,1031,301.00,3696.5,33668.8,252,119.41,
113,2,1032,301.00,3696.6,33668.9,254,118.47,
113,2,1037,302.05,3164.7,33143.6,253,118.96,
113,2,1034,301.53,3687.1,33665.3,253,118.96,
113,2,1035,301.54,3686.8,33661.1,254,118.48,
113,2,1036,301.54,3686.5,33660.0,256,117.54,
113,2,1041,302.58,3163.6,33141.5,256,117.56,
113,2,1038,302.06,3689.8,33667.9,253,118.96,
113,2,1039,302.06,3686.7,33664.5,256,117.56,
113,2,1040,302.06,3685.3,33663.4,256,117.56,
113,2,1045,303.11,3166.8,33145.0,255,118.02,
113,2,1042,302.58,3694.4,33673.5,254,118.49,
113,2,1043,302.58,3694.9,33674.1,254,118.49,
113,2,1044,302.59,3694.7,33674.1,255,118.03,
113,2,1049,303.64,3160.4,33144.9,252,119.46,
113,2,1046,303.11,3690.5,33676.2,254,118.52,
113,2,1047,303.11,3690.6,33677.4,254,118.52,
113,2,1048,303.11,3690.8,33677.9,256,117.60,
113,2,1050,303.64,3684.3,33666.6,253,118.98,
113,2,1053,304.17,3161.3,33144.8,254,118.51,
113,2,1051,303.65,3681.8,33665.1,254,118.51,
113,2,1052,303.65,3679.9,33663.1,252,119.46,
113,2,1056,304.70,3157.3,33140.3,254,118.51,
113,2,1054,304.17,3689.3,33672.2,250,120.41,
113,2,1055,304.17,3689.2,33672.5,253,118.98,
113,2,1057,304.70,3689.2,33664.1,254,118.48,
113,2,1060,305.22,3167.5,33142.6,251,119.90,
113,2,1058,304.70,3692.0,33664.3,252,119.41,
113,2,1059,304.70,3694.7,33664.2,254,118.46,
113,2,1064,305.75,3164.2,33141.9,250,120.39,
113,2,1061,305.22,3689.9,33667.8,255,118.02,
113,2,1062,305.22,3689.4,33666.6,254,118.49,
113,2,1063,305.22,3689.8,33665.9,255,118.02,
113,2,1068,306.28,3156.6,33134.9,254,118.49,
113,2,1065,305.75,3687.5,33666.4,254,118.49,
113,2,1066,305.75,3687.3,33666.5,255,118.03,
113,2,1067,305.75,3687.3,33666.2,254,118.49,
113,2,1072,306.80,3159.7,33139.2,255,118.03,
113,2,1069,306.28,3683.6,33663.3,256,117.57,
113,2,1070,306.28,3683.6,33663.7,253,118.97,
113,2,1071,306.28,3683.3,33663.7,249,120.89,
113,2,1076,307.33,3158.7,33141.3,255,118.04,
113,2,1073,306.80,3684.0,33667.0,254,118.51,
113,2,1074,306.80,3683.9,33667.0,255,118.04,
113,2,1075,306.80,3683.7,33667.1,254,118.51,
113,2,1080,307.85,3155.3,33144.9,251,119.96,
113,2,1077,307.33,3683.5,33674.2,250,120.44,
113,2,1078,307.33,3682.8,33677.7,256,117.63,
113,2,1079,307.33,3682.8,33678.8,253,119.03,
113,2,1084,308.38,3151.9,33140.8,256,117.60,
113,2,1081,307.86,3683.2,33672.1,253,119.00,
113,2,1082,307.86,3683.0,33672.2,256,117.60,
113,2,1083,307.86,3682.8,33672.2,254,118.54,
113,2,1088,308.91,3158.1,33147.8,254,118.54,
113,2,1085,308.39,3678.3,33668.3,255,118.07,
113,2,1086,308.39,3677.4,33667.7,254,118.54,
113,2,1087,308.39,3674.0,33664.4,251,119.96,
113,2,1089,308.91,3682.8,33664.9,248,121.39,
113,2,1090,308.92,3681.0,33663.5,255,118.04,
113,2,1091,308.92,3680.4,33663.2,256,117.58,
113,2,1092,309.43,3161.0,33668.6,255,120.11,
113,2,1093,309.44,3595.9,37006.4,256,131.02,
113,2,1094,309.44,3595.6,37595.1,255,133.86,
113,2,1095,310.48,2544.9,37673.1,252,139.95,
113,2,1096,313.30,317.0,35927.7,254,140.75,
113,2,1097,314.03,318.9,36478.7,254,142.92,
113,2,1098,315.09,314.5,36910.8,253,145.22,
113,2,1099,315.88,320.7,37621.9,254,147.44,
113,2,1100,317.22,320.4,38209.1,254,149.76,
113,2,1101,318.22,317.6,38849.2,251,154.13,
113,2,1102,319.72,324.5,39154.6,254,153.48,
118,0,722,206.05,3676.1,34266.5,253,121.39,
118,0,720,205.53,4203.9,34794.9,253,121.39,
118,0,723,206.05,3677.3,34268.8,254,120.92,
118,0,721,205.53,4203.7,34796.5,252,121.88,
118,0,726,206.58,3673.4,34267.4,252,121.89,
118,0,727,206.58,3673.1,34267.4,256,119.98,
118,0,724,206.05,4198.2,34792.5,255,120.45,
118,0,725,206.05,4197.9,34792.2,256,119.98,
118,0,730,207.10,3672.1,34262.7,250,122.85,
118,0,731,207.11,3672.5,34263.6,254,120.91,
118,0,728,206.58,4200.6,34791.8,254,120.91,
118,0,729,206.58,4200.5,34791.5,256,119.96,
118,0,734,207.62,3673.6,34266.1,255,120.44,
118,0,735,207.63,3671.9,34264.4,254,120.92,
118,0,732,207.11,4194.5,34787.2,256,119.97,
118,0,733,207.11,4194.7,34787.5,253,121.40,
118,0,737,208.15,3670.8,34262.7,254,120.92,
118,0,738,208.15,3670.3,34261.5,253,121.39,
118,0,736,207.63,4195.8,34787.9,255,120.44,
118,0,741,208.68,3668.7,34266.3,255,120.46,
118,0,742,208.68,3668.1,34267.6,251,122.40,
118,0,739,208.16,4191.7,34792.5,256,120.00,
118,0,740,208.16,4190.7,34793.0,255,120.48,
118,0,745,209.20,3673.5,34267.3,254,120.92,
118,0,746,209.20,3673.9,34267.3,254,120.92,
118,0,743,208.68,4195.2,34789.3,255,120.45,
118,0,744,208.68,4194.8,34789.2,254,120.93,
118,0,749,209.73,3670.1,34263.5,253,121.40,
118,0,750,209.73,3670.4,34265.0,255,120.45,
118,0,747,209.20,4197.7,34795.0,256,119.99,
118,0,748,209.20,4197.4,34796.4,256,120.00,
118,0,753,210.25,3669.8,34265.3,256,119.98,
118,0,751,209.73,4191.0,34786.2,254,120.93,
118,0,754,210.25,3670.1,34265.9,254,120.93,
118,0,752,209.73,4190.8,34786.8,256,119.98,
118,0,757,210.78,3666.4,34262.7,251,122.39,
118,0,755,210.25,4194.0,34790.0,255,120.46,
118,0,758,210.78,3666.7,34262.8,254,120.93,
118,0,756,210.25,4192.6,34789.8,251,122.39,
118,0,761,211.30,3670.8,34259.8,253,121.38,
118,0,762,211.30,3670.2,34259.8,254,120.91,
118,0,759,210.78,4192.0,34781.8,249,123.35,
118,0,760,210.78,4192.0,34781.7,251,122.36,
118,0,765,211.82,3669.7,34258.7,254,120.90,
118,0,766,211.82,3669.7,34258.9,253,121.39,
118,0,763,211.30,4192.7,34785.9,253,121.40,
118,0,764,211.30,4192.9,34788.3,254,120.93,
118,0,769,212.34,3674.6,34260.3,254,120.89,
118,0,767,211.82,4197.1,34782.9,256,119.94,
118,0,770,212.35,3673.5,34260.1,256,119.95,
118,0,768,211.83,4196.7,34782.7,255,120.42,
118,0,773,212.87,3672.2,34258.2,253,121.37,
118,0,774,212.87,3671.9,34258.2,255,120.42,
118,0,771,212.35,4198.7,34785.0,254,120.89,
118,0,772,212.35,4198.8,34785.0,255,120.42,
118,0,777,213.40,3675.0,34258.3,249,123.32,
118,0,775,212.88,4199.3,34782.2,256,119.93,
118,0,776,212.88,4199.2,34782.3,253,121.36,
118,0,778,213.40,4201.0,34787.1,254,120.89,
118,0,779,213.40,4201.1,35828.8,255,124.52,
118,0,780,213.92,3680.4,38804.9,254,138.83,
118,0,781,213.92,3680.0,39464.9,248,144.88,
118,0,782,213.92,4209.8,40266.1,254,142.51,
118,0,783,213.92,4212.4,41201.2,254,146.20,
118,0,784,214.44,3684.5,41341.8,253,149.43,
118,0,785,214.44,3685.9,42002.4,253,152.05,
118,0,786,214.44,3811.7,42677.9,249,156.72,
118,0,787,218.26,313.7,40089.4,256,155.98,
118,0,788,219.18,322.5,40467.9,256,157.43,
118,0,789,220.32,321.1,41198.1,255,160.93,
118,0,790,221.33,321.5,41864.1,253,164.85,
118,0,791,222.61,325.2,42303.9,255,165.27,
118,0,792,224.25,326.1,42786.2,255,167.17,
118,0,793,225.98,329.6,43379.5,254,170.16,
118,0,797,232.54,6209.8,37211.8,254,122.54,
118,0,795,228.62,10126.2,41128.2,253,123.02,
118,0,796,230.28,8471.5,39472.8,255,122.05,
118,0,794,226.95,11808.0,42807.7,254,122.53,
118,0,799,235.52,3751.0,34298.2,254,120.74,
118,0,800,235.52,3751.0,34298.2,255,120.26,
118,0,798,234.67,4603.6,35148.8,254,120.73,
118,0,801,235.52,3753.8,34298.0,251,122.18,
118,0,803,235.59,4207.6,34752.3,251,122.18,
118,0,804,235.59,4207.5,34752.3,254,120.73,
118,0,805,235.59,4208.1,34752.3,253,121.21,
118,0,802,235.52,4278.3,34820.1,253,121.20,
118,0,807,236.11,4204.0,34753.1,252,121.71,
118,0,808,236.11,4203.3,34753.1,255,120.27,
118,0,806,235.59,4733.9,35279.9,252,121.70,
118,0,811,236.65,4195.9,34744.6,253,121.22,
118,0,812,236.65,4195.0,34744.9,250,122.69,
118,0,809,236.12,4730.4,35279.2,252,121.71,
118,0,810,236.12,4729.0,35279.2,256,119.80,
118,0,813,236.65,4719.9,35273.8,254,120.77,
118,0,815,237.17,4198.5,34752.9,253,121.25,
118,0,816,237.17,4198.0,34752.8,254,120.77,
118,0,814,236.65,4719.7,35275.1,252,121.73,
118,0,818,237.70,4194.7,34749.8,253,121.25,
118,0,819,237.70,4194.5,34749.1,254,120.77,
118,0,820,237.70,4193.5,34748.3,254,120.77,
118,0,817,237.17,4721.0,35276.1,255,120.30,
118,0,822,238.22,4194.2,34753.2,256,119.84,
118,0,823,238.22,4193.3,34752.6,253,121.27,
118,0,824,238.22,4192.9,34752.4,253,121.27,
118,0,821,237.70,4716.5,35276.4,254,120.79,
118,0,826,238.75,4196.8,34753.9,256,119.83,
118,0,827,238.75,4197.7,34753.9,254,120.78,
118,0,828,238.75,4198.6,34752.5,254,120.77,
118,0,825,238.23,4724.0,35277.0,255,120.29,
118,0,830,239.27,4198.6,34759.1,255,120.32,
118,0,831,239.27,4197.9,34759.5,253,121.28,
118,0,832,239.27,4197.0,34758.9,255,120.32,
118,0,829,238.75,4717.6,35279.4,254,120.80,
118,0,834,239.79,4198.8,34765.0,254,120.82,
118,0,835,239.80,4200.4,34763.5,254,120.80,
118,0,833,239.27,4723.5,35286.7,254,120.80,
118,0,836,239.80,4200.3,34762.8,253,121.28,
118,0,838,240.32,4196.5,34764.1,254,120.82,
118,0,839,240.32,4195.8,34763.3,255,120.34,
118,0,840,240.32,4195.3,34763.0,256,119.87,
118,0,837,239.80,4718.8,35286.8,253,121.30,
118,0,842,240.84,4196.0,34763.6,251,122.27,
118,0,843,240.84,4195.7,34763.7,254,120.82,
118,0,844,240.85,4195.8,34763.3,255,120.34,
118,0,841,240.32,4718.4,35286.5,254,120.82,
118,0,846,241.37,4191.2,34763.0,256,119.89,
118,0,847,241.37,4191.1,34762.9,254,120.84,
118,0,848,241.37,4190.9,34762.9,255,120.36,
118,0,845,240.85,4715.3,35287.3,253,121.32,
118,0,850,241.89,4190.6,34766.2,254,120.85,
118,0,851,241.89,4192.8,34765.8,256,119.89,
118,0,849,241.37,4718.6,35289.7,254,120.83,
118,0,854,242.41,4191.1,34764.8,253,121.32,
118,0,855,242.42,4191.5,34765.3,249,123.28,
118,0,852,241.89,4714.5,35288.5,254,120.85,
118,0,853,241.89,4714.0,35288.4,252,121.81,
118,0,857,242.94,4187.6,34762.6,253,121.33,
118,0,858,242.95,4185.7,34761.4,251,122.30,
118,0,856,242.42,4715.4,35291.3,252,121.82,
118,0,859,242.95,4184.4,34760.2,254,120.85,
118,0,861,243.47,4188.7,34762.8,253,121.33,
118,0,862,243.47,4189.0,34762.9,254,120.85,
118,0,863,243.47,4188.2,34762.9,251,122.30,
118,0,860,242.95,4706.9,35281.9,256,119.90,
118,0,865,243.99,4194.2,34764.9,256,119.89,
118,0,866,243.99,4192.6,34764.0,250,122.78,
118,0,867,244.00,4189.6,34761.1,252,121.80,
118,0,864,243.47,4717.0,35288.8,252,121.80,
118,0,869,244.51,4190.5,34768.0,254,120.86,
118,0,870,244.52,4190.6,34768.1,252,121.82,
118,0,871,244.52,4189.9,34767.7,253,121.34,
118,0,868,244.00,4707.9,35286.4,254,120.86,
118,0,873,245.04,4187.4,34768.3,254,120.87,
118,0,874,245.04,4187.6,34768.3,254,120.87,
118,0,875,245.04,4187.5,34768.3,255,120.40,
118,0,872,244.52,4712.0,35293.0,253,121.35,
118,0,877,245.56,4196.8,34771.4,253,121.33,
118,0,878,245.56,4196.4,34771.7,253,121.33,
118,0,879,245.56,4196.0,34770.7,255,120.37,
118,0,876,245.04,4714.2,35290.3,254,120.85,
118,0,881,246.08,4204.9,34776.9,254,120.84,
118,0,882,246.08,4204.6,34776.7,254,120.84,
118,0,883,246.09,4200.8,34773.3,253,121.32,
118,0,880,245.56,4727.4,35299.4,254,120.84,
118,0,885,246.60,4198.8,34769.5,252,121.80,
118,0,886,246.61,4199.1,34769.6,256,119.88,
118,0,884,246.09,4717.4,35287.9,252,121.79,
118,0,889,247.13,4197.3,34772.2,249,123.29,
118,0,890,247.13,4196.9,34772.7,250,122.79,
118,0,887,246.61,4721.9,35298.2,254,120.85,
118,0,888,246.61,4722.5,35298.3,254,120.85,
118,0,891,247.13,4727.1,35294.6,255,120.34,
118,0,892,247.13,4726.9,39246.8,256,135.37,
118,0,893,247.65,4201.6,39387.3,252,140.18,
118,0,894,247.66,4203.0,39974.5,254,141.39,
118,0,895,247.66,4525.0,40980.3,253,144.66,
118,0,896,248.18,3996.3,41322.0,253,148.12,
118,0,897,249.23,2954.0,40806.4,256,148.44,
118,0,898,252.72,320.5,38814.9,254,152.15,
118,0,899,253.38,321.3,39526.8,252,156.20,
118,0,900,254.19,320.4,40173.4,254,157.52,
118,0,901,255.12,320.1,40693.3,253,160.21,
118,0,902,255.78,316.5,41430.3,256,161.23,
118,0,903,256.45,327.9,41875.2,256,162.93,
118,0,904,257.12,322.8,42451.4,253,167.18,
118,0,905,258.35,328.4,43161.3,254,169.30,
118,0,906,259.65,326.9,43512.5,249,174.14,
118,0,909,264.92,8059.8,39290.8,253,123.93,
118,0,910,267.04,5937.4,37168.7,251,124.92,
118,0,907,261.52,11460.9,42692.0,254,123.44,
118,0,908,263.19,9785.8,41017.5,256,122.48,
118,0,912,269.75,3751.4,34523.9,256,120.68,
118,0,913,269.75,3751.0,34523.8,254,121.63,
118,0,914,269.75,3751.0,34523.9,249,124.08,
118,0,911,269.36,4142.0,34915.0,253,122.11,
118,0,916,269.82,4212.4,34986.2,251,123.10,
118,0,917,269.82,4212.5,34987.1,252,122.61,
118,0,918,269.82,4213.3,34989.4,256,120.69,
118,0,915,269.75,4279.1,35057.8,254,121.65,
118,0,920,270.34,4220.0,34990.2,255,121.14,
118,0,921,270.34,4219.7,34990.1,252,122.59,
118,0,922,270.34,4219.4,34990.1,254,121.62,
118,0,919,269.82,4741.8,35512.7,252,122.59,
118,0,924,270.86,4215.8,34990.8,250,123.59,
118,0,925,270.87,4215.0,34990.8,255,121.16,
118,0,926,270.87,4216.3,34990.8,255,121.16,
118,0,923,270.34,4744.5,35518.9,255,121.16,
118,0,927,271.39,4214.5,34991.6,255,121.17,
118,0,928,271.39,4213.5,34991.6,250,123.61,
118,0,929,271.40,4214.9,34991.6,254,121.65,
118,0,931,271.92,4209.0,34985.3,254,121.65,
118,0,932,271.92,4208.5,34985.8,254,121.65,
118,0,933,271.92,4208.1,34985.7,251,123.11,
118,0,930,271.40,4737.0,35515.4,251,123.11,
118,0,935,272.45,4211.2,34990.0,255,121.18,
118,0,936,272.45,4211.2,34990.0,256,120.70,
118,0,934,271.92,4734.5,35513.4,254,121.66,
118,0,937,272.45,4211.0,34990.2,248,124.61,
118,0,939,272.98,4205.8,34985.7,255,121.18,
118,0,940,272.98,4205.4,34985.8,254,121.66,
118,0,938,272.45,4733.7,35514.5,253,122.15,
118,0,941,272.98,4205.2,34986.2,254,121.66,
118,0,943,273.50,4206.0,34986.7,254,121.66,
118,0,944,273.50,4205.4,34986.7,255,121.19,
118,0,945,273.50,4206.2,34986.7,253,122.14,
118,0,942,272.98,4731.7,35512.0,252,122.63,
118,0,947,274.03,4201.6,34985.1,254,121.67,
118,0,948,274.03,4201.3,34984.4,250,123.63,
118,0,949,274.03,4201.0,34984.4,254,121.67,
118,0,946,273.50,4729.2,35512.9,256,120.72,
118,0,951,274.56,4198.8,34985.9,252,122.66,
118,0,952,274.56,4198.3,34986.0,251,123.15,
118,0,953,274.56,4198.0,34986.0,255,121.21,
118,0,950,274.03,4727.0,35514.8,256,120.74,
118,0,955,275.08,4199.7,34986.3,252,122.66,
118,0,956,275.08,4200.3,34986.2,254,121.68,
118,0,957,275.08,4200.0,34986.2,256,120.73,
118,0,954,274.56,4724.2,35510.9,255,121.21,
118,0,959,275.61,4200.7,34988.9,253,122.18,
118,0,960,275.61,4200.3,34989.2,254,121.70,
118,0,961,275.61,4201.1,34991.3,251,123.16,
118,0,958,275.09,4725.0,35516.9,253,122.19,
118,0,963,276.13,4199.9,34984.2,254,121.68,
118,0,964,276.13,4199.1,34984.2,248,124.64,
118,0,965,276.13,4198.8,34984.2,253,122.16,
118,0,962,275.61,4722.2,35507.9,253,122.17,
118,0,967,276.66,4201.1,34986.2,254,121.68,
118,0,968,276.66,4200.9,34986.5,255,121.20,
118,0,969,276.66,4200.5,34986.2,256,120.73,
118,0,966,276.13,4727.4,35513.3,253,122.17,
118,0,970,277.18,4195.9,34984.2,251,123.15,
118,0,971,277.18,4195.8,34984.4,254,121.69,
118,0,972,277.18,4195.2,34984.4,256,120.74,
118,0,974,277.71,4197.6,34983.8,255,121.21,
118,0,975,277.71,4196.7,34983.8,254,121.69,
118,0,976,277.71,4197.6,34983.8,254,121.68,
118,0,973,277.18,4723.9,35510.2,255,121.21,
118,0,978,278.23,4196.7,34984.4,251,123.15,
118,0,979,278.23,4196.2,34984.4,253,122.18,
118,0,977,277.71,4718.7,35507.4,252,122.66,
118,0,980,278.23,4195.7,34984.7,253,122.18,
118,0,982,278.75,4196.4,34979.9,255,121.19,
118,0,983,278.76,4195.6,34979.8,252,122.65,
118,0,984,278.76,4195.4,34979.8,250,123.63,
118,0,981,278.23,4721.1,35505.7,256,120.72,
118,0,986,279.28,4193.5,34980.2,254,121.69,
118,0,987,279.28,4193.2,34980.2,255,121.21,
118,0,988,279.28,4192.9,34980.2,253,122.17,
118,0,985,278.76,4718.9,35506.6,255,121.21,
118,0,990,279.81,4193.8,34977.8,252,122.65,
118,0,991,279.81,4193.5,34978.0,253,122.16,
118,0,992,279.81,4193.7,34978.1,255,121.20,
118,0,989,279.29,4718.5,35503.1,232,131.00,
118,0,994,280.33,4196.6,34978.6,254,121.67,
118,0,995,280.33,4195.8,34978.2,255,121.19,
118,0,993,279.81,4718.5,35500.8,255,121.19,
118,0,996,280.33,4197.0,34979.6,251,123.13,
118,0,998,280.86,4195.9,34975.1,250,123.61,
118,0,999,280.86,4196.0,34975.3,254,121.66,
118,0,1000,280.86,4195.6,34977.1,254,121.67,
118,0,997,280.33,4723.2,35507.4,252,122.65,
118,0,1002,281.37,4203.2,34982.7,254,121.66,
118,0,1003,281.38,4203.2,34982.9,253,122.14,
118,0,1001,280.86,4720.5,35500.3,248,124.61,
118,0,1004,281.38,4203.4,34983.5,255,121.18,
118,0,1005,281.90,4203.2,36026.9,254,125.79,
118,0,1006,281.90,4202.3,39267.2,256,137.51,
118,0,1007,281.91,4202.2,40199.6,255,141.72,
118,0,1008,281.91,4406.8,41135.7,255,144.60,
118,0,1009,282.43,3885.3,41489.5,256,147.47,
118,0,1010,286.38,320.6,38406.1,256,149.35,
118,0,1011,287.04,317.0,39250.6,252,155.11,
118,0,1012,287.63,320.6,39962.0,253,157.31,
118,0,1013,288.64,323.8,40916.1,253,161.08,
118,0,1014,289.51,321.3,41651.7,255,162.72,
118,0,1015,290.03,320.9,42165.6,253,166.05,
118,0,1016,291.54,321.7,42933.2,254,168.42,
118,0,1017,292.91,327.3,43221.5,255,168.87,
118,0,1018,294.36,327.4,43558.8,256,169.53,
118,0,1019,295.82,11094.9,42491.2,255,123.61,
118,0,1020,297.21,10222.8,41158.9,253,122.76,
118,0,1021,298.32,9116.7,40053.3,251,123.75,
118,0,1022,299.57,7865.2,38801.5,253,122.76,
118,0,1023,301.51,5929.8,36866.3,256,121.32,
118,0,1025,304.21,3754.0,34416.8,256,120.25,
118,0,1026,304.21,3754.5,34416.6,253,121.67,
118,0,1024,303.16,4802.2,35464.2,251,122.65,
118,0,1027,304.21,3754.9,34416.7,254,121.19,
118,0,1029,304.27,4214.3,34879.5,254,121.21,
118,0,1030,304.27,4213.8,34879.5,253,121.69,
118,0,1031,304.28,4213.8,34879.8,255,120.73,
118,0,1028,304.21,4280.7,34946.5,256,120.26,
118,0,1033,304.80,4211.1,34879.0,255,120.74,
118,0,1034,304.80,4209.9,34878.1,255,120.74,
118,0,1035,304.81,4208.3,34875.9,255,120.74,
118,0,1032,304.28,4739.9,35407.1,251,122.67,
118,0,1037,305.33,4215.8,34882.7,256,120.26,
118,0,1038,305.33,4215.5,34883.5,253,121.70,
118,0,1039,305.33,4215.3,34884.0,256,120.27,
118,0,1036,304.81,4736.2,35406.0,254,121.22,
118,0,1041,305.86,4211.4,34881.0,255,120.75,
118,0,1042,305.86,4210.5,34880.6,254,121.23,
118,0,1040,305.33,4740.0,35408.8,253,121.70,
118,0,1043,305.86,4212.0,34880.7,255,120.74,
118,0,1045,306.38,4209.9,34879.3,255,120.75,
118,0,1046,306.38,4209.9,34879.4,256,120.27,
118,0,1047,306.39,4216.1,34879.4,249,123.64,
118,0,1044,305.86,4743.5,35406.4,254,121.20,
118,0,1048,306.91,4208.0,34876.6,254,121.22,
118,0,1049,306.91,4206.9,34875.9,256,120.27,
118,0,1050,306.91,4206.6,34875.8,255,120.74,
118,0,1051,306.91,4205.9,34875.7,255,120.75,
118,0,1052,307.44,4207.1,34876.8,252,122.19,
118,0,1053,307.44,4207.7,34877.7,254,121.23,
118,0,1054,307.44,4207.5,34878.3,255,120.75,
118,0,1056,307.96,4204.4,34872.7,255,120.74,
118,0,1057,307.96,4204.0,34872.8,254,121.22,
118,0,1055,307.44,4728.2,35397.3,255,120.74,
118,0,1058,307.96,4203.7,34873.1,254,121.22,
118,0,1060,308.49,4203.1,34870.7,256,120.27,
118,0,1061,308.49,4202.5,34870.7,251,122.67,
118,0,1059,307.96,4729.4,35396.8,255,120.74,
118,0,1062,308.49,4203.4,34871.0,251,122.67,
118,0,1064,309.01,4200.9,34875.3,254,121.24,
118,0,1065,309.01,4201.4,34875.9,252,122.21,
118,0,1066,309.02,4201.0,34875.9,254,121.24,
118,0,1063,308.49,4727.2,35402.1,255,120.77,
118,0,1068,309.54,4192.7,34864.3,254,121.23,
118,0,1067,309.02,4721.9,35394.1,255,120.76,
118,0,1069,309.55,4192.2,34864.7,251,122.69,
118,0,1070,309.55,4191.9,34864.6,255,120.76,
118,0,1072,310.07,4193.5,34862.6,254,121.22,
118,0,1073,310.07,4194.3,34861.8,254,121.22,
118,0,1074,310.07,4194.0,34861.8,253,121.70,
118,0,1071,309.55,4718.8,35386.9,255,120.74,
118,0,1076,310.60,4190.1,34860.3,252,122.19,
118,0,1077,310.60,4189.5,34860.1,254,121.23,
118,0,1078,310.60,4187.8,34858.0,254,121.23,
118,0,1075,310.07,4716.7,35387.7,254,121.23,
118,0,1080,311.11,4193.9,34868.9,254,121.25,
118,0,1081,311.12,4194.0,34869.0,253,121.73,
118,0,1082,311.12,4193.8,34869.0,254,121.25,
118,0,1079,310.60,4709.2,35384.2,253,121.73,
118,0,1084,311.64,4190.1,34864.6,254,121.24,
118,0,1085,311.65,4191.2,34866.9,256,120.30,
118,0,1086,311.65,4192.4,34869.4,255,120.78,
118,0,1083,311.12,4721.4,35398.9,254,121.25,
118,0,1088,312.16,4194.0,34863.8,253,121.71,
118,0,1089,312.17,4193.6,34863.7,255,120.75,
118,0,1090,312.17,4193.9,34863.6,254,121.22,
118,0,1087,311.65,4714.4,35384.3,255,120.75,
118,0,1091,312.69,4195.3,34868.0,255,120.76,
118,0,1092,312.69,4194.6,34867.8,254,121.24,
118,0,1093,312.69,4194.4,34867.8,254,121.24,
118,0,1094,312.69,4194.3,34867.9,254,121.24,
118,0,1095,313.21,4195.3,34863.7,255,120.74,
118,0,1096,313.21,4195.0,34863.7,255,120.74,
118,0,1097,313.22,4194.2,34863.7,254,121.22,
118,0,1099,313.73,4194.6,34867.8,251,122.69,
118,0,1100,313.74,4194.6,34867.8,252,122.20,
118,0,1101,313.74,4194.4,34867.8,255,120.76,
118,0,1098,313.22,4715.4,35389.1,254,121.24,
118,0,1103,314.26,4196.8,34867.4,255,120.75,
118,0,1104,314.26,4196.6,34868.3,255,120.75,
118,0,1105,314.26,4196.3,34868.7,252,122.20,
118,0,1102,313.74,4723.1,35396.0,254,121.24,
118,0,1107,314.78,4197.4,34864.5,256,120.26,
118,0,1108,314.79,4197.0,34866.1,252,122.19,
118,0,1109,314.79,4197.2,34866.3,253,121.70,
118,0,1106,314.26,4720.1,35389.9,250,123.17,
118,0,1111,315.31,4201.3,34865.8,253,121.68,
118,0,1112,315.31,4200.9,34866.4,251,122.66,
118,0,1113,315.31,4201.1,34867.9,255,120.74,
118,0,1110,314.79,4723.8,35391.6,254,121.22,
118,0,1115,315.83,4202.5,34865.0,254,121.20,
118,0,1116,315.83,4202.5,34865.2,255,120.72,
118,0,1114,315.31,4727.4,35389.2,252,122.16,
118,0,1117,315.84,4200.4,38542.1,254,135.74,
118,0,1118,315.84,4722.8,39900.4,253,139.59,
118,0,1119,316.36,4203.1,40177.9,256,141.08,
118,0,1120,316.36,4202.6,41046.2,249,148.56,
118,0,1121,316.36,4202.4,41851.9,253,149.40,
118,0,1122,316.36,4477.8,42862.3,249,154.78,
118,0,1123,317.93,2906.5,41890.3,254,154.09,
118,1,706,205.84,3679.9,34335.2,255,120.69,
118,1,707,205.84,3680.1,34335.2,253,121.65,
118,1,704,205.31,4208.3,34863.6,253,121.65,
118,1,705,205.32,4208.0,34863.5,253,121.65,
118,1,710,206.37,3672.4,34329.7,253,121.66,
118,1,708,205.84,4208.1,34862.7,256,120.21,
118,1,711,206.37,3677.0,34331.8,254,121.17,
118,1,709,205.84,4208.7,34863.7,253,121.65,
118,1,714,206.90,3671.9,34329.0,254,121.17,
118,1,715,206.90,3671.9,34329.1,255,120.70,
118,1,712,206.37,4197.7,34856.4,253,121.66,
118,1,713,206.37,4197.9,34857.1,252,122.15,
118,1,718,207.42,3674.4,34337.8,250,123.15,
118,1,719,207.42,3674.0,34336.7,254,121.20,
118,1,716,206.90,4199.9,34862.6,254,121.20,
118,1,717,206.90,4199.6,34862.6,255,120.72,
118,1,722,207.95,3668.0,34337.5,254,121.22,
118,1,723,207.95,3667.5,34337.4,254,121.22,
118,1,720,207.43,4190.1,34859.8,255,120.75,
118,1,721,207.43,4187.5,34857.0,254,121.22,
118,1,726,208.47,3676.7,34337.3,256,120.24,
118,1,727,208.47,3676.6,34335.6,252,122.15,
118,1,724,207.95,4201.1,34859.9,253,121.66,
118,1,725,207.95,4201.6,34857.8,255,120.69,
118,1,730,209.00,3673.6,34339.4,252,122.17,
118,1,731,209.00,3674.0,34340.2,253,121.69,
118,1,728,208.48,4195.2,34861.5,252,122.18,
118,1,729,208.48,4194.7,34861.2,254,121.21,
118,1,734,209.52,3679.0,34341.8,255,120.72,
118,1,735,209.52,3679.7,34342.4,248,124.14,
118,1,732,209.00,4203.5,34866.5,253,121.68,
118,1,733,209.00,4203.3,34866.6,254,121.20,
118,1,737,210.05,3674.3,34340.6,252,122.18,
118,1,738,210.05,3672.7,34339.3,249,123.66,
118,1,736,209.52,4200.2,34866.8,256,120.26,
118,1,741,210.57,3678.2,34345.0,253,121.69,
118,1,742,210.57,3677.0,34345.1,256,120.27,
118,1,739,210.05,4199.5,34868.6,256,120.27,
118,1,740,210.06,4195.1,34867.2,253,121.71,
118,1,746,211.10,3678.7,34337.2,251,122.63,
118,1,743,210.57,4205.5,34864.5,254,121.18,
118,1,744,210.57,4205.2,34864.5,255,120.71,
118,1,745,211.10,3679.1,34342.0,252,122.16,
118,1,749,211.62,3687.9,34346.1,255,120.70,
118,1,747,211.10,4206.6,34865.3,252,122.15,
118,1,748,211.10,4206.8,34865.4,254,121.18,
118,1,750,211.62,3688.1,34346.9,252,122.15,
118,1,753,212.15,3678.2,34337.9,252,122.15,
118,1,754,212.15,3677.3,34337.5,253,121.67,
118,1,751,211.62,4210.5,34870.8,249,123.63,
118,1,752,211.62,4210.6,34870.6,253,121.67,
118,1,757,212.67,3683.7,34337.6,252,122.13,
118,1,758,212.67,3682.9,34337.3,256,120.21,
118,1,755,212.15,4202.1,34856.4,252,122.13,
118,1,756,212.15,4200.2,34854.9,252,122.13,
118,1,761,213.20,3672.9,34334.4,252,122.16,
118,1,762,213.20,3673.0,34334.4,254,121.19,
118,1,759,212.67,4204.9,34864.3,254,121.18,
118,1,760,212.67,4205.0,34864.3,254,121.18,
118,1,765,213.72,3679.2,34342.5,252,122.16,
118,1,766,213.72,3678.8,34342.4,255,120.72,
118,1,763,213.20,4199.7,34863.2,256,120.25,
118,1,764,213.20,4199.5,34863.2,251,122.65,
118,1,769,214.25,3680.5,34337.9,255,120.70,
118,1,767,213.72,4207.0,34864.8,253,121.66,
118,1,770,214.25,3679.9,34338.1,253,121.66,
118,1,768,213.72,4206.4,34864.8,254,121.18,
118,1,773,214.77,3678.0,34329.2,253,121.63,
118,1,774,214.78,3677.6,34329.3,254,121.15,
118,1,771,214.25,4205.4,34857.1,256,120.20,
118,1,772,214.25,4205.1,34857.1,255,120.68,
118,1,777,215.30,3676.2,34330.4,250,123.11,
118,1,775,214.78,4203.7,34858.0,255,120.69,
118,1,776,214.78,4203.4,34858.1,253,121.65,
118,1,778,215.30,4206.9,34850.9,254,121.12,
118,1,779,215.31,4206.9,35901.7,252,126.27,
118,1,780,215.83,3684.6,38743.8,253,139.12,
118,1,781,215.83,3684.3,39542.1,254,141.73,
118,1,782,215.83,4214.3,40346.6,254,142.82,
118,1,783,215.83,4214.2,41219.4,254,146.27,
118,1,784,216.35,3688.4,41432.0,254,149.18,
118,1,785,216.36,3688.6,42101.6,255,151.23,
118,1,786,216.87,3295.7,42247.8,254,153.96,
118,1,787,220.24,320.2,40183.9,254,157.56,
118,1,788,221.03,325.2,40557.7,254,159.02,
118,1,789,222.17,324.5,41365.1,253,162.86,
118,1,790,223.25,323.8,41970.5,254,164.61,
118,1,791,224.54,320.0,42408.1,254,166.36,
118,1,792,226.11,330.3,42955.7,256,167.16,
118,1,793,227.92,328.5,43482.3,255,169.90,
118,1,795,230.56,10141.0,41221.8,254,122.85,
118,1,796,232.22,8482.9,39563.3,255,122.36,
118,1,794,228.95,11752.4,42831.8,256,121.88,
118,1,797,234.43,6278.1,37356.7,255,122.36,
118,1,799,237.46,3763.4,34387.5,254,121.04,
118,1,798,236.48,4744.3,35368.4,253,121.52,
118,1,800,237.46,3763.9,34387.6,254,121.04,
118,1,801,237.46,3764.2,34387.5,254,121.04,
118,1,803,237.53,4231.7,34852.6,254,121.03,
118,1,802,237.47,4296.0,34917.3,253,121.51,
118,1,804,237.53,4231.6,34852.9,254,121.03,
118,1,805,237.53,4231.2,34852.8,254,121.03,
118,1,807,238.06,4228.1,34847.2,254,121.02,
118,1,808,238.06,4226.7,34846.4,256,120.08,
118,1,806,237.53,4756.9,35375.7,254,121.02,
118,1,811,238.59,4222.6,34845.2,254,121.04,
118,1,812,238.59,4222.5,34845.2,253,121.52,
118,1,809,238.06,4751.5,35373.5,254,121.04,
118,1,810,238.06,4751.6,35373.5,254,121.04,
118,1,815,239.12,4220.2,34844.4,249,123.48,
118,1,813,238.59,4749.7,35373.1,255,120.56,
118,1,816,239.12,4220.3,34843.9,254,121.04,
118,1,814,238.59,4749.4,35373.2,252,122.01,
118,1,818,239.65,4209.7,34832.5,254,121.04,
118,1,819,239.65,4209.4,34832.9,256,120.09,
118,1,820,239.65,4209.6,34832.6,254,121.04,
118,1,817,239.12,4746.6,35369.9,256,120.09,
118,1,822,240.18,4210.7,34841.1,255,120.59,
118,1,823,240.18,4210.4,34841.5,254,121.07,
118,1,824,240.18,4211.1,34841.4,255,120.59,
118,1,821,239.66,4734.2,35364.3,254,121.07,
118,1,826,240.70,4211.4,34836.0,254,121.05,
118,1,827,240.70,4214.0,34834.7,256,120.08,
118,1,828,240.71,4213.8,34834.2,255,120.55,
118,1,825,240.18,4743.7,35362.2,254,121.02,
118,1,830,241.23,4208.0,34837.8,251,122.52,
118,1,831,241.23,4207.8,34837.5,254,121.07,
118,1,832,241.23,4205.8,34835.9,249,123.51,
118,1,829,240.71,4729.8,35360.2,253,121.55,
118,1,834,241.76,4201.6,34834.8,254,121.08,
118,1,835,241.76,4201.8,34835.7,252,122.05,
118,1,836,241.76,4202.7,34839.4,253,121.57,
118,1,833,241.23,4733.2,35370.5,255,120.62,
118,1,838,242.29,4201.7,34831.3,252,122.03,
118,1,839,242.29,4201.3,34831.3,255,120.59,
118,1,840,242.29,4201.2,34831.3,255,120.59,
118,1,837,241.76,4726.6,35357.7,251,122.52,
118,1,842,242.81,4198.3,34832.8,256,120.13,
118,1,843,242.81,4197.8,34832.9,256,120.14,
118,1,844,242.81,4197.8,34832.8,254,121.09,
118,1,841,242.29,4721.5,35356.0,253,121.57,
118,1,846,243.34,4198.0,34832.0,253,121.56,
118,1,847,243.34,4198.1,34832.0,255,120.61,
118,1,848,243.34,4198.1,34832.1,256,120.13,
118,1,845,242.81,4725.1,35358.7,252,122.05,
118,1,850,243.86,4200.7,34829.2,256,120.11,
118,1,851,243.86,4200.1,34829.2,254,121.06,
118,1,849,243.34,4726.6,35355.5,251,122.52,
118,1,854,244.39,4199.2,34827.0,254,121.06,
118,1,855,244.39,4199.0,34827.1,256,120.11,
118,1,852,243.86,4722.9,35351.3,255,120.58,
118,1,853,243.87,4723.3,35351.4,252,122.02,
118,1,857,244.91,4190.7,34827.4,249,123.53,
118,1,858,244.92,4189.4,34827.0,251,122.55,
118,1,859,244.92,4188.3,34825.3,254,121.09,
118,1,856,244.39,4718.3,35355.5,254,121.10,
118,1,861,245.43,4199.5,34829.5,256,120.12,
118,1,862,245.44,4199.0,34829.4,255,120.59,
118,1,863,245.44,4198.7,34829.4,253,121.55,
118,1,860,244.92,4714.0,35344.8,252,122.04,
118,1,865,245.96,4192.6,34829.1,252,122.06,
118,1,866,245.96,4192.2,34828.7,255,120.62,
118,1,867,245.96,4192.3,34828.7,250,123.04,
118,1,864,245.44,4715.8,35355.8,256,120.16,
118,1,869,246.49,4194.0,34827.9,249,123.52,
118,1,870,246.49,4193.6,34827.7,256,120.13,
118,1,868,245.96,4717.5,35351.8,254,121.08,
118,1,871,246.49,4193.4,34827.8,254,121.08,
118,1,873,247.01,4198.9,34831.1,253,121.56,
118,1,874,247.01,4198.7,34830.9,256,120.13,
118,1,875,247.01,4198.4,34830.8,255,120.60,
118,1,872,246.49,4718.9,35351.2,249,123.52,
118,1,877,247.53,4199.2,34829.8,253,121.55,
118,1,878,247.53,4198.9,34829.7,256,120.12,
118,1,879,247.54,4198.9,34829.9,253,121.55,
118,1,876,247.01,4725.7,35356.9,252,122.04,
118,1,881,248.06,4195.5,34830.8,254,121.09,
118,1,882,248.06,4195.2,34831.2,253,121.57,
118,1,880,247.54,4724.0,35359.8,253,121.57,
118,1,883,248.07,4195.4,34831.3,253,121.57,
118,1,885,248.58,4199.3,34822.9,255,120.57,
118,1,886,248.59,4199.4,34822.5,256,120.09,
118,1,884,248.07,4721.6,35344.8,254,121.04,
118,1,889,249.10,4204.5,34828.5,253,121.52,
118,1,890,249.10,4204.1,34829.0,252,122.01,
118,1,887,248.59,4723.8,35351.7,255,120.58,
118,1,888,248.59,4723.6,35352.9,255,120.59,
118,1,891,249.11,4733.1,35350.9,256,120.07,
118,1,892,249.11,4732.9,39309.4,251,138.31,
118,1,893,249.63,4204.1,39440.7,254,139.27,
118,1,894,249.64,4204.2,40038.7,253,142.20,
118,1,895,249.64,4531.2,41042.3,252,145.46,
118,1,896,250.16,4010.5,41398.5,254,147.78,
118,1,897,251.21,2959.7,40874.0,255,149.27,
118,1,898,254.57,322.0,38874.5,250,154.83,
118,1,899,255.37,325.3,39585.3,252,156.41,
118,1,900,256.18,321.7,40229.4,254,157.74,
118,1,901,257.05,323.0,40742.8,255,159.13,
118,1,902,257.78,324.0,41585.8,253,163.74,
118,1,903,258.46,323.2,42032.2,255,164.21,
118,1,904,259.12,326.2,42616.1,255,166.50,
118,1,905,260.42,325.2,43330.4,253,170.66,
118,1,906,261.59,330.3,43687.4,254,171.37,
118,1,909,266.95,8069.2,39440.6,253,124.49,
118,1,910,269.07,5950.9,37323.3,254,124.00,
118,1,907,263.54,11479.2,42851.3,256,123.03,
118,1,908,265.22,9799.1,41171.4,254,124.00,
118,1,912,271.78,3754.1,34674.0,254,122.21,
118,1,913,271.78,3754.5,34674.2,254,122.21,
118,1,911,271.40,4138.8,35058.3,253,122.70,
118,1,914,271.79,3754.2,34674.1,253,122.70,
118,1,916,271.85,4213.7,35132.5,255,121.73,
118,1,917,271.85,4213.5,35133.3,253,122.70,
118,1,918,271.85,4213.5,35132.8,254,122.21,
118,1,915,271.79,4280.9,35200.1,253,122.70,
118,1,919,271.85,4745.8,35659.4,250,124.15,
118,1,921,272.38,4217.4,35129.1,254,122.18,
118,1,920,272.38,4217.6,35129.8,255,121.70,
118,1,922,272.38,4218.3,35129.5,255,121.70,
118,1,924,272.90,4212.2,35133.3,253,122.70,
118,1,925,272.90,4212.4,35133.2,250,124.18,
118,1,923,272.38,4736.1,35655.8,256,121.25,
118,1,926,272.91,4213.2,35132.9,255,121.73,
118,1,927,273.43,4210.0,35135.2,254,122.23,
118,1,928,273.43,4210.1,35135.1,256,121.27,
118,1,929,273.43,4210.9,35135.0,256,121.27,
118,1,931,273.96,4207.8,35132.7,255,121.75,
118,1,932,273.96,4208.7,35133.5,252,123.21,
118,1,933,273.96,4208.5,35133.6,254,122.23,
118,1,930,273.43,4736.5,35661.7,254,122.23,
118,1,935,274.48,4206.3,35140.8,256,121.31,
118,1,936,274.49,4205.7,35140.6,252,123.25,
118,1,934,273.96,4731.7,35667.4,255,121.79,
118,1,937,274.49,4206.2,35142.5,255,121.80,
118,1,939,275.02,4196.2,35130.6,254,122.27,
118,1,940,275.02,4195.9,35130.8,255,121.79,
118,1,938,274.49,4728.0,35662.6,254,122.27,
118,1,941,275.02,4196.8,35131.4,254,122.27,
118,1,943,275.54,4204.0,35135.3,256,121.30,
118,1,944,275.54,4204.5,35135.6,249,124.72,
118,1,945,275.54,4204.4,35135.7,254,122.26,
118,1,942,275.02,4725.2,35656.5,254,122.26,
118,1,947,276.06,4199.7,35135.1,252,123.25,
118,1,948,276.06,4199.8,35135.5,255,121.79,
118,1,949,276.07,4199.4,35136.9,248,125.25,
118,1,946,275.54,4726.7,35664.8,255,121.80,
118,1,951,276.59,4196.2,35126.6,254,122.25,
118,1,952,276.60,4195.1,35126.0,252,123.23,
118,1,950,276.07,4726.4,35658.8,254,122.26,
118,1,953,276.60,4191.9,35124.8,256,121.31,
118,1,955,277.12,4198.0,35129.9,254,122.26,
118,1,956,277.12,4197.6,35129.9,254,122.26,
118,1,957,277.12,4198.0,35129.7,253,122.74,
118,1,954,276.60,4715.0,35647.4,253,122.75,
118,1,959,277.64,4196.6,35132.6,253,122.76,
118,1,960,277.64,4195.9,35133.7,250,124.25,
118,1,961,277.64,4195.8,35134.2,256,121.33,
118,1,958,277.12,4720.4,35661.0,252,123.27,
118,1,963,278.17,4196.5,35124.3,255,121.76,
118,1,964,278.17,4195.8,35124.2,256,121.29,
118,1,965,278.17,4195.5,35124.0,249,124.71,
118,1,962,277.65,4722.0,35650.4,254,122.25,
118,1,967,278.69,4202.8,35133.6,254,122.26,
118,1,968,278.69,4201.8,35134.6,253,122.75,
118,1,969,278.69,4202.2,35135.3,256,121.31,
118,1,966,278.17,4726.0,35659.9,254,122.27,
118,1,970,279.21,4194.9,35130.3,251,123.74,
118,1,971,279.21,4194.5,35130.3,251,123.74,
118,1,972,279.22,4194.1,35130.3,254,122.28,
118,1,974,279.74,4192.5,35131.8,252,123.26,
118,1,975,279.74,4192.5,35132.2,252,123.27,
118,1,976,279.74,4193.9,35133.9,253,122.78,
118,1,973,279.22,4723.9,35664.1,253,122.78,
118,1,978,280.26,4192.1,35132.2,251,123.76,
118,1,977,279.74,4713.6,35654.0,254,122.29,
118,1,979,280.27,4191.9,35132.6,254,122.30,
118,1,980,280.27,4191.5,35132.6,252,123.27,
118,1,982,280.79,4188.6,35130.0,256,121.34,
118,1,983,280.79,4188.2,35130.4,254,122.30,
118,1,984,280.79,4188.0,35130.4,250,124.27,
118,1,981,280.27,4714.1,35656.5,252,123.28,
118,1,986,281.31,4192.6,35130.7,253,122.77,
118,1,987,281.32,4192.5,35131.0,254,122.29,
118,1,988,281.32,4192.3,35131.1,253,122.77,
118,1,985,280.79,4712.4,35654.6,255,121.82,
118,1,990,281.84,4194.7,35131.1,253,122.76,
118,1,991,281.84,4194.9,35131.1,256,121.32,
118,1,989,281.32,4718.1,35654.5,255,121.80,
118,1,992,281.84,4194.7,35131.4,253,122.76,
118,1,994,282.36,4193.6,35128.8,254,122.27,
118,1,995,282.36,4193.3,35129.6,256,121.32,
118,1,996,282.37,4193.3,35129.3,254,122.28,
118,1,993,281.84,4718.8,35655.3,255,121.80,
118,1,998,282.89,4191.4,35128.2,251,123.75,
118,1,999,282.90,4190.6,35127.8,253,122.77,
118,1,997,282.37,4720.3,35657.9,256,121.32,
118,1,1000,282.90,4190.4,35128.2,255,121.80,
118,1,1002,283.41,4205.7,35135.6,255,121.77,
118,1,1003,283.41,4205.9,35136.0,253,122.74,
118,1,1001,282.90,4719.6,35649.9,253,122.74,
118,1,1004,283.41,4205.8,35136.4,255,121.77,
118,1,1005,283.93,4205.8,36180.2,254,126.38,
118,1,1006,283.93,4205.0,39431.2,254,139.23,
118,1,1007,283.94,4201.8,40368.0,254,142.95,
118,1,1008,283.94,4409.8,41373.7,256,144.96,
118,1,1009,284.46,3892.8,41658.5,252,150.46,
118,1,1010,288.42,320.7,38643.1,254,151.47,
118,1,1011,289.07,322.4,39413.4,255,153.90,
118,1,1012,289.68,315.2,40118.4,252,158.58,
118,1,1013,290.68,324.5,41130.9,254,161.29,
118,1,1014,291.55,318.9,41796.1,254,163.94,
118,1,1015,292.08,330.4,42238.4,254,165.64,
118,1,1016,293.44,325.1,43001.7,254,168.68,
118,1,1017,294.95,327.2,43364.9,253,170.78,
118,1,1018,296.40,330.0,43706.5,255,170.77,
118,1,1019,297.79,11304.7,42710.7,254,124.13,
118,1,1020,299.37,10256.8,41194.8,253,122.77,
118,1,1022,301.74,7891.1,38828.7,256,121.32,
118,1,1023,303.75,5881.1,36816.8,252,123.25,
118,1,1021,300.49,9144.5,40080.1,254,122.28,
118,1,1025,306.39,3759.6,34431.7,253,121.71,
118,1,1026,306.39,3758.5,34432.1,256,120.29,
118,1,1027,306.39,3758.9,34433.9,256,120.29,
118,1,1024,305.28,4876.6,35554.8,255,120.78,
118,1,1029,306.46,4215.5,34893.1,254,121.25,
118,1,1030,306.46,4215.9,34894.4,253,121.74,
118,1,1031,306.46,4216.2,34895.6,255,120.78,
118,1,1028,306.39,4284.3,34966.1,254,121.27,
118,1,1033,306.98,4216.4,34889.3,255,120.76,
118,1,1034,306.98,4215.6,34888.7,256,120.29,
118,1,1035,306.98,4216.6,34888.6,253,121.71,
118,1,1032,306.46,4743.9,35414.8,254,121.23,
118,1,1037,307.51,4212.0,34889.4,256,120.30,
118,1,1039,307.51,4212.7,34889.1,255,120.77,
118,1,1038,307.51,4212.9,34889.8,254,121.25,
118,1,1036,306.99,4740.6,35416.3,254,121.25,
118,1,1041,308.04,4209.2,34893.7,256,120.33,
118,1,1042,308.04,4209.1,34893.8,254,121.28,
118,1,1040,307.51,4736.3,35420.9,254,121.28,
118,1,1043,308.04,4210.0,34894.7,255,120.81,
118,1,1045,308.57,4206.9,34889.0,254,121.27,
118,1,1046,308.57,4207.4,34889.1,253,121.75,
118,1,1047,308.57,4211.4,34889.2,256,120.31,
118,1,1044,308.04,4741.8,35418.3,255,120.77,
118,1,1048,309.09,4199.3,34889.8,254,121.31,
118,1,1049,309.09,4199.2,34889.9,253,121.79,
118,1,1050,309.09,4198.9,34889.9,254,121.31,
118,1,1051,309.10,4199.2,34889.9,253,121.79,
118,1,1052,309.63,4198.9,34885.4,254,121.29,
118,1,1053,309.63,4198.5,34885.3,254,121.29,
118,1,1054,309.63,4198.7,34884.3,255,120.81,
118,1,1056,310.15,4195.7,34887.1,251,122.77,
118,1,1057,310.15,4195.4,34887.1,255,120.83,
118,1,1055,309.63,4716.2,35407.4,253,121.79,
118,1,1058,310.15,4195.8,34887.3,255,120.83,
118,1,1060,310.67,4199.3,34886.6,254,121.29,
118,1,1061,310.68,4202.9,34886.6,252,122.25,
118,1,1062,310.68,4203.1,34886.6,254,121.28,
118,1,1059,310.15,4728.9,35411.9,252,122.24,
118,1,1064,311.20,4196.9,34886.6,254,121.30,
118,1,1065,311.20,4196.6,34886.5,254,121.30,
118,1,1066,311.20,4195.0,34886.5,254,121.31,
118,1,1063,310.68,4722.9,35414.8,254,121.31,
118,1,1068,311.72,4199.3,34886.2,254,121.29,
118,1,1069,311.72,4199.2,34886.2,256,120.34,
118,1,1070,311.73,4197.8,34886.3,255,120.82,
118,1,1067,311.21,4718.5,35408.2,255,120.83,
118,1,1072,312.25,4199.1,34886.0,256,120.34,
118,1,1073,312.25,4198.8,34886.0,251,122.75,
118,1,1074,312.25,4198.9,34886.1,256,120.34,
118,1,1071,311.73,4721.4,35409.2,255,120.82,
118,1,1076,312.77,4195.7,34886.2,251,122.76,
118,1,1077,312.78,4193.3,34885.1,255,120.83,
118,1,1078,312.78,4192.8,34884.6,255,120.83,
118,1,1075,312.25,4722.4,35413.6,254,121.31,
118,1,1080,313.29,4201.0,34894.8,254,121.32,
118,1,1081,313.29,4201.2,34895.0,255,120.84,
118,1,1082,313.29,4201.2,34895.1,255,120.84,
118,1,1079,312.78,4714.5,35408.4,255,120.84,
118,1,1084,313.82,4196.7,34886.8,256,120.35,
118,1,1085,313.83,4195.4,34885.8,253,121.79,
118,1,1086,313.83,4194.8,34885.1,254,121.31,
118,1,1083,313.30,4730.0,35419.9,255,120.83,
118,1,1088,314.34,4200.5,34893.9,252,122.28,
118,1,1089,314.35,4200.1,34893.9,253,121.80,
118,1,1090,314.35,4199.8,34893.9,254,121.32,
118,1,1087,313.83,4716.3,35409.8,254,121.32,
118,1,1091,314.87,4194.8,34892.5,256,120.38,
118,1,1092,314.88,4194.2,34892.5,252,122.30,
118,1,1093,314.88,4193.4,34892.5,253,121.82,
118,1,1094,314.88,4192.1,34892.5,254,121.35,
118,1,1095,315.40,4195.0,34894.2,252,122.31,
118,1,1096,315.40,4194.4,34896.0,253,121.83,
118,1,1097,315.40,4194.0,34897.3,254,121.36,
118,1,1099,315.92,4193.0,34891.2,253,121.82,
118,1,1100,315.92,4193.0,34891.3,251,122.79,
118,1,1101,315.92,4193.3,34891.3,254,121.34,
118,1,1098,315.40,4719.2,35415.9,253,121.81,
118,1,1103,316.44,4193.0,34893.0,256,120.39,
118,1,1104,316.45,4192.8,34893.1,255,120.87,
118,1,1105,316.45,4193.3,34893.1,255,120.87,
118,1,1102,315.92,4719.2,35419.4,256,120.39,
118,1,1107,316.97,4196.1,34896.4,253,121.83,
118,1,1108,316.97,4196.2,34897.5,253,121.83,
118,1,1109,316.97,4196.0,34897.8,255,120.87,
118,1,1106,316.45,4716.0,35423.4,253,121.85,
118,1,1111,317.49,4200.9,34899.2,253,121.82,
118,1,1112,317.49,4199.8,34898.4,255,120.86,
118,1,1110,316.97,4724.1,35422.2,253,121.82,
118,1,1113,317.50,4200.1,34898.9,253,121.82,
118,1,1115,318.02,4199.5,34895.6,255,120.85,
118,1,1116,318.02,4199.9,34896.0,250,123.28,
118,1,1114,317.50,4729.5,35424.2,254,121.32,
118,1,1117,318.02,4200.1,38582.6,256,134.83,
118,1,1118,318.02,4727.6,39949.0,251,140.89,
118,1,1119,318.54,4206.1,40226.7,251,144.08,
118,1,1120,318.55,4206.0,41098.5,255,145.25,
118,1,1121,318.55,4205.8,41764.4,251,150.23,
118,2,706,206.07,3692.0,34351.0,255,120.70,
118,2,707,206.07,3691.5,34351.0,253,121.66,
118,2,704,205.54,4221.2,34882.7,256,120.24,
118,2,705,205.54,4220.9,34883.0,256,120.24,
118,2,710,206.60,3688.8,34350.0,250,123.14,
118,2,711,206.60,3688.1,34348.3,251,122.64,
118,2,708,206.07,4217.4,34877.6,254,121.19,
118,2,709,206.07,4217.1,34877.5,255,120.71,
118,2,714,207.12,3689.6,34353.2,251,122.65,
118,2,715,207.12,3689.3,34353.6,254,121.20,
118,2,712,206.60,4212.7,34876.3,254,121.20,
118,2,713,206.60,4210.9,34874.2,253,121.68,
118,2,718,207.65,3686.9,34353.3,255,120.73,
118,2,719,207.65,3687.7,34354.7,250,123.16,
118,2,716,207.12,4217.6,34884.6,253,121.69,
118,2,717,207.12,4217.8,34885.6,253,121.70,
118,2,722,208.18,3679.2,34352.1,256,120.29,
118,2,723,208.18,3680.5,34351.5,251,122.68,
118,2,720,207.65,4211.4,34880.6,252,122.19,
118,2,721,207.65,4211.5,34880.6,251,122.68,
118,2,726,208.70,3686.5,34361.1,255,120.77,
118,2,727,208.70,3686.4,34362.1,253,121.73,
118,2,724,208.18,4204.6,34883.4,253,121.74,
118,2,725,208.18,4204.4,34884.2,253,121.75,
118,2,730,209.23,3680.1,34352.8,254,121.24,
118,2,731,209.23,3678.3,34351.2,254,121.24,
118,2,728,208.70,4212.7,34885.8,255,120.76,
118,2,729,208.70,4212.5,34885.8,251,122.69,
118,2,734,209.76,3675.4,34352.6,255,120.78,
118,2,735,209.76,3675.5,34352.7,251,122.71,
118,2,732,209.24,4200.4,34873.8,255,120.76,
118,2,733,209.24,4199.6,34872.9,253,121.72,
118,2,737,210.29,3671.0,34346.3,249,123.69,
118,2,738,210.29,3671.1,34346.3,251,122.70,
118,2,736,209.76,4199.3,34875.4,254,121.25,
118,2,741,210.81,3672.7,34344.9,254,121.23,
118,2,742,210.81,3672.5,34345.0,252,122.20,
118,2,739,210.29,4196.7,34869.6,255,120.76,
118,2,740,210.29,4196.7,34869.6,255,120.76,
118,2,745,211.34,3668.7,34344.4,255,120.77,
118,2,746,211.34,3668.1,34344.1,255,120.77,
118,2,743,210.81,4194.6,34871.0,254,121.25,
118,2,744,210.81,4194.4,34871.1,254,121.25,
118,2,749,211.86,3671.9,34352.2,254,121.27,
118,2,747,211.34,4192.1,34874.9,252,122.24,
118,2,750,211.86,3670.6,34353.4,253,121.76,
118,2,748,211.34,4190.8,34876.2,255,120.81,
118,2,753,212.38,3667.6,34348.7,254,121.27,
118,2,751,211.86,4190.9,34871.6,255,120.79,
118,2,754,212.39,3668.2,34349.0,252,122.23,
118,2,752,211.87,4189.8,34870.1,252,122.23,
118,2,757,212.91,3669.7,34352.1,256,120.32,
118,2,758,212.91,3669.7,34352.2,255,120.80,
118,2,755,212.39,4196.9,34878.4,255,120.79,
118,2,756,212.39,4197.0,34878.4,254,121.27,
118,2,761,213.43,3671.0,34353.8,256,120.32,
118,2,762,213.44,3670.5,34353.3,256,120.32,
118,2,759,212.91,4193.6,34876.2,254,121.28,
118,2,760,212.91,4193.4,34876.2,254,121.28,
118,2,765,213.96,3670.6,34356.5,252,122.25,
118,2,766,213.96,3670.5,34356.8,250,123.24,
118,2,763,213.44,4191.8,34878.4,252,122.26,
118,2,764,213.44,4190.8,34877.4,254,121.29,
118,2,769,214.48,3674.1,34358.5,253,121.76,
118,2,770,214.48,3673.2,34358.1,255,120.81,
118,2,767,213.96,4199.8,34884.7,254,121.28,
118,2,768,213.96,4199.7,34884.8,254,121.28,
118,2,773,215.01,3676.9,34361.7,256,120.33,
118,2,771,214.48,4199.9,34884.7,256,120.33,
118,2,774,215.01,3676.6,34361.9,254,121.29,
118,2,772,214.49,4199.4,34886.5,255,120.82,
118,2,777,215.53,3671.2,34355.2,254,121.28,
118,2,775,215.01,4195.5,34883.2,254,121.30,
118,2,776,215.01,4195.1,34883.9,250,121.16,
118,2,778,215.53,4204.6,34876.0,253,121.71,
118,2,779,215.53,4204.3,35934.8,254,125.42,
118,2,780,216.05,3683.8,38781.9,254,138.73,
118,2,781,216.05,3683.8,39583.1,254,141.89,
118,2,782,216.05,4209.8,40387.4,256,141.87,
118,2,783,216.05,4209.6,41262.0,253,147.03,
118,2,784,216.58,3683.3,41473.1,255,148.78,
118,2,785,216.58,3681.1,42137.8,253,152.61,
118,2,786,217.10,3283.0,42282.9,254,154.15,
118,2,787,220.46,319.6,40236.0,255,157.15,
118,2,788,221.25,312.6,40600.4,255,158.61,
118,2,789,222.39,322.7,41403.9,256,161.10,
118,2,790,223.48,323.5,42006.5,254,164.75,
118,2,791,224.77,321.5,42441.3,253,167.14,
118,2,792,226.34,322.6,42985.6,252,169.97,
118,2,793,228.15,328.9,43511.4,254,170.68,
118,2,795,230.80,10152.1,41257.0,256,121.98,
118,2,794,229.19,11760.3,42866.0,256,121.98,
118,2,796,232.45,8494.6,39600.2,253,123.44,
118,2,797,234.65,6295.1,37400.9,256,121.98,
118,2,799,237.71,3766.7,34408.9,256,120.17,
118,2,800,237.71,3766.3,34408.5,255,120.64,
118,2,798,236.72,4757.0,35399.4,255,120.64,
118,2,801,237.71,3766.7,34408.5,256,120.16,
118,2,803,237.78,4230.4,34870.3,255,120.63,
118,2,802,237.71,4300.0,34935.9,254,121.09,
118,2,805,237.78,4234.3,34870.0,255,120.61,
118,2,804,237.78,4234.5,34870.6,255,120.61,
118,2,807,238.30,4230.6,34875.5,253,121.61,
118,2,808,238.30,4230.5,34877.5,253,121.61,
118,2,806,237.78,4756.4,35407.7,255,120.67,
118,2,811,238.83,4230.7,34876.4,255,120.65,
118,2,812,238.83,4231.3,34876.4,254,121.13,
118,2,809,238.30,4759.5,35404.5,254,121.13,
118,2,810,238.30,4763.2,35405.0,255,120.64,
118,2,815,239.36,4224.3,34873.7,255,120.67,
118,2,816,239.36,4224.2,34873.4,255,120.67,
118,2,813,238.83,4754.8,35403.6,256,120.19,
118,2,814,238.83,4754.7,35403.6,254,121.14,
118,2,818,239.89,4221.2,34870.8,254,121.14,
118,2,819,239.89,4220.7,34870.7,251,122.60,
118,2,820,239.89,4218.8,34869.8,256,120.20,
118,2,817,239.36,4750.5,35401.3,252,122.11,
118,2,822,240.42,4215.5,34865.0,255,120.67,
118,2,823,240.42,4215.3,34864.9,255,120.67,
118,2,821,239.89,4741.0,35390.8,253,121.63,
118,2,824,240.42,4213.7,34863.7,253,121.63,
118,2,826,240.95,4208.5,34860.8,254,121.16,
118,2,827,240.95,4209.3,34862.3,253,121.64,
118,2,825,240.42,4736.7,35391.0,255,120.69,
118,2,828,240.95,4209.4,34864.7,254,121.17,
118,2,830,241.47,4207.0,34857.6,254,121.15,
118,2,831,241.48,4206.2,34857.6,254,121.15,
118,2,832,241.48,4207.5,34857.6,255,120.67,
118,2,829,240.95,4736.1,35385.8,254,121.15,
118,2,834,242.00,4208.3,34854.9,253,121.61,
118,2,835,242.01,4207.8,34853.5,253,121.61,
118,2,836,242.01,4208.7,34852.9,256,120.17,
118,2,833,241.48,4742.6,35384.5,254,121.11,
118,2,838,242.53,4201.2,34846.3,254,121.13,
118,2,839,242.53,4201.4,34846.6,255,120.65,
118,2,837,242.01,4725.4,35370.4,251,122.58,
118,2,840,242.53,4201.7,34847.0,254,121.13,
118,2,842,243.06,4203.6,34849.1,256,120.18,
118,2,843,243.06,4202.1,34849.2,255,120.66,
118,2,844,243.07,4199.9,34849.4,252,122.11,
118,2,841,242.53,4731.8,35381.9,254,121.15,
118,2,846,243.58,4203.6,34849.9,255,120.65,
118,2,847,243.58,4203.7,34849.9,252,122.10,
118,2,848,243.59,4203.2,34849.9,254,121.13,
118,2,845,243.07,4722.9,35369.4,252,122.10,
118,2,850,244.11,4203.0,34848.9,253,121.61,
118,2,851,244.11,4203.1,34849.2,256,120.18,
118,2,849,243.59,4729.0,35378.5,254,121.14,
118,2,854,244.63,4209.6,34850.8,255,120.63,
118,2,855,244.63,4209.6,34851.9,253,121.60,
118,2,852,244.11,4731.8,35378.3,254,121.13,
118,2,853,244.11,4731.9,35379.3,254,121.14,
118,2,857,245.15,4210.8,34851.7,252,122.08,
118,2,856,244.63,4734.0,35374.5,256,120.16,
118,2,858,245.16,4211.1,34851.8,254,121.11,
118,2,859,245.16,4211.6,34851.6,254,121.11,
118,2,861,245.68,4206.1,34850.3,252,122.09,
118,2,862,245.68,4205.7,34849.4,255,120.64,
118,2,863,245.68,4205.4,34849.3,255,120.65,
118,2,860,245.16,4734.3,35376.0,253,121.59,
118,2,865,246.21,4196.0,34844.9,256,120.19,
118,2,866,246.22,4193.6,34842.9,254,121.14,
118,2,867,246.22,4193.1,34843.1,249,123.59,
118,2,864,245.68,4725.2,35374.8,252,122.11,
118,2,869,246.73,4203.6,34850.0,253,121.61,
118,2,870,246.73,4203.2,34850.0,250,123.08,
118,2,871,246.74,4203.0,34850.0,254,121.13,
118,2,868,246.22,4719.5,35366.4,252,122.10,
118,2,873,247.26,4202.4,34843.3,255,120.63,
118,2,874,247.26,4202.6,34843.3,254,121.11,
118,2,875,247.26,4204.7,34843.7,254,121.10,
118,2,872,246.74,4735.6,35373.4,255,120.62,
118,2,877,247.79,4202.6,34843.0,252,122.07,
118,2,878,247.79,4203.7,34843.3,254,121.11,
118,2,876,247.27,4730.1,35367.6,254,121.10,
118,2,879,247.79,4206.1,34843.8,255,120.62,
118,2,881,248.31,4200.1,34844.2,254,121.12,
118,2,882,248.31,4202.1,34843.9,253,121.59,
118,2,883,248.31,4203.1,34843.8,254,121.11,
118,2,880,247.79,4730.8,35370.0,255,120.63,
118,2,885,248.84,4199.7,34835.4,252,122.05,
118,2,886,248.84,4199.4,34835.4,249,123.53,
118,2,884,248.32,4727.9,35363.6,249,123.53,
118,2,889,249.37,4204.7,34831.3,255,120.58,
118,2,890,249.37,4204.1,34831.0,251,122.51,
118,2,887,248.84,4730.5,35357.5,254,121.06,
118,2,888,248.84,4730.4,35357.4,254,121.06,
118,2,891,249.37,4737.1,35354.3,252,121.98,
118,2,892,249.37,4737.7,39314.5,254,136.67,
118,2,893,249.89,4216.7,39458.3,255,138.75,
118,2,894,249.89,4217.9,40053.2,251,143.34,
118,2,895,249.89,4547.5,41057.6,255,143.74,
118,2,896,250.41,4027.5,41420.5,253,148.38,
118,2,897,251.47,2968.8,40892.4,256,148.72,
118,2,898,254.83,322.9,38882.3,253,153.01,
118,2,899,255.64,323.1,39596.2,256,154.01,
118,2,900,256.44,322.8,40241.5,253,158.41,
118,2,901,257.32,324.2,40746.5,254,159.77,
118,2,902,258.05,324.3,41588.0,256,161.82,
118,2,903,258.72,322.8,42029.9,253,165.50,
118,2,904,259.39,324.7,42604.7,250,169.80,
118,2,905,260.69,325.7,43312.4,251,171.95,
118,2,906,261.85,327.4,43677.4,254,171.34,
118,2,909,267.21,8075.5,39448.1,254,124.00,
118,2,907,263.80,11484.8,42857.0,250,125.99,
118,2,910,269.33,5953.4,37326.1,254,124.00,
118,2,908,265.48,9802.4,41175.1,250,125.99,
118,2,912,272.05,3756.5,34669.4,254,122.19,
118,2,911,271.67,4144.2,35057.3,255,121.70,
118,2,913,272.05,3756.1,34669.2,255,121.71,
118,2,914,272.05,3757.4,34669.3,254,122.18,
118,2,916,272.12,4215.4,35128.5,255,121.71,
118,2,917,272.12,4215.4,35129.1,252,123.16,
118,2,918,272.12,4215.2,35129.2,254,122.19,
118,2,915,272.05,4280.3,35193.8,255,121.71,
118,2,920,272.65,4214.1,35130.5,253,122.68,
118,2,919,272.12,4742.5,35658.2,253,122.68,
118,2,921,272.65,4214.5,35130.9,255,121.72,
118,2,922,272.65,4214.2,35130.9,254,122.20,
118,2,924,273.18,4201.4,35128.2,253,122.73,
118,2,925,273.18,4199.6,35128.2,253,122.73,
118,2,923,272.65,4733.2,35665.4,253,122.75,
118,2,926,273.19,4195.4,35128.4,254,122.26,
118,2,927,273.71,4203.4,35127.8,254,122.23,
118,2,928,273.71,4204.1,35127.7,255,121.75,
118,2,929,273.71,4204.3,35127.7,253,122.71,
118,2,931,274.23,4200.5,35131.2,255,121.77,
118,2,932,274.23,4200.7,35131.2,252,123.23,
118,2,933,274.23,4201.0,35131.2,255,121.77,
118,2,930,273.71,4727.8,35658.0,251,123.72,
118,2,935,274.76,4199.9,35126.0,255,121.76,
118,2,936,274.76,4199.6,35126.1,254,122.24,
118,2,937,274.76,4201.7,35127.1,254,122.24,
118,2,934,274.24,4729.4,35655.1,255,121.75,
118,2,939,275.28,4202.1,35131.9,251,123.72,
118,2,940,275.28,4202.4,35132.4,251,123.72,
118,2,941,275.28,4204.6,35131.9,254,122.24,
118,2,938,274.76,4728.0,35653.5,255,121.75,
118,2,943,275.81,4199.6,35132.1,253,122.75,
118,2,944,275.81,4198.6,35131.1,256,121.30,
118,2,942,275.28,4725.2,35657.6,254,122.26,
118,2,945,275.81,4197.4,35130.1,254,122.26,
118,2,947,276.33,4199.3,35142.0,255,121.82,
118,2,948,276.33,4198.9,35141.6,255,121.82,
118,2,949,276.33,4199.6,35141.6,256,121.34,
118,2,946,275.81,4720.7,35663.4,254,122.30,
118,2,951,276.86,4198.1,35137.4,254,122.29,
118,2,952,276.86,4197.7,35137.5,253,122.78,
118,2,953,276.86,4198.0,35137.0,254,122.29,
118,2,950,276.34,4724.8,35664.4,254,122.29,
118,2,955,277.38,4204.9,35149.1,254,122.31,
118,2,956,277.38,4204.7,35148.9,254,122.31,
118,2,957,277.38,4204.9,35148.9,253,122.79,
118,2,954,276.86,4723.8,35667.8,255,121.83,
118,2,959,277.91,4198.2,35143.3,255,121.83,
118,2,960,277.91,4196.5,35142.2,247,123.66,
118,2,958,277.38,4728.1,35673.1,255,121.83,
118,2,961,277.92,4193.7,35138.8,253,122.80,
118,2,963,278.43,4196.8,35149.2,255,121.86,
118,2,964,278.43,4196.9,35149.6,254,122.34,
118,2,962,277.92,4717.5,35668.7,249,124.80,
118,2,965,278.44,4196.7,35149.9,255,121.86,
118,2,967,278.96,4198.5,35146.4,248,125.29,
118,2,968,278.96,4198.0,35146.1,254,122.32,
118,2,969,278.96,4194.6,35141.8,254,122.32,
118,2,966,278.44,4723.5,35671.0,253,122.81,
118,2,970,279.48,4194.2,35144.0,253,122.82,
118,2,971,279.48,4193.5,35143.0,254,122.33,
118,2,972,279.49,4189.0,35139.0,253,122.82,
118,2,974,280.01,4191.7,35140.3,254,122.33,
118,2,975,280.01,4191.4,35140.3,256,121.37,
118,2,976,280.01,4191.1,35140.4,254,122.33,
118,2,973,279.49,4709.9,35659.0,254,118.21,
118,2,978,280.53,4191.0,35142.5,254,122.34,
118,2,977,280.01,4714.9,35666.9,254,122.34,
118,2,979,280.53,4190.6,35143.0,254,122.34,
118,2,980,280.53,4190.4,35143.1,255,121.86,
118,2,982,281.06,4185.9,35143.2,256,121.40,
118,2,983,281.06,4186.6,35144.2,254,122.36,
118,2,984,281.06,4185.9,35143.7,254,122.36,
118,2,981,280.54,4712.9,35669.3,252,123.33,
118,2,986,281.58,4189.5,35141.0,253,122.82,
118,2,987,281.58,4188.9,35141.3,254,122.34,
118,2,988,281.59,4188.7,35141.4,256,121.38,
118,2,985,281.06,4714.3,35667.4,253,122.83,
118,2,990,282.11,4192.8,35145.4,252,123.32,
118,2,991,282.11,4192.4,35145.9,249,124.81,
118,2,992,282.11,4192.3,35146.6,253,122.83,
118,2,989,281.59,4715.4,35671.1,255,121.87,
118,2,994,282.63,4194.4,35143.1,255,121.85,
118,2,995,282.63,4193.2,35143.3,256,121.37,
118,2,996,282.63,4193.5,35144.6,254,122.34,
118,2,993,282.11,4717.5,35669.9,253,122.83,
118,2,998,283.16,4197.0,35137.8,253,122.78,
118,2,999,283.16,4196.7,35138.2,255,121.82,
118,2,1000,283.16,4197.0,35138.3,256,121.34,
118,2,997,282.63,4723.0,35664.5,253,122.78,
118,2,1002,283.68,4205.7,35143.2,252,123.26,
118,2,1003,283.68,4205.7,35144.2,255,121.80,
118,2,1001,283.16,4724.8,35667.2,254,122.30,
118,2,1004,283.68,4205.4,35148.2,252,123.28,
118,2,1005,284.20,4205.1,36193.6,255,125.94,
118,2,1006,284.20,4204.8,39444.4,254,139.29,
118,2,1007,284.20,4204.5,40374.7,252,144.10,
118,2,1008,284.20,4420.0,41388.4,252,147.28,
118,2,1009,284.72,3897.0,41669.0,256,148.13,
118,2,1010,288.69,320.4,38657.4,256,150.34,
118,2,1011,289.34,322.6,39431.9,253,155.20,
118,2,1012,289.94,318.1,40147.4,255,156.81,
118,2,1013,290.95,324.0,41153.5,256,160.12,
118,2,1014,291.83,323.6,41817.8,254,164.01,
118,2,1015,292.36,322.0,42269.2,254,165.80,
118,2,1016,293.72,325.5,43045.7,255,168.19,
118,2,1017,295.23,327.5,43401.6,255,169.58,
118,2,1018,296.68,320.2,43747.9,254,171.65,
118,2,1019,298.06,11303.3,42753.0,250,126.30,
118,2,1020,299.64,10246.9,41238.6,255,122.01,
118,2,1022,301.99,7895.2,38887.3,255,122.02,
118,2,1021,300.75,9140.4,40130.3,252,123.47,
118,2,1023,304.01,5885.3,36875.3,254,122.49,
118,2,1025,306.66,3759.7,34481.2,256,120.48,
118,2,1026,306.66,3759.3,34481.2,253,121.91,
118,2,1027,306.66,3758.9,34481.2,254,121.43,
118,2,1024,305.53,4885.2,35607.3,255,120.95,
118,2,1029,306.72,4218.9,34941.7,253,121.92,
118,2,1030,306.72,4218.6,34941.7,254,121.44,
118,2,1031,306.72,4218.4,34941.8,254,121.44,
118,2,1028,306.66,4285.0,35008.1,256,120.48,
118,2,1033,307.25,4228.8,34945.0,253,121.89,
118,2,1034,307.25,4228.4,34945.0,255,120.93,
118,2,1035,307.25,4228.0,34944.9,252,122.38,
118,2,1032,306.72,4753.2,35469.7,252,122.38,
118,2,1037,307.78,4221.1,34944.6,253,121.92,
118,2,1036,307.25,4750.3,35474.0,255,120.96,
118,2,1038,307.78,4221.4,34945.4,255,120.96,
118,2,1039,307.78,4221.1,34945.0,255,120.96,
118,2,1041,308.30,4222.2,34943.6,255,120.95,
118,2,1042,308.31,4220.3,34942.0,254,121.43,
118,2,1040,307.78,4751.1,35472.6,255,120.95,
118,2,1043,308.31,4216.4,34938.2,254,121.43,
118,2,1045,308.83,4218.5,34948.4,254,121.46,
118,2,1046,308.83,4217.8,34948.1,253,121.95,
118,2,1047,308.83,4218.2,34948.0,256,120.51,
118,2,1044,308.31,4740.3,35470.1,254,121.46,
118,2,1048,309.36,4218.4,34942.0,254,121.44,
118,2,1049,309.36,4218.4,34942.0,251,122.89,
118,2,1050,309.37,4218.5,34942.0,254,121.44,
118,2,1051,309.37,4218.4,34942.1,251,122.89,
118,2,1052,309.89,4219.6,34947.0,253,121.93,
118,2,1053,309.89,4219.1,34946.9,255,120.98,
118,2,1054,309.89,4217.0,34945.5,254,121.46,
118,2,1056,310.41,4213.4,34943.3,253,121.94,
118,2,1057,310.41,4212.9,34942.8,252,122.43,
118,2,1055,309.89,4738.9,35468.8,254,121.46,
118,2,1058,310.42,4213.0,34943.2,252,122.43,
118,2,1060,310.94,4208.0,34943.6,256,120.53,
118,2,1061,310.94,4208.5,34943.3,255,121.00,
118,2,1062,310.94,4208.2,34943.2,255,121.00,
118,2,1059,310.42,4733.9,35469.2,251,122.94,
118,2,1064,311.47,4199.5,34932.9,255,121.00,
118,2,1065,311.47,4199.2,34933.0,256,120.52,
118,2,1066,311.48,4200.6,34933.4,253,121.96,
118,2,1063,310.94,4734.8,35467.5,252,122.44,
118,2,1068,312.00,4204.0,34935.7,253,121.95,
118,2,1069,312.00,4204.3,34935.7,254,121.47,
118,2,1070,312.00,4204.7,34935.6,256,120.51,
118,2,1067,311.48,4726.6,35458.0,255,120.99,
118,2,1072,312.53,4196.8,34933.4,255,121.01,
118,2,1073,312.53,4197.1,34934.9,252,122.46,
118,2,1074,312.53,4197.9,34936.0,253,121.98,
118,2,1071,312.00,4727.9,35467.4,254,121.50,
118,2,1076,313.05,4199.3,34928.4,255,120.98,
118,2,1077,313.05,4199.5,34928.9,253,121.94,
118,2,1078,313.05,4202.1,34930.9,253,121.94,
118,2,1075,312.53,4727.5,35456.4,253,121.94,
118,2,1080,313.58,4190.2,34924.0,252,122.45,
118,2,1081,313.58,4190.7,34923.4,255,120.99,
118,2,1079,313.05,4724.0,35454.7,252,122.43,
118,2,1082,313.58,4193.8,34924.4,254,121.46,
118,2,1084,314.10,4189.6,34938.9,256,120.59,
118,2,1085,314.10,4189.8,34938.9,254,121.54,
118,2,1083,313.59,4711.3,35459.8,250,123.49,
118,2,1086,314.11,4190.8,34939.2,256,120.58,
118,2,1088,314.63,4193.7,34933.3,254,121.50,
118,2,1089,314.63,4194.9,34933.2,255,121.02,
118,2,1090,314.63,4198.4,34933.1,256,120.53,
118,2,1087,314.11,4720.8,35455.3,256,120.53,
118,2,1091,315.15,4195.9,34935.7,254,121.50,
118,2,1092,315.15,4196.3,34935.7,251,122.96,
118,2,1093,315.15,4196.0,34935.7,255,121.02,
118,2,1094,315.15,4197.4,34935.6,254,121.49,
118,2,1095,315.67,4190.8,34933.6,252,122.48,
118,2,1096,315.68,4190.2,34933.5,252,122.48,
118,2,1097,315.68,4189.8,34933.5,253,122.00,
118,2,1099,316.20,4192.3,34932.8,254,121.50,
118,2,1098,315.68,4717.4,35458.7,256,120.55,
118,2,1100,316.20,4191.5,34933.1,254,121.51,
118,2,1101,316.20,4191.2,34933.1,253,121.99,
118,2,1103,316.72,4194.9,34935.7,254,121.51,
118,2,1104,316.73,4194.0,34935.7,252,122.48,
118,2,1105,316.73,4193.7,34935.7,254,121.51,
118,2,1102,316.20,4717.1,35459.1,256,120.56,
118,2,1107,317.25,4191.6,34938.8,252,122.50,
118,2,1108,317.25,4190.7,34938.4,252,122.50,
118,2,1109,317.26,4189.5,34937.3,254,121.53,
118,2,1106,316.73,4717.8,35465.8,253,122.02,
118,2,1111,317.77,4198.2,34947.1,256,120.58,
118,2,1112,317.78,4196.9,34946.2,254,121.54,
118,2,1113,317.78,4196.0,34945.4,253,122.02,
118,2,1110,317.26,4717.0,35466.7,255,121.06,
118,2,1115,318.29,4201.3,34947.8,254,121.53,
118,2,1116,318.30,4200.6,34947.6,253,122.01,
118,2,1114,317.78,4719.6,35466.4,253,122.01,
118,2,1117,318.30,4200.9,38632.8,253,136.63,
118,2,1118,318.30,4729.9,39992.9,256,138.29,
118,2,1119,318.82,4205.5,40272.0,253,143.12,
118,2,1120,318.82,4204.1,41141.4,254,146.00,
123,0,690,194.94,327.2,45213.3,255,176.72,
123,0,691,195.98,324.9,45971.7,256,179.01,
123,0,692,197.16,327.3,46669.3,255,182.45,
123,0,693,197.99,328.5,47354.2,253,186.61,
123,0,696,200.82,13068.6,45382.2,255,127.22,
123,0,694,198.89,14997.6,47311.7,253,128.23,
123,0,695,199.86,14029.1,46343.2,254,127.72,
123,0,697,202.73,11689.4,43546.3,255,125.42,
123,0,700,206.89,7523.1,39380.1,252,126.92,
123,0,698,204.05,10369.0,42224.1,253,126.41,
123,0,699,205.23,9189.6,41043.8,256,124.92,
123,0,702,209.47,5465.6,37329.4,255,125.45,
123,0,703,210.66,4280.3,36144.2,256,124.96,
123,0,701,208.28,6660.3,38523.8,256,124.95,
123,0,704,210.66,4807.2,36673.8,256,124.97,
123,0,707,210.72,4741.9,36608.3,255,125.46,
123,0,705,210.66,4807.9,36674.8,256,124.97,
123,0,706,210.66,4807.5,36674.8,253,126.46,
123,0,711,211.25,4742.5,36611.2,248,129.02,
123,0,708,210.72,5269.4,37137.2,254,125.96,
123,0,709,210.73,5269.4,37137.3,255,125.46,
123,0,710,210.73,5269.2,37137.3,254,125.96,
123,0,715,211.78,4728.3,36609.1,254,126.01,
123,0,712,211.25,5263.3,37143.8,253,126.51,
123,0,713,211.25,5263.2,37143.9,246,130.13,
123,0,714,211.25,5263.0,37143.9,250,128.04,
123,0,719,212.31,4727.9,36611.7,253,126.52,
123,0,716,211.79,5254.8,37137.9,252,127.02,
123,0,717,211.79,5254.7,37138.2,254,126.02,
123,0,718,211.79,5254.6,37138.2,253,126.52,
123,0,723,212.84,4723.5,36608.6,254,126.03,
123,0,720,212.31,5250.4,37134.7,254,126.02,
123,0,721,212.32,5249.4,37134.0,253,126.53,
123,0,722,212.32,5248.2,37132.8,256,125.04,
123,0,727,213.36,4725.0,36615.4,253,126.55,
123,0,724,212.84,5249.0,37139.1,254,126.05,
123,0,725,212.84,5247.4,37137.6,254,126.05,
123,0,726,212.84,5247.1,37137.2,251,127.56,
123,0,731,213.89,4725.1,36616.6,253,126.55,
123,0,728,213.37,5247.3,37139.0,252,127.06,
123,0,729,213.37,5246.5,37138.7,254,126.06,
123,0,730,213.37,5245.9,37138.3,254,126.06,
123,0,735,214.41,4722.0,36615.2,255,125.56,
123,0,732,213.89,5247.6,37141.4,254,126.06,
123,0,733,213.89,5247.8,37143.7,255,125.57,
123,0,734,213.89,5247.5,37143.9,253,126.57,
123,0,738,214.94,4725.5,36614.6,254,126.04,
123,0,739,214.94,4725.5,36614.9,254,126.05,
123,0,736,214.42,5248.3,37138.5,255,125.55,
123,0,737,214.42,5246.0,37138.6,255,125.56,
123,0,742,215.46,4722.4,36612.7,256,125.06,
123,0,743,215.47,4722.1,36613.2,254,126.05,
123,0,740,214.94,5248.9,37140.9,252,127.06,
123,0,741,214.94,5248.6,37141.3,252,127.06,
123,0,746,215.99,4723.8,36609.4,255,125.53,
123,0,744,215.47,5250.5,37136.8,253,126.53,
123,0,745,215.47,5250.5,37136.9,255,125.54,
123,0,750,216.51,4724.4,36611.7,253,126.54,
123,0,747,215.99,5244.1,37132.2,254,126.04,
123,0,748,215.99,5244.4,37132.2,255,125.54,
123,0,749,215.99,5244.1,37132.2,250,128.06,
123,0,754,217.04,4725.6,36612.2,251,127.55,
123,0,751,216.51,5251.3,37138.2,255,125.54,
123,0,752,216.51,5251.0,37138.2,254,126.04,
123,0,753,216.52,5250.9,37138.4,250,128.06,
123,0,755,217.04,5250.3,37134.7,252,127.03,
123,0,756,217.04,5250.0,37134.8,254,126.03,
123,0,758,217.56,4725.8,36611.4,255,125.53,
123,0,757,217.04,5250.4,37135.2,250,128.05,
123,0,762,218.09,4728.7,36610.8,255,125.52,
123,0,759,217.56,5254.0,37136.1,255,125.52,
123,0,760,217.56,5253.7,37136.0,253,126.52,
123,0,761,217.57,5253.2,37136.0,252,127.02,
123,0,766,218.61,4733.8,36609.6,254,125.99,
123,0,763,218.09,5257.6,37133.9,255,125.50,
123,0,764,218.09,5257.2,37133.6,255,125.50,
123,0,765,218.09,5256.9,37133.6,252,127.00,
123,0,770,219.13,4728.3,36610.2,255,125.52,
123,0,767,218.61,5250.0,37133.0,255,125.52,
123,0,768,218.61,5249.8,37133.1,252,127.03,
123,0,769,218.62,5249.5,37133.3,250,128.05,
123,0,774,219.66,4731.6,36606.2,255,125.49,
123,0,771,219.14,5259.0,37133.5,255,125.49,
123,0,772,219.14,5258.5,37133.6,251,127.50,
123,0,773,219.14,5258.2,37133.6,256,125.00,
123,0,778,220.19,4732.9,36612.1,254,126.00,
123,0,775,219.66,5256.6,37136.3,254,126.01,
123,0,776,219.66,5256.1,37135.7,256,125.02,
123,0,777,219.67,5255.6,37135.9,253,126.51,
123,0,781,220.71,4728.3,36603.9,254,125.99,
123,0,782,220.72,4728.2,36604.6,256,125.01,
123,0,779,220.19,5256.3,37133.0,254,126.00,
123,0,780,220.19,5256.4,37134.4,252,127.00,
123,0,785,221.24,4734.4,36602.6,255,125.47,
123,0,783,220.72,5255.8,37124.8,254,125.96,
123,0,784,220.72,5255.6,37126.4,255,125.48,
123,0,789,221.76,4733.7,36601.5,254,125.96,
123,0,786,221.24,5260.6,37129.4,254,125.96,
123,0,787,221.24,5260.4,37129.5,256,124.98,
123,0,788,221.24,5260.3,37131.2,254,125.97,
123,0,790,221.76,5256.0,37125.1,252,126.97,
123,0,791,221.76,5256.2,37125.3,256,124.98,
123,0,792,221.77,5255.4,38175.9,254,130.12,
123,0,793,222.29,4730.9,41826.1,249,149.58,
123,0,794,222.29,5263.9,42719.0,253,148.63,
123,0,795,222.29,5263.8,43681.0,255,151.25,
123,0,796,222.29,5263.7,44434.3,250,157.31,
123,0,797,222.82,4736.1,44800.0,254,158.36,
123,0,798,222.82,5219.1,45631.9,256,158.48,
123,0,799,222.82,5219.8,46098.9,254,161.58,
123,0,800,222.82,5219.5,47216.4,254,166.00,
123,0,801,224.40,3642.7,46327.1,251,170.74,
123,0,802,228.25,321.0,43645.8,254,171.24,
123,0,803,229.42,325.1,44578.0,255,174.22,
123,0,804,230.38,327.2,45076.0,255,176.18,
123,0,805,231.42,329.1,45492.1,255,177.81,
123,0,806,232.33,328.4,45941.0,254,180.29,
123,0,807,232.93,328.6,46916.5,254,184.14,
123,0,808,233.91,330.7,47334.7,250,188.77,
123,0,809,235.03,14420.8,46673.3,249,130.05,
123,0,812,238.70,11283.1,43070.1,255,125.15,
123,0,810,235.77,14211.1,45998.5,250,127.66,
123,0,813,240.16,9825.3,41613.1,255,125.15,
123,0,811,237.71,12270.8,44061.0,254,125.65,
123,0,817,246.20,4303.0,35814.5,251,126.05,
123,0,816,245.34,5163.8,36677.0,255,124.07,
123,0,814,241.95,8555.9,40070.0,254,124.56,
123,0,815,243.83,6682.4,38197.0,256,123.59,
123,0,820,246.27,4758.5,36275.1,254,124.57,
123,0,821,246.27,4758.8,36275.4,254,124.57,
123,0,818,246.20,4829.3,36345.8,250,126.57,
123,0,819,246.20,4829.3,36346.3,254,124.57,
123,0,824,246.80,4750.9,36276.5,254,124.61,
123,0,825,246.80,4751.2,36276.6,256,123.63,
123,0,822,246.27,5283.4,36808.6,254,124.61,
123,0,823,246.27,5284.3,36809.7,255,124.12,
123,0,827,247.33,4746.5,36276.1,254,124.62,
123,0,828,247.33,4747.4,36276.6,255,124.13,
123,0,829,247.33,4748.3,36278.0,255,124.13,
123,0,826,246.80,5279.4,36809.6,255,124.13,
123,0,831,247.86,4740.4,36275.0,252,125.64,
123,0,832,247.86,4741.4,36276.2,256,123.67,
123,0,833,247.86,4741.1,36276.5,251,126.14,
123,0,830,247.33,5269.7,36807.1,254,124.65,
123,0,835,248.39,4730.9,36268.1,251,126.15,
123,0,834,247.86,5264.1,36800.3,255,124.16,
123,0,836,248.40,4731.9,36268.4,253,125.14,
123,0,837,248.40,4731.5,36268.3,253,125.15,
123,0,839,248.92,4728.4,36274.8,254,124.69,
123,0,840,248.92,4728.8,36276.6,251,126.19,
123,0,838,248.40,5257.3,36805.6,249,127.21,
123,0,841,248.93,4729.0,36278.1,253,125.19,
123,0,843,249.45,4725.4,36268.5,256,123.70,
123,0,844,249.45,4726.5,36268.3,254,124.67,
123,0,845,249.45,4726.2,36268.5,252,125.67,
123,0,842,248.93,5251.6,36793.7,254,124.67,
123,0,847,249.98,4720.8,36264.1,254,124.68,
123,0,848,249.98,4720.4,36264.8,254,124.68,
123,0,849,249.98,4720.6,36266.4,254,124.69,
123,0,846,249.45,5251.3,36798.4,252,125.69,
123,0,851,250.50,4718.2,36264.6,254,124.69,
123,0,852,250.51,4717.8,36264.5,254,124.69,
123,0,850,249.98,5243.5,36789.7,252,125.68,
123,0,855,251.03,4716.8,36263.3,254,124.69,
123,0,856,251.03,4715.5,36263.4,254,124.70,
123,0,853,250.51,5241.0,36790.0,253,125.19,
123,0,854,250.51,5240.9,36790.5,253,125.20,
123,0,859,251.55,4717.0,36262.9,255,124.20,
123,0,860,251.55,4716.7,36262.9,256,123.71,
123,0,857,251.03,5237.4,36785.7,255,124.21,
123,0,858,251.03,5237.0,36785.8,253,125.19,
123,0,863,252.08,4721.9,36262.2,251,126.16,
123,0,864,252.08,4720.9,36261.7,250,126.67,
123,0,861,251.55,5245.4,36786.5,250,126.67,
123,0,862,251.56,5243.5,36784.2,255,124.18,
123,0,867,252.60,4718.2,36262.7,249,127.20,
123,0,868,252.60,4718.5,36262.7,256,123.70,
123,0,865,252.08,5241.8,36786.2,253,125.18,
123,0,866,252.08,5241.3,36785.8,254,124.68,
123,0,870,253.12,4715.5,36263.5,254,124.70,
123,0,871,253.12,4714.7,36263.5,254,124.70,
123,0,872,253.13,4715.8,36263.4,254,124.69,
123,0,869,252.60,5238.8,36786.4,254,124.69,
123,0,874,253.65,4714.9,36261.1,255,124.20,
123,0,875,253.65,4714.6,36261.1,253,125.18,
123,0,873,253.13,5241.8,36786.8,254,124.68,
123,0,876,253.65,4716.5,36261.4,256,123.71,
123,0,878,254.17,4715.1,36259.0,254,124.68,
123,0,879,254.17,4715.2,36259.0,250,126.68,
123,0,880,254.18,4714.5,36258.7,256,123.70,
123,0,877,253.65,5237.5,36781.9,253,125.18,
123,0,882,254.70,4718.0,36260.0,250,126.67,
123,0,883,254.70,4717.5,36261.1,254,124.68,
123,0,884,254.70,4717.3,36261.4,252,125.67,
123,0,881,254.18,5242.6,36788.9,254,124.69,
123,0,886,255.22,4717.7,36260.9,255,124.19,
123,0,887,255.22,4717.2,36261.3,251,126.18,
123,0,888,255.22,4717.2,36261.6,255,124.19,
123,0,885,254.70,5240.3,36784.5,254,124.68,
123,0,890,255.74,4719.7,36263.6,254,124.68,
123,0,891,255.75,4719.0,36263.2,254,124.68,
123,0,889,255.22,5242.1,36786.6,254,124.68,
123,0,894,256.27,4718.3,36259.9,254,124.67,
123,0,895,256.27,4718.4,36260.5,251,126.17,
123,0,892,255.75,5240.3,36784.2,252,125.67,
123,0,893,255.75,5240.1,36786.0,251,126.18,
123,0,898,256.80,4720.7,36267.2,254,124.69,
123,0,899,256.80,4720.2,36267.0,251,126.19,
123,0,896,256.27,5250.1,36796.5,252,125.68,
123,0,897,256.27,5249.7,36796.8,252,125.69,
123,0,902,257.32,4726.6,36262.0,254,124.65,
123,0,903,257.32,4726.0,36261.8,255,124.16,
123,0,900,256.80,5246.8,36782.2,252,125.64,
123,0,901,256.80,5246.1,36781.7,253,125.14,
123,0,906,257.84,4736.4,36262.6,251,126.10,
123,0,904,257.32,5256.1,36782.0,254,124.61,
123,0,905,257.32,5255.1,36781.3,255,124.12,
123,0,907,257.84,4735.8,39949.7,253,139.74,
123,0,908,257.84,5261.4,42088.3,252,146.72,
123,0,909,258.36,4738.3,42531.0,254,149.38,
123,0,910,258.37,4737.4,43351.2,252,153.84,
123,0,911,258.37,4736.5,44248.9,255,155.56,
123,0,912,258.37,5257.3,45359.3,254,158.51,
123,0,913,258.89,4736.2,45521.7,256,159.94,
123,0,914,258.89,4736.7,46496.5,253,165.71,
123,0,915,259.94,3685.6,46133.3,254,167.78,
123,0,916,264.12,325.0,43486.2,253,171.27,
123,0,917,265.01,327.2,44140.6,253,173.86,
123,0,918,265.97,328.6,44424.4,254,174.29,
123,0,919,266.73,326.0,44717.1,252,176.86,
123,0,920,267.62,329.3,45485.5,252,179.91,
123,0,921,268.45,325.3,45910.0,255,179.47,
123,0,922,268.92,327.2,46703.0,253,184.03,
123,0,926,274.00,11198.2,43075.8,256,125.01,
123,0,924,270.72,14479.3,46354.7,250,127.48,
123,0,923,270.04,15167.7,47042.6,253,126.49,
123,0,925,271.89,13310.3,45185.4,252,126.99,
123,0,930,279.85,5866.2,37291.0,254,124.21,
123,0,927,275.46,10256.5,41681.9,252,125.20,
123,0,928,276.91,8806.0,40231.9,255,123.72,
123,0,929,278.27,7452.7,38880.8,254,124.22,
123,0,933,281.77,4477.7,35902.0,253,124.70,
123,0,934,281.77,4477.3,35901.6,252,125.20,
123,0,931,281.25,5001.3,36424.0,254,124.20,
123,0,932,281.70,4545.9,35968.1,254,124.20,
123,0,937,282.02,4752.8,36185.5,254,124.24,
123,0,935,281.77,5001.5,36435.2,254,124.24,
123,0,938,282.02,4750.9,36185.9,253,124.74,
123,0,936,281.77,4999.4,36435.6,254,124.25,
123,0,941,282.55,4746.8,36182.4,252,125.24,
123,0,942,282.55,4746.8,36182.2,253,124.74,
123,0,939,282.02,5276.6,36709.4,254,124.24,
123,0,940,282.02,5276.5,36709.1,254,124.24,
123,0,945,283.08,4737.2,36180.5,254,124.28,
123,0,946,283.08,4737.4,36179.9,255,123.79,
123,0,943,282.55,5269.2,36709.7,253,124.76,
123,0,944,282.55,5268.7,36709.1,254,124.27,
123,0,949,283.61,4732.2,36176.4,255,123.80,
123,0,950,283.61,4732.0,36175.9,254,124.28,
123,0,947,283.08,5259.8,36704.2,252,125.28,
123,0,948,283.08,5258.7,36703.3,255,123.80,
123,0,953,284.14,4728.0,36181.5,255,123.83,
123,0,954,284.14,4728.2,36180.5,252,125.31,
123,0,951,283.61,5255.1,36708.0,254,124.32,
123,0,952,283.61,5254.2,36707.4,255,123.83,
123,0,957,284.66,4726.4,36178.9,254,124.32,
123,0,955,284.14,5251.1,36703.0,254,124.32,
123,0,956,284.14,5249.0,36701.3,254,124.32,
123,0,961,285.20,4714.7,36168.1,255,123.83,
123,0,958,284.66,5250.6,36703.8,253,124.81,
123,0,959,284.66,5250.6,36703.8,254,124.32,
123,0,960,284.66,5250.5,36703.9,254,124.32,
123,0,965,285.72,4716.3,36179.0,254,124.36,
123,0,962,285.20,5234.1,36696.6,255,123.87,
123,0,963,285.20,5233.8,36696.2,252,125.35,
123,0,964,285.20,5232.7,36695.3,255,123.87,
123,0,969,286.24,4716.2,36171.9,254,124.33,
123,0,966,285.72,5245.6,36699.0,256,123.35,
123,0,967,285.72,5245.7,36698.8,255,123.83,
123,0,968,285.72,5247.5,36698.9,255,123.82,
123,0,973,286.77,4714.5,36170.4,253,124.82,
123,0,970,286.24,5240.3,36696.6,251,125.83,
123,0,971,286.25,5238.6,36694.3,256,123.36,
123,0,972,286.25,5237.5,36693.4,250,126.33,
123,0,976,287.29,4717.3,36172.5,253,124.82,
123,0,977,287.29,4716.1,36171.6,254,124.33,
123,0,974,286.77,5239.9,36695.8,253,124.83,
123,0,975,286.77,5240.4,36695.8,253,124.82,
123,0,980,287.81,4714.4,36175.0,256,123.37,
123,0,981,287.81,4714.0,36174.7,253,124.84,
123,0,978,287.30,5236.7,36694.5,254,124.34,
123,0,979,287.30,5236.5,36694.0,252,125.33,
123,0,984,288.34,4726.9,36172.8,254,124.29,
123,0,985,288.34,4726.2,36172.9,251,125.79,
123,0,982,287.82,5248.4,36694.7,252,125.28,
123,0,983,287.82,5248.0,36694.6,250,126.29,
123,0,988,288.86,4717.5,36174.5,255,123.85,
123,0,986,288.34,5241.1,36699.0,254,124.34,
123,0,989,288.87,4716.6,36174.8,256,123.37,
123,0,987,288.34,5241.0,36699.4,255,123.85,
123,0,992,289.39,4714.7,36175.7,249,126.86,
123,0,993,289.39,4713.9,36175.2,250,126.35,
123,0,990,288.87,5237.5,36698.3,255,123.86,
123,0,991,288.87,5237.1,36698.2,254,124.35,
123,0,996,289.91,4713.3,36176.3,254,124.36,
123,0,997,289.91,4713.0,36176.3,254,124.36,
123,0,994,289.39,5236.6,36700.3,255,123.87,
123,0,995,289.39,5236.2,36700.3,253,124.86,
123,0,1000,290.43,4717.4,36173.8,255,123.84,
123,0,998,289.91,5237.7,36694.6,255,123.85,
123,0,999,289.91,5237.1,36694.3,254,124.34,
123,0,1004,290.96,4717.5,36175.2,255,123.85,
123,0,1001,290.43,5244.5,36702.0,253,124.83,
123,0,1002,290.43,5244.9,36702.4,250,122.13,
123,0,1003,290.44,5247.8,36701.9,255,123.83,
123,0,1008,291.48,4718.8,36175.8,254,124.34,
123,0,1005,290.96,5241.9,36699.3,255,123.85,
123,0,1006,290.96,5241.4,36699.1,255,123.85,
123,0,1007,290.97,5239.3,36696.9,254,124.34,
123,0,1012,292.01,4721.7,36176.8,253,124.82,
123,0,1009,291.48,5246.8,36702.3,252,125.32,
123,0,1010,291.49,5246.5,36702.2,256,123.36,
123,0,1011,291.49,5246.8,36702.2,253,124.82,
123,0,1015,292.53,4730.1,36183.2,253,122.73,
123,0,1016,292.53,4729.9,36183.0,252,125.31,
123,0,1013,292.01,5249.9,36703.9,253,124.82,
123,0,1014,292.01,5249.8,36703.7,253,124.82,
123,0,1019,293.07,4724.4,36168.7,254,124.29,
123,0,1020,293.07,4724.4,36168.3,255,123.79,
123,0,1017,292.53,5260.3,36704.6,256,123.31,
123,0,1018,292.53,5258.8,36702.8,252,125.27,
123,0,1021,293.07,5258.4,37743.6,256,127.39,
123,0,1022,293.07,5258.4,41459.2,254,143.09,
123,0,1023,293.58,4740.5,41976.1,255,146.60,
123,0,1024,293.58,4741.3,43009.6,254,151.26,
123,0,1025,293.58,5273.7,44047.5,253,153.86,
123,0,1026,293.58,5275.9,45159.2,255,157.02,
123,0,1027,294.10,4750.2,45105.1,252,160.78,
123,0,1028,294.10,4751.2,46080.1,250,165.98,
123,0,1029,294.10,5054.8,47261.7,253,167.49,
123,0,1030,297.79,1366.0,44357.8,255,169.26,
123,0,1031,299.93,325.1,44120.2,256,171.75,
123,0,1032,300.90,325.6,44494.3,256,173.21,
123,0,1033,301.72,330.0,45115.8,256,175.63,
123,0,1034,302.62,328.8,45601.3,250,181.82,
123,0,1035,303.73,329.4,45949.4,254,180.32,
123,0,1036,304.41,329.1,46859.7,254,183.92,
123,0,1039,307.60,12716.7,44790.7,254,126.77,
123,0,1037,305.39,14932.6,47006.7,253,127.28,
123,0,1038,306.08,14245.2,46319.5,254,126.78,
123,0,1043,313.10,7738.1,39354.6,254,124.97,
123,0,1040,309.15,11692.2,43310.0,253,125.47,
123,0,1041,310.40,10446.2,42064.5,254,124.97,
123,0,1042,311.44,9400.2,41019.6,253,125.47,
123,0,1046,317.08,4290.7,35907.2,254,124.97,
123,0,1044,314.36,7006.7,38624.0,255,124.48,
123,0,1045,315.62,5747.5,37365.9,256,123.99,
123,0,1050,317.14,4754.5,36369.3,253,125.46,
123,0,1047,317.08,4820.2,36435.3,254,124.96,
123,0,1048,317.08,4820.3,36435.3,254,122.88,
123,0,1049,317.08,4820.1,36435.3,254,124.96,
123,0,1054,317.67,4747.1,36374.2,254,125.01,
123,0,1051,317.14,5273.5,36901.0,255,124.52,
123,0,1052,317.14,5273.0,36900.9,251,126.51,
123,0,1053,317.15,5270.8,36898.5,254,125.01,
123,0,1058,318.20,4738.5,36371.9,256,124.05,
123,0,1055,317.67,5271.6,36906.1,256,124.06,
123,0,1056,317.67,5271.6,36906.1,251,126.54,
123,0,1057,317.67,5271.3,36906.1,254,125.04,
123,0,1062,318.73,4736.0,36374.4,252,126.05,
123,0,1059,318.20,5262.1,36900.4,255,124.56,
123,0,1060,318.21,5261.3,36899.5,249,127.57,
123,0,1061,318.21,5259.6,36898.1,255,124.56,
123,0,1066,319.26,4731.8,36367.9,254,125.04,
123,0,1063,318.73,5261.3,36896.6,252,126.04,
123,0,1064,318.73,5260.9,36896.4,253,125.54,
123,0,1065,318.73,5260.7,36896.4,255,124.55,
123,0,1067,319.26,5254.2,36891.4,255,124.56,
123,0,1070,319.78,4728.7,36366.4,255,124.56,
123,0,1068,319.26,5255.0,36892.5,254,125.05,
123,0,1069,319.26,5254.7,36892.6,256,124.07,
123,0,1074,320.32,4720.9,36357.0,251,126.54,
123,0,1071,319.79,5255.5,36891.3,253,125.54,
123,0,1072,319.79,5255.0,36892.7,253,125.55,
123,0,1073,319.79,5254.8,36893.7,256,124.07,
123,0,1078,320.84,4722.9,36357.2,251,126.54,
123,0,1075,320.32,5245.9,36880.3,254,125.04,
123,0,1076,320.32,5245.5,36879.8,251,126.54,
123,0,1077,320.32,5245.2,36879.8,249,127.56,
123,0,1081,321.36,4722.8,36362.5,250,127.07,
123,0,1079,320.84,5248.4,36887.3,250,127.06,
123,0,1082,321.37,4723.8,36362.8,254,125.06,
123,0,1080,320.84,5248.3,36887.9,254,125.06,
123,0,1085,321.89,4710.7,36354.2,256,124.09,
123,0,1086,321.90,4711.2,36354.1,256,124.09,
123,0,1083,321.37,5241.0,36884.3,253,125.57,
123,0,1084,321.37,5240.9,36884.3,253,125.57,
123,0,1089,322.41,4719.8,36360.1,254,125.06,
123,0,1087,321.90,5239.5,36879.4,252,126.05,
123,0,1088,321.90,5239.5,36879.2,255,124.57,
123,0,1093,322.94,4719.9,36361.0,254,125.06,
123,0,1090,322.42,5244.9,36885.4,254,125.06,
123,0,1091,322.42,5244.7,36885.4,254,125.06,
123,0,1092,322.42,5244.8,36885.3,251,126.56,
123,0,1097,323.46,4721.4,36360.8,255,124.56,
123,0,1094,322.94,5246.0,36885.9,252,126.06,
123,0,1095,322.94,5246.6,36886.1,253,125.55,
123,0,1096,322.94,5246.2,36886.0,252,126.06,
123,0,1101,323.99,4722.7,36362.9,252,126.06,
123,0,1098,323.47,5247.7,36887.9,253,125.56,
123,0,1099,323.47,5248.0,36888.3,253,125.56,
123,0,1100,323.47,5248.3,36888.4,252,126.06,
128,0,693,198.62,335.6,41593.3,254,163.07,
128,0,694,199.24,329.4,43843.6,255,171.32,
128,0,695,200.00,333.3,49058.8,252,194.13,
128,0,696,200.55,334.7,51245.2,253,202.03,
128,0,698,202.51,17585.5,50130.0,252,129.66,
128,0,699,203.01,17086.9,49632.3,255,128.13,
128,0,697,201.53,18570.8,51117.5,248,131.77,
128,0,702,204.86,15761.9,47844.4,256,125.81,
128,0,703,205.43,15200.0,47282.2,251,128.33,
128,0,700,203.58,17042.5,49125.1,254,126.81,
128,0,701,204.37,16257.0,48340.0,256,125.82,
128,0,706,207.26,13886.5,45966.9,255,126.30,
128,0,707,208.08,13069.2,45149.7,256,125.81,
128,0,704,206.13,15020.8,47101.5,256,125.81,
128,0,705,206.63,14525.8,46605.9,256,125.80,
128,0,709,209.54,12125.1,44213.9,255,126.33,
128,0,710,210.11,11560.6,43649.7,251,128.36,
128,0,711,210.67,11000.4,43089.1,252,127.84,
128,0,708,209.12,12555.1,44641.5,251,128.35,
128,0,714,212.40,9792.7,41882.3,249,129.39,
128,0,715,213.30,8901.3,40991.1,254,126.84,
128,0,712,211.16,11036.6,43126.7,256,125.84,
128,0,713,211.65,10548.2,42638.4,254,126.84,
128,0,717,216.20,6524.3,38616.4,253,127.35,
128,0,719,217.92,4806.2,36898.2,254,126.85,
128,0,718,217.92,4806.5,36898.9,253,127.35,
128,0,716,214.80,7920.6,40012.8,254,126.85,
128,0,721,217.98,5258.3,37360.0,254,126.88,
128,0,722,217.99,5257.1,37359.3,256,125.89,
128,0,723,217.99,5256.9,37360.0,254,126.89,
128,0,720,217.92,5327.4,37430.3,252,127.90,
128,0,725,218.51,5261.4,37366.0,256,125.90,
128,0,726,218.51,5261.3,37365.9,254,126.90,
128,0,724,217.99,5784.5,37889.0,255,126.40,
128,0,727,218.51,5261.3,37366.1,255,126.40,
128,0,729,219.04,5249.5,37358.1,255,126.41,
128,0,730,219.04,5248.9,37357.2,255,126.41,
128,0,731,219.04,5248.1,37356.7,251,128.43,
128,0,728,218.51,5782.6,37891.3,253,127.42,
128,0,733,219.57,5246.2,37351.6,254,126.90,
128,0,734,219.57,5246.5,37352.0,256,125.90,
128,0,732,219.05,5773.3,37879.1,251,128.42,
128,0,737,220.10,5245.3,37348.7,254,126.89,
128,0,738,220.10,5245.0,37348.5,252,127.90,
128,0,735,219.57,5772.2,37874.6,255,126.39,
128,0,736,219.57,5773.9,37875.1,254,126.88,
128,0,741,220.62,5244.7,37352.3,251,128.43,
128,0,742,220.62,5245.3,37352.3,255,126.41,
128,0,739,220.10,5770.6,37877.8,249,129.46,
128,0,740,220.10,5770.9,37878.1,254,126.91,
128,0,745,221.15,5242.9,37349.5,254,126.90,
128,0,746,221.15,5242.6,37349.4,253,127.41,
128,0,743,220.62,5769.3,37876.9,252,127.92,
128,0,744,220.62,5770.3,37876.9,254,126.90,
128,0,749,221.67,5246.2,37351.2,253,127.40,
128,0,750,221.67,5245.4,37351.3,255,126.40,
128,0,747,221.15,5765.8,37871.5,250,128.94,
128,0,748,221.15,5765.5,37871.4,254,126.90,
128,0,753,222.20,5245.1,37353.5,255,126.41,
128,0,754,222.20,5246.8,37354.6,254,126.91,
128,0,751,221.68,5771.6,37879.3,256,125.91,
128,0,752,221.68,5771.4,37879.3,254,126.91,
128,0,757,222.72,5245.2,37348.3,251,128.41,
128,0,758,222.72,5244.5,37347.4,253,127.39,
128,0,755,222.20,5771.4,37873.3,254,126.89,
128,0,756,222.20,5772.9,37873.3,254,126.88,
128,0,760,223.24,5245.9,37351.4,254,126.90,
128,0,761,223.24,5246.0,37351.4,252,127.91,
128,0,759,222.72,5766.6,37873.1,256,125.91,
128,0,762,223.25,5246.5,37354.0,254,126.91,
128,0,764,223.77,5249.5,37350.4,255,126.38,
128,0,765,223.77,5252.3,37350.9,254,126.87,
128,0,766,223.77,5253.3,37351.0,252,127.88,
128,0,763,223.25,5783.1,37877.3,256,125.86,
128,0,768,224.29,5247.8,37354.3,254,126.90,
128,0,769,224.29,5249.3,37354.9,255,126.40,
128,0,770,224.29,5251.2,37354.0,253,127.39,
128,0,767,223.77,5773.7,37875.8,254,126.89,
128,0,772,224.82,5246.5,37351.3,254,126.90,
128,0,773,224.82,5247.4,37351.7,252,127.91,
128,0,774,224.82,5251.3,37350.6,254,126.87,
128,0,771,224.29,5778.8,37877.0,255,126.37,
128,0,776,225.34,5243.3,37353.3,252,127.93,
128,0,777,225.34,5242.6,37353.1,254,126.92,
128,0,775,224.82,5766.7,37876.9,251,128.44,
128,0,780,225.87,5240.7,37347.8,254,126.91,
128,0,778,225.34,5766.0,37872.9,251,128.43,
128,0,781,225.87,5240.4,37347.7,256,125.91,
128,0,779,225.35,5763.7,37871.7,256,125.91,
128,0,784,226.39,5238.1,37348.3,254,126.92,
128,0,785,226.39,5237.6,37347.3,251,128.44,
128,0,782,225.87,5762.5,37872.9,254,126.92,
128,0,783,225.87,5762.3,37872.8,254,126.92,
128,0,788,226.92,5245.6,37351.3,253,127.40,
128,0,789,226.92,5245.2,37351.2,256,125.91,
128,0,787,226.40,5767.7,37873.7,256,125.91,
128,0,786,226.40,5768.0,37874.3,252,127.91,
128,0,792,227.44,5237.7,37345.7,256,125.91,
128,0,793,227.44,5236.6,37345.7,256,125.92,
128,0,790,226.92,5761.2,37870.6,253,127.42,
128,0,791,226.92,5761.0,37870.6,254,126.92,
128,0,794,227.44,5769.4,37870.8,254,126.88,
128,0,795,227.45,5769.6,38914.4,252,132.05,
128,0,796,227.96,5245.3,43451.0,252,152.21,
128,0,797,227.96,5245.0,44133.2,254,153.71,
128,0,798,227.97,5774.5,44969.7,255,154.31,
128,0,799,228.49,5252.0,44925.5,255,156.19,
128,0,800,228.49,5253.1,45907.0,254,160.69,
128,0,801,228.49,5253.4,46813.2,255,163.62,
128,0,802,228.49,5784.3,47459.2,252,166.04,
128,0,803,229.02,5251.4,47602.2,253,168.06,
128,0,804,229.02,5250.9,48248.5,253,170.63,
128,0,805,229.03,5249.9,48927.8,250,175.41,
128,0,806,229.03,5782.9,49631.5,254,173.31,
128,0,807,229.54,5270.3,49687.8,256,174.19,
128,0,808,229.54,5267.4,50173.2,254,177.49,
128,0,809,229.55,5788.0,50888.3,253,178.97,
128,0,810,229.55,5786.1,51378.6,253,180.92,
128,0,811,230.06,5268.4,51352.2,253,182.87,
128,0,812,230.07,5265.6,51978.4,256,183.19,
128,0,813,230.07,5743.0,52609.0,256,183.79,
128,0,814,230.07,5741.7,53443.8,254,188.55,
128,0,815,230.59,5225.6,53418.7,254,190.49,
128,0,816,231.63,4178.4,52929.5,255,191.93,
128,0,817,235.33,732.4,49847.0,253,194.90,
128,0,818,236.56,327.8,49718.2,254,195.22,
128,0,819,237.75,333.5,50210.0,253,197.92,
128,0,820,238.58,333.6,50700.2,250,202.28,
128,0,822,243.08,14365.0,47856.3,256,131.34,
128,0,821,240.21,17234.3,50726.2,253,132.90,
128,0,825,252.64,5334.1,38361.3,255,130.03,
128,0,826,252.64,5333.3,38361.3,253,131.06,
128,0,823,249.06,8918.8,41947.2,254,130.55,
128,0,824,251.79,6185.7,39214.2,254,130.55,
128,0,828,252.71,5794.7,38827.7,256,129.54,
128,0,829,252.71,5794.7,38827.8,255,130.05,
128,0,827,252.65,5855.8,38889.1,250,132.66,
128,0,830,252.71,5794.4,38828.0,255,130.05,
128,0,832,253.23,5791.3,38837.2,254,130.62,
128,0,833,253.23,5790.6,38837.2,256,129.59,
128,0,834,253.23,5790.1,38837.2,252,131.66,
128,0,831,252.71,6316.0,39362.2,254,130.62,
128,0,836,253.76,5790.6,38832.6,254,130.60,
128,0,837,253.76,5790.7,38832.5,253,131.12,
128,0,835,253.23,6320.6,39359.5,253,131.11,
128,0,840,254.29,5783.4,38833.4,255,130.12,
128,0,838,253.76,6310.2,39360.7,254,130.63,
128,0,841,254.29,5783.5,38833.7,255,130.12,
128,0,839,253.76,6310.4,39360.8,256,129.61,
128,0,844,254.81,5780.6,38835.7,254,130.65,
128,0,845,254.81,5780.5,38835.7,255,130.14,
128,0,842,254.29,6310.2,39363.4,253,131.16,
128,0,843,254.29,6310.7,39363.4,253,131.16,
128,0,848,255.34,5775.7,38838.3,251,132.25,
128,0,846,254.81,6305.9,39368.9,253,131.20,
128,0,849,255.35,5775.6,38838.6,255,130.17,
128,0,847,254.82,6306.2,39369.2,254,130.68,
128,0,852,255.87,5771.8,38829.1,255,130.15,
128,0,853,255.87,5770.9,38829.1,253,131.18,
128,0,850,255.35,6300.1,39358.5,252,131.71,
128,0,851,255.35,6300.2,39358.5,254,130.67,
128,0,856,256.40,5768.8,38834.9,256,129.67,
128,0,857,256.40,5768.9,38834.8,256,129.67,
128,0,854,255.88,6294.2,39360.8,255,130.18,
128,0,855,255.88,6293.9,39360.8,251,132.27,
128,0,860,256.92,5772.2,38836.4,253,131.21,
128,0,861,256.92,5771.9,38836.0,253,131.21,
128,0,858,256.40,6295.2,39359.5,254,130.69,
128,0,859,256.40,6294.9,39359.8,253,131.21,
128,0,863,257.45,5770.4,38837.9,252,131.74,
128,0,864,257.45,5769.8,38838.9,254,130.71,
128,0,862,256.93,6293.2,39363.9,254,130.71,
128,0,865,257.45,5770.3,38841.6,251,132.29,
128,0,867,257.97,5765.5,38832.0,252,131.74,
128,0,868,257.98,5765.5,38832.0,255,130.18,
128,0,869,257.98,5766.1,38832.1,254,130.70,
128,0,866,257.45,6294.9,39361.2,249,133.33,
128,0,871,258.50,5767.5,38832.1,252,131.73,
128,0,872,258.50,5767.7,38832.7,252,131.73,
128,0,873,258.50,5767.3,38832.2,254,130.69,
128,0,870,257.98,6291.7,39356.9,256,129.67,
128,0,874,258.50,6287.1,39355.7,249,133.34,
128,0,875,259.02,5766.2,38835.2,253,131.23,
128,0,876,259.02,5765.3,38834.6,256,129.68,
128,0,877,259.02,5765.0,38834.7,256,129.68,
128,0,879,259.55,5762.1,38836.6,255,130.21,
128,0,880,259.55,5762.7,38835.5,253,131.24,
128,0,878,259.02,6292.8,39363.3,256,129.69,
128,0,881,259.55,5764.2,38834.1,251,132.28,
128,0,883,260.07,5768.2,38842.2,256,129.70,
128,0,884,260.07,5768.8,38842.1,253,131.24,
128,0,882,259.56,6288.8,39358.8,254,130.71,
128,0,887,260.59,5766.5,38845.6,252,131.79,
128,0,888,260.59,5765.8,38845.7,249,133.39,
128,0,885,260.07,6290.6,39370.4,255,130.24,
128,0,886,260.07,6290.1,39370.4,252,131.79,
128,0,891,261.12,5766.1,38848.8,254,130.76,
128,0,892,261.12,5765.6,38848.6,256,129.74,
128,0,889,260.60,6290.6,39373.7,249,133.40,
128,0,890,260.60,6288.6,39372.5,252,131.81,
128,0,895,261.64,5765.1,38845.9,252,131.80,
128,0,896,261.65,5764.3,38845.4,254,130.76,
128,0,893,261.12,6289.9,39371.6,254,130.76,
128,0,894,261.12,6289.6,39371.7,256,129.73,
128,0,899,262.17,5768.9,38846.9,255,130.23,
128,0,900,262.17,5768.2,38848.0,254,130.75,
128,0,897,261.65,6291.9,39373.3,251,130.22,
128,0,898,261.65,6291.7,39374.4,253,131.28,
128,0,903,262.69,5769.3,38842.6,254,130.72,
128,0,904,262.69,5769.3,38842.8,255,130.21,
128,0,901,262.17,6299.1,39369.9,253,131.23,
128,0,902,262.17,6299.8,39370.0,255,130.20,
128,0,906,263.22,5771.8,38849.2,253,131.26,
128,0,907,263.22,5772.0,38849.8,254,130.74,
128,0,908,263.22,5771.9,38849.9,254,130.74,
128,0,905,262.70,6293.6,39371.4,254,130.74,
128,0,910,263.74,5778.1,38846.1,254,130.70,
128,0,911,263.74,5778.2,38847.1,256,129.68,
128,0,912,263.74,5778.2,38846.7,253,131.22,
128,0,909,263.22,6303.1,39372.0,252,131.75,
128,0,914,264.27,5783.2,38848.1,255,130.18,
128,0,915,264.27,5783.3,38847.6,255,130.17,
128,0,913,263.74,6309.7,39374.3,254,130.69,
128,0,918,264.79,5793.3,38849.9,251,132.23,
128,0,917,264.27,6312.4,39368.8,256,129.63,
128,0,916,264.27,6312.7,39369.4,254,130.66,
128,0,919,264.79,5792.4,39897.3,254,134.80,
128,0,920,264.79,6270.7,44101.8,253,150.12,
128,0,921,264.79,6270.5,44849.1,253,153.09,
128,0,922,265.32,5744.2,45438.9,255,156.28,
128,0,923,266.36,4698.8,45365.6,253,161.38,
128,0,924,271.41,329.1,41721.6,253,164.26,
128,0,925,272.10,334.6,43322.3,253,170.59,
128,0,926,272.94,336.5,48468.4,254,190.24,
128,0,927,273.41,330.7,51419.0,252,203.54,
128,0,928,274.40,18724.7,51287.1,252,129.73,
128,0,929,275.30,17818.2,50380.9,249,131.30,
128,0,930,275.95,17172.0,49734.9,253,129.22,
128,0,931,276.62,17027.3,49135.6,252,127.92,
128,0,932,277.27,16380.4,48489.6,256,125.92,
128,0,933,277.95,15698.2,47806.6,254,126.91,
128,0,934,278.66,14992.5,47100.6,254,126.91,
128,0,935,279.23,14955.7,47054.8,256,125.88,
128,0,936,279.72,14468.2,46566.8,256,125.88,
128,0,937,280.43,13751.1,45849.7,254,126.87,
128,0,938,280.93,13259.1,45357.8,255,126.37,
128,0,939,281.41,13288.0,45396.7,253,127.42,
128,0,940,282.05,12658.8,44767.4,254,126.91,
128,0,941,282.68,12027.8,44136.6,256,125.92,
128,0,942,283.51,11191.6,43300.4,254,126.91,
128,0,945,285.18,10056.5,42164.8,252,127.92,
128,0,946,286.28,8953.1,41061.5,256,125.91,
128,0,943,284.00,11232.3,43340.3,253,127.41,
128,0,944,284.56,10674.2,42782.6,255,126.41,
128,0,949,290.94,4822.4,36936.0,254,126.93,
128,0,948,289.28,6479.7,38593.2,255,126.43,
128,0,950,290.94,4821.5,36935.3,253,127.44,
128,0,947,287.96,7800.4,39914.4,252,127.94,
128,0,951,291.00,5279.9,37393.9,253,127.44,
128,0,952,291.00,5280.3,37392.9,252,127.94,
128,0,953,291.00,5280.6,37393.5,254,126.93,
128,0,954,291.01,5284.2,37392.6,256,125.92,
128,0,955,291.53,5274.1,37390.5,255,126.44,
128,0,956,291.54,5273.8,37391.2,251,128.47,
128,0,957,291.54,5273.9,37392.1,254,126.95,
128,0,958,291.54,5273.6,37392.2,256,125.95,
128,0,959,292.07,5264.3,37378.8,252,127.95,
128,0,960,292.07,5264.0,37378.8,255,126.44,
128,0,961,292.07,5263.7,37378.7,255,126.44,
128,0,963,292.59,5265.4,37382.9,253,127.45,
128,0,964,292.59,5264.8,37382.8,254,126.95,
128,0,965,292.59,5266.4,37383.1,255,126.44,
128,0,962,292.07,5788.7,37905.6,255,126.44,
128,0,966,293.12,5267.1,37382.0,254,126.94,
128,0,967,293.12,5266.2,37381.7,255,126.44,
128,0,968,293.12,5266.4,37381.9,255,126.44,
128,0,969,293.12,5266.4,37381.9,250,128.98,
128,0,970,293.65,5262.2,37378.8,254,126.94,
128,0,971,293.65,5261.8,37378.7,253,127.45,
128,0,972,293.65,5261.8,37378.7,252,127.96,
128,0,973,293.65,5261.7,37378.6,252,127.96,
128,0,974,294.18,5257.1,37370.4,255,126.43,
128,0,975,294.18,5256.7,37370.3,254,126.93,
128,0,976,294.18,5256.4,37370.3,254,126.93,
128,0,977,294.19,5256.3,37370.3,251,128.46,
128,0,978,294.70,5265.0,37377.9,255,126.43,
128,0,979,294.70,5265.0,37377.9,251,128.45,
128,0,980,294.71,5265.0,37377.7,254,126.93,
128,0,981,294.71,5264.8,37377.7,255,126.43,
128,0,982,295.23,5256.7,37378.4,253,127.47,
128,0,983,295.24,5257.2,37378.8,253,127.47,
128,0,984,295.24,5256.7,37378.2,255,126.46,
128,0,985,295.24,5256.5,37378.4,254,126.96,
128,0,986,295.76,5256.7,37379.0,255,126.47,
128,0,987,295.76,5258.8,37379.5,255,126.46,
128,0,988,295.76,5259.1,37379.6,254,126.96,
128,0,989,295.76,5262.5,37379.1,256,125.95,
128,0,990,296.28,5254.4,37380.3,256,125.98,
128,0,991,296.29,5253.2,37379.4,254,126.98,
128,0,992,296.29,5250.7,37377.4,255,126.48,
128,0,993,296.29,5250.1,37377.1,253,127.49,
128,0,994,296.81,5257.3,37376.2,255,126.45,
128,0,995,296.81,5257.2,37377.1,249,129.52,
128,0,996,296.81,5257.9,37377.8,255,126.46,
128,0,997,296.81,5258.5,37379.9,256,125.97,
128,0,998,297.33,5255.6,37376.3,249,129.52,
128,0,999,297.33,5254.9,37376.1,254,126.96,
128,0,1000,297.33,5255.4,37376.9,253,127.47,
128,0,1002,297.86,5259.7,37376.3,255,126.44,
128,0,1003,297.86,5259.3,37376.3,254,126.94,
128,0,1004,297.86,5259.0,37376.3,256,125.95,
128,0,1001,297.34,5782.9,37900.4,256,125.95,
128,0,1006,298.39,5250.9,37372.7,254,126.96,
128,0,1007,298.39,5251.4,37373.1,253,127.47,
128,0,1005,297.86,5779.6,37901.6,253,127.47,
128,0,1008,298.39,5251.7,37373.0,253,127.47,
128,0,1010,298.91,5251.3,37371.2,256,125.96,
128,0,1011,298.91,5251.0,37371.3,254,126.96,
128,0,1009,298.39,5775.9,37896.4,255,126.46,
128,0,1012,298.91,5250.7,37371.5,254,126.96,
128,0,1013,299.44,5246.0,37365.7,254,126.96,
128,0,1014,299.44,5244.9,37365.6,255,126.46,
128,0,1015,299.44,5245.8,37366.8,253,127.46,
128,0,1016,299.44,5245.7,37368.2,256,125.97,
128,0,1017,299.97,5243.7,37361.6,249,129.51,
128,0,1018,299.97,5243.3,37361.5,251,128.47,
128,0,1019,299.97,5243.2,37361.5,256,125.95,
128,0,1020,299.97,5243.0,37361.5,254,126.95,
128,0,1021,300.49,5246.3,37362.3,254,126.94,
128,0,1022,300.49,5246.0,37362.3,255,126.44,
128,0,1023,300.49,5245.5,37362.3,250,128.98,
128,0,1024,300.49,5245.2,37362.2,250,128.98,
128,0,1025,301.01,5251.0,37361.2,254,126.92,
128,0,1026,301.02,5249.1,38413.0,252,132.13,
128,0,1027,301.02,5247.6,43481.8,254,151.12,
128,0,1028,301.02,5246.4,44164.4,254,153.83,
128,0,1029,301.54,5257.7,44485.1,254,155.05,
128,0,1030,301.54,5257.2,44958.5,256,155.69,
128,0,1031,301.54,5256.6,45723.2,254,159.95,
128,0,1032,301.54,5256.5,46347.1,253,163.06,
128,0,1033,302.06,5256.4,47063.0,251,167.23,
128,0,1034,302.07,5256.2,47743.3,253,168.60,
128,0,1035,302.07,5256.0,48386.1,256,169.14,
128,0,1036,302.07,5792.5,49068.6,254,171.05,
128,0,1037,302.59,5266.6,49248.3,251,175.93,
128,0,1038,302.59,5267.3,49813.5,254,176.07,
128,0,1039,302.59,5269.0,50308.6,250,180.88,
128,0,1040,302.59,5799.7,51016.7,252,180.15,
128,0,1041,303.12,5272.2,50980.6,255,179.95,
128,0,1042,303.12,5272.5,51486.0,252,184.12,
128,0,1043,303.12,5272.2,52111.5,252,186.61,
128,0,1044,303.64,5251.9,52151.7,253,186.11,
128,0,1045,303.64,5252.3,52655.5,255,186.63,
128,0,1046,303.64,5252.0,53313.3,255,189.22,
128,0,1047,304.69,4203.6,53269.3,256,192.41,
128,0,1048,308.89,324.9,49758.3,250,198.53,
128,0,1049,309.64,326.8,50041.6,252,198.07,
135,0,695,198.97,6867.6,47619.9,253,161.72,
135,0,696,198.98,6870.6,52768.3,254,181.41,
135,0,697,198.98,6870.8,56788.1,252,198.87,
135,0,698,199.50,6340.2,58753.6,252,208.82,
135,0,699,199.50,6875.1,60361.0,255,210.57,
135,0,700,199.50,6873.5,61078.6,248,219.45,
135,0,701,200.02,6354.4,61135.4,253,217.38,
135,0,702,200.02,6352.0,61580.5,254,218.29,
135,0,703,200.02,6730.2,62093.9,254,218.83,
135,0,704,200.03,6726.8,62475.1,255,219.48,
135,0,705,200.55,6206.6,62287.1,252,223.43,
135,0,706,206.85,366.0,56746.7,254,222.85,
135,0,707,210.08,19513.6,53887.5,255,135.33,
135,0,708,211.13,18466.8,52840.9,255,135.33,
135,0,709,211.78,17821.3,52197.6,252,136.96,
135,0,711,213.41,16715.7,50624.5,253,134.56,
135,0,712,214.13,16000.3,49909.1,251,135.63,
135,0,713,214.70,15435.5,49343.1,255,133.49,
135,0,710,212.78,17354.4,51260.9,255,133.49,
135,0,715,215.98,14678.8,48594.1,251,135.66,
135,0,716,216.98,13679.3,47595.6,253,134.59,
135,0,717,217.62,13043.3,46959.9,254,134.06,
135,0,714,215.20,15463.4,49380.5,253,132.47,
135,0,719,218.67,12512.0,46427.6,255,133.53,
135,0,720,219.37,11810.1,45725.9,251,135.66,
135,0,721,220.14,11044.0,44958.8,256,133.00,
135,0,718,218.04,13141.8,47056.3,253,134.58,
135,0,723,221.13,10576.8,44495.9,252,135.14,
135,0,722,220.70,11004.9,44922.7,255,133.53,
135,0,724,221.62,10088.5,44006.6,251,135.67,
135,0,725,222.18,9533.4,43451.6,254,134.06,
135,0,727,223.35,8880.5,42800.2,254,134.07,
135,0,728,223.97,8269.3,42190.2,255,133.55,
135,0,726,222.67,9570.8,43494.8,256,133.04,
135,0,729,224.45,7783.4,41708.0,255,133.56,
135,0,733,227.42,5338.7,39258.4,256,133.02,
135,0,731,225.46,7301.1,41220.5,254,134.07,
135,0,732,225.87,6894.3,40810.4,254,134.06,
135,0,730,224.87,7899.4,41815.7,254,134.06,
135,0,734,227.42,5866.3,39790.0,253,134.62,
135,0,735,227.42,5866.2,39790.3,255,133.56,
135,0,736,227.42,5866.3,39793.0,254,134.10,
135,0,737,227.48,6331.4,40254.3,255,133.55,
135,0,738,227.48,6333.4,40255.0,252,135.15,
135,0,739,227.48,6332.7,40254.2,251,135.69,
135,0,740,227.49,6335.5,40254.5,253,134.60,
135,0,741,228.02,6324.3,40244.7,252,135.14,
135,0,742,228.02,6324.1,40244.5,254,134.07,
135,0,743,228.02,6323.8,40244.5,255,133.55,
135,0,744,228.02,6324.3,40244.9,254,134.07,
135,0,745,228.54,6333.2,40252.3,252,135.14,
135,0,746,228.54,6332.4,40251.6,254,134.07,
135,0,747,228.54,6332.4,40251.6,256,133.02,
135,0,748,228.54,6335.0,40251.7,255,133.53,
135,0,749,229.06,6321.9,40249.6,254,134.10,
135,0,752,229.60,5790.4,39718.2,254,134.10,
135,0,750,229.07,6324.6,40249.6,254,134.09,
135,0,751,229.07,6324.9,40249.5,253,134.62,
135,0,753,229.60,6318.2,40245.9,253,134.63,
135,0,756,230.13,5785.8,39713.9,254,134.10,
135,0,754,229.60,6318.9,40246.3,254,134.10,
135,0,755,229.60,6318.6,40246.2,253,134.63,
135,0,757,230.13,6312.0,40240.3,255,133.58,
135,0,760,230.66,5786.6,39716.3,256,133.06,
135,0,758,230.13,6310.9,40240.9,256,133.06,
135,0,759,230.14,6309.6,40240.1,256,133.06,
135,0,764,231.18,5783.7,39713.5,254,134.11,
135,0,761,230.66,6309.5,40238.8,256,133.06,
135,0,762,230.66,6308.6,40238.5,253,134.64,
135,0,763,230.66,6308.0,40238.0,250,136.27,
135,0,768,231.71,5784.2,39714.6,256,133.06,
135,0,765,231.18,6307.7,40237.9,254,134.11,
135,0,766,231.19,6305.7,40237.7,254,134.12,
135,0,767,231.19,6305.0,40237.6,254,134.12,
135,0,772,232.23,5781.0,39710.9,254,134.11,
135,0,769,231.71,6307.3,40238.4,256,133.06,
135,0,770,231.71,6308.2,40238.5,254,134.11,
135,0,771,231.71,6308.2,40238.5,254,134.11,
135,0,773,232.23,6304.7,40238.5,254,134.13,
135,0,776,232.76,5779.2,39713.7,254,134.13,
135,0,774,232.24,6304.8,40240.1,250,136.29,
135,0,775,232.24,6304.5,40240.3,252,135.20,
135,0,777,232.76,6308.6,40239.0,253,134.64,
135,0,778,232.76,6307.5,40238.1,253,134.65,
135,0,779,232.76,6306.4,40237.3,254,134.11,
135,0,780,233.28,6300.6,40237.9,254,134.14,
135,0,781,233.29,6299.6,40236.7,253,134.67,
135,0,782,233.29,6299.4,40235.3,254,134.13,
135,0,783,233.29,6297.4,40234.4,255,133.61,
135,0,784,233.81,6294.4,40236.5,253,134.69,
135,0,785,233.82,6293.7,40236.2,254,134.16,
135,0,786,233.82,6292.6,40234.8,254,134.16,
135,0,787,233.82,6290.6,40233.4,255,133.63,
135,0,788,234.34,6293.6,40235.7,255,133.63,
135,0,789,234.34,6293.1,40235.6,256,133.11,
135,0,790,234.34,6293.4,40236.0,256,133.11,
135,0,791,234.34,6292.7,40235.6,254,134.16,
135,0,792,234.87,6291.3,40229.2,254,134.14,
135,0,795,235.39,5772.6,39710.8,253,134.68,
135,0,793,234.88,6287.4,40225.6,255,133.62,
135,0,794,234.88,6286.4,40224.9,254,134.14,
135,0,799,235.91,5769.9,39709.3,256,133.10,
135,0,796,235.39,6297.0,40238.0,254,134.15,
135,0,797,235.39,6295.8,40238.5,253,134.69,
135,0,798,235.39,6295.3,40238.8,253,134.70,
135,0,800,235.92,6296.8,40228.6,254,134.12,
135,0,801,235.92,6296.6,40228.5,253,134.65,
135,0,802,235.92,6296.4,40228.5,251,135.73,
135,0,803,236.44,5771.2,46361.9,256,159.18,
135,0,804,236.44,6297.1,48221.2,254,165.71,
135,0,805,236.44,6297.5,50502.1,256,173.35,
135,0,806,236.45,6297.2,51723.6,250,182.44,
135,0,807,236.96,5774.3,51914.5,253,183.10,
135,0,808,236.97,6307.9,52522.7,256,181.23,
135,0,809,236.97,6307.7,53305.2,256,184.30,
135,0,810,236.97,6308.0,54155.1,251,191.39,
135,0,811,237.49,6314.6,54341.2,253,190.58,
135,0,812,237.49,6314.2,54834.6,254,191.78,
135,0,813,237.49,6314.1,55398.2,254,194.01,
135,0,814,237.49,6314.7,55957.8,256,194.68,
135,0,815,238.02,6320.0,56003.0,255,195.60,
135,0,816,238.02,6319.6,56492.9,255,197.53,
135,0,817,238.02,6319.5,57049.7,254,200.51,
135,0,818,238.02,6319.6,57533.3,252,204.04,
135,0,819,238.54,6325.7,57765.8,250,206.59,
135,0,820,238.54,6326.5,58680.8,252,208.58,
135,0,821,238.54,6326.3,59262.6,252,210.90,
135,0,822,238.54,6326.1,59744.6,254,211.14,
135,0,823,239.07,6327.1,59701.3,254,210.97,
135,0,824,239.07,6324.0,60186.9,254,212.90,
135,0,825,239.07,6323.7,60665.9,256,213.11,
135,0,826,239.58,5810.5,60676.0,255,216.01,
135,0,827,239.59,6221.3,61220.2,249,221.77,
135,0,828,239.59,6220.8,61738.7,253,220.31,
135,0,829,239.59,6220.1,62153.2,255,220.21,
135,0,830,246.59,365.4,56357.4,255,220.44,
135,0,833,258.25,10539.1,45581.8,254,138.51,
135,0,834,259.86,8933.1,43974.9,256,137.42,
135,0,831,251.75,17047.1,52089.5,256,137.42,
135,0,832,255.77,13026.7,48069.4,254,138.51,
135,0,836,261.15,8161.1,42745.7,254,136.70,
135,0,837,261.60,7714.9,42299.8,252,137.79,
135,0,838,262.12,7200.7,41786.0,254,136.70,
135,0,835,260.58,8740.1,43325.7,252,137.79,
135,0,842,263.97,5872.6,40455.0,249,139.45,
135,0,840,262.83,7012.8,41595.1,256,135.62,
135,0,841,263.59,6254.2,40836.4,252,137.78,
135,0,839,262.50,7346.4,41928.9,253,137.23,
135,0,845,264.04,6331.5,40919.2,255,136.17,
135,0,846,264.04,6331.3,40918.9,255,136.17,
135,0,843,263.97,6398.5,40986.9,254,136.71,
135,0,844,263.98,6398.8,40984.8,254,136.70,
135,0,849,264.57,6324.9,40916.6,250,138.92,
135,0,850,264.57,6323.9,40916.0,254,136.73,
135,0,847,264.04,6855.7,41447.9,255,136.19,
135,0,848,264.04,6856.4,41448.3,253,137.27,
135,0,853,265.10,6321.9,40911.0,254,136.72,
135,0,854,265.10,6322.1,40911.0,254,136.71,
135,0,851,264.58,6848.3,41436.0,255,136.17,
135,0,852,264.58,6847.8,41434.4,253,137.25,
135,0,857,265.62,6319.5,40914.4,250,138.94,
135,0,855,265.10,6846.3,41440.9,253,137.28,
135,0,856,265.10,6846.4,41440.9,254,136.74,
135,0,858,265.63,6320.7,40915.2,253,137.28,
135,0,861,266.15,6318.8,40919.5,253,137.30,
135,0,862,266.16,6318.1,40918.0,256,135.69,
135,0,859,265.63,6850.0,41447.7,254,136.75,
135,0,860,265.63,6849.9,41447.7,256,135.68,
135,0,865,266.68,6320.6,40919.1,254,136.75,
135,0,863,266.16,6840.9,41441.8,254,136.76,
135,0,864,266.16,6840.3,41441.7,255,136.23,
135,0,866,266.68,6845.2,41444.1,254,136.75,
135,0,869,267.21,6313.7,40913.1,253,137.30,
135,0,867,266.68,6844.8,41447.1,250,138.97,
135,0,868,266.68,6844.5,41447.2,254,136.77,
135,0,872,267.74,6314.0,40908.8,253,137.28,
135,0,870,267.21,6841.3,41436.1,253,137.28,
135,0,873,267.74,6314.3,40909.3,255,136.20,
135,0,871,267.22,6837.4,41433.5,253,137.29,
135,0,876,268.26,6315.4,40909.1,254,136.73,
135,0,874,267.74,6839.5,41433.6,249,139.49,
135,0,877,268.26,6315.3,40909.8,256,135.66,
135,0,875,267.74,6839.8,41433.9,256,135.66,
135,0,880,268.79,6309.1,40910.9,255,136.23,
135,0,881,268.79,6308.6,40911.5,253,137.31,
135,0,878,268.26,6837.8,41442.1,254,136.78,
135,0,879,268.26,6837.0,41443.0,253,137.33,
135,0,884,269.31,6309.1,40906.9,254,136.75,
135,0,885,269.32,6310.0,40907.0,254,136.75,
135,0,882,268.79,6837.2,41432.1,254,136.74,
135,0,883,268.79,6840.0,41432.1,254,136.73,
135,0,888,269.84,6300.8,40904.2,254,136.77,
135,0,889,269.84,6300.5,40904.5,253,137.32,
135,0,886,269.32,6829.8,41434.5,253,137.32,
135,0,887,269.32,6829.5,41435.5,254,136.78,
135,0,892,270.37,6299.8,40901.3,253,137.31,
135,0,893,270.37,6298.2,40901.0,253,137.31,
135,0,890,269.85,6826.5,41430.2,253,137.32,
135,0,891,269.85,6826.2,41430.6,253,137.32,
135,0,896,270.89,6302.6,40902.7,254,136.76,
135,0,897,270.90,6302.1,40902.7,252,137.85,
135,0,894,270.37,6824.8,41425.6,256,135.69,
135,0,895,270.38,6824.6,41425.7,255,136.22,
135,0,900,271.42,6302.9,40906.2,253,137.31,
135,0,901,271.42,6302.3,40906.3,249,139.53,
135,0,898,270.90,6827.4,41432.8,252,137.87,
135,0,899,270.90,6827.2,41433.2,254,136.78,
135,0,904,271.94,6305.3,40903.2,255,136.21,
135,0,902,271.42,6826.8,41427.3,256,135.69,
135,0,903,271.43,6826.2,41427.4,253,137.31,
135,0,908,272.47,6302.9,40901.6,256,135.68,
135,0,905,271.95,6829.3,41429.1,253,137.30,
135,0,906,271.95,6829.5,41430.4,255,136.22,
135,0,907,271.95,6829.2,41430.8,253,137.31,
135,0,909,272.47,6828.4,41431.1,255,136.23,
135,0,912,273.00,6303.0,40905.2,255,136.23,
135,0,910,272.48,6828.5,41430.3,254,136.77,
135,0,911,272.48,6828.4,41430.0,253,137.31,
135,0,915,273.52,6308.6,40908.7,252,137.85,
135,0,916,273.52,6309.6,40908.7,253,137.30,
135,0,913,273.00,6835.7,41433.0,254,136.75,
135,0,914,273.00,6836.5,41433.0,254,136.74,
135,0,919,274.05,6306.4,40906.7,251,138.40,
135,0,920,274.05,6306.4,40906.8,254,136.76,
135,0,917,273.53,6834.8,41434.8,256,135.69,
135,0,918,273.53,6834.6,41434.8,255,136.22,
135,0,923,274.58,6312.6,40904.6,254,136.73,
135,0,924,274.58,6312.7,40904.6,255,136.19,
135,0,921,274.05,6838.3,41430.8,253,137.27,
135,0,922,274.05,6838.7,41430.3,253,137.27,
135,0,925,274.58,6848.9,41430.9,254,136.69,
135,0,926,274.58,6848.7,42477.5,254,140.82,
135,0,927,275.10,6326.1,48442.8,253,167.13,
135,0,928,275.10,6325.9,53304.7,254,185.69,
135,0,929,275.10,6866.6,55916.1,253,194.64,
135,0,930,275.10,6866.6,57967.0,255,201.18,
135,0,931,275.62,6345.0,59438.4,256,208.21,
135,0,932,275.63,6869.1,60556.7,254,212.20,
135,0,933,275.63,6867.1,61342.0,254,215.32,
135,0,934,275.63,6865.9,61928.8,253,218.50,
135,0,935,276.14,6352.2,62069.2,251,222.87,
135,0,936,276.15,6573.4,62650.1,252,223.41,
135,0,937,276.15,6573.1,63236.9,250,227.57,
135,0,938,282.80,370.6,57226.3,254,224.73,
135,0,939,284.66,20823.8,55747.1,255,137.49,
135,0,940,286.95,18543.8,53466.3,254,138.03,
135,0,942,288.88,17129.3,51595.9,255,135.70,
135,0,943,289.49,16521.0,50987.6,254,136.23,
135,0,944,290.27,15738.7,50204.7,255,135.69,
135,0,941,288.17,17844.0,52309.7,250,138.42,
135,0,946,291.83,14709.1,49174.1,255,135.69,
135,0,947,292.32,14215.3,48680.7,253,136.77,
135,0,945,291.12,15419.4,49884.3,254,136.22,
135,0,950,294.02,13056.2,47517.1,254,136.21,
135,0,951,294.51,12566.0,47027.2,252,137.30,
135,0,948,292.89,14184.6,48646.0,251,137.85,
135,0,949,293.45,13625.0,48086.6,256,135.14,
135,0,954,296.30,11292.7,45759.4,250,138.42,
135,0,952,295.07,12534.7,46999.5,253,136.76,
135,0,955,297.22,10379.8,44844.6,253,136.77,
135,0,953,295.55,12051.1,46515.6,250,138.41,
135,0,958,298.77,9352.8,43821.3,254,136.24,
135,0,956,297.80,10323.6,44789.4,254,136.23,
135,0,957,298.29,9841.8,44307.6,253,136.77,
135,0,959,299.26,8871.5,43336.1,252,137.31,
135,0,961,300.26,8384.2,42859.5,253,136.81,
135,0,962,300.81,7840.6,42314.6,256,135.19,
135,0,963,301.33,7321.9,41795.9,253,136.80,
135,0,960,299.74,8910.8,43386.5,252,137.35,
135,0,966,303.83,5337.4,39816.0,252,137.36,
135,0,965,302.95,6219.7,40698.4,254,136.28,
135,0,967,303.83,5338.6,39815.8,252,137.36,
135,0,964,301.74,7431.7,41909.5,252,137.36,
135,0,970,303.90,5799.5,40280.8,254,136.29,
135,0,971,303.90,5801.0,40280.7,255,135.75,
135,0,968,303.84,5872.4,40348.3,256,135.20,
135,0,969,303.84,5872.2,40348.2,255,135.73,
135,0,974,304.43,5796.0,40285.8,255,135.79,
135,0,972,303.90,6321.9,40811.1,254,136.32,
135,0,975,304.43,5796.5,40285.6,254,136.32,
135,0,973,303.90,6321.7,40810.7,254,136.32,
135,0,978,304.96,5790.3,40267.4,253,136.81,
135,0,979,304.96,5790.6,40267.7,254,136.27,
135,0,976,304.43,6324.9,40801.9,256,135.20,
135,0,977,304.43,6324.6,40802.0,253,136.82,
135,0,982,305.49,5784.9,40262.2,253,136.81,
135,0,980,304.96,6313.2,40791.1,255,135.74,
135,0,983,305.49,5784.5,40262.4,254,136.28,
135,0,981,304.96,6315.3,40791.5,253,136.81,
135,0,986,306.01,5789.0,40265.9,254,136.27,
135,0,984,305.49,6310.7,40788.5,253,136.82,
135,0,985,305.49,6310.7,40788.2,253,136.82,
135,0,990,306.54,5786.6,40260.9,252,137.35,
135,0,987,306.01,6317.4,40790.8,254,136.26,
135,0,988,306.01,6318.7,40791.6,254,136.26,
135,0,989,306.01,6319.7,40791.2,253,136.79,
135,0,994,307.07,5775.0,40252.8,254,136.28,
135,0,991,306.54,6309.3,40785.7,256,135.20,
135,0,992,306.54,6309.5,40785.8,254,136.27,
135,0,993,306.54,6310.1,40785.9,254,136.27,
135,0,998,307.60,5776.1,40253.3,256,135.20,
135,0,995,307.07,6301.7,40778.1,252,137.36,
135,0,996,307.08,6304.1,40778.1,254,136.26,
135,0,997,307.08,6303.9,40778.0,251,137.90,
135,0,1001,308.12,5781.4,40252.1,253,136.79,
135,0,1002,308.12,5781.3,40251.9,255,135.71,
135,0,999,307.60,6304.4,40775.3,253,136.79,
135,0,1000,307.60,6303.8,40775.0,252,137.34,
135,0,1005,308.65,5785.9,40255.0,249,138.99,
135,0,1006,308.65,5785.7,40255.3,256,135.17,
135,0,1003,308.13,6306.5,40778.7,254,136.25,
135,0,1004,308.13,6306.2,40778.8,255,135.72,
135,0,1009,309.17,5787.4,40251.9,254,136.22,
135,0,1007,308.65,6311.7,40776.6,252,137.31,
135,0,1010,309.17,5787.0,40253.2,253,136.77,
135,0,1008,308.65,6310.5,40780.1,255,135.71,
135,0,1013,309.70,5780.3,40248.3,254,136.24,
135,0,1014,309.70,5779.2,40247.6,252,137.32,
135,0,1011,309.17,6310.1,40778.7,254,136.24,
135,0,1012,309.17,6310.5,40778.9,256,135.17,
135,0,1017,310.22,5785.8,40251.5,255,135.69,
135,0,1018,310.22,5785.2,40251.5,254,136.23,
135,0,1015,309.71,6304.0,40770.7,250,138.42,
135,0,1016,309.71,6302.8,40769.6,255,135.70,
135,0,1021,310.75,5782.0,40250.7,251,137.87,
135,0,1022,310.75,5781.7,40250.4,256,135.17,
135,0,1019,310.22,6307.1,40776.5,254,136.24,
135,0,1020,310.23,6306.7,40776.8,254,136.25,
135,0,1025,311.27,5782.0,40250.4,255,135.70,
135,0,1023,310.75,6304.5,40772.9,255,135.70,
135,0,1024,310.75,6303.5,40772.2,256,135.17,
135,0,1029,311.80,5784.5,40248.1,252,137.30,
135,0,1026,311.27,6308.7,40773.1,252,137.31,
135,0,1027,311.28,6307.9,40772.2,253,136.76,
135,0,1028,311.28,6307.1,40771.7,254,136.22,
135,0,1033,312.33,5781.8,40250.5,252,137.33,
135,0,1030,311.80,6310.0,40779.0,252,137.33,
135,0,1031,311.80,6310.4,40779.0,255,135.70,
135,0,1032,311.80,6309.8,40779.1,254,136.24,
135,0,1034,312.33,6308.0,40769.3,254,136.21,
135,0,1035,312.33,6306.9,40768.4,254,136.21,
135,0,1036,312.33,6306.3,47222.1,255,161.09,
145,0,689,197.82,7879.2,42345.5,255,135.69,
145,0,690,197.82,7879.3,42345.9,255,133.64,
145,0,691,197.83,7879.3,42345.2,256,135.16,
145,0,692,197.83,7879.7,42345.7,253,134.69,
145,0,693,198.35,7881.9,42347.5,256,135.16,
145,0,694,198.35,7883.2,46029.1,252,151.98,
145,0,695,198.35,7883.1,52620.2,253,177.53,
145,0,696,198.35,7884.2,56114.8,254,190.63,
145,0,697,198.87,7895.7,57288.6,252,196.78,
145,0,698,198.87,7895.4,58478.1,254,199.93,
145,0,699,198.87,7895.1,59862.3,254,205.40,
145,0,700,198.87,7894.8,61468.8,254,211.75,
145,0,701,199.40,7904.8,61665.4,252,214.19,
145,0,702,199.40,7903.5,62387.4,255,214.50,
145,0,703,199.40,7902.7,63039.0,254,217.93,
145,0,704,199.40,7901.8,63615.3,254,220.21,
145,0,705,199.92,7911.9,63541.6,254,219.88,
145,0,706,199.92,7911.4,63982.5,255,220.75,
145,0,707,199.92,7909.9,64613.5,255,223.24,
145,0,708,199.93,8012.4,65296.2,253,227.32,
145,0,709,200.44,29745.6,65221.5,256,139.12,
145,0,713,200.97,29748.0,64761.7,255,137.85,
145,0,710,200.45,30274.6,65289.3,254,138.40,
145,0,711,200.45,30274.2,65289.2,252,139.50,
145,0,712,200.45,30274.3,65289.2,254,138.40,
145,0,717,202.02,29225.7,63937.8,252,138.30,
145,0,714,200.97,30270.3,64982.4,256,136.13,
145,0,715,200.97,30269.6,64982.7,254,137.21,
145,0,716,200.97,30269.4,64982.7,253,137.75,
145,0,720,212.40,19372.6,54089.0,256,136.14,
145,0,721,214.11,17657.7,52373.4,253,137.76,
145,0,718,208.65,23126.9,57838.1,254,137.20,
145,0,719,211.10,20676.4,55386.0,251,138.84,
145,0,724,216.59,15704.4,50423.2,252,138.32,
145,0,725,217.09,15206.0,49925.1,251,138.88,
145,0,722,214.96,17339.0,52057.7,256,136.15,
145,0,723,215.88,16414.0,51134.4,254,137.23,
145,0,728,219.13,13690.2,48410.6,256,136.16,
145,0,729,219.76,13061.6,47780.1,254,137.23,
145,0,726,217.72,15097.1,49815.5,255,136.69,
145,0,727,218.22,14605.2,49322.1,254,137.22,
145,0,732,221.30,12049.8,46770.6,253,137.78,
145,0,730,220.25,13097.1,47818.6,255,136.70,
145,0,731,220.81,12536.9,47260.0,255,136.71,
145,0,735,223.11,10769.8,45481.9,255,136.66,
145,0,733,221.79,12087.3,46799.7,254,137.20,
145,0,736,223.75,10127.4,44840.1,250,139.41,
145,0,734,222.48,11398.5,46111.6,255,136.67,
145,0,739,225.11,9291.3,44005.0,251,138.85,
145,0,740,225.66,8743.1,43457.1,254,137.21,
145,0,737,224.30,10109.7,44823.4,252,138.30,
145,0,738,224.71,9693.9,44407.5,256,136.13,
145,0,743,226.97,7962.7,42677.9,256,136.14,
145,0,744,227.58,7350.5,42066.5,252,138.31,
145,0,741,226.14,8792.0,43507.9,254,137.22,
145,0,742,226.56,8375.3,43091.5,249,139.98,
145,0,746,228.44,7016.5,41738.3,255,136.70,
145,0,748,228.65,6800.6,41522.6,253,137.79,
145,0,745,228.37,7084.0,41805.8,250,139.44,
145,0,747,228.44,7016.8,41738.8,255,136.70,
145,0,752,229.13,6844.7,41569.1,253,137.80,
145,0,749,228.65,7323.7,42048.5,254,137.25,
145,0,750,228.66,7321.2,42046.5,250,139.46,
145,0,751,228.66,7320.9,42046.1,256,136.18,
145,0,756,229.66,6839.3,41564.7,255,136.71,
145,0,753,229.13,7366.5,42091.5,252,138.35,
145,0,754,229.14,7365.0,42090.4,256,136.18,
145,0,755,229.14,7362.7,42088.0,252,138.35,
145,0,760,230.19,6835.5,41559.1,255,136.71,
145,0,757,229.66,7363.8,42087.5,253,137.79,
145,0,758,229.67,7361.2,42084.5,254,137.25,
145,0,759,229.67,7360.6,42084.1,250,139.45,
145,0,764,230.72,6832.6,41559.5,253,137.81,
145,0,761,230.19,7362.6,42091.0,253,137.81,
145,0,762,230.19,7362.7,42093.6,255,136.74,
145,0,763,230.19,7363.0,42095.0,254,137.28,
145,0,768,231.24,6833.2,41559.9,252,138.35,
145,0,765,230.72,7355.2,42081.9,250,139.46,
145,0,766,230.72,7356.2,42082.2,253,137.80,
145,0,767,230.72,7356.0,42082.2,254,137.26,
145,0,769,231.24,7355.1,42086.7,254,137.28,
145,0,770,231.24,7354.9,42086.8,253,137.83,
145,0,771,231.24,7354.7,42086.8,256,136.20,
145,0,772,231.77,7347.9,42079.3,256,136.20,
145,0,773,231.77,7346.3,42078.2,255,136.74,
145,0,774,231.78,7344.7,42075.7,254,137.28,
145,0,775,231.78,7343.8,42074.9,254,137.28,
145,0,776,232.29,7355.5,42083.4,254,137.26,
145,0,777,232.29,7355.1,42083.4,254,137.27,
145,0,778,232.30,7356.1,42083.4,253,137.81,
145,0,779,232.30,7355.2,42083.2,254,137.26,
145,0,780,232.82,7350.6,42080.7,254,137.27,
145,0,781,232.82,7350.4,42080.7,255,136.73,
145,0,782,232.82,7348.6,42077.9,249,140.04,
145,0,783,232.83,7348.3,42078.0,256,136.20,
145,0,787,233.87,6822.5,41549.2,255,136.72,
145,0,784,233.35,7350.4,42076.8,253,137.80,
145,0,785,233.35,7352.4,42077.1,256,136.18,
145,0,786,233.35,7352.8,42077.1,255,136.71,
145,0,788,233.87,7344.2,42070.4,253,137.80,
145,0,789,233.87,7344.5,42070.5,254,137.26,
145,0,791,234.41,6816.4,41540.9,253,137.80,
145,0,790,233.88,7349.7,42070.9,253,137.78,
145,0,795,234.93,6814.9,41538.6,253,137.79,
145,0,792,234.41,7340.2,42069.2,253,137.81,
145,0,793,234.41,7340.0,42070.1,253,137.82,
145,0,794,234.41,7339.8,42070.4,253,137.82,
145,0,799,235.45,6817.1,41537.1,255,136.69,
145,0,796,234.93,7340.1,42060.7,256,136.16,
145,0,797,234.93,7339.8,42060.8,252,138.33,
145,0,798,234.93,7340.3,42061.5,254,137.24,
145,0,803,235.98,6820.2,41543.2,255,136.70,
145,0,800,235.45,7343.8,42067.0,254,137.25,
145,0,801,235.45,7343.2,42066.9,256,136.17,
145,0,802,235.46,7343.0,42066.9,254,137.25,
145,0,804,235.98,7343.4,42062.3,254,137.23,
145,0,805,235.98,7343.1,42062.3,254,137.23,
145,0,806,235.98,7343.3,50226.0,253,170.17,
145,0,807,236.50,7350.4,52187.3,253,177.92,
145,0,808,236.50,7350.1,53977.1,253,185.03,
145,0,809,236.50,7350.4,54622.4,249,190.61,
145,0,810,236.50,7350.2,55611.2,250,193.82,
145,0,811,237.02,7352.1,56077.2,256,191.08,
145,0,812,237.02,7351.7,56713.4,254,195.11,
145,0,813,237.03,7351.5,57353.5,254,197.64,
145,0,814,237.03,7351.7,58136.0,255,199.94,
145,0,815,237.55,7359.1,58438.6,255,201.10,
145,0,816,237.55,7358.8,59019.7,254,204.19,
145,0,817,237.55,7358.5,59510.5,250,208.90,
145,0,818,237.55,7358.4,60072.3,255,207.54,
145,0,819,238.07,7373.0,60202.7,255,207.99,
145,0,820,238.07,7372.8,60753.0,254,210.99,
145,0,821,238.08,7373.3,61247.3,254,212.94,
145,0,822,238.08,7372.8,61734.1,253,215.72,
145,0,823,238.59,7386.6,62034.9,256,214.31,
145,0,824,238.60,7383.7,62591.6,254,218.21,
145,0,825,238.60,7383.2,63009.0,254,219.86,
145,0,826,239.12,6859.9,63050.7,254,222.10,
145,0,827,239.12,7391.2,63530.0,253,222.77,
145,0,828,239.12,7390.8,64012.0,252,225.58,
145,0,829,239.12,7389.3,64417.0,254,225.41,
145,0,830,239.65,7338.2,64378.6,254,225.46,
145,0,831,239.65,7337.9,64853.2,253,228.24,
145,0,832,239.65,7335.8,65308.6,255,228.24,
145,0,833,239.65,7335.5,65833.8,254,231.22,
145,0,834,240.17,30005.7,65659.1,256,139.82,
145,0,838,240.69,30007.4,65199.1,255,138.55,
145,0,835,240.17,30531.9,65724.0,255,138.55,
145,0,836,240.17,30531.5,65725.0,256,138.01,
145,0,837,240.17,30531.2,65724.5,252,140.21,
145,0,842,256.16,15065.2,49925.6,256,136.71,
145,0,839,244.38,26847.7,61708.1,255,137.25,
145,0,840,250.97,20256.4,55116.9,254,137.79,
145,0,841,254.46,16762.0,51622.8,256,136.71,
145,0,846,261.06,10685.3,45541.9,253,138.32,
145,0,843,257.35,14399.8,49256.2,254,137.77,
145,0,844,258.73,13015.4,47872.0,250,139.99,
145,0,845,260.34,11408.6,46265.5,252,138.87,
145,0,847,261.79,10494.6,45346.4,252,138.85,
145,0,850,263.46,8818.0,43670.0,254,137.76,
145,0,848,262.44,9844.6,44696.0,253,138.30,
145,0,849,263.02,9269.7,44119.5,253,138.29,
145,0,854,265.66,7135.2,41995.6,255,137.25,
145,0,851,263.91,8896.8,43756.7,255,137.24,
145,0,852,264.54,8265.0,43125.7,254,137.79,
145,0,853,265.22,7582.4,42443.0,249,140.57,
145,0,855,265.73,7595.2,42458.9,250,140.01,
145,0,856,265.73,7595.2,42457.6,255,137.25,
145,0,857,265.74,7594.8,42458.2,255,137.26,
145,0,858,265.74,7594.5,42458.1,254,137.80,
145,0,859,265.95,7897.7,42758.1,255,137.25,
145,0,860,265.96,7898.0,42758.8,255,137.25,
145,0,861,265.96,7897.1,42758.3,256,136.71,
145,0,862,265.96,7897.1,42758.2,253,138.34,
145,0,863,266.49,7889.2,42750.2,256,136.71,
145,0,864,266.49,7889.4,42750.3,252,138.89,
145,0,865,266.49,7890.1,42750.5,253,138.33,
145,0,866,266.49,7890.5,42750.5,255,137.24,
145,0,867,267.01,7888.7,42745.2,255,137.23,
145,0,868,267.01,7888.4,42745.1,254,137.77,
145,0,869,267.01,7888.0,42745.2,254,137.78,
145,0,870,267.02,7887.1,42745.2,256,136.70,
145,0,871,267.54,7883.3,42747.6,254,137.80,
145,0,872,267.54,7884.6,42749.6,252,138.90,
145,0,873,267.54,7884.3,42750.7,253,138.36,
145,0,875,268.07,7877.3,42743.7,253,138.36,
145,0,876,268.07,7877.3,42742.5,253,138.35,
145,0,874,267.54,8405.7,43271.5,256,136.73,
145,0,877,268.07,7875.7,42741.5,256,136.73,
145,0,878,268.59,7884.8,42746.2,253,138.34,
145,0,879,268.59,7885.8,42746.3,254,137.79,
145,0,880,268.59,7885.5,42746.2,249,140.57,
145,0,881,268.59,7885.7,42746.2,255,137.25,
145,0,882,269.12,7871.5,42739.7,254,137.82,
145,0,883,269.12,7871.7,42739.4,254,137.82,
145,0,884,269.12,7872.8,42739.9,253,138.36,
145,0,885,269.12,7872.8,42740.3,256,136.74,
145,0,886,269.65,7874.9,42737.8,253,138.34,
145,0,887,269.65,7874.8,42737.5,256,136.72,
145,0,888,269.65,7874.8,42737.6,255,137.26,
145,0,889,269.65,7874.6,42738.0,256,136.72,
145,0,890,270.18,7864.6,42734.4,254,137.82,
145,0,891,270.18,7864.3,42734.5,256,136.75,
145,0,892,270.18,7864.0,42734.1,253,138.37,
145,0,893,270.18,7863.8,42734.2,254,137.83,
145,0,894,270.70,7861.3,42732.8,254,137.83,
145,0,895,270.70,7860.9,42732.8,254,137.83,
145,0,896,270.70,7860.7,42732.9,254,137.83,
145,0,897,270.70,7860.5,42732.9,253,138.38,
145,0,898,271.22,7865.5,42739.6,254,137.84,
145,0,899,271.23,7864.9,42741.0,255,137.31,
145,0,900,271.23,7864.5,42741.7,253,138.40,
145,0,901,271.23,7864.2,42743.2,255,137.32,
145,0,902,271.75,7865.7,42739.7,252,138.94,
145,0,903,271.75,7864.9,42740.5,255,137.31,
145,0,904,271.75,7864.7,42742.2,255,137.31,
145,0,905,271.75,7864.5,42742.5,255,137.31,
145,0,906,272.28,7861.3,42740.2,254,137.86,
145,0,907,272.28,7858.3,42738.0,251,139.52,
145,0,908,272.28,7856.0,42735.3,256,136.78,
145,0,909,272.29,7854.6,42734.0,253,138.41,
145,0,910,272.80,7867.3,42740.9,255,137.30,
145,0,911,272.80,7866.6,42740.9,253,138.39,
145,0,912,272.80,7866.6,42741.1,252,138.94,
145,0,914,273.33,7863.1,42738.1,253,138.39,
145,0,915,273.33,7862.7,42738.1,255,137.30,
145,0,916,273.33,7863.2,42738.1,254,137.85,
145,0,913,272.80,8390.2,43265.6,253,138.39,
145,0,917,273.85,7869.7,42739.2,252,138.92,
145,0,918,273.85,7869.2,42739.2,253,138.37,
145,0,919,273.85,7868.9,42739.2,253,138.37,
145,0,920,273.85,7868.5,42739.2,254,137.83,
145,0,921,274.38,7872.0,42736.7,248,141.15,
145,0,922,274.38,7872.3,42736.8,253,138.35,
145,0,923,274.38,7872.1,42736.8,254,137.80,
145,0,924,274.38,7871.9,42737.0,254,137.81,
145,0,925,274.90,7881.9,43262.4,253,140.40,
145,0,926,274.90,7881.2,48550.9,253,161.39,
145,0,927,274.90,7882.1,52592.5,253,177.42,
145,0,928,274.90,7881.6,55933.8,255,189.18,
145,0,929,275.42,7891.3,57458.2,255,195.15,
145,0,930,275.42,7891.0,58934.7,255,200.96,
145,0,931,275.42,7890.7,60181.2,254,206.68,
145,0,932,275.43,7890.5,61010.9,256,208.32,
145,0,933,275.94,7902.2,61444.6,253,212.47,
145,0,934,275.95,7904.7,62120.7,252,216.00,
145,0,935,275.95,7903.8,62639.4,253,217.20,
145,0,936,275.95,8438.3,63085.7,254,216.00,
145,0,937,276.47,7919.3,63143.9,255,217.42,
145,0,938,276.48,7910.4,63785.3,254,220.85,
145,0,939,276.48,7909.1,64432.7,255,222.53,
145,0,940,276.48,8238.0,65018.8,254,224.43,
145,0,941,276.99,7726.4,65023.2,253,227.37,
145,0,942,276.99,7724.6,65439.3,255,227.22,
145,0,945,277.52,30141.4,65194.2,251,140.21,
145,0,943,276.99,30670.4,65726.1,255,138.01,
145,0,944,276.99,30670.4,65727.5,254,138.57,
145,0,949,278.04,30152.4,64744.7,254,136.73,
145,0,946,277.52,30671.4,65263.9,252,137.82,
145,0,947,277.52,30671.1,65264.1,253,137.27,
145,0,948,277.52,30671.2,65264.1,250,138.93,
145,0,952,288.69,20026.4,54626.9,254,136.76,
145,0,950,278.04,30672.6,65274.0,253,137.31,
145,0,953,290.48,18235.3,52837.2,256,135.69,
145,0,951,286.21,22509.4,57110.1,255,136.22,
145,0,956,293.10,16134.7,50740.1,254,136.78,
145,0,957,293.74,15498.2,50104.3,253,137.33,
145,0,954,291.12,18115.0,52720.6,252,137.87,
145,0,955,292.11,17126.4,51731.8,254,136.78,
145,0,960,295.99,13767.3,48377.8,254,136.80,
145,0,958,294.38,15378.3,49988.8,253,137.34,
145,0,959,295.16,14595.0,49206.3,254,136.80,
145,0,964,298.28,12011.1,46621.7,253,137.34,
145,0,961,296.57,13716.7,48327.2,253,137.34,
145,0,962,297.06,13225.6,47836.4,254,136.80,
145,0,963,297.63,12666.2,47274.6,253,137.33,
145,0,968,300.63,10179.8,44797.0,253,137.37,
145,0,965,298.83,11983.4,46600.6,254,136.83,
145,0,966,299.32,11489.3,46106.1,253,137.37,
145,0,967,299.81,11001.8,45619.1,255,136.29,
145,0,969,301.19,10145.0,44765.3,254,136.84,
145,0,971,302.17,9162.7,43783.1,255,136.30,
145,0,970,301.61,9727.7,44348.4,253,137.38,
145,0,972,302.65,8685.4,43304.0,254,136.83,
145,0,975,304.03,7831.5,42455.5,254,136.85,
145,0,976,304.50,7356.6,41981.0,255,136.32,
145,0,973,303.13,8725.7,43350.2,255,136.32,
145,0,974,303.54,8320.9,42945.2,256,135.78,
145,0,980,305.89,6488.5,41114.3,254,136.86,
145,0,979,305.83,6553.9,41179.8,256,135.79,
145,0,977,304.96,7426.3,42052.1,254,136.86,
145,0,978,305.48,6901.2,41526.9,254,136.86,
145,0,984,306.08,6823.9,41451.2,254,136.87,
145,0,981,305.89,7014.4,41642.5,251,138.51,
145,0,982,305.90,7014.6,41641.5,254,136.87,
145,0,983,305.90,7014.1,41641.9,252,137.96,
145,0,988,306.60,6829.1,41461.3,253,137.43,
145,0,985,306.09,7349.8,41983.9,254,136.89,
145,0,986,306.09,7349.6,41984.2,254,136.90,
145,0,987,306.09,7349.2,41984.6,255,136.36,
145,0,989,306.61,7359.6,41982.1,253,137.39,
145,0,990,306.61,7359.4,41982.2,255,136.31,
145,0,991,306.61,7359.3,41982.2,254,136.85,
145,0,992,307.13,6833.3,41456.9,253,137.40,
145,0,996,307.66,6827.7,41451.1,254,136.85,
145,0,993,307.13,7357.0,41979.3,254,136.85,
145,0,994,307.13,7357.3,41979.4,253,137.39,
145,0,995,307.14,7358.4,41979.4,252,137.93,
145,0,997,307.66,7357.7,41977.9,254,136.84,
145,0,998,307.66,7357.1,41977.6,254,136.84,
145,0,999,307.66,7356.9,41978.0,254,136.84,
145,0,1000,308.19,7349.7,41971.5,255,136.31,
145,0,1001,308.19,7350.8,41972.5,254,136.84,
145,0,1002,308.19,7350.0,41972.1,254,136.85,
145,0,1003,308.19,7350.1,41972.2,249,139.61,
145,0,1004,308.71,7354.6,41975.0,254,136.84,
145,0,1005,308.71,7354.4,41974.5,254,136.84,
145,0,1006,308.71,7354.2,41975.0,254,136.84,
145,0,1007,308.72,7354.0,41975.0,256,135.77,
145,0,1008,309.24,7353.3,41975.6,254,136.85,
145,0,1009,309.24,7353.5,41975.6,255,136.31,
145,0,1010,309.24,7353.9,41975.5,254,136.84,
145,0,1011,309.24,7354.2,41975.8,254,136.84,
145,0,1012,309.76,7356.2,41977.4,252,137.93,
145,0,1013,309.76,7356.0,41977.5,255,136.31,
145,0,1014,309.76,7356.3,41977.5,250,139.04,
145,0,1015,309.76,7354.6,41977.6,255,136.31,
145,0,1016,310.28,7350.7,41973.7,249,139.61,
145,0,1019,310.81,6826.9,41450.7,255,136.31,
145,0,1017,310.29,7348.5,41972.5,254,136.85,
145,0,1018,310.29,7347.0,41971.4,255,136.32,
145,0,1020,310.81,7352.5,41972.8,254,136.84,
145,0,1023,311.33,6829.9,41450.6,254,136.84,
145,0,1021,310.81,7351.5,41973.0,246,141.31,
145,0,1022,310.81,7351.3,41973.0,252,135.85,
145,0,1027,311.86,6829.5,41451.6,250,139.04,
145,0,1024,311.33,7354.1,41976.2,253,137.39,
145,0,1025,311.34,7353.7,41976.2,253,137.39,
145,0,1026,311.34,7353.4,41976.2,254,136.85,
145,0,1028,311.86,7356.4,41973.3,256,135.75,
145,0,1031,312.38,6830.6,41448.7,254,136.83,
145,0,1029,311.86,7356.0,41973.9,256,135.76,
145,0,1030,311.86,7355.3,41973.8,254,136.83,
145,0,1032,312.38,7356.2,41971.1,249,139.58,
145,0,1033,312.39,7356.0,41971.1,252,137.91,
145,0,1034,312.39,7355.3,41970.8,254,136.82,
145,0,1035,312.91,7354.8,41970.3,254,136.82,
145,0,1036,312.91,7355.1,41970.3,255,136.28,
145,0,1037,312.91,7354.8,41970.3,255,136.28,
145,0,1038,312.91,7354.5,45658.4,253,152.00,
155,0,685,196.40,9444.8,43898.7,253,136.72,
155,0,688,196.93,8920.3,43374.5,254,136.18,
155,0,686,196.41,9443.2,43897.6,250,138.37,
155,0,687,196.41,9438.4,43894.5,253,136.73,
155,0,689,196.93,9451.1,43899.9,252,137.25,
155,0,692,197.45,8933.6,43382.6,253,136.70,
155,0,690,196.93,9450.1,43899.3,255,135.63,
155,0,691,196.93,9450.3,43899.4,254,136.16,
155,0,693,197.45,9459.3,43903.6,253,136.68,
155,0,694,197.45,9459.3,47591.4,255,150.13,
155,0,695,197.98,8927.9,53651.6,254,176.77,
155,0,696,197.98,8926.2,57155.4,255,189.88,
155,0,697,197.99,9457.3,58854.0,250,198.38,
155,0,698,197.99,9456.7,60046.5,252,201.55,
155,0,699,198.50,8936.1,60912.6,250,208.74,
155,0,700,198.51,8934.8,62519.9,255,210.96,
155,0,701,198.51,9468.8,63241.4,254,212.54,
155,0,702,198.51,9467.6,63953.7,254,215.36,
155,0,703,199.02,8957.9,64090.6,252,219.65,
155,0,704,199.03,8956.0,64671.9,254,220.22,
155,0,705,199.03,9497.1,65119.9,254,219.85,
155,0,706,199.03,9495.4,65564.2,253,222.50,
155,0,707,199.54,8979.5,65669.4,253,224.96,
155,0,708,199.55,9067.8,66357.4,252,228.25,
155,0,709,199.55,31314.4,66802.3,253,140.82,
155,0,711,200.07,31313.0,66341.6,255,137.91,
155,0,712,200.07,31312.7,66341.7,254,138.45,
155,0,713,200.08,31311.9,66341.2,254,138.46,
155,0,710,199.55,31840.1,66870.6,256,137.37,
155,0,715,200.59,31315.3,66045.9,250,139.48,
155,0,716,200.60,31316.5,66046.0,256,136.19,
155,0,717,200.60,31319.0,66046.1,250,139.47,
155,0,714,200.08,31840.2,66567.4,255,136.72,
155,0,719,201.12,31314.7,66050.6,256,136.22,
155,0,720,201.12,31314.0,66050.7,254,137.30,
155,0,721,201.13,31311.5,66050.9,256,136.23,
155,0,718,200.60,31840.7,66581.1,256,136.24,
155,0,723,201.64,31317.0,66051.1,253,137.83,
155,0,724,201.65,31315.4,66051.0,251,138.94,
155,0,725,201.65,31313.6,66050.9,254,137.30,
155,0,722,201.13,31836.1,66575.1,255,136.77,
155,0,728,209.32,24166.4,58903.2,254,137.30,
155,0,729,211.78,21703.4,56439.9,249,140.07,
155,0,727,202.69,30795.8,65532.0,254,137.30,
155,0,726,201.65,31831.9,66568.8,256,136.22,
155,0,732,215.63,18376.4,53119.2,255,136.78,
155,0,730,213.08,20929.8,55671.3,252,138.41,
155,0,731,214.79,19220.3,53962.5,253,137.87,
155,0,736,218.39,16145.5,50882.1,255,136.76,
155,0,733,216.55,17989.8,52723.7,253,137.83,
155,0,734,217.26,17279.4,52013.2,254,137.29,
155,0,735,217.76,16785.1,51518.0,253,137.83,
155,0,740,220.92,14130.8,48875.3,253,137.87,
155,0,737,218.89,16171.8,50913.8,252,138.41,
155,0,738,219.80,15258.9,49999.2,255,136.77,
155,0,739,220.43,14633.9,49370.9,254,137.30,
155,0,741,221.48,14102.5,48848.4,254,137.34,
155,0,744,223.15,12426.4,47172.7,254,137.34,
155,0,742,221.97,13611.9,48357.5,254,137.33,
155,0,743,222.47,13117.5,47863.3,254,137.34,
155,0,748,225.38,10727.1,45468.5,255,136.78,
155,0,745,223.78,12334.4,47076.5,254,137.32,
155,0,746,224.42,11692.6,46435.3,251,138.97,
155,0,747,224.97,11147.9,45891.0,254,137.32,
155,0,752,227.23,9414.5,44154.0,254,137.31,
155,0,749,225.79,10852.6,45592.5,255,136.77,
155,0,750,226.34,10305.8,45045.5,256,136.23,
155,0,751,226.82,9825.7,44565.2,253,137.85,
155,0,753,227.64,9521.0,44268.4,251,138.99,
155,0,755,229.05,8116.0,42863.6,255,136.80,
155,0,756,229.11,8049.6,42796.9,254,137.34,
155,0,754,228.25,8912.1,43659.6,255,136.80,
155,0,758,229.32,8357.7,43112.4,253,137.92,
155,0,759,229.32,8356.9,43112.0,254,137.37,
155,0,760,229.32,8357.3,43112.8,252,138.47,
155,0,757,229.12,8565.5,43319.5,254,137.37,
155,0,762,229.80,8405.1,43154.0,254,137.35,
155,0,763,229.80,8405.1,43154.2,255,136.81,
155,0,764,229.80,8404.9,43154.3,251,139.00,
155,0,761,229.33,8885.7,43634.6,256,136.27,
155,0,766,230.33,8400.4,43148.6,255,136.80,
155,0,767,230.33,8400.4,43148.3,254,137.34,
155,0,765,229.81,8927.1,43676.2,254,137.35,
155,0,768,230.33,8399.6,43149.0,253,137.89,
155,0,770,230.86,8396.2,43147.1,250,139.56,
155,0,771,230.86,8395.7,43147.6,254,137.36,
155,0,769,230.33,8924.5,43675.8,252,138.45,
155,0,774,231.38,8393.4,43144.1,252,138.45,
155,0,775,231.39,8392.1,43144.1,256,136.28,
155,0,772,230.86,8918.1,43669.6,255,136.82,
155,0,773,230.86,8918.2,43669.9,256,136.28,
155,0,776,231.39,8917.8,43673.7,255,136.83,
155,0,778,231.92,8390.5,43147.0,256,136.30,
155,0,779,231.92,8390.0,43146.7,254,137.38,
155,0,777,231.39,8917.8,43674.6,256,136.30,
155,0,782,232.44,8394.6,43146.2,255,136.82,
155,0,783,232.44,8394.3,43147.3,252,138.46,
155,0,780,231.92,8915.9,43669.4,250,139.57,
155,0,781,231.92,8914.9,43669.4,256,136.29,
155,0,786,232.96,8390.6,43140.1,254,137.35,
155,0,784,232.44,8915.5,43667.3,254,137.36,
155,0,787,232.96,8390.6,43142.9,254,137.36,
155,0,785,232.44,8915.1,43668.5,254,137.37,
155,0,790,233.48,8395.7,43143.7,253,137.89,
155,0,791,233.48,8395.3,43144.0,255,136.81,
155,0,788,232.96,8916.5,43667.8,253,137.90,
155,0,789,232.96,8916.1,43668.0,255,136.82,
155,0,794,234.01,8397.8,43144.5,253,137.88,
155,0,795,234.01,8397.9,43144.6,255,136.80,
155,0,792,233.49,8920.1,43667.4,254,137.34,
155,0,793,233.49,8919.8,43667.3,254,137.34,
155,0,797,234.53,8398.5,43143.4,253,137.88,
155,0,798,234.54,8394.9,43140.9,253,137.88,
155,0,796,234.01,8926.4,43672.1,250,139.54,
155,0,799,234.54,8392.1,43138.1,254,137.34,
155,0,801,235.06,8401.7,43141.6,250,139.52,
155,0,802,235.06,8401.0,43141.3,256,136.24,
155,0,803,235.06,8397.9,43137.9,256,136.24,
155,0,800,234.54,8917.1,43657.6,252,138.41,
155,0,805,235.58,8403.4,43139.7,256,136.22,
155,0,804,235.07,8923.3,43659.5,254,137.30,
155,0,806,235.58,8403.1,51302.2,250,172.29,
155,0,807,235.58,8931.7,53782.3,251,179.40,
155,0,808,235.59,8931.7,55584.3,254,184.40,
155,0,809,236.11,8403.4,55684.9,256,185.42,
155,0,810,236.11,8403.6,56678.5,255,190.06,
155,0,811,236.11,8928.4,57667.0,253,193.41,
155,0,812,236.11,8928.2,58304.2,253,195.94,
155,0,813,236.64,8396.7,58409.9,254,197.68,
155,0,814,236.64,8396.4,59188.6,254,200.76,
155,0,815,236.64,8932.9,60023.6,254,201.94,
155,0,816,236.64,8932.6,60609.4,254,204.26,
155,0,817,237.16,8413.9,60591.9,255,205.43,
155,0,818,237.16,8414.0,61148.6,256,206.80,
155,0,819,237.16,8944.4,61792.8,255,208.06,
155,0,820,237.16,8944.7,62356.3,254,211.11,
155,0,821,237.68,8426.9,62329.4,252,214.75,
155,0,822,237.68,8426.5,62820.6,251,217.58,
155,0,823,237.68,8964.7,63645.8,252,217.85,
155,0,824,237.68,8963.9,64196.4,253,219.18,
155,0,825,238.21,8438.7,64085.7,254,219.95,
155,0,826,238.21,8436.7,64657.4,255,221.34,
155,0,827,238.21,8964.8,65135.0,251,224.68,
155,0,828,238.21,8964.4,65613.7,253,224.80,
155,0,829,238.73,8445.9,65505.2,255,224.64,
155,0,830,238.73,8922.9,65988.4,249,230.10,
155,0,831,238.73,8920.1,66466.8,254,227.46,
155,0,832,238.73,8919.9,66923.3,253,230.17,
155,0,833,239.26,8397.5,66923.9,255,230.42,
155,0,834,239.26,31599.2,67265.2,255,140.42,
155,0,836,239.78,31605.5,66812.8,254,139.16,
155,0,837,239.78,31605.5,66812.8,255,138.61,
155,0,838,239.78,31605.7,66813.0,256,138.07,
155,0,835,239.26,32128.0,67335.5,253,139.71,
155,0,840,240.30,31607.4,66476.8,256,136.74,
155,0,841,240.30,31606.5,66476.3,255,137.28,
155,0,842,240.31,31606.2,66476.7,254,137.83,
155,0,839,239.78,32131.9,67002.1,254,137.83,
155,0,844,240.83,31606.1,66474.3,255,137.28,
155,0,845,240.83,31605.9,66474.4,255,137.28,
155,0,846,240.83,31605.5,66474.9,252,138.92,
155,0,843,240.31,32130.6,67001.5,255,137.29,
155,0,850,251.63,21326.3,56196.9,254,137.83,
155,0,848,241.35,31606.1,66476.7,249,140.61,
155,0,849,245.04,27918.7,62789.5,255,137.29,
155,0,847,240.83,32127.8,66998.4,255,137.29,
155,0,854,259.42,14062.3,48939.3,254,137.85,
155,0,851,255.14,18344.4,53221.5,254,137.85,
155,0,852,256.84,16642.9,51519.9,255,137.31,
155,0,853,258.03,15449.5,50327.1,254,137.86,
155,0,858,263.11,10891.4,45772.1,250,140.08,
155,0,855,261.03,12981.0,47862.3,250,140.09,
155,0,856,261.75,12256.1,47136.9,254,137.87,
155,0,857,262.47,11542.9,46423.9,254,137.87,
155,0,862,265.21,9314.4,44194.5,253,138.41,
155,0,859,263.70,10831.4,45711.8,256,136.79,
155,0,860,264.15,10384.5,45264.4,253,138.41,
155,0,861,264.59,9940.4,44819.9,255,137.32,
155,0,863,265.90,9157.3,44032.8,253,138.39,
155,0,865,266.42,8645.2,43521.6,253,138.40,
155,0,864,266.35,8712.0,43588.8,251,139.51,
155,0,866,266.42,8644.8,43521.8,253,138.40,
155,0,869,266.64,8939.0,43820.4,255,137.33,
155,0,870,266.64,8940.7,43820.7,250,140.08,
155,0,867,266.42,9168.7,44047.0,253,138.41,
155,0,868,266.42,9169.8,44046.7,253,138.40,
155,0,873,267.17,8930.2,43816.9,251,139.55,
155,0,871,266.64,9461.2,44347.1,255,137.35,
155,0,872,266.64,9461.0,44347.2,256,136.81,
155,0,877,267.70,8930.8,43819.7,249,140.68,
155,0,874,267.17,9454.7,44342.9,256,136.82,
155,0,875,267.18,9452.8,44340.3,253,138.44,
155,0,876,267.18,9452.4,44339.5,250,140.11,
155,0,878,267.70,9453.2,44343.2,254,137.91,
155,0,881,268.22,8929.9,43821.1,251,137.47,
155,0,879,267.70,9451.9,44342.3,254,137.91,
155,0,880,267.70,9450.5,44340.9,255,137.36,
155,0,885,268.75,8929.6,43820.0,250,140.12,
155,0,882,268.22,9458.3,44349.2,256,136.83,
155,0,883,268.22,9458.8,44349.1,256,136.82,
155,0,884,268.22,9458.1,44349.1,247,141.83,
155,0,888,269.27,8925.9,43825.9,249,140.73,
155,0,889,269.27,8927.2,43826.9,253,138.49,
155,0,886,268.75,9451.3,44351.4,252,139.04,
155,0,887,268.75,9450.5,44351.0,255,137.40,
155,0,892,269.80,8922.2,43822.6,256,136.86,
155,0,893,269.80,8922.0,43823.2,255,137.41,
155,0,890,269.27,9449.6,44350.7,253,138.50,
155,0,891,269.27,9449.5,44350.9,256,136.87,
155,0,896,270.33,8920.8,43820.2,256,136.86,
155,0,897,270.33,8920.7,43820.5,254,137.94,
155,0,894,269.80,9448.3,44350.8,254,137.95,
155,0,895,269.80,9448.1,44352.8,253,138.51,
155,0,900,270.85,8922.0,43819.0,251,139.59,
155,0,901,270.85,8920.7,43819.0,254,137.94,
155,0,898,270.33,9446.3,44345.2,252,139.04,
155,0,899,270.33,9446.0,44345.7,252,139.04,
155,0,904,271.38,8917.2,43813.8,251,139.59,
155,0,905,271.38,8916.1,43813.8,255,137.39,
155,0,902,270.86,9445.0,44342.6,254,137.94,
155,0,903,270.86,9444.5,44342.5,255,137.39,
155,0,908,271.91,8915.3,43813.3,251,139.59,
155,0,909,271.91,8914.8,43813.2,252,139.04,
155,0,906,271.38,9441.3,44339.5,254,137.94,
155,0,907,271.39,9441.2,44339.8,253,138.49,
155,0,912,272.43,8913.9,43812.3,254,137.94,
155,0,910,271.91,9439.6,44338.4,256,136.86,
155,0,911,271.91,9439.0,44337.9,254,137.94,
155,0,916,272.96,8918.9,43813.1,255,137.38,
155,0,913,272.44,9440.9,44336.2,253,138.47,
155,0,914,272.44,9439.8,44337.1,255,137.39,
155,0,915,272.44,9440.3,44340.1,254,137.94,
155,0,920,273.48,8925.6,43810.4,255,137.34,
155,0,917,272.96,9447.1,44333.0,253,138.44,
155,0,918,272.96,9447.5,44333.1,250,140.10,
155,0,919,272.96,9446.9,44332.7,249,140.67,
155,0,924,274.01,8926.6,43810.3,253,138.43,
155,0,921,273.48,9453.5,44337.5,256,136.80,
155,0,922,273.48,9453.1,44337.1,255,137.34,
155,0,923,273.48,9452.9,44337.1,256,136.80,
155,0,925,274.01,9457.7,44859.0,256,138.83,
155,0,926,274.01,9457.6,50158.8,256,159.61,
155,0,927,274.53,8936.0,53684.5,252,178.28,
155,0,928,274.53,8934.8,57028.8,253,190.85,
155,0,929,274.53,9470.5,59082.9,254,195.53,
155,0,930,274.53,9469.9,60566.6,252,203.57,
155,0,931,275.06,8940.4,61281.3,253,207.70,
155,0,932,275.06,8939.3,62111.5,256,208.52,
155,0,933,275.06,9471.0,63069.4,252,213.54,
155,0,934,275.06,9471.5,63748.8,253,215.39,
155,0,935,275.58,8953.0,63745.7,256,214.87,
155,0,936,275.58,9483.1,64192.0,254,216.24,
155,0,937,275.59,9482.2,64770.8,254,218.53,
155,0,938,275.59,9481.1,65419.6,251,223.75,
155,0,939,276.10,8967.3,65552.0,249,228.16,
155,0,940,276.11,9293.0,66129.9,254,224.65,
155,0,941,276.11,9292.5,66654.3,254,226.73,
155,0,942,276.11,9291.3,67072.1,252,230.20,
155,0,943,276.63,31730.3,66833.7,255,138.20,
155,0,944,276.63,31729.6,66833.4,255,138.20,
155,0,945,276.63,31728.7,66831.1,254,138.74,
155,0,947,277.15,31738.0,66377.8,254,136.92,
155,0,948,277.15,31737.5,66377.8,251,138.56,
155,0,949,277.15,31737.3,66377.9,252,138.01,
155,0,946,276.63,32258.5,66899.1,255,136.38,
155,0,951,277.68,31731.6,66372.5,254,136.92,
155,0,952,277.68,31731.7,66373.6,254,136.92,
155,0,953,277.68,31731.4,66375.1,253,137.47,
155,0,950,277.15,32258.4,66903.2,254,136.94,
155,0,955,278.20,31737.7,66380.9,254,136.93,
155,0,956,278.20,31737.3,66380.9,249,139.69,
155,0,957,278.20,31738.0,66381.2,253,137.47,
155,0,954,277.68,32258.4,66901.8,252,138.02,
155,0,959,278.72,31740.0,66387.6,256,135.87,
155,0,960,278.72,31740.5,66390.6,254,136.96,
155,0,958,278.20,32263.2,66913.9,253,137.50,
155,0,964,291.80,19192.0,53841.5,253,137.50,
155,0,961,286.89,24104.2,58753.9,253,137.50,
155,0,962,289.37,21624.0,56275.4,254,136.96,
155,0,963,291.17,19822.1,54474.2,254,136.96,
155,0,968,295.05,16461.9,51113.6,254,136.96,
155,0,965,292.79,18726.0,53377.7,254,136.96,
155,0,966,293.78,17736.9,52389.2,253,137.51,
155,0,967,294.42,17100.2,51752.2,254,136.96,
155,0,969,295.83,16207.7,50860.0,253,137.51,
155,0,972,297.75,14286.5,48938.7,255,136.43,
155,0,970,296.67,15374.5,50025.4,255,136.42,
155,0,971,297.25,14788.6,49439.7,253,137.50,
155,0,973,298.31,14257.7,48901.9,256,135.86,
155,0,974,298.96,13614.2,48258.4,252,138.02,
155,0,976,300.01,12559.5,47203.7,256,135.86,
155,0,975,299.52,13050.4,47695.3,255,136.40,
155,0,980,302.29,10804.5,45447.8,252,138.02,
155,0,977,300.50,12597.9,47241.2,249,139.69,
155,0,978,301.33,11774.0,46416.0,255,136.39,
155,0,979,301.88,11221.9,45865.4,255,136.39,
155,0,984,304.24,9387.3,44036.3,253,137.50,
155,0,981,302.87,10757.5,45406.8,256,135.88,
155,0,982,303.35,10280.0,44929.3,253,137.50,
155,0,983,303.82,9801.4,44450.6,254,136.95,
155,0,985,304.72,9429.9,44072.0,253,137.47,
155,0,988,306.18,7970.9,42613.0,254,136.93,
155,0,986,305.20,8954.4,43594.7,254,136.92,
155,0,987,305.66,8498.0,43138.3,253,137.46,
155,0,990,306.59,8080.6,42723.0,254,136.93,
155,0,991,306.59,8082.7,42722.8,254,136.92,
155,0,989,306.52,8152.9,42793.0,256,135.84,
155,0,992,306.59,8084.4,42723.0,255,136.37,
155,0,994,306.78,8417.4,43056.6,254,136.91,
155,0,995,306.78,8417.4,43056.6,255,136.37,
155,0,996,306.78,8416.6,43056.1,249,139.68,
155,0,993,306.59,8606.4,43245.7,250,139.11,
155,0,998,307.31,8418.4,43059.3,253,137.46,
155,0,999,307.31,8418.0,43059.6,256,135.85,
155,0,997,306.78,8942.8,43585.8,255,136.39,
155,0,1002,307.83,8419.7,43061.2,252,138.01,
155,0,1003,307.83,8419.6,43061.4,254,136.92,
155,0,1000,307.31,8942.6,43584.5,251,138.57,
155,0,1001,307.31,8940.7,43584.4,255,136.39,
155,0,1006,308.36,8414.6,43055.6,254,136.92,
155,0,1007,308.36,8415.3,43055.5,253,137.46,
155,0,1004,307.83,8948.0,43584.6,254,136.90,
155,0,1005,307.83,8949.5,43584.6,251,138.54,
155,0,1010,308.89,8402.3,43050.7,254,136.95,
155,0,1011,308.89,8401.8,43051.2,253,137.50,
155,0,1008,308.36,8933.1,43583.8,255,136.42,
155,0,1009,308.36,8932.6,43583.8,253,137.50,
155,0,1014,309.41,8408.1,43052.3,252,138.02,
155,0,1015,309.41,8407.6,43052.5,250,139.14,
155,0,1012,308.89,8929.6,43576.7,253,137.49,
155,0,1013,308.89,8929.3,43577.1,254,136.95,
155,0,1018,309.94,8405.6,43049.9,254,136.93,
155,0,1019,309.94,8405.3,43049.8,255,136.40,
155,0,1016,309.41,8931.9,43577.0,255,136.40,
155,0,1017,309.41,8934.5,43579.7,255,136.40,
155,0,1022,310.46,8403.9,43047.3,256,135.86,
155,0,1023,310.46,8404.0,43047.6,253,137.47,
155,0,1020,309.94,8930.3,43573.9,252,138.02,
155,0,1021,309.94,8930.5,43574.1,253,137.47,
155,0,1026,310.99,8403.7,43044.2,255,136.38,
155,0,1024,310.46,8929.6,43570.0,254,136.92,
155,0,1027,310.99,8403.3,43044.4,254,136.92,
155,0,1025,310.47,8929.0,43570.5,253,137.47,
155,0,1029,311.51,8403.2,43043.3,254,136.92,
155,0,1030,311.52,8402.6,43043.2,255,136.38,
155,0,1028,310.99,8929.3,43570.2,254,136.92,
155,0,1031,311.52,8402.3,43043.4,253,137.46,
155,0,1033,312.04,8408.7,43040.7,255,136.35,
155,0,1034,312.04,8407.5,43040.7,252,137.98,
155,0,1032,311.52,8932.5,43565.3,252,137.98,
155,0,1037,312.57,8408.7,43036.4,254,136.87,
155,0,1035,312.04,8936.1,43564.4,252,137.96,
155,0,1036,312.04,8935.8,43564.4,256,135.80,
155,0,1038,312.57,8407.4,46720.3,252,152.64,
