request_id,type,ttft_ms,tokens_received,total_ms,error
89,short,151.0246180005197,128,6085.326995002106,
33,short,209.88671600207454,128,6184.528558002057,
43,short,209.80200899794,128,6185.231162999116,
42,short,208.87830100036808,128,6185.583133999899,
41,short,209.04435299962643,128,6185.910107000382,
35,short,209.46013499997207,128,6186.648225000681,
40,short,209.31939699948998,128,6186.664290999033,
39,short,209.4742879999103,128,6187.056971000857,
95,short,206.7736250028247,128,6183.536661003018,
38,short,209.95110900184955,128,6187.5377770011255,
94,short,205.23136600240832,128,6184.031753000454,
91,short,207.27073899979587,128,6184.490157000255,
92,short,206.12032799908775,128,6186.175913000625,
37,short,210.41292500012787,128,6190.110253999592,
36,short,209.94250899821054,128,6190.645627997583,
34,short,210.47054700102308,128,6190.990704999422,
93,short,206.49754999976722,128,6187.350689000596,
90,short,206.95211500060395,128,6187.728015000175,
9,short,256.05126800292055,128,6232.226841002557,
62,short,253.45477700102492,128,6229.487638000137,
58,short,253.95563500205753,128,6229.994438002905,
47,short,254.63367799966363,128,6230.755427000986,
11,short,257.1604760014452,128,6233.047999001428,
45,short,256.4539640006842,128,6231.360115001735,
48,short,256.4068680003402,128,6232.351614999061,
44,short,256.78026100285933,128,6232.860594001977,
4,short,259.34853899889276,128,6235.330814997724,
57,short,257.4943580002582,128,6232.549440999719,
3,short,260.65365799877327,128,6235.880590997112,
6,short,255.3132729990466,128,6235.928885998874,
56,short,253.74560500131338,128,6233.428619001643,
55,short,253.14730199897895,128,6234.01552300129,
2,short,257.92664799882914,128,6237.311223998404,
54,short,255.0437170029909,128,6234.558158001164,
53,short,255.84253699707915,128,6234.842349997052,
1,short,259.12249099928886,128,6238.2485320013075,
52,short,256.82013699770323,128,6235.403837999911,
51,short,256.97499299712945,128,6235.673560997384,
50,short,257.2246929994435,128,6235.925225999381,
49,short,257.4888649978675,128,6236.175596997782,
5,short,260.2110830011952,128,6238.932740001474,
60,short,252.3567889984406,128,6236.072208001133,
59,short,252.53946000157157,128,6236.354649001441,
64,short,252.45734200143488,128,6236.713229998713,
10,short,255.78291900092154,128,6240.086402001907,
63,short,252.84765999822412,128,6237.2509999986505,
8,short,256.6463479997765,128,6240.630290001718,
61,short,253.96713999725762,128,6237.858107997454,
7,short,258.2225180012756,128,6241.244867000205,
46,short,257.0172769992496,128,6239.276248001261,
87,short,299.94047400032287,128,6267.6816070015775,
71,short,303.4400579999783,128,6269.773301999521,
69,short,304.1985219970229,128,6270.148452997091,
80,short,303.30954900273355,128,6269.399488999625,
67,short,304.386356001487,128,6270.722584999021,
86,short,298.10780700063333,128,6269.384397997783,
21,short,306.4453049992153,128,6273.781612999301,
77,short,300.77150700162747,128,6270.474753000599,
65,short,303.9569059983478,128,6271.673232997273,
32,short,302.09274199660285,128,6273.730077999062,
22,short,307.1007910002663,128,6274.53863700066,
20,short,304.3767269991804,128,6274.859739998647,
30,short,306.6608389999601,128,6274.483016997692,
17,short,304.56360599782784,128,6275.4521559982095,
29,short,306.7921900001238,128,6275.031441000465,
31,short,306.67401300161146,128,6275.973111001804,
25,short,307.106381002086,128,6276.612957000907,
13,short,307.8116679971572,128,6277.499981999426,
84,short,300.3359920003277,128,6273.132436999731,
74,short,303.26643499938655,128,6274.174677997507,
14,short,303.3375619997969,128,6278.069914998923,
66,short,304.768175999925,128,6275.288381002611,
68,short,304.68895500234794,128,6275.377935999131,
12,short,307.9285540006822,128,6278.925632999744,
73,short,303.42461399777676,128,6275.918340998032,
15,short,304.91134600015357,128,6280.272252999566,
18,short,306.81287300103577,128,6280.316382999445,
16,short,306.9663969981775,128,6280.65389800031,
81,short,300.7249479996972,128,6276.787396000145,
88,short,300.2136210016033,128,6276.476947001356,
28,short,307.0423989993287,128,6280.672302000312,
72,short,303.72137100130203,128,6278.294537001784,
0,short,309.55605399867636,128,6284.352446000412,
79,short,300.92436999984784,128,6278.090998999687,
26,short,304.3910070009588,128,6281.738910998683,
83,short,300.79600299723097,128,6278.248624999833,
82,short,300.76946599729126,128,6278.5277660004795,
70,short,301.8285040016053,128,6279.77322100196,
23,short,307.43368999901577,128,6282.754617001046,
24,short,306.7254130000947,128,6282.924775001447,
75,short,300.86387699702755,128,6279.948103998322,
76,short,304.149913998117,128,6280.090173997451,
85,short,300.59092699957546,128,6279.608008997457,
19,short,307.00605399761116,128,6284.074798000802,
78,short,304.0178500014008,128,6280.59030499935,
27,short,306.58292199950665,128,6284.076021001965,
96,short,145.8579419995658,128,6076.870755998243,
98,short,125.88950200006366,128,6077.177246999781,
99,short,125.74756300091394,128,6077.975792999496,
100,short,124.98980199961807,128,6078.036414997769,
101,short,124.64161699972465,128,6077.8365839978505,
102,short,124.44413300181623,128,6078.002808000747,
103,short,124.19076399964979,128,6077.876412000478,
106,short,123.87135099925217,128,6077.476291000494,
104,short,124.7477010001603,128,6078.086502002407,
105,short,124.61443500069436,128,6078.079857001285,
107,short,122.89617300120881,128,6077.7675730023475,
108,short,122.50771199978772,128,6076.330791998771,
97,short,127.94229299834114,128,6083.226266000565,
109,short,121.39300299895694,128,6078.197093000199,
110,short,121.3036410008499,128,6077.9766339983325,
111,short,120.99047900119331,128,6078.239827002108,
112,short,120.91531400074018,128,6078.244723001262,
113,short,120.76125599924126,128,6078.245470998809,
115,short,141.42374099901645,128,6121.621284000867,
116,short,141.66387099976419,128,6121.716260997346,
117,short,141.56315899890615,128,6121.783848000632,
118,short,141.45718600047985,128,6121.791691002727,
119,short,141.47284999853582,128,6121.703254000749,
120,short,141.27778600231977,128,6121.676803002629,
121,short,141.12990699868533,128,6121.694942001341,
122,short,141.00470099947415,128,6121.690074000071,
123,short,141.06233900020015,128,6121.685597998294,
124,short,141.22765900174272,128,6121.605439002451,
125,short,141.10271900062799,128,6121.555836998596,
126,short,137.63677200040547,128,6121.476927997719,
127,short,137.6977280015126,128,6121.245131998876,
128,short,136.96726799753378,128,6121.519480999268,
129,short,138.0269639994367,128,6121.550669999124,
130,short,137.97236099708243,128,6121.648406999157,
114,short,144.80894900043495,128,6128.211464001652,
131,short,178.3631680009421,128,6163.45245300181,
132,short,178.1028029981826,128,6164.21646299932,
133,short,178.05139500342193,128,6164.330975003395,
134,short,177.86785999851418,128,6164.338548998785,
135,short,177.71323999841115,128,6164.343634998659,
136,short,177.66980400119792,128,6164.304647998506,
137,short,177.44710899933125,128,6164.206100998854,
138,short,175.53409800166264,128,6164.288486001169,
139,short,174.90920599811943,128,6163.834841998323,
140,short,174.66170099942246,128,6163.790449998487,
141,short,174.507325002196,128,6163.886622001883,
142,short,174.3006910000986,128,6163.880097999936,
143,short,174.67788799694972,128,6163.910891998967,
144,short,174.45398299969384,128,6163.918514997931,
145,short,174.46103600013885,128,6164.064437001798,
147,short,192.14188499972806,128,6170.356881000771,
148,short,193.32143800056656,128,6170.481785000447,
149,short,193.69886099957512,128,6170.58835699936,
150,short,193.5285079998721,128,6170.685152999795,
151,short,193.3419069973752,128,6170.781937998981,
152,short,189.83747300080722,128,6170.939994000946,
153,short,192.32413899953826,128,6171.073243000137,
154,short,190.68650999906822,128,6171.18930200013,
155,short,191.94367799718748,128,6171.302995997394,
156,short,189.29283400211716,128,6171.411240000452,
157,short,192.19754199730232,128,6171.57916799988,
158,short,189.88791200172273,128,6171.761595000135,
159,short,191.846046000137,128,6171.866667002178,
160,short,189.47083800230757,128,6171.932175999245,
161,short,190.52650300000096,128,6171.142399998644,
162,short,190.33977999788476,128,6171.394371998758,
163,short,190.16005599769414,128,6171.501670996804,
164,short,189.98086099963984,128,6171.696040000825,
165,short,187.58616400009487,128,6171.789086998615,
166,short,188.74351300109993,128,6171.905040999263,
167,short,186.16199000098277,128,6177.119567000773,
168,short,189.1136730009748,128,6177.166148998367,
169,short,188.87495400122134,128,6177.0945220014255,
170,short,188.1887130002724,128,6176.591349998489,
171,short,186.55772199781495,128,6176.001798998186,
172,short,185.00599799881456,128,6176.057714998024,
173,short,186.11175100159016,128,6176.045944001089,
174,short,185.9288080013357,128,6176.078032000078,
175,short,184.3411029985873,128,6176.050987000053,
176,short,184.13770900224335,128,6176.02628700115,
177,short,186.0158350027632,128,6176.0588489996735,
178,short,185.02016799902776,128,6176.021867999225,
179,short,184.85015800251858,128,6176.00052400303,
180,short,183.23065000004135,128,6176.005244997214,
146,short,195.35283200093545,128,6186.281135000172,
181,short,183.92532500001835,128,6176.393379999354,
183,short,183.53455000033136,128,6176.216099996964,
190,short,182.5963570008753,128,6174.864433000039,
184,short,183.34312200022396,128,6176.437318998069,
185,short,184.32233800194808,128,6176.416582002275,
186,short,183.47050099691842,128,6176.402397999482,
187,short,181.2890729997889,128,6176.379676999204,
188,short,183.69656700087944,128,6176.338004999707,
189,short,182.25013199844398,128,6176.32329999833,
182,short,183.81259800298722,128,6178.059950001625,
191,short,183.08272200010833,128,6176.2749970002915,
192,short,141.12559499699273,128,6100.234988996817,
194,short,134.29085399911855,128,6096.800524999708,
195,short,133.99995700092404,128,6097.195243997703,
196,short,133.79186999736703,128,6097.393885000201,
197,short,133.3779400010826,128,6097.270333997585,
198,short,133.78528900284437,128,6098.082437001722,
199,short,133.57791000089492,128,6098.169984001288,
193,short,136.16759599972283,128,6101.133837997622,
201,short,133.27000999925076,128,6098.511140997289,
200,short,133.44945499920868,128,6099.069964999217,
202,short,133.09280100293108,128,6098.9901190005185,
203,short,132.80626499908976,128,6098.986720997345,
204,short,131.52995699783787,128,6098.238334998314,
205,short,131.00782000037725,128,6098.745383002097,
206,short,134.44272299966542,128,6100.697539000976,
207,short,134.005668998725,128,6100.48145899782,
208,short,134.83356600045227,128,6100.78527099904,
209,short,134.65217699922505,128,6100.796110000374,
211,short,132.8335660000448,128,6097.583216000203,
212,short,132.66603000010946,128,6097.637389000738,
213,short,132.470402000763,128,6097.635557001922,
214,short,132.29063199833035,128,6097.636971997417,
215,short,131.6141589995823,128,6096.706147000077,
216,short,131.5978750026261,128,6096.692808001535,
217,short,131.4141369985009,128,6097.548768000706,
218,short,131.23617699966417,128,6097.593284997856,
219,short,131.10666400098125,128,6097.604006998154,
220,short,131.02048300061142,128,6097.607756000798,
221,short,130.81631000022753,128,6097.593794998829,
222,short,127.05104400083655,128,6097.516846999497,
223,short,128.98648800182855,128,6097.276098000293,
224,short,128.57130299744313,128,6097.541889997956,
225,short,128.96426699808217,128,6097.548265999649,
226,short,127.54010500066215,128,6096.319721000327,
210,short,134.2281239994918,128,6104.028476001986,
228,short,126.22461699720589,128,6099.387832997309,
229,short,126.42300999868894,128,6099.377696998999,
230,short,127.04539699916495,128,6099.4792169985885,
231,short,126.9239840003138,128,6099.527382000815,
232,short,126.87876099880668,128,6099.528905997431,
233,short,127.11024400050519,128,6099.526265003078,
234,short,127.07463500191807,128,6099.436273001629,
235,short,121.64541899983305,128,6099.513365999883,
236,short,121.53671099804342,128,6099.47161799937,
237,short,121.3304410011915,128,6099.403395000991,
238,short,121.27548400167143,128,6099.4359370015445,
239,short,121.06992099870695,128,6099.348976000329,
240,short,121.2538379986654,128,6099.319630000537,
241,short,121.0616559983464,128,6099.158717999671,
227,short,130.46738200137042,128,6104.119437000918,
248,short,153.2786669995403,128,6139.60735100045,
252,short,152.13290299652726,128,6138.901257996622,
243,short,154.2395439973916,128,6143.779919999361,
250,short,152.79009500227403,128,6141.756533001171,
254,short,151.58949000033317,128,6140.583500997309,
256,short,151.01700800005347,128,6140.1748879980005,
261,short,149.91894400009187,128,6138.617971999338,
244,short,153.94531800120603,128,6144.979068001703,
249,short,152.98211499975878,128,6143.590371000755,
251,short,152.51059399815858,128,6143.180847997428,
245,short,153.68485699946177,128,6145.632073999877,
246,short,153.42785799657577,128,6145.540434998111,
247,short,153.09021199936979,128,6145.384295999975,
253,short,151.75516499948571,128,6143.542809000792,
255,short,151.30004700040445,128,6143.154264998884,
257,short,150.60052499757148,128,6142.630766000366,
258,short,150.37901400137343,128,6142.530834000354,
259,short,150.028135998582,128,6142.336867000267,
260,short,150.186204999045,128,6142.227536998689,
242,short,156.5536140005861,128,6148.618441999133,
262,short,191.85338500028593,128,6177.6887029991485,
263,short,189.30876100057503,128,6177.753002997633,
264,short,192.14709600055357,128,6178.042003000883,
265,short,191.98652500199387,128,6178.155659999902,
266,short,191.80482600131654,128,6178.25972600258,
267,short,190.7030799993663,128,6178.245970000717,
268,short,189.26055699921562,128,6178.619465001248,
269,short,190.2675769997586,128,6178.676348998124,
270,short,190.11061700075516,128,6179.041614999733,
271,short,188.6220880005567,128,6179.153929002496,
272,short,188.38607699944987,128,6179.3266579988995,
273,short,190.15310800023144,128,6179.644148000079,
274,short,189.25455000135116,128,6179.777475001174,
275,short,189.03771199984476,128,6179.847581002832,
276,short,187.4781910009915,128,6184.877429001062,
277,short,189.15290699806064,128,6184.882997997192,
278,short,187.76367100144853,128,6184.981045000313,
287,short,186.02248699971824,128,6183.350961997348,
279,short,187.58447299842373,128,6185.242752999329,
281,short,187.1711099993263,128,6185.063204997277,
282,short,188.1143560021883,128,6185.088515001553,
283,short,187.28291599836666,128,6185.157218998938,
284,short,185.25854999825242,128,6185.16269599786,
285,short,187.5612240000919,128,6185.1765740029805,
286,short,186.19887200111407,128,6185.181518001627,
280,short,187.91000000055647,128,6186.610518001544,
288,short,139.1611289982393,128,6117.288580000604,
290,short,136.3427229989611,128,6116.218040999229,
291,short,135.9711699988111,128,6117.1144069994625,
292,short,135.6829430005746,128,6117.104992001259,
293,short,134.68878300045617,128,6116.299638000783,
294,short,134.9783949990524,128,6116.508162998798,
295,short,134.58018099845503,128,6116.315413997654,
296,short,134.3076499979361,128,6116.243079999549,
297,short,133.96504799675313,128,6116.125229997124,
299,short,133.39452099899063,128,6115.779885996744,
298,short,133.67703900075867,128,6116.291021000507,
300,short,132.77534200096852,128,6115.545453998493,
301,short,131.6414850007277,128,6114.616537000984,
302,short,129.65558799987775,128,6112.91039400021,
289,short,140.92214799893554,128,6122.852011998475,
303,short,133.09011799719883,128,6114.406889999373,
304,short,132.6105859989184,128,6114.118126999529,
305,short,133.06311699852813,128,6114.407599998231,
307,short,133.84580400088453,128,6115.211121003085,
308,short,133.66267699893797,128,6115.3190699988045,
309,short,133.4862149997207,128,6115.33614200016,
310,short,133.31178900261875,128,6115.342862001853,
311,short,133.10377500238246,128,6115.312496000115,
312,short,132.11468000008608,128,6114.476926002681,
313,short,131.89623300058884,128,6115.230988001713,
314,short,131.7157759986003,128,6115.272183000343,
315,short,132.75126699954853,128,6115.273425999476,
316,short,132.64043500021216,128,6115.275248001126,
317,short,132.436186002451,128,6115.248503003386,
318,short,132.18642600259045,128,6115.182921002997,
319,short,132.1030939980119,128,6114.8780479998095,
320,short,133.08220999897458,128,6115.0897730003635,
321,short,133.29478900050162,128,6115.122826999141,
322,short,131.94160500279395,128,6113.9762200000405,
306,short,140.67447499837726,128,6121.543212000688,
324,short,134.7215280002274,128,6113.523758998781,
325,short,135.6832650017168,128,6114.407239001594,
326,short,142.03682900188142,128,6114.489423001942,
327,short,141.86183499987237,128,6114.494636000018,
328,short,141.71290199737996,128,6114.499904000695,
329,short,142.000650997943,128,6114.500768999278,
330,short,141.97923699975945,128,6114.418197001214,
331,short,128.2842399996298,128,6114.503231998242,
332,short,128.14499199885176,128,6114.4940740014135,
333,short,127.97560599938151,128,6114.4747539983655,
334,short,127.93651299944031,128,6114.5364199983305,
335,short,127.72842800040962,128,6114.45152899978,
336,short,127.94331899931422,128,6114.477639999677,
337,short,127.683586000785,128,6114.239034999628,
323,short,145.08087300055195,128,6118.373553999845,
339,short,120.59894100093516,128,6115.24221199943,
340,short,118.77102099970216,128,6113.964111998939,
341,short,117.94384099994204,128,6115.635948997806,
342,short,118.22736800240818,128,6115.636895003263,
343,short,118.20637400160194,128,6115.666623001744,
344,short,117.97390900028404,128,6115.607900999748,
345,short,117.54418599957717,128,6115.298617998633,
346,short,116.4550129979034,128,6115.617920997465,
347,short,116.81327800033614,128,6115.685143002338,
348,short,116.31320499873254,128,6115.380224997352,
349,short,115.58101999980863,128,6115.6751480011735,
350,short,115.42102899693418,128,6115.74918399856,
351,short,115.20431800090591,128,6115.736764000758,
352,short,115.44643700108281,128,6115.741285000695,
353,short,115.27959299928625,128,6115.702719002002,
354,short,115.1259790021868,128,6115.690381000604,
355,short,114.98095099886996,128,6115.691303999483,
356,short,114.80020999806584,128,6115.679604998149,
357,short,114.89821000213851,128,6115.644354998949,
338,short,122.27485500261537,128,6123.061881000467,
359,short,169.54129700025078,128,6156.745109001349,
360,short,167.42002300088643,128,6156.51956000147,
361,short,170.26093199820025,128,6156.488376997004,
363,short,169.71784500128706,128,6156.086434999452,
362,short,169.999141999142,128,6156.595754997397,
358,short,171.44630099937785,128,6158.268392999162,
364,short,168.2629770002677,128,6156.103457000427,
365,short,166.84337699916796,128,6156.047774999024,
366,short,167.43003700321424,128,6155.684734003444,
367,short,167.18251899874303,128,6155.680828000186,
368,short,165.55573700316017,128,6155.449421999947,
369,short,165.04781900221133,128,6156.034684001497,
370,short,166.6478070001176,128,6156.008555997687,
371,short,165.60668400052236,128,6155.911499001377,
372,short,160.32410099796834,128,6150.809462997131,
373,short,158.78953200081014,128,6150.710642999911,
374,short,160.41061600117246,128,6150.657842001237,
375,short,158.2935299993551,128,6150.854868999886,
377,short,157.80019200246898,128,6150.6515969995235,
378,short,157.5929080026981,128,6150.688751000416,
379,short,159.2410960001871,128,6150.622024000768,
380,short,158.37323600135278,128,6150.729100001627,
381,short,156.37182800128357,128,6150.72956700169,
382,short,158.6678359999496,128,6150.771018001251,
383,short,156.49212800053647,128,6150.7467629999155,
376,short,158.12538599857362,128,6152.595944000495,
384,short,136.86625999980606,128,6124.337712000852,
386,short,133.40242100093747,128,6125.5183719986235,
387,short,133.17225499849883,128,6126.433976998669,
388,short,132.9854619980324,128,6126.526992997242,
389,short,132.48135300091235,128,6126.209628000652,
390,short,132.9110100014077,128,6126.41762000203,
391,short,132.68682899797568,128,6126.374911997118,
392,short,132.48711099731736,128,6126.356393000606,
393,short,132.23930699678021,128,6126.284415997361,
394,short,132.05549999838695,128,6126.274957001442,
395,short,131.8667199993797,128,6126.25967999702,
396,short,131.57336600124836,128,6126.1403749995225,
397,short,131.18080499771168,128,6125.93359499806,
398,short,130.1156509980501,128,6125.862101998791,
399,short,132.28493399947183,128,6125.942482001847,
400,short,133.17249800093123,128,6126.109816999815,
401,short,132.70489099886618,128,6125.827956999274,
385,short,140.85382199846208,128,6133.621421999123,
403,short,134.19450800211052,128,6129.542515998764,
404,short,134.00691199785797,128,6129.714631999377,
405,short,133.83012599661015,128,6129.747128998133,
406,short,133.6548360013694,128,6129.758564999065,
407,short,133.4501840028679,128,6129.733863002912,
408,short,132.52567499876022,128,6128.974571998697,
409,short,132.30575499983388,128,6128.933173000405,
410,short,132.11781599966343,128,6128.920596998796,
411,short,131.9640959991375,128,6128.916918998584,
412,short,133.03993900262867,128,6130.095820000861,
413,short,132.83403100285796,128,6130.120367000927,
414,short,132.62692900025286,128,6130.153168000106,
415,short,132.57394999891403,128,6129.894888999843,
416,short,133.609325002908,128,6130.178198000067,
417,short,133.77967499764054,128,6130.181889999221,
418,short,132.4203199983458,128,6128.983190999861,
402,short,140.74373400217155,128,6136.238017999858,
420,short,127.08834600198315,128,6129.278322001483,
421,short,126.88923500172677,128,6130.185786001675,
422,short,127.33188600032008,128,6130.3235340019455,
423,short,127.15021999974851,128,6130.331592001312,
424,short,126.99495500055491,128,6130.334976001905,
425,short,126.86378599755699,128,6130.336511996575,
426,short,126.62518900106079,128,6130.252083999949,
427,short,124.07239000094705,128,6130.315156002325,
428,short,123.87098699764465,128,6130.284285998641,
429,short,123.63568299770122,128,6130.255369000224,
430,short,123.48545200075023,128,6130.316045000654,
431,short,123.22741900061374,128,6130.2315920002,
432,short,123.60757500209729,128,6130.254755000351,
433,short,123.22729199877358,128,6130.059131999587,
419,short,129.1138980013784,128,6135.041091001767,
435,short,135.08084700151812,128,6129.075045999343,
436,short,133.29213700126274,128,6127.965643998323,
437,short,132.3415679980826,128,6129.686091000622,
438,short,132.72160699852975,128,6129.696469000919,
439,short,132.82287800029735,128,6129.754468998726,
440,short,132.60802999866428,128,6129.742093999084,
441,short,132.90336600039154,128,6129.469390998565,
442,short,130.83094600006007,128,6129.789924998477,
443,short,131.3305589974334,128,6129.862932997639,
444,short,130.84424199769273,128,6129.611582997313,
445,short,129.88596300056088,128,6129.853582002397,
446,short,130.08279399946332,128,6129.84421100191,
447,short,129.8761750003905,128,6129.812110000785,
448,short,129.9053670009016,128,6129.816296001081,
449,short,129.87269099903642,128,6129.852472000493,
450,short,130.38841700108605,128,6129.851249999774,
451,short,130.28769199809176,128,6129.855088998738,
452,short,130.1386149971222,128,6129.856370997004,
453,short,129.78801899953396,128,6129.650593997212,
434,short,137.59196999671985,128,6137.235626996699,
456,short,176.37035200095852,128,6177.382109002792,
477,short,171.1945420029224,128,6172.6137830009975,
462,short,176.3826299975335,128,6178.078408996953,
465,short,174.77704300108599,128,6176.678448999155,
466,short,174.49284699978307,128,6176.58396600018,
470,short,173.58482100098627,128,6175.8605249997345,
472,short,172.9154250024294,128,6175.383221001539,
473,short,172.6718889985932,128,6175.3251679983805,
474,short,172.4942459986778,128,6175.326202999713,
479,short,171.29731499881018,128,6174.304289997963,
455,short,178.27858399687102,128,6182.579631997214,
461,short,177.68130900003598,128,6181.512899001973,
463,short,177.22078600127134,128,6181.262950998644,
464,short,177.06713499865145,128,6181.331525000132,
468,short,175.2486109980964,128,6179.732234999392,
469,short,175.0496849999763,128,6179.706528000679,
476,short,173.21550700216903,128,6178.131177999603,
457,short,179.36984700281755,128,6184.553519000474,
460,short,178.82554899915704,128,6184.170276999794,
459,short,179.00684000051115,128,6184.59778399847,
458,short,179.18715699852328,128,6185.009120999894,
467,short,176.2346030009212,128,6182.231535000028,
471,short,175.15385699880426,128,6181.3586769967515,
475,short,174.10409199874266,128,6180.501026999991,
478,short,173.48662500080536,128,6180.0390829994285,
454,short,180.39094200139516,128,6187.115775002894,
480,short,138.57179200203973,128,6144.366133001313,
482,short,136.96802599952207,128,6140.669689997594,
483,short,136.72596399919712,128,6141.570702999161,
484,short,136.54392099851975,128,6141.664341997966,
485,short,136.13357700160122,128,6141.442995001853,
486,short,136.63605200054008,128,6141.679314998328,
487,short,136.4317090010445,128,6141.663729998982,
488,short,136.3304930018785,128,6141.696423001122,
489,short,136.16110399743775,128,6141.699913998309,
490,short,135.9904410019226,128,6141.702605000319,
491,short,135.8197099980316,128,6141.705063997506,
492,short,135.53886900263024,128,6141.597866000666,
493,short,134.4679539979552,128,6140.675642000133,
494,short,134.16141099878587,128,6141.397088998929,
481,short,142.31947499865782,128,6147.425792001741,
495,short,136.4492180000525,128,6141.739642000175,
496,short,137.3251570003049,128,6141.915637999773,
497,short,136.74360000004526,128,6141.509678000148,
499,short,134.13227800265304,128,6141.319582002325,
500,short,133.93292000182555,128,6141.456132001622,
501,short,133.74940900030197,128,6141.473689000122,
502,short,133.5735200009367,128,6141.476144002809,
503,short,133.35990000268794,128,6141.440526000224,
504,short,133.23901499825297,128,6141.471792998345,
505,short,133.0674659984652,128,6141.47640399824,
506,short,132.89391999933287,128,6142.3536949987465,
507,short,131.5610519995971,128,6141.223435999564,
508,short,131.3822740012256,128,6141.19482499882,
509,short,131.11645800017868,128,6141.10809200065,
510,short,132.1279539988609,128,6141.071780999482,
511,short,132.08318699980737,128,6140.784490002261,
512,short,133.22880799751147,128,6141.071485999419,
513,short,133.49227999788127,128,6141.121374999784,
514,short,132.3062099982053,128,6140.104797999811,
498,short,141.25734900153475,128,6148.0718630009505,
516,short,125.90161500338581,128,6141.108931002236,
517,short,126.24168099864619,128,6141.127517999848,
518,short,126.26357300177915,128,6141.232510002737,
519,short,126.08507500044652,128,6141.239942000539,
520,short,125.9088150000025,128,6141.243720001512,
521,short,125.77849599983892,128,6141.258576997643,
522,short,125.55192099898704,128,6141.175741999177,
523,short,122.88606899892329,128,6141.312471001584,
524,short,122.68559299991466,128,6141.306437999447,
525,short,122.45178199736984,128,6141.286399997625,
526,short,122.30666000323254,128,6141.356950000045,
527,short,122.0513860025676,128,6141.2795720025315,
528,short,122.4301700021897,128,6141.282551001495,
529,short,122.05447000087588,128,6141.093694001029,
515,short,127.97391600179253,128,6146.0610249996535,
531,short,136.11740300257225,128,6142.651235000812,
532,short,134.50028800070868,128,6141.520263998245,
533,short,136.0664160019951,128,6143.387268002698,
534,short,135.84528800129192,128,6143.398355998215,
535,short,135.6409910004004,128,6143.387563999568,
536,short,135.38455300295027,128,6143.328837002628,
537,short,134.8416949986131,128,6142.9842920006195,
538,short,136.45845200153417,128,6143.324392000068,
539,short,137.33075100026326,128,6143.309540999326,
540,short,136.83689200115623,128,6142.994693000219,
541,short,138.76415900085703,128,6143.319127000723,
542,short,138.61200000246754,128,6143.326179000724,
543,short,138.4019300021464,128,6143.295203000889,
544,short,138.26463499935926,128,6143.295075999049,
545,short,138.13534200016875,128,6143.326531997445,
546,short,137.95718799883616,128,6143.3268430009775,
547,short,137.80678800321766,128,6143.328391000978,
548,short,137.61591599904932,128,6143.313032000151,
549,short,137.25272300143843,128,6143.125126000086,
530,short,146.15771300304914,128,6151.022288002423,
550,short,125.27327600037097,128,6138.09554999898,
551,short,173.55289100305527,128,6187.145318002877,
552,short,173.7236760018277,128,6187.92461799967,
553,short,173.84640800082707,128,6188.338050000311,
554,short,173.65890300061437,128,6188.346872000693,
555,short,173.47430000154418,128,6188.34964800044,
556,short,173.25650099883205,128,6188.315592000436,
557,short,173.09528299665544,128,6188.34412599972,
558,short,172.91771300006076,128,6188.347990999318,
559,short,172.74200699830544,128,6188.3500709991495,
560,short,171.3221979989612,128,6187.107661000482,
561,short,171.97058199963067,128,6188.220873998944,
562,short,171.7817210010253,128,6188.266832999943,
563,short,171.56143999818596,128,6188.214060999599,
564,short,171.36637899966445,128,6188.20711099761,
565,short,171.18287500125007,128,6188.234578003176,
566,short,170.78895800295868,128,6188.020917001268,
567,short,170.17021600258886,128,6187.589331999334,
568,short,170.46191500048735,128,6188.035655999556,
569,short,170.27276899898425,128,6188.033630001883,
570,short,170.08714400071767,128,6188.032650999958,
571,short,169.86558500138926,128,6187.992662002216,
572,short,169.63487300017732,128,6187.943805001851,
573,short,169.44015300032333,128,6187.937627000792,
574,short,169.2850620020181,128,6187.941513999249,
575,short,169.13332499825628,128,6187.981251998281,
576,short,142.35594499768922,128,6153.934898000443,
578,short,136.6983469997649,128,6155.279864000477,
579,short,136.45722699948237,128,6155.440176000411,
580,short,136.27147000079276,128,6156.521734999842,
581,short,135.8604289998766,128,6156.375917002151,
582,short,136.24219900157186,128,6156.61740699943,
583,short,136.03691100070137,128,6156.597559001966,
584,short,135.88924900250277,128,6156.634079001378,
585,short,135.71378599954187,128,6156.638435997593,
586,short,135.53889200193225,128,6156.64206600195,
587,short,135.363976998633,128,6156.689833998826,
588,short,135.0825059998897,128,6156.610689002264,
589,short,133.9216630003648,128,6155.644761001895,
577,short,139.02327499818057,128,6160.978075997264,
590,short,134.5549249999749,128,6155.844765002257,
591,short,136.18357100131107,128,6156.715260000055,
592,short,135.79882600242854,128,6156.533646000753,
593,short,136.73568599915598,128,6156.71311099868,
595,short,135.96117300039623,128,6154.61414800302,
596,short,135.7781829974556,128,6154.745767998975,
597,short,135.60219300052267,128,6154.763024002023,
598,short,135.4261110027437,128,6154.768763000902,
599,short,135.21855100043467,128,6154.740380003204,
600,short,135.09749100194313,128,6154.800563999743,
601,short,134.04342799913138,128,6153.9522359998955,
602,short,133.81682600083877,128,6154.814658999385,
603,short,133.6414520010294,128,6154.879540001275,
604,short,133.5133050015429,128,6154.893557999458,
605,short,133.30609499826096,128,6154.867360997741,
606,short,134.4380029986496,128,6154.839654998796,
607,short,134.38200999735272,128,6154.548078997323,
608,short,135.44261599963647,128,6154.7723969997605,
609,short,135.65942399873165,128,6154.800708001858,
610,short,134.11974699920393,128,6153.43080599996,
594,short,141.58158699865453,128,6160.579974999564,
612,short,133.70697199934511,128,6154.500388998713,
613,short,133.53767700027674,128,6154.524449997552,
614,short,133.54176000211737,128,6154.625079001562,
615,short,133.36972300021444,128,6154.619917000673,
616,short,133.18781899943133,128,6154.6166139996785,
617,short,133.05844500064268,128,6154.6171709997,
618,short,132.76228900213027,128,6154.475817002094,
619,short,129.95917900116183,128,6154.5355140005995,
620,short,129.75100000039674,128,6154.495929000404,
621,short,129.51172799876076,128,6154.469795998011,
622,short,129.36394899952575,128,6154.577738998341,
623,short,129.12661600057618,128,6154.540520998125,
624,short,129.43668400112074,128,6154.521671000111,
625,short,129.09245300033945,128,6154.365995000262,
611,short,134.95024499934516,128,6158.661970999674,
627,short,128.03476599947317,128,6150.4541270005575,
628,short,126.21053000111715,128,6149.022673998843,
626,short,131.9924790004734,128,6154.887017000874,
629,short,180.9837399996468,128,6199.121382000158,
630,short,180.76459300209535,128,6199.239268000383,
631,short,180.5921169980138,128,6199.4244109992,
632,short,180.3440280018549,128,6199.4679540002835,
633,short,179.82831300105317,128,6199.420665001526,
634,short,181.450751999364,128,6200.682214999688,
635,short,182.30728100024862,128,6200.878315998125,
636,short,181.8176249980752,128,6200.66367599793,
637,short,183.51631400219048,128,6202.346390000457,
638,short,183.36207999891485,128,6205.638798997825,
639,short,183.15392599834013,128,6205.6602369993925,
640,short,183.01731199971982,128,6205.755552000483,
641,short,182.88724699959857,128,6205.842808998568,
642,short,182.7112280006986,128,6205.850919999648,
643,short,182.5594319998345,128,6205.884873998002,
644,short,182.38282399761374,128,6205.88971899997,
645,short,182.02548200133606,128,6205.711005000921,
646,short,131.35148099900107,128,6157.120354000654,
647,short,125.01011400308926,128,6156.2625620026665,
648,short,171.57420500006992,128,6201.334841000062,
649,short,171.67761299788253,128,6201.869106997037,
650,short,171.79679100081557,128,6202.2399050001695,
651,short,171.61078800199903,128,6202.249327001482,
652,short,171.42705200240016,128,6202.248046000022,
653,short,171.21428399696015,128,6202.229236998392,
654,short,171.0549119998177,128,6202.258180997887,
655,short,170.87795400220784,128,6202.2571850029635,
656,short,171.43239799770527,128,6202.245458000107,
657,short,170.065436999721,128,6201.04682300007,
658,short,169.92532100266544,128,6202.071768002497,
659,short,169.77851900082896,128,6202.1428750013,
660,short,169.58815299949492,128,6202.112402999774,
661,short,169.39934000038193,128,6202.120992002165,
662,short,169.21619799904875,128,6202.143649999925,
663,short,168.90273799799616,128,6202.058947998012,
664,short,168.34961399945314,128,6201.715860999684,
665,short,168.5916440001165,128,6202.177046001452,
666,short,168.4073399992485,128,6202.18748499974,
667,short,168.22590800074977,128,6202.186791000713,
668,short,168.04549999869778,128,6202.181282998936,
669,short,167.833805000555,128,6202.142199002992,
670,short,167.6519900029234,128,6202.1417750002,
671,short,167.47889699763618,128,6202.120574998844,
672,short,140.90106000003289,128,6160.112664998451,
674,short,135.93868400130305,128,6159.160989001975,
675,short,134.6847019995039,128,6159.179262998805,
676,short,134.4307330000447,128,6159.215274001326,
677,short,133.9993180008605,128,6158.970505999605,
678,short,134.40348499716492,128,6159.215654999571,
679,short,134.1929189984512,128,6159.19222699813,
680,short,134.03978999849642,128,6159.223670001666,
681,short,133.86096100293798,128,6159.238885000377,
682,short,133.63490399933653,128,6159.192462997453,
683,short,133.43443899793783,128,6159.168117999798,
684,short,133.13794399800827,128,6159.047326000291,
685,short,132.90434300142806,128,6159.005597000942,
686,short,132.627582999703,128,6158.910614998604,
687,short,131.66195399753633,128,6158.987180999247,
688,short,134.0112069992756,128,6159.30827199918,
689,short,133.62459600102738,128,6159.109536998585,
673,short,142.31111499975668,128,6166.5558380009315,
691,short,132.09452299997793,128,6160.378603999561,
692,short,131.90448699970148,128,6160.555254999053,
693,short,131.72408299942617,128,6160.62607600179,
694,short,131.54541999756475,128,6160.6343329985975,
695,short,131.2964139979158,128,6160.564345998864,
696,short,131.15411800026777,128,6160.5773310002405,
697,short,130.0616260014067,128,6159.660219000216,
698,short,129.79673900190392,128,6160.456782003166,
699,short,129.627819002053,128,6160.48054500061,
700,short,130.47920200187946,128,6160.491878999892,
701,short,130.27373500153772,128,6160.478330999467,
702,short,130.05717499981984,128,6160.443622000457,
703,short,129.62761000017053,128,6160.197508001147,
704,short,129.87515300119412,128,6160.442805001367,
705,short,129.7131030005403,128,6160.472290001053,
706,short,128.970493999077,128,6159.91606100215,
690,short,134.84760299979826,128,6166.205010002159,
708,short,138.01852899996447,128,6159.39069399974,
709,short,137.86585099660442,128,6159.3705829982355,
710,short,137.8897260001395,128,6160.178336998797,
711,short,137.76383200092823,128,6160.206700002163,
712,short,137.63909800036345,128,6160.212085000239,
713,short,137.5267969997367,128,6160.2098399998795,
714,short,137.32105999952182,128,6160.122245000821,
715,short,137.41547600147896,128,6160.189080001146,
716,short,137.5890250019438,128,6160.226095002145,
717,short,140.93824099836638,128,6160.193775998778,
718,short,140.74778099893592,128,6160.260161999759,
719,short,140.53083399994648,128,6160.224240997195,
707,short,143.76338100191788,128,6163.411392000853,
720,short,140.57248199969763,128,6160.388656000578,
721,short,140.43931200285442,128,6160.075914001936,
723,short,134.30963000064366,128,6160.704765999981,
724,short,131.63748499937356,128,6158.432742999139,
722,short,138.31416799803264,128,6164.998118998483,
726,short,133.63194600242423,128,6160.968686002889,
727,short,133.24668499990366,128,6160.81569599919,
728,short,132.9772450008022,128,6160.7428649986105,
729,short,132.4482509990048,128,6160.3941329995,
730,short,131.0129080011393,128,6159.153171000071,
731,short,131.72721500086482,128,6160.263933001261,
732,short,131.46912199954386,128,6160.223748000135,
733,short,129.60060100158444,128,6158.535424001457,
734,short,126.60680999761098,128,6155.71682999871,
735,short,126.4019999980519,128,6155.719895999937,
736,short,126.08963499951642,128,6155.592384999181,
737,short,125.92045900237281,128,6155.619241999375,
738,short,125.78314200072782,128,6155.6640159979,
739,short,125.5736839993915,128,6155.631560999609,
740,short,125.41506499837851,128,6155.657736999274,
741,short,125.23680600133957,128,6155.679076000524,
725,short,136.32622999648447,128,6166.983493996668,
742,short,144.75642499746755,128,6160.490190999553,
743,short,131.49514000178897,128,6160.206241002015,
744,short,130.7622589993116,128,6160.756907000177,
745,short,175.39473500073655,128,6207.182901998749,
746,short,175.61634400044568,128,6207.804210000177,
747,short,176.56433699812624,128,6208.1731149992265,
748,short,176.43768100242596,128,6208.202268000605,
749,short,176.29992499860236,128,6208.194648999779,
750,short,176.1434760010161,128,6208.162687002186,
751,short,176.09801900107414,128,6208.194962000562,
752,short,175.9800939980778,128,6208.201928999188,
753,short,175.86051199759822,128,6208.204456001113,
754,short,174.60285400011344,128,6207.069566000428,
755,short,174.86194700177293,128,6208.072417000949,
756,short,174.87758299830602,128,6208.149226000387,
757,short,174.79800099681597,128,6208.121100997232,
758,short,174.72411400012788,128,6208.127245998185,
759,short,174.54994500076282,128,6208.1069400010165,
760,short,174.28531699988525,128,6207.963676999498,
761,short,174.1066359973047,128,6207.650481999735,
762,short,175.49442800009274,128,6208.135532000597,
763,short,175.3711299970746,128,6208.155815998907,
764,short,175.25114300224232,128,6208.1626070030325,
765,short,175.13419199894997,128,6208.195495000837,
766,short,174.98444400189328,128,6208.17273600187,
767,short,174.94348000036553,128,6208.205135997559,
768,short,141.14257099936367,128,6170.679106002353,
770,short,135.92355600121664,128,6169.519434999529,
771,short,135.66920599987498,128,6170.502033000957,
772,short,135.48374400124885,128,6170.601687001181,
773,short,135.0500029984687,128,6170.357171999058,
774,short,135.53377499920316,128,6170.581894999486,
775,short,135.3142209991347,128,6170.550375998573,
776,short,135.15571500101942,128,6170.578383000247,
777,short,135.0056629999017,128,6170.578282999486,
778,short,134.83529899895075,128,6170.593865997944,
779,short,134.66045899986057,128,6170.600795001519,
780,short,134.37239300037618,128,6170.489257001464,
781,short,134.18464699861943,128,6170.503564000683,
782,short,133.13510800071526,128,6169.652143998974,
783,short,132.69803000002867,128,6170.2325669975835,
784,short,134.88992199927452,128,6170.622839999851,
785,short,134.09144099932746,128,6170.020295998256,
769,short,143.2947539979068,128,6177.742367999599,
787,short,132.65616400167346,128,6170.26202100169,
788,short,132.41208600084065,128,6170.313737002289,
789,short,132.22651300020516,128,6170.33648999859,
790,short,132.04924000092433,128,6170.340382002905,
791,short,131.84072300282423,128,6170.31003000011,
792,short,131.71618900014437,128,6170.341928002017,
793,short,130.6513689996791,128,6170.264436997968,
794,short,130.43606999781332,128,6170.26211999837,
795,short,130.25539299997035,128,6170.238312999572,
796,short,131.03745099942898,128,6170.230584000819,
797,short,130.82765000217478,128,6170.194344002084,
798,short,130.61786199978087,128,6170.165043000452,
799,short,130.18360000205575,128,6169.912299999851,
800,short,130.42698299977928,128,6170.144945001084,
801,short,130.27553299980354,128,6170.181584999227,
802,short,129.6209389984142,128,6169.724333998602,
786,short,135.75168699753704,128,6176.759104997473,
804,short,138.35273299991968,128,6171.356164999452,
805,short,137.38318499963498,128,6171.521963999112,
806,short,137.22251400031382,128,6171.632390000013,
807,short,137.04070399762713,128,6171.640771997772,
808,short,136.864518000948,128,6171.647846000269,
809,short,136.68987100027152,128,6171.650773001602,
810,short,136.43347399920458,128,6171.572186998674,
811,short,136.25579200015636,128,6171.583854000346,
812,short,136.2091019982472,128,6171.505412999977,
813,short,136.3694809988374,128,6171.449011999357,
814,short,136.1922920004872,128,6171.497590003128,
815,short,135.99155700285337,128,6171.47021600249,
803,short,139.697698999953,128,6175.367801999528,
816,short,136.0282030000235,128,6171.711109000171,
817,short,135.8025670015195,128,6171.654742000101,
819,short,133.56753699918045,128,6169.617689000006,
820,short,130.88951199824805,128,6167.285876999813,
818,short,136.98759600083577,128,6173.488609998458,
822,short,132.88796200140496,128,6170.235412999318,
823,short,132.67000299674692,128,6170.2713380000205,
824,short,132.51237200165633,128,6170.312646001548,
825,short,132.2722029981378,128,6170.256639998115,
826,short,130.81454100029077,128,6168.995225001709,
827,short,131.59594500029925,128,6170.149683999625,
828,short,131.44137699782732,128,6170.215203997941,
829,short,130.78773399683996,128,6169.745026996679,
830,short,131.01859300149954,128,6170.170991001214,
831,short,130.85654500173405,128,6170.204796002508,
832,short,130.57528000354068,128,6170.1593110010435,
833,short,130.40921299761976,128,6170.222061999084,
821,short,135.66049699875293,128,6175.5055129979155,
834,short,177.1825590003573,128,6210.580457998731,
835,short,176.97414799840772,128,6210.6170910010405,
836,short,176.80937700060895,128,6210.639307999372,
837,short,176.48467400067602,128,6210.4997749993345,
838,short,151.68176099905395,128,6174.3002719995275,
839,short,134.80856399837648,128,6172.569929000019,
840,short,134.16735700229765,128,6172.936185001163,
842,short,128.75245699979132,128,6170.361619999312,
843,short,128.93025900120847,128,6170.9199430006265,
844,short,129.84493000112707,128,6171.269997001218,
845,short,129.71100299910177,128,6171.274489999632,
846,short,129.58556300145574,128,6171.276740002213,
847,short,129.42989699877216,128,6171.259380997071,
848,short,129.37739500193857,128,6171.339259999513,
849,short,129.25246899976628,128,6171.3547599974845,
850,short,129.1277939999418,128,6171.357463997992,
851,short,127.9130869988876,128,6171.126663000905,
852,short,128.15228699764702,128,6171.2822539993795,
853,short,128.17520400130888,128,6171.354716003407,
854,short,128.09135799761862,128,6171.327272000781,
841,short,135.71738700193237,128,6178.776082000695,
855,short,174.32872299832525,128,6212.71092799725,
856,short,174.20411000057356,128,6212.9083660001925,
857,short,173.93086200172547,128,6212.796804000391,
858,short,173.67750400080695,128,6213.224524002726,
859,short,175.05879099917365,128,6213.7559709990455,
862,short,174.6538639999926,128,6213.346676999208,
861,short,174.78080299770227,128,6213.760878999892,
860,short,174.9329560007027,128,6214.193674997659,
863,short,174.49983199912822,128,6213.757348999934,
864,short,142.46113500121282,128,6188.6690739993355,
866,short,136.79753800170147,128,6187.772118999419,
867,short,136.5491069991549,128,6188.627316998463,
868,short,136.36283499727142,128,6188.757143998373,
869,short,135.9484889981104,128,6188.5421499973745,
870,short,136.39146300192806,128,6188.776787999814,
871,short,136.181507998117,128,6188.753031998203,
872,short,136.03026000055252,128,6188.783762998355,
873,short,135.83937200019136,128,6188.807414000621,
874,short,135.65624200055026,128,6188.820209001278,
875,short,135.47025099978782,128,6188.814144999924,
876,short,135.1897180029482,128,6188.697817000502,
877,short,134.9999649974052,128,6188.695504999487,
878,short,133.98556999891298,128,6188.712478997331,
879,short,133.4990530012874,128,6188.527826001518,
880,short,135.8963840029901,128,6188.825332999841,
881,short,135.13423800031887,128,6188.2963749994815,
865,short,144.13049099675845,128,6195.9633819969895,
883,short,132.33033000142314,128,6189.040104000014,
884,short,132.1275219997915,128,6189.18295900221,
885,short,131.94848599960096,128,6189.2369339984725,
886,short,131.77202200313332,128,6189.244260000123,
887,short,131.5645710019453,128,6189.215906000754,
888,short,130.62572199851274,128,6188.438635999773,
889,short,130.41547000102582,128,6188.4070039996,
890,short,130.23444400096196,128,6188.398541002243,
891,short,130.08126400018227,128,6188.397470999917,
892,short,130.85605099695385,128,6189.405289998831,
893,short,130.65125800130772,128,6189.427200999489,
894,short,130.44487400111393,128,6189.413203002914,
895,short,130.01066899960279,128,6189.17082400003,
896,short,130.2449200011324,128,6189.4233750026615,
897,short,130.06761200085748,128,6189.4887590024155,
898,short,128.55266199767357,128,6188.167117998091,
882,short,135.5647519994818,128,6195.668668999133,
900,short,136.23876099882182,128,6187.65417800023,
901,short,135.95029299904127,128,6187.631742999656,
902,short,135.80785800149897,128,6187.7174060027755,
903,short,135.62491500124452,128,6187.717327000428,
904,short,135.44597800137126,128,6187.716108001041,
905,short,135.268078000081,128,6187.719995999942,
906,short,135.00646299871732,128,6187.693879001017,
907,short,134.89638200189802,128,6187.777115002973,
908,short,134.89617700179224,128,6187.7470270010235,
909,short,135.13747799879638,128,6187.746146999416,
910,short,134.96927400046843,128,6187.811714000418,
911,short,134.77836499805562,128,6187.795654001093,
912,short,134.5703560000402,128,6187.777442002698,
913,short,134.59643199894344,128,6187.8068989972235,
899,short,139.15635099692736,128,6192.541656997491,
915,short,137.4425309986691,128,6188.879795001412,
916,short,135.05482600157848,128,6186.947491001774,
914,short,140.89341900034924,128,6192.788528001984,
918,short,134.97693699900992,128,6188.783780999074,
919,short,134.7556569999142,128,6188.799278999795,
920,short,134.5959890022641,128,6188.857264001854,
921,short,134.3548719996761,128,6188.809529998252,
922,short,133.00276899826713,128,6187.665953999385,
923,short,133.8145540030382,128,6188.8876570010325,
924,short,133.65633400098886,128,6188.946488000511,
925,short,132.99967700004345,128,6188.47174199982,
926,short,133.29119500122033,128,6188.908055999491,
927,short,133.0778659976204,128,6188.886309999361,
928,short,132.78563899802975,128,6188.772720997804,
929,short,132.2443850003765,128,6188.456192998274,
917,short,137.32519800032605,128,6193.753761002881,
931,short,139.3207019973488,128,6187.432553997496,
932,short,139.11136599926976,128,6187.460314002237,
933,short,138.94865999827744,128,6187.464152997563,
930,short,140.26889799788478,128,6188.699091999297,
934,short,148.14427599776536,128,6190.576345998124,
935,short,143.8574999992852,128,6188.681398998597,
936,short,138.87352500023553,128,6190.243760996964,
938,short,132.86012100070366,128,6189.976887002558,
939,short,133.14904300204944,128,6190.842675001477,
940,short,133.29990900092525,128,6191.2772089999635,
941,short,133.12188599957153,128,6191.300254999078,
942,short,132.93051900109276,128,6191.290253998886,
943,short,132.6707760017598,128,6191.208241001732,
944,short,132.50432499989984,128,6191.225402002601,
945,short,132.32489000074565,128,6191.224457001226,
946,short,131.2856410004315,128,6190.377636001358,
947,short,130.86413999917568,128,6190.132989999256,
948,short,131.36685700010275,128,6191.07537400123,
949,short,131.23975800044718,128,6191.1812069993175,
950,short,129.13249700068263,128,6189.23506200008,
937,short,137.015935000818,128,6197.511262998887,
952,short,136.95137799732038,128,6190.123570999276,
953,short,136.74031800110242,128,6190.260130002571,
954,short,135.62934099900303,128,6190.130916998896,
955,short,135.01997499770368,128,6189.7716149978805,
956,short,135.27936200262047,128,6190.233082001214,
959,short,134.7086899986607,128,6189.8058480001055,
958,short,134.89690099959262,128,6190.292143000988,
957,short,135.09128899750067,128,6190.714276999643,
951,short,138.2296800002223,128,6193.956025999796,
960,short,141.26921899878653,128,6202.835448999394,
962,short,135.83496100181947,128,6201.561193000089,
963,short,135.5519640019338,128,6202.488175000326,
964,short,135.35522000165656,128,6202.5740160024725,
965,short,134.9317330023041,128,6202.338899001916,
966,short,135.3029570018407,128,6202.569888999278,
967,short,135.09532900206978,128,6202.546190001158,
968,short,134.9038490006933,128,6202.541455000755,
969,short,134.71061599921086,128,6202.526418997877,
970,short,134.53175599715905,128,6202.527993998956,
971,short,134.35682999988785,128,6202.542107999761,
972,short,134.0712320015882,128,6202.438292999432,
973,short,133.05242000205908,128,6201.601570002822,
974,short,132.7528980000352,128,6201.498120000906,
975,short,133.2719370002451,128,6202.125792999141,
976,short,134.78812399989692,128,6202.430978999473,
977,short,134.0375439976924,128,6201.864276998094,
961,short,142.83928400254808,128,6209.575794000557,
979,short,132.42391200037673,128,6200.779095001053,
980,short,132.22143900202354,128,6200.852949001273,
981,short,132.03928300208645,128,6200.87052800227,
982,short,131.8617169999925,128,6200.87390000117,
983,short,131.65036799910013,128,6200.841734000278,
984,short,131.52301499940222,128,6200.870639000641,
985,short,131.35085799876833,128,6201.6862310010765,
986,short,131.17523199980496,128,6201.723547997972,
987,short,130.0145139975939,128,6200.720348999312,
988,short,130.7666259999678,128,6200.671276001231,
989,short,130.55258800159208,128,6200.629948001733,
990,short,130.3423470017151,128,6200.6000130022585,
991,short,129.90117200024542,128,6200.342123000155,
992,short,130.1012689982599,128,6200.524853000388,
993,short,129.9329139983456,128,6200.547548000031,
994,short,128.57359999907203,128,6199.3719919992145,
978,short,135.8359029982239,128,6207.083544999477,
996,short,137.41638300052728,128,6200.477525002498,
997,short,137.16620500053978,128,6200.464777000889,
998,short,137.0296809982392,128,6200.552908998361,
999,short,136.85478499974124,128,6200.563154001429,
1000,short,136.67230300052324,128,6201.215229000809,
1001,short,136.43745599983959,128,6201.203184002225,
1002,short,136.17485199938528,128,6201.137608000863,
1003,short,136.06533199708792,128,6201.264266997896,
1004,short,136.04024199958076,128,6201.246331998846,
1005,short,136.19991800078424,128,6201.216476001719,
1006,short,136.04592599949683,128,6201.270835001196,
1007,short,135.85702600175864,128,6201.254000003246,
1008,short,135.6536330022209,128,6201.221973002248,
1009,short,135.29799900061334,128,6200.863199999731,
995,short,139.58095099951606,128,6205.089063998457,
1011,short,138.79706599982455,128,6202.019899999868,
1012,short,136.42641499973251,128,6199.8215109997545,
1010,short,142.6591589988675,128,6209.426878998784,
1014,short,134.5192879998649,128,6202.222599000379,
1015,short,134.2694909981219,128,6202.300811997702,
1016,short,134.1080009988218,128,6202.506122001068,
1017,short,133.8516139985586,128,6202.539247999084,
1018,short,132.42688800164615,128,6201.53467199998,
1019,short,133.23905599827413,128,6202.795688997867,
1020,short,133.07990600151243,128,6203.012615002081,
1021,short,132.42699100010213,128,6202.663715001108,
1022,short,132.68575600159238,128,6204.411095000978,
1023,short,132.53016599992407,128,6212.249755000812,
1024,short,132.237248999445,128,6212.184798998351,
1025,short,132.0407429993793,128,6212.215950999962,
1013,short,136.79017100002966,128,6217.180802999792,
1027,short,142.01456099908683,128,6203.168388998165,
1028,short,141.82650899965665,128,6203.216584999609,
1026,short,142.3180849997152,128,6203.948456000944,
1029,short,141.35034400169388,128,6203.189661999204,
1030,short,148.37530400109245,128,6203.239665002911,
1031,short,144.54153499900713,128,6204.872157999489,
1032,short,135.30711899875314,128,6202.026684000884,
1034,short,131.5955350000877,128,6200.185598001553,
1035,short,131.7870650018449,128,6200.0434399997175,
1036,short,131.93876900186297,128,6200.38045900219,
1037,short,131.75921899892273,128,6200.389061999886,
1038,short,131.58082600057242,128,6201.319928000885,
1039,short,131.37242199809407,128,6201.33732999966,
1040,short,131.21784100076184,128,6201.371185001335,
1041,short,131.0252390030655,128,6201.4000090021,
1042,short,130.84875499771442,128,6201.401212998462,
1043,short,129.64940199890407,128,6200.376683998911,
1044,short,130.23814400003175,128,6200.482191998162,
1045,short,130.10646299881046,128,6200.546077998297,
1046,short,129.08236300063436,128,6199.675890002254,
1033,short,136.09881100273924,128,6206.93842000037,
1048,short,137.0815530026448,128,6202.498321999883,
1049,short,136.10242199865752,128,6201.796009001555,
1050,short,135.7396979983605,128,6201.62320399686,
1051,short,135.2013089999673,128,6201.271960002487,
1052,short,135.4848459995992,128,6201.690758000041,
1055,short,134.78264900186332,128,6201.130314002512,
1054,short,135.04901199848973,128,6201.617804999842,
1053,short,135.23163100035163,128,6202.018375999614,
1047,short,138.29987999997684,128,6205.216426002153,
1056,short,140.35210400106735,128,6206.976697998471,
1058,short,134.58922000063467,128,6206.042929999967,
1059,short,134.34110900197993,128,6207.05060200271,
1060,short,134.15391099988483,128,6207.157160999486,
1061,short,133.7349280001945,128,6206.94136700331,
1062,short,134.24227399809752,128,6207.163961000333,
1063,short,134.03401799951098,128,6207.136487999378,
1064,short,133.88143500196747,128,6207.166455002152,
1065,short,133.70097699953476,128,6207.163136001327,
1066,short,133.51112800228293,128,6207.150624002679,
1067,short,133.32919400272658,128,6207.147757002531,
1068,short,133.03226399875712,128,6207.026235999365,
1069,short,132.8370779992838,128,6207.019626999681,
1070,short,131.83443999878364,128,6206.1890510012745,
1071,short,131.39314200088847,128,6206.741265999881,
1072,short,133.5691839994979,128,6207.074259000365,
1073,short,132.78068699946743,128,6206.465854000271,
1057,short,141.5093200012052,128,6214.027835001616,
1075,short,133.82835300217266,128,6207.65584900073,
1076,short,133.70232300076168,128,6207.761413999833,
1077,short,133.58158999835723,128,6207.772757999919,
1078,short,133.46352799999295,128,6207.776966999518,
1079,short,133.31101299991133,128,6207.745644998795,
1080,short,132.53330199950142,128,6207.807315997343,
1081,short,132.37648100039223,128,6207.829512000899,
1082,short,132.24813899796573,128,6207.829883998784,
1083,short,132.20256000204245,128,6207.831274001364,
1084,short,132.2340129991062,128,6207.832566000434,
1085,short,132.0795880019432,128,6207.7979240020795,
1086,short,131.98257299882243,128,6207.769344997359,
1087,short,131.7248009981995,128,6207.532554999489,
1088,short,133.14817599894013,128,6207.759335000446,
1089,short,133.14945499951136,128,6207.787781000661,
1090,short,131.89704900287325,128,6206.592545000603,
1074,short,139.91167700078222,128,6214.045627002633,
1092,short,140.45180999892182,128,6207.951634998608,
1093,short,140.31497899850365,128,6207.937603998289,
1094,short,140.33864500015625,128,6208.021672999166,
1095,short,139.54569099951186,128,6207.360363998305,
1096,short,139.38051299919607,128,6207.318900000246,
1097,short,139.2808230011724,128,6207.913275000465,
1098,short,139.0311280010792,128,6207.816149999417,
1099,short,139.11136399838142,128,6207.865009997477,
1100,short,139.30367400098476,128,6207.832119001978,
1101,short,147.2419780002383,128,6207.815912999649,
1102,short,147.07690499926684,128,6207.8730249995715,
1103,short,146.90817299924674,128,6207.910897999682,
1104,short,146.70787199793267,128,6207.935731999896,
1105,short,146.43817199976183,128,6207.638381998549,
1091,short,151.35936300066533,128,6212.452239000413,
1107,short,138.92661700083409,128,6207.358217001456,
1108,short,132.92095399810933,128,6201.454144000309,
1106,short,142.64403500055778,128,6214.492208000593,
1110,short,136.8867989986029,128,6209.632933001558,
1111,short,136.5018489996146,128,6209.674909001478,
1112,short,136.2374220007041,128,6209.79599200291,
1113,short,135.7736939971801,128,6209.626814998046,
1114,short,134.320110999397,128,6208.604339997692,
1115,short,135.03870500062476,128,6209.736575001443,
1116,short,134.77593599964166,128,6209.844412001985,
1117,short,132.81479899887927,128,6208.194412000012,
1118,short,125.30113100001472,128,6202.146128001914,
1119,short,125.09904000035021,128,6202.876358998765,
1120,short,124.80609799968079,128,6202.795255001547,
1121,short,124.62584400054766,128,6202.845233998232,
1109,short,140.03159200001392,128,6225.518270999601,
1122,short,140.73379000183195,128,6210.412543001439,
1123,short,140.46639400112326,128,6210.525308000797,
1124,short,140.2618270003586,128,6210.5505719991925,
1125,short,140.05363899923395,128,6210.526807000861,
1126,short,145.32998700087774,128,6208.287838002434,
1127,short,142.76581500234897,128,6207.5991590027115,
1128,short,134.23398800296127,128,6207.941373002541,
1130,short,132.60575000094832,128,6207.494016001874,
1131,short,132.76226800007862,128,6208.181785001216,
1132,short,132.89648899808526,128,6208.5913800001435,
1133,short,131.78237099782564,128,6207.678206999844,
1134,short,131.5580209993641,128,6207.637335999607,
1135,short,131.33436999851256,128,6207.593105998967,
1136,short,131.84468299732544,128,6207.589732999622,
1137,short,131.67973100280506,128,6207.589118002943,
1138,short,131.50802800009842,128,6207.589365996682,
1139,short,131.11531200047466,128,6207.371898999554,
1140,short,131.00395000219578,128,6208.21209299902,
1141,short,130.86839499737835,128,6208.308260997001,
1142,short,130.03670800026157,128,6207.661720000033,
1129,short,135.93295399914496,128,6213.998860999709,
1144,short,134.39874299729127,128,6210.76157099742,
1145,short,134.20824500281014,128,6211.651995003194,
1146,short,133.8963660018635,128,6211.56534000329,
1147,short,133.39926399930846,128,6211.278128997947,
1143,short,135.32347200089134,128,6213.397065999743,
1148,short,133.65986999997403,128,6211.920710997219,
1151,short,133.06270099928952,128,6211.4580150009715,
1150,short,133.30843299991102,128,6211.943570000585,
1149,short,133.48255999881076,128,6212.381720000849,
1152,short,140.69250100146746,128,6205.981357001292,
1154,short,135.4927600004885,128,6203.692722003325,
1155,short,135.22337000176776,128,6204.58555499863,
1156,short,135.03193399810698,128,6204.688174999319,
1157,short,134.62390399945434,128,6204.470174001472,
1158,short,135.15923600061797,128,6204.699978999997,
1159,short,134.95512000008603,128,6204.677118003019,
1160,short,134.8039449985663,128,6204.711098998814,
1161,short,134.62604899905273,128,6204.726212999958,
1162,short,134.4480250008928,128,6204.750035998586,
1163,short,134.27185799810104,128,6204.756536000787,
1164,short,133.98823299939977,128,6204.650831998151,
1165,short,133.7736749992473,128,6204.631729000539,
1166,short,132.77717800156097,128,6203.829302001395,
1167,short,132.34627799829468,128,6204.446088999248,
1168,short,134.4327320002776,128,6204.792316999374,
1169,short,133.749541000725,128,6204.291170000943,
1153,short,142.64008600002853,128,6211.823682002432,
1171,short,133.66962500003865,128,6204.549130001396,
1172,short,133.545985998353,128,6204.648668997834,
1173,short,133.42769800146925,128,6204.657698999654,
1174,short,133.3118389993615,128,6204.661266001494,
1175,short,132.30369099983363,128,6203.779593997751,
1176,short,132.307910000236,128,6203.77099399775,
1177,short,132.18209900151123,128,6204.556147000403,
1178,short,132.05811900115805,128,6204.585973002395,
1179,short,132.0167340018088,128,6204.589154000132,
1180,short,132.05295899751945,128,6204.593156999181,
1181,short,131.90330200086464,128,6204.572383998311,
1182,short,131.8041170015931,128,6204.549258000043,
1183,short,131.55597299919464,128,6204.317905001517,
1184,short,133.02972400197177,128,6204.5460250010365,
1185,short,133.04525499916053,128,6204.581222998968,
1186,short,131.65555099840276,128,6203.259876998345,
1170,short,139.66850100041484,128,6210.776765998162,
1188,short,142.38610200118273,128,6204.4613040015975,
1189,short,142.2559070015268,128,6204.444089999015,
1190,short,142.32348800214822,128,6204.524925000442,
1191,short,142.20787000158452,128,6204.527958001563,
1192,short,141.47929799946724,128,6203.929440001957,
1193,short,141.3281119966996,128,6204.553153998859,
1194,short,141.1224020012014,128,6204.500544001348,
1195,short,141.2335749992053,128,6204.576495998481,
1196,short,142.05614000093192,128,6204.543350002496,
1197,short,142.28889000150957,128,6204.515628000081,
1198,short,142.08681899981457,128,6204.530188002536,
1199,short,141.86502599841333,128,6204.479285999696,
1200,short,141.6564479986846,128,6204.440437999438,
1201,short,141.52388100046664,128,6204.168330001266,
1187,short,146.1069500001031,128,6208.867752000515,
1203,short,139.74601600057213,128,6203.724327002419,
1204,short,133.7728700018488,128,6197.8575460016145,
1202,short,143.8064360008866,128,6210.671001001174,
1206,short,134.0714449979714,128,6202.306657000008,
1207,short,133.6642349997419,128,6202.21798899729,
1208,short,133.39513200116926,128,6202.3128750006435,
1209,short,132.9152369980875,128,6202.138220000052,
1210,short,131.42197699926328,128,6201.074860000517,
1211,short,132.17244800034678,128,6202.198611001222,
1212,short,131.88935300058802,128,6202.288864998991,
1213,short,129.9233749996347,128,6200.613270000758,
1214,short,129.47675900068134,128,6201.53461800146,
1215,short,129.28178099900833,128,6202.440066001145,
1216,short,128.99278300028527,128,6202.366682002321,
1217,short,121.10806200143998,128,6194.700438998552,
1205,short,136.96213900038856,128,6210.784176000743,
1219,short,138.02299899907666,128,6205.223483997543,
1220,short,137.79734499985352,128,6205.233101998601,
1221,short,137.61392099695513,128,6205.253678999725,
1218,short,139.13783900352428,128,6206.601983001747,
1222,short,145.58715800012578,128,6201.867094998306,
1223,short,145.87441000185208,128,6201.449472999229,
1224,short,135.12528399951407,128,6204.797233000136,
1226,short,132.34137200197438,128,6201.284898001177,
1227,short,132.43863299794612,128,6201.928589998715,
1228,short,132.55460200161906,128,6202.308294999966,
1229,short,132.37271400066675,128,6202.320643002167,
1230,short,132.19344000026467,128,6202.323486999376,
1231,short,131.9835630019952,128,6202.327417999186,
1232,short,131.82873400000972,128,6202.3672699979215,
1233,short,131.65248899895232,128,6202.371429000777,
1234,short,132.1160610023071,128,6202.394469000865,
1235,short,131.0195730002306,128,6201.468503000797,
1236,short,130.9003450005548,128,6202.319277999777,
1237,short,130.73945400174125,128,6202.433596001356,
1238,short,129.74996000048122,128,6201.621127998806,
1225,short,136.30049000130384,128,6208.584404001158,
1240,short,131.8779920002271,128,6196.449142000347,
1241,short,131.6564179978741,128,6197.272403998795,
1242,short,131.3358760016854,128,6197.174372999143,
1243,short,130.82812699940405,128,6196.88761100042,
1244,short,131.06367599903024,128,6197.299229999771,
1245,short,130.8849100023508,128,6197.353048999503,
1247,short,130.46878800014383,128,6197.141431999626,
1246,short,130.6896690002759,128,6197.650486999919,
1239,short,133.71256299797096,128,6200.843189999432,
1248,short,139.7377149987733,128,6207.397505000699,
1250,short,135.31579399932525,128,6210.299733000284,
1251,short,135.05841099686222,128,6211.337237997213,
1252,short,134.87035700018168,128,6211.424676999741,
1253,short,134.45699600197258,128,6211.198699002125,
1254,short,135.00060099977418,128,6211.441200000991,
1255,short,134.779920001165,128,6211.402241002361,
1256,short,134.6227190006175,128,6211.4290240024275,
1257,short,134.42082199981087,128,6211.407856000733,
1258,short,134.23845999932382,128,6211.40609899885,
1259,short,134.06109100105823,128,6211.427245001687,
1260,short,133.77265600138344,128,6211.327598000935,
1261,short,133.57996600097977,128,6211.347918000683,
1262,short,132.5282639991201,128,6210.499437998806,
1263,short,132.08620300065377,128,6211.174416999711,
1264,short,134.21783100056928,128,6211.528933999944,
1265,short,133.42607199956547,128,6210.922919999575,
1249,short,142.25305400032084,128,6218.493694999779,
1267,short,132.93473000157974,128,6210.453507999773,
1268,short,132.81405599991558,128,6210.631285997806,
1269,short,132.69528999808244,128,6210.672288998467,
1270,short,132.56868900134577,128,6210.673251000117,
1271,short,132.4132979971182,128,6210.641410998505,
1272,short,131.6591199974937,128,6210.724612999911,
1273,short,131.50811599916779,128,6210.747602999618,
1274,short,131.3819289971434,128,6210.748905999935,
1275,short,131.32861100166338,128,6210.73709600023,
1276,short,131.36405200202717,128,6210.739722002472,
1277,short,131.2085509998724,128,6210.7037940004375,
1278,short,131.109171998105,128,6210.676982998848,
1279,short,130.85592999777873,128,6210.448825997446,
1280,short,132.31324599837535,128,6210.689085000922,
1281,short,132.31982000070275,128,6210.735452001245,
1282,short,131.03308399877278,128,6209.5151109970175,
1266,short,139.4406869985687,128,6216.998304997105,
1284,short,140.23344300221652,128,6210.005557000841,
1285,short,140.10063600289868,128,6210.800741002458,
1286,short,140.13786000214168,128,6210.919592998835,
1287,short,140.0114889984252,128,6210.918763998052,
1288,short,139.2337610013783,128,6210.2672410001105,
1289,short,139.08177499979502,128,6210.233826001058,
1290,short,138.8733849998971,128,6210.1470720008365,
1291,short,138.98034899830236,128,6210.230311000487,
1292,short,139.16088000041782,128,6210.2214970000205,
1293,short,140.2043100024457,128,6210.205268002028,
1294,short,140.03815199976088,128,6210.3148240021255,
1295,short,139.8631159972865,128,6210.327430999314,
1296,short,139.66050700037158,128,6210.298702000728,
1297,short,139.40057899890235,128,6210.043554998265,
1283,short,143.81891700031701,128,6214.641766000568,
1299,short,137.7258909997181,128,6209.252141998149,
1300,short,131.95503699898836,128,6203.754010999546,
1298,short,141.39522799814586,128,6213.151454998297,
1301,short,182.9164299997501,128,6257.716333002463,
1302,short,182.60074499994516,128,6257.6805999997305,
1303,short,182.2395070012135,128,6257.510989002185,
1304,short,181.9341539994639,128,6257.384714001091,
1305,short,181.50788400089368,128,6257.142168000428,
1306,short,181.15128299905336,128,6257.106902998203,
1307,short,180.77837500095484,128,6256.951621999178,
1308,short,180.48899200221058,128,6256.841259000794,
1309,short,179.13312900054734,128,6255.62858199919,
1310,short,178.03141100012,128,6254.7248609989765,
1311,short,177.8176439984236,128,6254.6885480005585,
1312,short,177.613255000324,128,6254.679613000917,
1315,short,137.03266299853567,128,6214.278299998114,
1316,short,136.84016199840698,128,6215.3579740006535,
1317,short,136.36944700192544,128,6215.101855999819,
1314,short,137.60267199904774,128,6216.52156699929,
1313,short,177.45523099802085,128,6256.531001999974,
1318,short,147.0041799984756,128,6212.372351998056,
1319,short,141.9237019981665,128,6210.928010001226,
1320,short,131.11607399696368,128,6211.205812996923,
1322,short,132.59202299741446,128,6211.807398998644,
1323,short,132.8114160023688,128,6212.347447002685,
1324,short,132.9685309974593,128,6212.695366000844,
1325,short,132.78975700086448,128,6212.714384000719,
1326,short,132.57724299910478,128,6212.683722998918,
1327,short,132.36157099890988,128,6212.643308001134,
1328,short,132.20644199827802,128,6212.668156000291,
1329,short,132.00664200121537,128,6212.641983998765,
1330,short,131.82913299897336,128,6212.637464999716,
1331,short,130.71127699731733,128,6211.6940499981865,
1332,short,131.13035900096293,128,6212.402482000471,
1333,short,130.98426299984567,128,6212.463600000774,
1334,short,130.06016000144882,128,6211.692395001592,
1321,short,136.86883600166766,128,6218.842969003163,
1336,short,138.45880000008037,128,6212.627068001893,
1337,short,138.2403620009427,128,6212.7034820005065,
1338,short,137.91072299864027,128,6212.56982399791,
1339,short,137.4371540005086,128,6212.328969002556,
1335,short,140.1510120012972,128,6215.221301001293,
1340,short,137.64651000019512,128,6212.948169999436,
1341,short,137.42262500090874,128,6212.974783000391,
1343,short,136.991161001788,128,6212.676898001519,
1342,short,137.20354000179213,128,6213.139432002208,
1344,short,144.04762699996354,128,6222.033114998339,
1346,short,134.01781100037624,128,6217.445567999675,
1347,short,133.77706999744987,128,6218.32404199813,
1348,short,133.59331500032567,128,6218.403772003512,
1349,short,133.16825099900598,128,6218.163424000522,
1350,short,133.6089210017235,128,6218.376518001605,
1351,short,133.40039600007003,128,6218.351842999255,
1352,short,133.2473949987616,128,6218.4197589995165,
1353,short,133.0679090024205,128,6218.433608999476,
1354,short,132.87009299892816,128,6218.415569001081,
1355,short,132.67195599837578,128,6218.3943780000845,
1356,short,132.37704499988467,128,6218.273271002545,
1357,short,132.17975299994578,128,6218.262886999582,
1358,short,131.0642070020549,128,6217.333216001862,
1359,short,130.62245399851236,128,6217.866660001164,
1360,short,132.90159199823393,128,6218.199439001182,
1361,short,132.17406699914136,128,6217.663454997819,
1345,short,141.01843499884126,128,6225.302618000569,
1363,short,131.87523699889425,128,6221.040251999511,
1364,short,131.669640999462,128,6221.142952999799,
1365,short,131.48708999869996,128,6221.152760001132,
1366,short,131.30967599863652,128,6221.169764998194,
1367,short,130.25524000113364,128,6220.302163001179,
1368,short,130.0813100024243,128,6220.284905000881,
1369,short,129.90029300272,128,6221.109631002037,
1370,short,130.6632730011188,128,6221.1512030007725,
1371,short,130.52104999951553,128,6221.154058999673,
1372,short,130.39862100049504,128,6221.155451999948,
1373,short,130.19197799803806,128,6221.118892000959,
1374,short,129.9814129997685,128,6221.091921997868,
1375,short,129.5450180004991,128,6220.842819999234,
1376,short,129.79247300245333,128,6221.066896003322,
1377,short,129.63294699875405,128,6221.134865998465,
1378,short,128.10011000328814,128,6219.7892680014775,
1362,short,135.15398099843878,128,6227.428146998136,
1380,short,133.48141099777422,128,6222.376706999057,
1381,short,133.21640900176135,128,6222.380086001067,
1382,short,133.07869699929142,128,6222.471638997376,
1383,short,132.8969940004754,128,6222.4737020005705,
1384,short,132.72223599778954,128,6222.477890998562,
1385,short,132.54628799768398,128,6222.479358999408,
1386,short,132.28737900135457,128,6222.396818000561,
1387,short,132.15943799878005,128,6222.465299997566,
1388,short,131.97259200023836,128,6222.432513000967,
1389,short,131.7294269974809,128,6222.35210999861,
1390,short,131.5382490029151,128,6222.447160002048,
1391,short,131.3621619992773,128,6222.456202001922,
1392,short,131.15670299885096,128,6222.428707998915,
1393,short,130.72889099930762,128,6222.231195999484,
1379,short,135.43794600263936,128,6227.171739003097,
1395,short,140.07390400001896,128,6223.74565300197,
1396,short,137.4739460006822,128,6221.638098999392,
1394,short,143.52446599878022,128,6228.429012000561,
1398,short,136.67164300204604,128,6222.220034000202,
1399,short,136.4521479990799,128,6222.320984998078,
1400,short,136.29347100140876,128,6222.377543999755,
1401,short,136.0569749995193,128,6222.351129999879,
1402,short,134.60726700213854,128,6221.107118002692,
1403,short,135.39679599853116,128,6222.425806998217,
1404,short,135.2394669993373,128,6222.535767999943,
1405,short,134.5732890004001,128,6222.058940998977,
1406,short,134.81999200303108,128,6222.520687002543,
1407,short,134.6627639977669,128,6222.56024699891,
1408,short,134.38295800006017,128,6222.459929998877,
1409,short,134.19544699718244,128,6222.491223998077,
1410,short,132.98773299902678,128,6221.483992998401,
1411,short,132.7739959997416,128,6221.449264001421,
1412,short,132.3519479992683,128,6221.202109998558,
1397,short,139.49533000049996,128,6228.261272000964,
1413,short,132.70860199918388,128,6221.659898001235,
1414,short,146.8642580002779,128,6223.159698998643,
1415,short,145.30034799827263,128,6222.740739998699,
1416,short,134.04180299767177,128,6223.355718000676,
1418,short,133.16930899964063,128,6222.504785000638,
1419,short,133.32667500071693,128,6223.330726999848,
1420,short,133.45301899971673,128,6223.739823999495,
1421,short,133.27155000297353,128,6223.774412002967,
1422,short,133.0965550005203,128,6223.78906999802,
1423,short,132.89261699901544,128,6223.766135997721,
1424,short,132.7416629974323,128,6223.802020998846,
1425,short,132.5691400015785,128,6223.807423000835,
1426,short,133.02374499835423,128,6223.810557999968,
1427,short,131.9970939985069,128,6222.955540997646,
1428,short,131.88793899826123,128,6223.918738996872,
1429,short,131.757496001228,128,6224.0159190005215,
1430,short,130.70734700158937,128,6223.125884000183,
1417,short,137.06250000177533,128,6229.793304999475,
1432,short,136.8657000020903,128,6223.508201001096,
1433,short,136.669288000121,128,6223.692530002154,
1434,short,136.31155700204545,128,6223.542334002559,
1435,short,135.88668499869527,128,6224.052298999595,
1436,short,136.00726300137467,128,6224.408278001647,
1437,short,135.8086220025143,128,6224.397920999763,
1438,short,135.62801200168906,128,6224.397207999573,
1439,short,135.44507600090583,128,6224.39832800228,
1431,short,138.13668199873064,128,6227.3056259982695,
1440,short,141.63818700035335,128,6212.317600999086,
1442,short,138.07798500056379,128,6211.698728002375,
1443,short,137.84761499846354,128,6211.892135997914,
1444,short,137.66306700199493,128,6211.940539000352,
1445,short,137.26578400019207,128,6211.728774000221,
1446,short,137.66902799761738,128,6211.956266997731,
1447,short,137.42101100069704,128,6211.891656999796,
1448,short,137.25303300088854,128,6211.912918002781,
1449,short,137.07426199835027,128,6211.91344899853,
1450,short,136.89662699835026,128,6211.919859997579,
1451,short,136.72304499777965,128,6212.911919999897,
1452,short,136.44171399937477,128,6212.875940000231,
1453,short,136.25571900047362,128,6212.897864999832,
1454,short,135.27059899934102,128,6212.108798998088,
1455,short,134.82961100089597,128,6211.932906000584,
1456,short,137.16436899994733,128,6212.244157002715,
1457,short,136.52332299898262,128,6211.783448998176,
1441,short,144.98569200077327,128,6219.002698002441,
1459,short,135.01646499935305,128,6211.970817999827,
1460,short,134.83099099903484,128,6212.122250999528,
1461,short,134.64054799987935,128,6212.1581270002935,
1462,short,134.45618499827106,128,6212.156196997967,
1463,short,134.24953100184212,128,6212.128383998788,
1464,short,133.29839699872537,128,6212.181019000127,
1465,short,133.08427699666936,128,6212.195117997908,
1466,short,132.9050560016185,128,6212.199265999516,
1467,short,132.75720100136823,128,6212.204019000637,
1468,short,133.6694929996156,128,6212.213322000025,
1469,short,133.47204700039583,128,6212.1815290011,
1470,short,133.27334700079518,128,6212.158214002557,
1471,short,132.8670000002603,128,6211.93148599923,
1472,short,133.11454599897843,128,6212.143083001138,
1473,short,132.9542820021743,128,6212.192308001249,
1474,short,131.58890799968503,128,6211.014772001363,
1458,short,138.33670399981202,128,6218.465617999755,
1476,short,135.09043700105394,128,6212.568606999412,
1477,short,134.8404300006223,128,6212.588580001466,
1478,short,134.70804800090264,128,6212.689209001837,
1479,short,134.53216899870313,128,6212.695791000442,
1480,short,134.35543900050106,128,6212.694748999638,
1481,short,134.17986900094547,128,6212.705142999766,
1482,short,133.91720800063922,128,6212.61875500204,
1483,short,133.81442000172683,128,6212.736736000807,
1484,short,133.64228999853367,128,6212.723894997907,
1485,short,133.40678999884403,128,6212.652826998237,
1486,short,133.22299500214285,128,6212.724617002095,
1487,short,133.04423200315796,128,6212.725372002751,
1488,short,132.7821609993407,128,6212.640494999505,
1489,short,132.26007599951117,128,6212.301784998999,
1475,short,136.2939329992514,128,6216.50446700005,
1491,short,138.41399000011734,128,6211.059112003568,
1492,short,135.36345900138258,128,6208.521347001806,
1490,short,142.70825799758313,128,6215.698717998748,
1494,short,137.23486000162666,128,6212.084123002569,
1495,short,136.99108500077273,128,6212.288664002699,
1496,short,136.82019200132345,128,6212.513834001584,
1497,short,136.57305400192854,128,6212.560829000722,
1498,short,135.05606000035186,128,6211.468285000592,
1499,short,135.93719400159898,128,6212.707326998498,
1500,short,135.78843900177162,128,6212.920196001505,
1501,short,135.10871600010432,128,6212.542326000403,
1502,short,135.40779500181088,128,6214.298365001014,
1503,short,135.25389899950824,128,6216.5640230014105,
1504,short,134.9714589996438,128,6216.510108002694,
1505,short,134.8207970004296,128,6216.5920910010755,
1506,short,134.6644009972806,128,6216.62887599814,
1507,short,134.49142800163827,128,6216.684472001361,
1508,short,134.08631299898843,128,6216.487630001211,
1493,short,140.3981509974983,128,6222.643467997841,
1509,short,134.52356799825793,128,6216.916612000205,
1510,short,148.24526899974444,128,6213.73251499972,
1511,short,146.96136500060675,128,6212.228759999562,
1512,short,134.43389200256206,128,6205.989589001547,
1514,short,130.9513539999898,128,6205.548490997899,
1515,short,131.10403699829476,128,6205.4836559982505,
1516,short,131.236222001462,128,6205.947190002917,
1517,short,131.04824999754783,128,6207.080467997002,
1518,short,130.86769899746287,128,6207.138215999294,
1519,short,130.65788299718406,128,6207.155615997181,
1520,short,130.5041199993866,128,6207.245113000681,
1521,short,130.32717799796956,128,6207.3039349998,
1522,short,130.14964999820222,128,6207.345397997415,
1523,short,128.92666300103883,128,6206.3401760024135,
1524,short,129.4409469992388,128,6206.480141998327,
1525,short,129.31032399865217,128,6206.589378998615,
1526,short,128.46405100208358,128,6205.942123000568,
1513,short,135.21306400070898,128,6213.049136000336,
1528,short,135.93768200007617,128,6208.63572899907,
1529,short,135.73415000064415,128,6208.748627999739,
1530,short,134.6218319995387,128,6207.9254489981395,
1531,short,134.10364000083064,128,6207.668586001091,
1527,short,136.9252679978672,128,6210.835533998761,
1532,short,134.31975699859322,128,6208.462819999113,
1533,short,134.15172199893277,128,6208.505354999943,
1534,short,133.9444769982947,128,6208.5158830013825,
1535,short,133.60170200030552,128,6208.4326520016475,
1536,short,143.83003300099517,128,6216.241199999786,
1538,short,138.63581299665384,128,6215.377094998985,
1539,short,138.43742700191797,128,6216.278687999875,
1540,short,138.2551450005849,128,6216.372506998596,
1541,short,137.84374500028207,128,6216.155440000875,
1542,short,138.28766599908704,128,6216.372151000542,
1543,short,138.07727099992917,128,6216.387728996779,
1544,short,137.9239609996148,128,6216.418650998094,
1545,short,137.74176399965654,128,6216.4127430005465,
1546,short,136.5719649984385,128,6215.416021001147,
1547,short,136.33072700031335,128,6215.347301000293,
1548,short,136.03340400004527,128,6215.2215280002565,
1549,short,135.8427639970614,128,6215.213199997379,
1550,short,135.58336399728432,128,6215.9787679993315,
1551,short,136.06401399738388,128,6215.8712099990225,
1552,short,137.6433969999198,128,6216.1740039991855,
1553,short,136.95997000104398,128,6215.669559998787,
1537,short,144.9111889996857,128,6222.425184998428,
1555,short,134.49393599876203,128,6217.600053998467,
1556,short,134.29379500303185,128,6217.765883000538,
1557,short,134.1157890019531,128,6217.78827199887,
1558,short,133.9388339983998,128,6217.794583000796,
1559,short,132.87538300210144,128,6216.912243002298,
1560,short,132.7051730004314,128,6216.903786997136,
1561,short,132.52257400017697,128,6216.91572599957,
1562,short,132.34375300089596,128,6216.918698999507,
1563,short,132.19010999819147,128,6217.962624999927,
1564,short,132.06359800096834,128,6218.0288510026,
1565,short,132.8124210012902,128,6218.0049320013495,
1566,short,132.6126660023874,128,6217.980452001939,
1567,short,132.19249599933391,128,6217.792218001705,
1568,short,132.4954070005333,128,6218.039489001967,
1569,short,132.33186200159253,128,6218.0745379992,
1570,short,130.9190590000071,128,6216.845580998779,
1554,short,137.66074900195235,128,6224.3277080015105,
1572,short,134.4655149987375,128,6216.029644998343,
1573,short,134.32313799785334,128,6216.081212998688,
1574,short,134.35773700257414,128,6216.1793779996515,
1575,short,134.2299570023897,128,6216.1800370013225,
1576,short,134.10949800163507,128,6216.1799109999265,
1577,short,133.98876000064774,128,6216.216864999296,
1578,short,133.7493959981657,128,6216.105067000171,
1579,short,133.8522420010122,128,6216.17058999982,
1580,short,133.7746910030546,128,6216.1491040023975,
1581,short,133.7355759969796,128,6216.115382998396,
1582,short,133.61282299956656,128,6216.171642001427,
1583,short,133.49116199970013,128,6216.171743999439,
1584,short,133.33779599997797,128,6216.137777999393,
1585,short,132.9913289991964,128,6215.859926000121,
1571,short,137.48250199932954,128,6219.893609002611,
1587,short,140.37634499982232,128,6214.62377500211,
1588,short,137.51194100041175,128,6212.201701000595,
1586,short,144.2975429999933,128,6219.217005000246,
1590,short,131.31367599999066,128,6214.439432998915,
1591,short,130.88594699729583,128,6214.315881999937,
1592,short,130.62259800062748,128,6214.249660999485,
1593,short,130.13897000200814,128,6214.00012900267,
1594,short,128.63298799857148,128,6212.717128000804,
1595,short,129.07534000260057,128,6213.8535200028855,
1596,short,128.78952599930926,128,6213.904544001707,
1597,short,126.8077889981214,128,6212.123448000057,
1598,short,124.66046500048833,128,6210.342612001114,
1599,short,124.43992299813544,128,6210.3323330011335,
1600,short,124.12912999934633,128,6210.208812000928,
1589,short,133.4066260023974,128,6219.9929550006345,
1601,short,177.66348300210666,128,6252.275148999615,
1602,short,177.45889100115164,128,6252.315740002814,
1603,short,177.25375299778534,128,6252.29752299856,
1604,short,176.85487999915495,128,6252.075091000734,
1605,short,177.08335000133957,128,6252.23515900143,
1606,short,141.40709699859144,128,6216.736187998322,
1607,short,143.6031949997414,128,6217.338606998965,
1608,short,138.25251899834257,128,6222.285165997164,
1610,short,133.24001000000862,128,6220.497076999891,
1611,short,133.04361299742595,128,6220.331170999998,
1612,short,131.90472000133013,128,6219.556085998192,
1613,short,131.6574189986568,128,6220.494458997564,
1614,short,131.42133300061687,128,6220.487121001497,
1615,short,131.13432799946168,128,6220.3924960012955,
1616,short,131.38006199733354,128,6220.377816000109,
1617,short,131.15484100126196,128,6220.337836002727,
1618,short,130.93002299865475,128,6220.294733000628,
1619,short,130.50863199896412,128,6220.100960999844,
1620,short,130.295709001075,128,6220.193462999305,
1621,short,130.09047199739143,128,6220.231699000578,
1622,short,129.153039000812,128,6219.4708099996205,
1609,short,135.7047910023539,128,6226.748431003216,
1624,short,133.39085699772113,128,6218.609890998778,
1625,short,133.09610900250846,128,6218.599620002351,
1626,short,132.71774899840239,128,6218.414243998268,
1627,short,132.04616700022598,128,6218.032651999238,
1623,short,134.07167500190553,128,6220.463274999929,
1628,short,132.02715999796055,128,6218.624916000408,
1629,short,131.79759900231147,128,6218.583714999113,
1630,short,131.5698649996193,128,6218.536484000651,
1631,short,131.25627000044915,128,6218.405382001947,
1632,short,143.08282700221753,128,6229.157112000394,
1634,short,138.30435799900442,128,6223.010675999831,
1635,short,138.05812800273998,128,6223.984168002062,
1636,short,137.87623699681717,128,6224.0908309977385,
1637,short,137.47607700133813,128,6223.8799309998285,
1638,short,137.85798300159513,128,6224.074904002919,
1639,short,137.64882699979353,128,6224.051459998009,
1640,short,137.50071500180638,128,6224.086882000847,
1641,short,137.32840500233578,128,6224.103496999305,
1642,short,137.1568610011309,128,6224.188774998765,
1643,short,137.01478300208692,128,6224.212859000545,
1644,short,136.74203399932594,128,6224.126171000535,
1645,short,135.77833599993028,128,6223.302860998956,
1646,short,135.49106099890196,128,6223.208488998353,
1647,short,136.05860100142309,128,6223.883485003171,
1648,short,137.65532000252279,128,6224.248026002897,
1649,short,137.05025399758597,128,6223.827746998722,
1633,short,145.8063010031765,128,6231.30416800268,
1651,short,131.79180299994186,128,6219.930541999929,
1652,short,131.600000000617,128,6220.213425000111,
1653,short,131.42136899841717,128,6220.338053997693,
1654,short,131.24484400032088,128,6220.444640002825,
1655,short,131.02167199758696,128,6220.504726999934,
1656,short,130.89961999867228,128,6220.702793001692,
1657,short,130.72022600317723,128,6220.830438000121,
1658,short,129.49640499937232,128,6219.891492000897,
1659,short,129.28542500230833,128,6219.932556999993,
1660,short,130.09088699982385,128,6220.031950000703,
1661,short,129.8836610003491,128,6220.139891000144,
1662,short,129.62161700124852,128,6220.240104001277,
1663,short,129.17514899891103,128,6220.201109998015,
1664,short,129.51614299890934,128,6221.234168999217,
1665,short,129.3738120002672,128,6221.522362997348,
1666,short,128.09585699869785,128,6220.601154996984,
1650,short,135.01091999933124,128,6230.0062340000295,
1668,short,132.80989499980933,128,6220.795588000328,
1669,short,132.55357099842513,128,6221.63209199789,
1670,short,132.4144160025753,128,6221.800213999813,
1671,short,132.23663099779515,128,6221.824290998484,
1672,short,132.02186200214783,128,6221.792499000003,
1673,short,131.83745800051838,128,6221.786975002033,
1674,short,131.57756399959908,128,6221.705230000225,
1675,short,131.44683000064106,128,6221.763213001395,
1676,short,131.25879500148585,128,6221.731967001688,
1677,short,131.068429996958,128,6221.703643997898,
1678,short,130.89164700068068,128,6221.7629389997455,
1679,short,130.7165390026057,128,6221.7654140004015,
1680,short,130.50826600010623,128,6221.73319400099,
1681,short,130.14440500046476,128,6221.563692000927,
1667,short,133.96529499732424,128,6225.627130999783,
1683,short,140.75139000124182,128,6221.2914130032,
1684,short,137.83948499985854,128,6218.861546996777,
1682,short,145.40831500198692,128,6225.545856999815,
1686,short,138.08339900060673,128,6221.8971389993385,
1687,short,137.85732300311793,128,6221.972312003345,
1688,short,137.65586299996357,128,6222.031004999735,
1689,short,137.41024499904597,128,6221.9946539989905,
1690,short,135.9091400008765,128,6220.726157000172,
1691,short,136.72156400207314,128,6221.8221240000275,
1692,short,136.55681499949424,128,6221.923480999976,
1693,short,135.89538399901357,128,6221.469813997828,
1694,short,136.19452499915496,128,6221.937681999407,
1695,short,136.0302100001718,128,6221.967333000066,
1696,short,135.34787299795425,128,6221.464145997743,
1685,short,140.75974200022756,128,6227.184708001005,
1698,short,145.4669869999634,128,6222.762813002191,
1699,short,145.3024100010225,128,6222.897047002334,
1700,short,145.12428500165697,128,6222.922769000434,
1701,short,144.74778699877788,128,6222.742041998572,
1702,short,144.72252700215904,128,6222.904444999585,
1697,short,146.11917400179664,128,6224.521279000328,
1703,short,144.5727270001953,128,6221.771543001523,
1704,short,134.4262329985213,128,6221.424153001863,
1706,short,132.61191999845323,128,6221.280335998017,
1707,short,132.71763299781014,128,6221.982211998693,
1708,short,131.8542310000339,128,6221.392269002536,
1709,short,131.63644900123472,128,6221.370593000756,
1710,short,131.46061500083306,128,6221.368184000312,
1711,short,131.9152700016275,128,6221.336619000795,
1712,short,131.77105099748587,128,6221.366841997224,
1713,short,131.59829299911507,128,6221.372791002068,
1714,short,131.37617399843293,128,6221.328188999905,
1715,short,130.98415499916882,128,6222.010559999035,
1716,short,130.87250299940933,128,6222.152194000955,
1717,short,130.7394769974053,128,6222.219626997685,
1718,short,129.62746300036088,128,6221.259204001399,
1705,short,135.99781599987182,128,6229.26042799736,
1720,short,138.35076900068088,128,6222.759615000541,
1721,short,138.2194369980425,128,6222.883669997827,
1722,short,137.92562299931888,128,6222.729191998951,
1723,short,137.82438499765703,128,6222.438406999572,
1724,short,138.99872999900253,128,6222.819770999195,
1725,short,138.87667800008785,128,6222.8254200017545,
1726,short,138.77578699975857,128,6222.828271002072,
1727,short,138.65992299906793,128,6222.828311998455,
1719,short,141.91331299662124,128,6225.548806996812,
1728,short,137.73661199957132,128,6217.03200799675,
1730,short,136.1783389984339,128,6221.045996997418,
1731,short,135.92656900073052,128,6221.992593000323,
1732,short,135.73837599687977,128,6222.0817979978165,
1733,short,135.3151790026459,128,6221.845306001342,
1734,short,135.79802499953075,128,6222.065805999591,
1735,short,135.57882700115442,128,6222.030275002908,
1736,short,135.42680499813287,128,6222.059812997031,
1737,short,135.16709199757315,128,6221.978419998777,
1738,short,134.9730189976981,128,6221.963046999008,
1739,short,134.78091300203232,128,6221.9490589995985,
1740,short,134.4826220010873,128,6221.828955000092,
1741,short,134.2886649981665,128,6221.83160199711,
1742,short,133.21897099740454,128,6220.948901998781,
1743,short,132.76465599847143,128,6221.438717999263,
1744,short,135.18229099645396,128,6221.792174997972,
1745,short,134.2985650007904,128,6221.094520999031,
1729,short,143.25763300075778,128,6228.928716001974,
1747,short,133.37182600298547,128,6222.197217000939,
1748,short,133.07239300047513,128,6222.16901000138,
1749,short,132.78882799932035,128,6222.06993799773,
1750,short,132.50504800089402,128,6221.98883999954,
1751,short,132.12171399936778,128,6221.794729997782,
1752,short,131.8803210015176,128,6221.6920200007735,
1753,short,131.59405600163154,128,6222.377641002822,
1754,short,131.3127989997156,128,6222.308165997674,
1755,short,131.04269200266572,128,6222.192895002081,
1756,short,131.7346140021982,128,6222.058232000563,
1757,short,131.34096000067075,128,6221.835479998845,
1758,short,130.90274999922258,128,6221.574723000231,
1759,short,129.6730860012758,128,6220.540295002138,
1760,short,129.6706009998161,128,6220.504246000928,
1761,short,129.3310239998391,128,6220.364749999135,
1762,short,126.30738299776567,128,6217.522637998627,
1746,short,136.93670299835503,128,6228.664054997353,
1764,short,132.7366980003717,128,6221.415937001439,
1765,short,132.408278001094,128,6221.349209998152,
1766,short,132.25365299877012,128,6221.425215000636,
1767,short,132.0719069990446,128,6221.426821000932,
1768,short,131.89246100228047,128,6222.109417001775,
1769,short,131.71534100183635,128,6222.149109002203,
1770,short,131.47624300108873,128,6222.082690001116,
1771,short,131.37085100242984,128,6222.170396002184,
1772,short,131.18725100139272,128,6222.1416579996,
1773,short,130.99779399999534,128,6222.108490997925,
1774,short,130.830532998516,128,6222.1611390014,
1775,short,130.64671399843064,128,6222.151623998798,
1776,short,130.44018900109222,128,6222.12038699945,
1777,short,129.96086600105627,128,6221.820175000175,
1763,short,134.66249799967045,128,6226.708580998093,
1779,short,141.65233899984742,128,6222.799216000567,
1780,short,139.0895999975328,128,6220.596953997301,
1778,short,146.79260800039629,128,6226.977271999203,
1782,short,137.35948500107042,128,6222.998427998391,
1783,short,137.0739300000423,128,6222.96106399881,
1784,short,136.89094100118382,128,6223.017775002518,
1785,short,136.60879799863324,128,6222.921549997409,
1786,short,135.21687400134397,128,6221.714008999697,
1787,short,136.03040799716837,128,6221.951396997611,
1788,short,135.8471150015248,128,6221.95456999907,
1789,short,135.16506800078787,128,6221.449451000808,
1790,short,135.45366999824182,128,6222.522184998525,
1791,short,135.29854599983082,128,6222.582204998616,
1792,short,134.6826909975789,128,6222.145579999051,
1781,short,139.9790909999865,128,6227.6567759981845,
1794,short,145.9521560027497,128,6222.522460000619,
1795,short,145.76086499801022,128,6222.616410999763,
1796,short,145.57379100006074,128,6222.635829002684,
1797,short,145.2011949986627,128,6222.458206000738,
1798,short,145.1443810001365,128,6222.551892999036,
1793,short,146.65231099934317,128,6224.248590999196,
1799,short,145.67200500096078,128,6223.798838000221,
1800,short,136.05221699981485,128,6223.733760001778,
1802,short,133.24640200153226,128,6224.254049000592,
1803,short,133.44731400138699,128,6224.970417002623,
1804,short,133.59334000051604,128,6225.380607000261,
1805,short,133.41325800138293,128,6225.395820001722,
1806,short,133.2344969996484,128,6225.4009489988675,
1807,short,133.04422099827207,128,6225.409686998319,
1808,short,132.89076799992472,128,6225.472128000547,
1809,short,133.42801900216728,128,6225.4813270010345,
1810,short,132.35872599761933,128,6224.582306997036,
1811,short,131.9673200014222,128,6225.2107950007485,
1812,short,131.87049599946477,128,6225.341735997063,
1813,short,131.7364010028541,128,6225.405798002612,
1814,short,129.45279699852108,128,6223.27912900073,
1801,short,137.63508299962268,128,6231.829571999697,
1816,short,136.310185000184,128,6222.514738998143,
1817,short,136.11716000013985,128,6222.589881002932,
1818,short,135.81329400039976,128,6222.468986001331,
1819,short,135.3516490016773,128,6222.205264002696,
1820,short,135.53926000167849,128,6222.5905420018535,
1821,short,135.36313700024039,128,6222.6100680018135,
1822,short,135.18883800134063,128,6222.612203000608,
1823,short,134.8118020032416,128,6222.41240600124,
1815,short,137.53716000064742,128,6225.286688000779,
1824,short,141.15348099949188,128,6232.921769002132,
1826,short,136.4337869999872,128,6230.028041998594,
1827,short,136.19180300156586,128,6230.2871760002745,
1828,short,136.00615999894217,128,6231.277240000054,
1829,short,135.59965699823806,128,6231.1095999975805,
1830,short,136.1060519993771,128,6231.355875999725,
1831,short,135.90127499992377,128,6231.333497999003,
1832,short,135.74912400144967,128,6231.363397000678,
1833,short,135.56929900005343,128,6231.361600002856,
1834,short,135.39074400250684,128,6231.360336001671,
1835,short,135.2023969993752,128,6231.347180000739,
1836,short,134.91664300090633,128,6231.234441998822,
1837,short,134.72683100189897,128,6231.2420300004305,
1838,short,133.77614799901494,128,6230.489564000891,
1839,short,133.324441001605,128,6230.31008199905,
1840,short,135.54943000053754,128,6231.279368999822,
1841,short,134.87265200092224,128,6230.865753001126,
1825,short,143.16561899977387,128,6238.122303999262,
1843,short,134.3257079970499,128,6232.254376998753,
1844,short,134.14551399910124,128,6232.380158999149,
1845,short,133.9440760020807,128,6232.3670699988725,
1846,short,133.75755599918193,128,6232.358697998279,
1847,short,133.5508989977825,128,6232.331815997895,
1848,short,132.6264569979685,128,6231.566530997952,
1849,short,132.41794899658998,128,6232.3403539994615,
1850,short,132.23797699902207,128,6232.374155999423,
1851,short,132.08512499841163,128,6232.3792050010525,
1852,short,132.8658929996891,128,6232.397020001372,
1853,short,132.66391800061683,128,6232.373417002236,
1854,short,132.4449679996178,128,6232.3379420013225,
1855,short,132.02393100073095,128,6232.102820002183,
1856,short,132.2550320001028,128,6232.347703000414,
1857,short,132.09488700158545,128,6232.382679001603,
1858,short,130.6767320020299,128,6231.148533999658,
1842,short,137.13917099812534,128,6238.467563998711,
1860,short,133.58079500176245,128,6231.701945001987,
1861,short,133.32683599946904,128,6231.721607000509,
1862,short,133.18817500112345,128,6231.814590002614,
1863,short,132.32341299953987,128,6231.130661999487,
1864,short,132.10762000016985,128,6231.09321299853,
1865,short,131.9135890007601,128,6231.07508099929,
1866,short,131.64525300089736,128,6230.9818280009495,
1867,short,131.5444200008642,128,6231.062007998844,
1868,short,131.36457400105428,128,6231.036307999602,
1869,short,131.17829600014375,128,6231.021448002139,
1870,short,131.00338699950953,128,6231.088094998995,
1871,short,130.83751099838992,128,6231.094634000328,
1872,short,130.63547799902153,128,6231.068217999564,
1873,short,130.26489800176932,128,6230.881316001614,
1859,short,134.8027349995391,128,6235.636572000658,
1875,short,141.34551600000123,128,6231.239245000324,
1876,short,138.82233899857965,128,6228.887411998585,
1874,short,145.8912899979623,128,6236.880476000806,
1878,short,138.0082579998998,128,6231.159230002959,
1879,short,137.7440319993184,128,6231.1871019992395,
1880,short,137.58415000120294,128,6231.247589003033,
1881,short,137.3506570016616,128,6231.210647001717,
1882,short,136.86947599853738,128,6230.9211879983195,
1883,short,137.67206899865414,128,6232.173271000647,
1884,short,137.53155100130243,128,6232.242747999408,
1885,short,136.2414710019948,128,6231.133214001602,
1886,short,136.4978739984508,128,6231.558870000299,
1887,short,136.34156999978586,128,6231.596192999859,
1888,short,135.81921600052738,128,6231.251820001489,
1877,short,140.4255480010761,128,6236.220626000431,
1890,short,147.5081409989798,128,6232.951738998963,
1891,short,147.3284989988315,128,6233.087239997985,
1892,short,147.13657700121985,128,6233.100676003232,
1893,short,146.7762579995906,128,6232.924637999531,
1889,short,148.11483700032113,128,6234.416770999815,
1894,short,146.7549480003072,128,6233.32965499867,
1895,short,144.67688000149792,128,6231.900241000403,
1896,short,136.53097700080252,128,6230.883175001509,
1898,short,131.73738100158516,128,6228.4141769996495,
1899,short,131.82757199683692,128,6228.345122999599,
1900,short,131.94699900122941,128,6228.720608000003,
1901,short,131.7621890011651,128,6229.731127001287,
1902,short,131.54357299936237,128,6229.77664499922,
1903,short,131.30207799986238,128,6229.720257000736,
1904,short,131.13673200132325,128,6229.746835000697,
1905,short,130.958470999758,128,6229.746889002854,
1906,short,129.9329530011164,128,6228.896258999157,
1907,short,130.16561000040383,128,6228.694853001798,
1908,short,130.06913200297276,128,6228.843646000314,
1909,short,129.93427800029167,128,6228.902439001104,
1910,short,128.88459299938404,128,6228.009623999242,
1897,short,135.80880599693046,128,6235.372759998427,
1912,short,136.47832200149423,128,6230.676491999475,
1913,short,136.28733400037163,128,6230.753112999082,
1914,short,135.97331100027077,128,6230.626278000273,
1915,short,135.50429099996109,128,6230.354444000113,
1916,short,135.6558670013328,128,6230.779546000122,
1917,short,135.4788379976526,128,6230.80359999949,
1918,short,135.31404500099597,128,6230.808586999046,
1919,short,134.93734700023197,128,6230.606081997394,
1911,short,137.57950099898153,128,6233.408052001323,
1920,short,140.85912100199494,128,6233.9556320002885,
1922,short,137.0419419981772,128,6235.076442997524,
1923,short,135.89607199901366,128,6235.04583400063,
1924,short,135.66065700069885,128,6235.085980999429,
1925,short,135.22884100166266,128,6234.840740999061,
1926,short,135.7109800010221,128,6235.0675119996595,
1927,short,135.50434399803635,128,6235.054881999531,
1928,short,135.3513110007043,128,6235.0934489986685,
1929,short,135.17477799905464,128,6235.094511997886,
1930,short,134.99998800034518,128,6235.097153999959,
1931,short,134.82619799833628,128,6235.10191600144,
1932,short,134.53548200050136,128,6234.984578997683,
1933,short,134.34160399992834,128,6235.006569000689,
1934,short,134.07071600158815,128,6235.786126002495,
1935,short,132.98878600107855,128,6235.0058750016615,
1936,short,135.24137499916833,128,6235.249778001162,
1937,short,134.6140040004684,128,6234.799988000304,
1921,short,143.3852729969658,128,6242.512454999087,
1939,short,133.4867920013494,128,6235.654558000533,
1940,short,133.3663660007005,128,6235.9848039995995,
1941,short,133.25022899880423,128,6236.135589999321,
1942,short,133.13264300086303,128,6236.256643998786,
1943,short,132.9817189980531,128,6236.338329999853,
1944,short,132.22366699847043,128,6235.736574999464,
1945,short,132.06993299900205,128,6235.860875000071,
1946,short,131.94546699742205,128,6235.973716000444,
1947,short,131.89978699665517,128,6236.087489996862,
1948,short,133.6490159992536,128,6236.1977569999,
1949,short,133.44467199931387,128,6236.273224996694,
1950,short,133.24240799920517,128,6236.425323000731,
1951,short,132.81429199923878,128,6236.41821199999,
1952,short,133.0755210001371,128,6237.518836001982,
1953,short,132.91743299851078,128,6237.805725999351,
1954,short,131.60098099979223,128,6236.8735989985,
1938,short,137.99211900186492,128,6246.2204990006285,
1956,short,134.3409569999494,128,6238.462467998033,
1957,short,134.09165000120993,128,6238.501387000724,
1958,short,133.97025399899576,128,6238.697426000726,
1959,short,133.7931470006879,128,6238.764502002596,
1960,short,133.61803600128042,128,6238.815954999154,
1961,short,133.44459300060407,128,6238.876043000346,
1962,short,133.186339000531,128,6238.844755000173,
1963,short,133.08244300060323,128,6238.990455000021,
1964,short,132.8917159989942,128,6239.005031999113,
1965,short,132.69905199922505,128,6239.025267997931,
1966,short,132.51882100303192,128,6239.143045000674,
1967,short,132.34420099979616,128,6239.1963789996225,
1968,short,132.13962800000445,128,6239.225779998378,
1969,short,131.5818479997688,128,6238.903376000962,
1955,short,135.4297090001637,128,6243.065924998518,
1971,short,142.50272199933534,128,6233.178447000682,
1972,short,138.2829350004613,128,6229.322475999652,
1970,short,147.9288529990299,128,6237.349868999445,
1974,short,137.34143400142784,128,6236.438675001409,
1975,short,137.08734399915556,128,6236.618103001092,
1976,short,136.92453600015142,128,6236.8496139970375,
1977,short,136.70787400042173,128,6236.965207001049,
1978,short,135.28999800109887,128,6235.983004000445,
1979,short,136.16014999934123,128,6237.274625997088,
1980,short,136.0003929985396,128,6237.50844299866,
1981,short,135.33683500281768,128,6237.158277002891,
1982,short,135.58722599918838,128,6242.342196001118,
1983,short,135.43086899881018,128,6242.470460998447,
1984,short,134.81869600218488,128,6242.056260001846,
1973,short,139.84629399783444,128,6247.436956000456,
1986,short,143.29330299733556,128,6233.478786998603,
1987,short,143.1131710014597,128,6233.5471129990765,
1988,short,142.9312549989845,128,6233.556111998041,
1989,short,142.61024900042685,128,6233.416536997538,
1990,short,142.49917900087894,128,6233.457575999637,
1985,short,143.94569900105125,128,6235.137350002333,
1991,short,143.7102349991619,128,6235.138471998653,
1992,short,135.32005500019295,128,6235.267772000952,
1994,short,132.21245000022464,128,6234.237599001062,
1995,short,132.31874800112564,128,6234.77621800339,
1996,short,131.40665000173612,128,6234.160904001328,
1997,short,131.17863699881127,128,6234.140229000332,
1998,short,130.99415599936037,128,6234.139509997476,
1999,short,130.77949800208444,128,6234.116149000329,
2000,short,131.25469499937026,128,6234.147101997223,
2001,short,131.08676399860997,128,6234.163312998135,
2002,short,130.87512999845785,128,6234.96035199787,
2003,short,130.51635199735756,128,6234.809292000136,
2004,short,130.41506000081426,128,6234.908194997843,
2005,short,130.2818690019194,128,6235.010563999822,
2006,short,129.26272500044433,128,6234.162803997606,
1993,short,135.5664100010472,128,6240.925841000717,
2008,short,136.20421400264604,128,6237.440493001486,
2009,short,136.01805599682848,128,6237.694513998576,
2010,short,135.719011999754,128,6237.687663000543,
2011,short,135.21733800007496,128,6237.803828000324,
2012,short,135.35884299926693,128,6239.242605999607,
2013,short,135.17810100165661,128,6239.368637998268,
2014,short,135.00284199835733,128,6239.48143799862,
2015,short,134.66914799937513,128,6239.430965997599,
2007,short,137.26054699873202,128,6244.318410997948,
2016,short,145.34369800094282,128,6234.341491999658,
2018,short,139.12425899980008,128,6232.503890001681,
2019,short,138.8893849980377,128,6233.74253899965,
2020,short,138.70787400082918,128,6233.846004997758,
2021,short,138.29933099987102,128,6233.640023001499,
2022,short,138.80864900056622,128,6233.872542001336,
2023,short,138.6017670010915,128,6233.841033001227,
2024,short,138.46363199991174,128,6233.875423000427,
2025,short,138.29319099750137,128,6233.878252998693,
2026,short,138.12251999843284,128,6233.880729996599,
2027,short,137.95284499792615,128,6233.883002998482,
2028,short,137.648863998038,128,6233.747715999925,
2029,short,136.63747900136514,128,6232.893006999802,
2030,short,136.376651997125,128,6232.792595998035,
2031,short,136.005797998223,128,6232.670923000114,
2032,short,138.96331100113457,128,6233.5891269976855,
2033,short,138.11588599855895,128,6232.953810998879,
2017,short,147.6935249993403,128,6240.658982998866,
2035,short,131.06646899905172,128,6231.918038000003,
2036,short,130.75782200030517,128,6232.13443900022,
2037,short,130.46215500071412,128,6232.15182200147,
2038,short,130.17375799972797,128,6232.156770001893,
2039,short,129.78949200260104,128,6232.062807001057,
2040,short,129.50762100081192,128,6232.154160999926,
2041,short,129.2142509992118,128,6232.187318000797,
2042,short,128.908857001079,128,6232.179980001092,
2043,short,129.62620799953584,128,6232.177483998385,
2044,short,129.4075910009269,128,6232.179160000669,
2045,short,129.02177700016182,128,6232.078250999621,
2046,short,128.57514300048933,128,6231.985054000688,
2047,short,127.28534000052605,128,6231.120091997582,
2048,short,127.29377300274791,128,6231.95658700206,
2034,short,134.40167699809535,128,6243.7648119994265,
2049,short,178.34702100299182,128,6276.889589000348,
2050,short,175.0674219983921,128,6273.837104999984,
2052,short,133.8813910006138,128,6232.619588998205,
2053,short,133.64794099834398,128,6232.468666999921,
2054,short,133.62451899956795,128,6233.360310001444,
2055,short,133.4472070011543,128,6233.356868000556,
2056,short,133.27748400115524,128,6233.3167900033,
2057,short,133.10699100111378,128,6233.270984001138,
2058,short,132.83982999928412,128,6233.126449998963,
2059,short,132.94503100041766,128,6233.177458001592,
2060,short,132.83578299888177,128,6233.098744000017,
2061,short,132.7550069981953,128,6233.02420699838,
2062,short,132.5845270002901,128,6233.038749000116,
2063,short,132.40532800045912,128,6232.9835160016955,
2064,short,132.20281899702968,128,6232.9018429991265,
2065,short,131.81098000131897,128,6232.581731001119,
2051,short,136.73645900053089,128,6237.317770999653,
2067,short,142.63025199761614,128,6234.364468997228,
2068,short,139.81648199842311,128,6232.015846999275,
2066,short,147.590451000724,128,6239.629235999018,
2070,short,135.76799600195955,128,6233.823301001394,
2071,short,135.35317599962582,128,6233.858927997062,
2072,short,135.02311699994607,128,6233.91678400003,
2073,short,134.53739900069195,128,6233.731879998231,
2074,short,133.05783699979656,128,6232.698463998531,
2075,short,133.73818199761445,128,6233.83457700038,
2076,short,133.46132199876592,128,6233.942197999568,
2077,short,128.05736400332535,128,6228.832070002682,
2078,short,128.22835900078644,128,6231.699059000675,
2079,short,128.05394400129444,128,6231.76762300136,
2080,short,127.48347600063425,128,6231.388091000554,
2069,short,138.8135700035491,128,6242.875111001922,
2082,short,144.79362500060233,128,6233.683446000214,
2083,short,144.62613300202065,128,6233.79176600065,
2084,short,144.44556799935526,128,6233.807879998494,
2085,short,144.1324320003332,128,6233.675654999388,
2086,short,144.05985799749033,128,6233.813603997987,
2081,short,145.33534799920744,128,6235.3349959994375,
2087,short,150.46691599854967,128,6233.023411001341,
2088,short,137.16240099893184,128,6232.807005999348,
2090,short,134.06481000129133,128,6231.899443002476,
2091,short,134.24287000088952,128,6232.880922001641,
2092,short,134.37373000124353,128,6233.412796002085,
2093,short,134.192109999276,128,6233.4916750005505,
2094,short,134.00288599950727,128,6233.526542000618,
2095,short,134.50145200113184,128,6233.519664001506,
2096,short,134.36393599840812,128,6233.596186997602,
2097,short,133.35470699894358,128,6232.802923001145,
2098,short,133.14947599792504,128,6232.808044998819,
2099,short,132.81147800080362,128,6232.689512999059,
2100,short,132.67630100017413,128,6233.786476001114,
2101,short,132.53082699884544,128,6233.9135379988875,
2102,short,131.44401400131756,128,6234.860540000227,
2089,short,138.24518700130284,128,6242.167109998263,
2104,short,138.2789839990437,128,6229.1606629987655,
2105,short,137.99285299683106,128,6229.115276997618,
2106,short,137.26630600285716,128,6228.61720900255,
2107,short,135.75134499842534,128,6227.350866000052,
2108,short,135.82692199997837,128,6227.728510999441,
2109,short,135.54223000028287,128,6227.677268001571,
2110,short,135.26370500039775,128,6227.618539000105,
2111,short,132.83748899993952,128,6225.471142999595,
2103,short,139.66284200068912,128,6232.494766001764,
2112,short,144.18201000080444,128,6233.279230000335,
2114,short,138.48447499913163,128,6231.823048998194,
2115,short,138.226973998826,128,6232.833676000155,
2116,short,138.03661100246245,128,6232.929638001224,
2117,short,137.60951900258078,128,6232.692336001492,
2118,short,138.2581329999084,128,6232.929418998538,
2119,short,138.05118999880506,128,6232.901643001242,
2120,short,137.90322299973923,128,6232.932638002239,
2121,short,137.72726800016244,128,6232.946361000359,
2122,short,137.55182299792068,128,6232.94894799983,
2123,short,137.3794290011574,128,6232.970019002096,
2124,short,137.09122599902912,128,6232.912343999487,
2125,short,136.90928300275118,128,6232.920019003359,
2126,short,136.6325199996936,128,6232.829593998758,
2127,short,136.23070399989956,128,6232.937127002515,
2128,short,138.57173199721728,128,6233.258240998111,
2129,short,137.77044599919464,128,6232.640883001295,
2113,short,146.97888800219516,128,6240.446410000004,
2131,short,133.65452400103095,128,6232.791723999981,
2132,short,133.35870599985356,128,6232.797370001208,
2133,short,133.06770200142637,128,6232.698929001344,
2134,short,132.77918099993258,128,6232.5919499999145,
2135,short,132.34354499945766,128,6232.3542189988075,
2136,short,132.08089500039932,128,6233.029554001405,
2137,short,131.78415199945448,128,6232.9512649994285,
2138,short,131.49646499732626,128,6232.843433997914,
2139,short,131.23533300313284,128,6232.735335001053,
2140,short,131.95723700118833,128,6232.628638001188,
2141,short,131.577150998055,128,6232.436561000213,
2142,short,131.12896500024362,128,6232.168747003016,
2143,short,129.8520099990128,128,6231.076888998359,
2144,short,124.92193899743143,128,6226.176125997881,
2130,short,138.31543600099394,128,6239.1332059996785,
2146,short,132.30445299996063,128,6230.8528130015475,
2147,short,132.16981099685654,128,6230.875653000112,
2148,short,132.23355999798514,128,6231.774880001467,
2149,short,131.2272099967231,128,6230.884983997385,
2150,short,131.2090259998513,128,6230.925711999589,
2151,short,131.078193000576,128,6230.92057300164,
2152,short,130.95286799944006,128,6230.916124000942,
2153,short,130.83008200192126,128,6230.913726001745,
2154,short,130.60365000274032,128,6230.808469001204,
2155,short,130.6960900001286,128,6230.876321998949,
2156,short,130.61381399893435,128,6230.841495998902,
2157,short,130.58319899937487,128,6230.807346000802,
2158,short,130.46006700096768,128,6230.873317999794,
2159,short,130.3386079998745,128,6230.881411000155,
2160,short,130.18616999761434,128,6230.849751998903,
2161,short,129.90608899781364,128,6230.646969997906,
2145,short,136.2903009976435,128,6236.3614159985445,
2163,short,141.4009320033074,128,6233.728989001975,
2164,short,137.77524000033736,128,6230.368652999459,
2162,short,146.38704000026337,128,6238.283418999345,
2166,short,134.81149900326272,128,6233.078322002257,
2167,short,134.39326199659263,128,6232.989434996853,
2168,short,134.1036260018882,128,6232.925312000589,
2169,short,133.59209199916222,128,6232.606554000085,
2170,short,132.05642300090403,128,6231.288995000796,
2171,short,132.53053099833778,128,6231.442898999376,
2172,short,132.24722399900202,128,6231.367889002286,
2173,short,129.0691969988984,128,6228.3760249993065,
2174,short,129.17043099878356,128,6229.615596999793,
2175,short,128.97812399751274,128,6229.6784709978965,
2176,short,128.1973619989003,128,6229.089667998778,
2165,short,136.93984299970907,128,6238.251268001477,
2178,short,146.8281029992795,128,6234.329537997837,
2179,short,146.66049100196688,128,6234.450215000834,
2180,short,146.480565003003,128,6234.471199000836,
2181,short,146.1097499995958,128,6234.293106001132,
2182,short,146.07182699910481,128,6234.428288000345,
2177,short,147.8653119993396,128,6236.2064120025025,
2183,short,143.28457900046487,128,6234.009267001966,
2184,short,134.52977099950658,128,6235.613759999978,
2186,short,131.41791800080682,128,6234.452741999121,
2187,short,131.22962299894425,128,6235.156554997957,
2188,short,131.16267799705383,128,6235.510603997682,
2189,short,130.93194300017785,128,6235.488948001148,
2190,short,130.71173799835378,128,6235.462026001187,
2191,short,130.44734399954905,128,6235.389067998767,
2192,short,130.24320600015926,128,6235.382872000628,
2193,short,130.4983500012895,128,6235.351792001893,
2194,short,130.2756990007765,128,6235.310634998314,
2195,short,128.87764499828336,128,6234.09724999874,
2196,short,128.65318499825662,128,6234.914206997928,
2197,short,126.61672999820439,128,6233.131472999958,
2198,short,125.47160900066956,128,6232.18269300196,
2185,short,134.96605199907208,128,6242.34664100004,
2200,short,135.29671099968255,128,6238.2058709990815,
2201,short,135.06034400052158,128,6238.478279003175,
2202,short,134.67883699922822,128,6238.420453999424,
2203,short,134.05587400120567,128,6238.482746000955,
2204,short,134.05091099775746,128,6239.86748599782,
2205,short,133.81911599935847,128,6239.947100999416,
2206,short,133.5297650002758,128,6239.951649000432,
2207,short,133.1088360020658,128,6239.825330001622,
2199,short,136.0942770006659,128,6247.5535230005335,
2208,short,141.12304300215328,128,6236.179051000363,
2210,short,136.79132499964908,128,6236.252468999737,
2211,short,136.5381779978634,128,6237.405029998627,
2212,short,136.3502399981371,128,6237.503596999886,
2213,short,135.93079799829866,128,6237.273483999161,
2214,short,136.39846300065983,128,6237.515302000247,
2215,short,136.18040699657286,128,6237.482238997472,
2216,short,136.021405000065,128,6237.510173999908,
2217,short,135.843329000636,128,6237.510798997391,
2218,short,135.647989998688,128,6237.4947809985315,
2219,short,135.41667900062748,128,6237.437038002099,
2220,short,135.12051699945005,128,6237.316601000202,
2221,short,134.92708999910974,128,6237.336152000353,
2222,short,133.82100699891453,128,6236.414564998995,
2223,short,134.74584300274728,128,6236.237948000053,
2224,short,136.1978929999168,128,6237.12681699908,
2225,short,135.39910100007546,128,6236.53220900087,
2209,short,144.42659500127775,128,6244.400387000496,
2227,short,135.0303149993124,128,6237.202666001394,
2228,short,134.8479469997983,128,6237.365141001646,
2229,short,134.6689450001577,128,6237.379539998074,
2230,short,134.47145899772295,128,6237.362028998177,
2231,short,133.478717001708,128,6236.547755001084,
2232,short,133.31730899881222,128,6236.538020999433,
2233,short,133.9465620003466,128,6237.325278998469,
2234,short,133.7760940004955,128,6237.369947000843,
2235,short,133.61984999937704,128,6237.3616579970985,
2236,short,133.49234600173077,128,6237.35551199934,
2237,short,133.28427499800455,128,6237.320716998511,
2238,short,133.07536199863534,128,6237.287489999289,
2239,short,132.5970949983457,128,6237.0097790008,
2240,short,131.4780439970491,128,6235.8513830004085,
2226,short,138.650533001055,128,6243.312105998484,
2242,short,136.2172620029014,128,6236.770920000708,
2243,short,135.1340170003823,128,6235.967733999132,
2244,short,134.96862800093368,128,6236.8699250000645,
2245,short,134.72733399976278,128,6236.855603001459,
2246,short,134.59738999881665,128,6236.943535997852,
2247,short,134.4223720006994,128,6236.949052999989,
2248,short,134.25753699993948,128,6236.950416001491,
2249,short,134.08187499953783,128,6236.957607001386,
2250,short,133.81949699760298,128,6236.878334999346,
2251,short,133.7159269969561,128,6236.959869998827,
2252,short,133.53250499858405,128,6236.930349001341,
2253,short,133.33452900042175,128,6236.891586002457,
2254,short,133.18988399987575,128,6236.945054999524,
2255,short,133.00702500055195,128,6236.937143999967,
2256,short,132.79824499841197,128,6236.9027029999415,
2257,short,132.16822300091735,128,6236.454608002532,
2241,short,137.70277600269765,128,6242.121317001875,
2259,short,141.88505199854262,128,6235.110071997042,
2260,short,138.85463800033904,128,6232.499187997746,
2258,short,147.0261139984359,128,6239.3160380015615,
2262,short,136.43503699859139,128,6234.265751998464,
2263,short,136.2011130004248,128,6234.340990999044,
2264,short,136.03944100032095,128,6234.384323000995,
2265,short,135.7946960015397,128,6234.321242001897,
2266,short,135.2797189974808,128,6233.996541999659,
2267,short,136.19818299775943,128,6235.272771999007,
2268,short,136.0422110010404,128,6235.340670002188,
2269,short,134.53621300141094,128,6234.017598999344,
2270,short,134.77355199938756,128,6234.425498001656,
2271,short,134.61299699702067,128,6234.456304999185,
2272,short,134.06517199837253,128,6234.085551001044,
2261,short,138.96775100147352,128,6239.296018000459,
2274,short,145.44494800065877,128,6234.858173000248,
2275,short,145.26021600249805,128,6234.992591002083,
2276,short,145.07519000108005,128,6235.008106999885,
2277,short,144.74073199744453,128,6234.8558960002265,
2278,short,144.48280499709654,128,6234.748177997972,
2273,short,146.01447300083237,128,6236.5876650001155,
2279,short,154.47038599813823,128,6237.439807999181,
2280,short,135.18344900148804,128,6235.846523002692,
2282,short,132.92656100020395,128,6234.094116000051,
2283,short,133.16628499887884,128,6234.070935999625,
2284,short,133.31362300232286,128,6235.626206002053,
2285,short,133.13106400164543,128,6235.707375999482,
2286,short,132.9484070010949,128,6235.74988999826,
2287,short,132.73671999922954,128,6235.729942996841,
2288,short,132.582606998767,128,6235.76232099731,
2289,short,132.40523000058602,128,6235.763295000652,
2290,short,132.22807399870362,128,6235.7619579997845,
2291,short,131.09866300146678,128,6234.808420998888,
2292,short,131.59021200044663,128,6234.871453998494,
2293,short,131.4439220004715,128,6234.902812997461,
2294,short,130.45098700240487,128,6234.097952001321,
2281,short,137.38642899988918,128,6241.46323199966,
2296,short,139.62245099901338,128,6232.767369998328,
2297,short,139.36045999798807,128,6233.55544199876,
2298,short,138.61674900181242,128,6233.043880001787,
2299,short,137.1263250002812,128,6231.754484997509,
2300,short,137.19693899838603,128,6232.033418997162,
2301,short,136.91237500097486,128,6231.945618001191,
2302,short,136.62679200206185,128,6231.835519000015,
2303,short,131.79335599852493,128,6227.176645999862,
2295,short,140.96454600075958,128,6236.510743001418,
2304,short,143.1131980025384,128,6234.228547000384,
2306,short,136.08143500096048,128,6232.340942002338,
2307,short,135.83001399820205,128,6233.408608997706,
2308,short,135.6523760005075,128,6233.4997250000015,
2309,short,135.22664999982226,128,6233.262286001263,
2310,short,135.76178600123967,128,6233.5072700007,
2311,short,135.55178100068588,128,6233.484602998942,
2312,short,135.3983219996735,128,6233.518807999644,
2313,short,135.22093199935625,128,6233.524293998926,
2314,short,135.04683299834142,128,6233.5300049999205,
2315,short,134.86084200121695,128,6233.523316001083,
2316,short,134.56520300314878,128,6233.405920000223,
2317,short,134.3712849993608,128,6233.417583000119,
2318,short,134.10646800184622,128,6233.361080001487,
2319,short,134.5493599983456,128,6232.716532998893,
2320,short,135.9990979981376,128,6233.8184639993415,
2321,short,135.2444080002897,128,6233.286636001139,
2305,short,144.1499050015409,128,6240.9316140001465,
2323,short,133.0409870024596,128,6233.609284001432,
2324,short,132.85372000245843,128,6233.941543003311,
2325,short,132.67840400294517,128,6234.084147999965,
2326,short,132.50100900040707,128,6234.205548000318,
2327,short,132.29618100012885,128,6234.313465000014,
2328,short,131.3779020019865,128,6233.734198001912,
2329,short,131.15700699927402,128,6233.807003001857,
2330,short,130.97715399999288,128,6233.914977001405,
2331,short,130.82771400149795,128,6234.031328000128,
2332,short,131.59766100216075,128,6234.147907001898,
2333,short,131.39384100213647,128,6234.220607999305,
2334,short,131.17917899944587,128,6234.362291001162,
2335,short,130.73235100091551,128,6234.340668001096,
2336,short,129.59744800173212,128,6234.083056999225,
2322,short,136.0524539995822,128,6250.345112999639,
2338,short,134.4223720006994,128,6236.288714000693,
2339,short,133.3019339981547,128,6235.493994998251,
2340,short,133.12894900082028,128,6235.506116001488,
2341,short,132.88716800161637,128,6235.4724850010825,
2342,short,132.7573980015586,128,6235.564868999063,
2343,short,132.58214199959184,128,6235.575103000883,
2344,short,132.3981530003948,128,6235.5743540028925,
2345,short,132.21558000077493,128,6235.571332999825,
2346,short,131.9569120023516,128,6236.164336001821,
2347,short,131.85015300041414,128,6236.3024030019005,
2348,short,131.6665060003288,128,6236.279648997879,
2349,short,131.4761650028231,128,6236.29779300245,
2350,short,131.29996299903723,128,6236.419718999969,
2351,short,131.12451300185057,128,6236.464721001539,
2352,short,130.91617199825123,128,6236.438742998871,
2353,short,130.4185429980862,128,6236.124566999933,
2337,short,135.8198119996814,128,6241.734594001173,
2355,short,141.15809600116336,128,6234.955935000471,
2356,short,138.5273669984599,128,6232.3655690015585,
2354,short,146.8685049985652,128,6239.559089997783,
2358,short,137.58321999921463,128,6237.088201000006,
2359,short,137.35607800117577,128,6237.192860000505,
2360,short,137.19897500050138,128,6237.247081997339,
2361,short,136.96282700038864,128,6237.207657999534,
2362,short,135.5126599992218,128,6235.983554000995,
2363,short,136.4592950012593,128,6236.3404460011225,
2364,short,136.30550900052185,128,6237.32311799904,
2365,short,135.6389290012885,128,6236.883298999601,
2366,short,135.9723479981767,128,6237.376081997354,
2367,short,135.82021100228303,128,6237.423634000152,
2368,short,135.32418599788798,128,6237.110796999332,
2357,short,140.79857600154355,128,6242.548113998055,
2370,short,145.40119799858076,128,6237.444241000048,
2371,short,145.22825699896202,128,6237.61924000064,
2372,short,145.04691699767136,128,6237.637887999881,
2373,short,144.7301729967876,128,6237.502461997792,
2369,short,145.972221998818,128,6238.944567001454,
2374,short,144.60822199907852,128,6237.8275000010035,
2375,short,144.02466300089145,128,6236.722932000703,
2376,short,134.97278499926324,128,6238.6482279980555,
2378,short,132.20743000056245,128,6236.556469000789,
2379,short,131.15387499783537,128,6236.191780997615,
2380,short,131.24982099907356,128,6236.545626998122,
2381,short,131.02406600228278,128,6236.524168001779,
2382,short,130.83256900063134,128,6236.514033997082,
2383,short,130.61989199923119,128,6236.480379997374,
2384,short,131.13133899969398,128,6236.513933999959,
2385,short,130.957434001175,128,6236.515231001249,
2386,short,130.78322900037165,128,6236.517727000319,
2387,short,130.44855000043754,128,6236.360144997889,
2388,short,130.35627499994007,128,6237.298934000137,
2389,short,130.18415800252114,128,6237.35537399989,
2390,short,129.14693099810393,128,6236.477275000652,
2377,short,135.63809400147875,128,6243.366410002636,
2392,short,135.07102299990947,128,6236.796300996502,
2393,short,134.83935100157396,128,6236.903732002247,
2394,short,134.51051299853134,128,6236.859485001332,
2395,short,134.03024900253513,128,6236.593826000899,
2396,short,134.18577700213064,128,6236.990037999931,
2397,short,134.00984199688537,128,6236.998451997351,
2398,short,133.83501899807015,128,6237.01289499877,
2399,short,133.57769900176208,128,6236.9373430010455,
2391,short,136.91254799778108,128,6240.447489999497,
2400,short,144.54042999932426,128,6237.871346002066,
2402,short,138.78056699832086,128,6235.92850699788,
2403,short,138.53945799928624,128,6237.032139000803,
2404,short,138.3540000024368,128,6237.125797000772,
2405,short,137.92532899969956,128,6236.884009998903,
2406,short,137.86863800123683,128,6237.120395002421,
2407,short,138.41907200185233,128,6237.105023999902,
2408,short,138.27737499741488,128,6237.136764997558,
2409,short,138.1006579977111,128,6237.135641997156,
2410,short,137.92345700130682,128,6237.131843001407,
2411,short,137.74588799788035,128,6237.130419998721,
2412,short,137.44192000012845,128,6237.005369999679,
2413,short,137.24396000179695,128,6236.991198002215,
2414,short,136.91146799828857,128,6236.849107001035,
2415,short,136.27413499852992,128,6236.722453999391,
2416,short,138.42938800007687,128,6237.116991000221,
2417,short,137.62671400036197,128,6236.513189000107,
2401,short,146.81205799934105,128,6244.426735000161,
2419,short,134.7137249977095,128,6237.550372999976,
2420,short,134.40601900219917,128,6237.69865900249,
2421,short,134.11263700254494,128,6237.631138003053,
2422,short,133.80074400265585,128,6237.508944999718,
2423,short,133.4097010003461,128,6237.302379999164,
2424,short,133.17293699947186,128,6237.229700996977,
2425,short,132.9217000020435,128,6237.128854001639,
2426,short,132.6350729978003,128,6237.023599998793,
2427,short,132.37261299946113,128,6236.920306000684,
2428,short,132.17135499871802,128,6237.9044920016895,
2429,short,131.78516299740295,128,6237.783774999116,
2430,short,131.3347250033985,128,6237.5387430001865,
2431,short,129.99749800292193,128,6236.404904000665,
2432,short,120.90957800319302,128,6226.44498900263,
2418,short,138.3124379972287,128,6244.426847999421,
2434,short,134.7541450013523,128,6235.804872001609,
2435,short,134.51343400083715,128,6235.895650002931,
2436,short,134.3706010011374,128,6235.934718002682,
2437,short,134.1246849988238,128,6235.880391999672,
2438,short,133.98838200009777,128,6235.965166000824,
2439,short,133.80622899785521,128,6236.054601999058,
2440,short,133.62750400119694,128,6236.05587700149,
2441,short,132.77269599711872,128,6236.106780997943,
2442,short,132.46042100217892,128,6236.006199000258,
2443,short,132.3523489991203,128,6236.0914340024465,
2444,short,132.1211280010175,128,6236.0186760015495,
2445,short,131.87014699724386,128,6235.928862999572,
2446,short,131.65191100051743,128,6235.947336001118,
2447,short,131.46967099964968,128,6235.94325600061,
2448,short,131.26158500017482,128,6235.910956002044,
2449,short,130.73486800203682,128,6235.565597002278,
2433,short,136.15653499800828,128,6241.1995559996285,
2451,short,143.57859699885012,128,6236.211480998463,
2452,short,140.42310000149882,128,6233.481060000486,
2450,short,148.8940730014292,128,6240.383663000102,
2454,short,138.68883999748505,128,6236.391292997723,
2455,short,138.4450739969907,128,6236.491119998391,
2456,short,138.2843169994885,128,6236.537512999348,
2457,short,138.0092670005979,128,6236.446877999697,
2458,short,137.45771500180126,128,6236.091173002933,
2459,short,137.40121700175223,128,6235.508552999818,
2460,short,137.20681400081958,128,6235.509001999162,
2461,short,136.50151900219498,128,6234.998025000095,
2462,short,136.79359100206057,128,6236.307352002768,
2463,short,136.63376700060326,128,6236.394553001446,
2464,short,135.95467300183373,128,6235.857086001488,
2453,short,141.47217699792236,128,6241.750408997177,
2466,short,145.06598499792744,128,6234.02590600017,
2467,short,144.89049300027546,128,6234.171456002514,
2468,short,144.7091879999789,128,6234.189662998688,
2469,short,144.4130710005993,128,6234.073042000091,
2470,short,144.26300000195624,128,6234.117942000012,
2465,short,146.15951599989785,128,6235.938296002132,
2471,short,144.4849889994657,128,6233.89371599842,
2472,short,134.12455999787198,128,6234.1610259973095,
2474,short,132.4924850014213,128,6233.601130999887,
2475,short,132.71179599905736,128,6234.3038779981725,
2476,short,132.86319799954072,128,6234.714098998666,
2477,short,132.68402000176138,128,6234.727312999894,
2478,short,132.50612099727732,128,6234.73138099871,
2479,short,132.29349500034004,128,6234.696714000165,
2480,short,132.14142799915862,128,6234.729756000888,
2481,short,131.96391699966625,128,6234.741218999261,
2482,short,131.78665999657824,128,6234.740047999367,
2483,short,130.60993499675533,128,6233.743245997175,
2484,short,131.0849010005768,128,6234.632774001511,
2485,short,130.9562399983406,128,6234.719321000739,
2486,short,130.02618099926622,128,6233.948066001176,
2473,short,137.00609800071106,128,6242.474245002086,
2488,short,136.62957400083542,128,6233.3237799975905,
2489,short,136.397105998185,128,6234.282997000264,
2490,short,136.07248300104402,128,6234.199065002031,
2491,short,135.61112399838748,128,6233.938643999863,
2492,short,135.83936999930302,128,6234.332025996991,
2493,short,135.6512570018822,128,6234.328202001052,
2494,short,135.47371399909025,128,6234.324675999233,
2495,short,135.21280699933413,128,6234.239604000322,
2487,short,137.8266989995609,128,6236.991109999508,
2496,short,142.96085800015135,128,6238.3748030006245,
2498,short,137.6638309993723,128,6237.40384499979,
2499,short,137.4194060008449,128,6238.361302999692,
2500,short,137.2348270015209,128,6238.460865999514,
2501,short,136.81085999996867,128,6238.234841999656,
2502,short,136.74321899816277,128,6238.453926998773,
2503,short,137.27039999866975,128,6238.4270149996155,
2504,short,137.1304539970879,128,6238.459438998689,
2505,short,136.95801699941512,128,6238.46276799668,
2506,short,136.7823699984001,128,6238.464447000297,
2507,short,136.60447800066322,128,6238.464553000085,
2508,short,136.31333999728668,128,6238.35204399802,
2509,short,136.1234149990196,128,6238.356122998084,
2510,short,135.02732399865636,128,6237.457236999035,
2511,short,135.11010100046406,128,6237.9258799992385,
2512,short,137.38732400088338,128,6238.31906200212,
2513,short,136.6247480000311,128,6237.7539170011005,
2497,short,145.58287500040024,128,6245.575368000573,
2515,short,133.14526099929935,128,6237.189211999066,
2516,short,132.93752300160122,128,6237.263240000175,
2517,short,132.75212199732778,128,6237.264498999139,
2518,short,132.56940000064787,128,6237.328799001261,
2519,short,132.35219600028358,128,6237.292576002801,
2520,short,132.22266500088153,128,6237.313111003459,
2521,short,132.03909799995017,128,6237.314345999039,
2522,short,131.8533869998646,128,6238.120640999114,
2523,short,130.60593200134463,128,6237.062850999791,
2524,short,130.39456799742766,128,6236.982549999084,
2525,short,131.11158999890904,128,6236.927114998252,
2526,short,130.89495899839676,128,6236.880117998226,
2527,short,130.43272199865896,128,6236.594382000476,
2528,short,129.35867900159792,128,6235.452955002984,
2514,short,136.39090699871304,128,6243.221884997183,
2530,short,133.13527699938277,128,6238.990775000275,
2531,short,132.90170700201998,128,6239.00223900273,
2532,short,132.759708998492,128,6239.034390000597,
2533,short,132.5136150007893,128,6238.976280998031,
2534,short,132.28850800078362,128,6239.697660999809,
2535,short,132.0967860010569,128,6239.716007999959,
2536,short,131.2082249969535,128,6238.999027998943,
2537,short,130.9973000024911,128,6238.979044999724,
2538,short,130.72830999954022,128,6238.895917998889,
2539,short,130.61957199897734,128,6238.974686999427,
2540,short,130.43461599954753,128,6238.944444998197,
2541,short,130.24675699853105,128,6238.925089000986,
2542,short,130.0693089979177,128,6238.979054996889,
2543,short,129.89290299810818,128,6238.980101999914,
2544,short,129.68675800220808,128,6238.949115999276,
2545,short,129.19343899920932,128,6238.635879999492,
2529,short,134.58365199767286,128,6244.235309997748,
2547,short,141.0659930006659,128,6238.830117999896,
2548,short,138.32537200141815,128,6236.517452998669,
2546,short,146.45640700109652,128,6244.289783000568,
2550,short,136.3319180018152,128,6237.950162001653,
2551,short,136.10169800085714,128,6237.991723999585,
2552,short,135.94253399787704,128,6238.034545996925,
2553,short,135.69741700121085,128,6237.9923810003675,
2554,short,135.16166900080862,128,6237.646459001553,
2555,short,135.27951599826338,128,6238.788380000187,
2556,short,135.1183149999997,128,6238.8468270000885,
2557,short,134.2596849972324,128,6237.492488999123,
2558,short,134.57421800194425,128,6237.889849002386,
2559,short,134.41477599917562,128,6237.92328700074,
2560,short,133.66666399815585,128,6237.353057000291,
2549,short,139.39039999968372,128,6243.119678998482,
2562,short,146.7966600030195,128,6239.319842999976,
2563,short,146.6204940006719,128,6239.394653002819,
2564,short,146.4399289980065,128,6239.408983998146,
2565,short,146.14770999833127,128,6239.298657998006,
2566,short,145.83466600015527,128,6239.186497001356,
2561,short,147.5252870004624,128,6241.057871000521,
2567,short,145.51330900212633,128,6239.746158000344,
2568,short,134.7047109993582,128,6239.917330000026,
2570,short,133.40719000188983,128,6238.062424999953,
2571,short,133.58384700040915,128,6238.779704002809,
2572,short,133.72538699695724,128,6239.196865997656,
2573,short,133.54393700137734,128,6239.215870999033,
2574,short,133.36617900131387,128,6239.222167998378,
2575,short,133.14563400126644,128,6239.183689001948,
2576,short,132.9909440028132,128,6239.214761000767,
2577,short,132.81470599758904,128,6239.21876500026,
2578,short,132.63501000255928,128,6239.216742000281,
2579,short,131.47768099952373,128,6238.230374001432,
2580,short,132.06086599893752,128,6239.018426000257,
2581,short,131.9263730001694,128,6239.119913003378,
2582,short,129.63632900209632,128,6236.989929002448,
2569,short,137.69597300051828,128,6245.446969001932,
2584,short,138.1198589988344,128,6238.566120999167,
2585,short,137.88371199916583,128,6238.617188999342,
2586,short,137.56911600285093,128,6238.501015002839,
2587,short,137.1075050010404,128,6238.9243290017475,
2588,short,137.28931799778366,128,6239.340331998392,
2589,short,137.11568000144325,128,6239.354112000001,
2590,short,136.93911700102035,128,6239.357123999071,
2591,short,136.7306850006571,128,6239.323272002366,
2583,short,140.26726099837106,128,6243.014226998639,
2592,short,141.34166799703962,128,6243.665796999267,
2594,short,138.61113199891406,128,6242.903147998732,
2595,short,138.3506420024787,128,6243.918678002956,
2596,short,138.16335999945295,128,6244.056294999609,
2597,short,137.744699997711,128,6243.834278997383,
2598,short,138.25927899961243,128,6244.069063999632,
2599,short,138.04994500242174,128,6244.043104001321,
2600,short,137.89608899969608,128,6244.075406000775,
2601,short,137.7161589989555,128,6244.144411997695,
2602,short,137.53573199937819,128,6244.155334999959,
2603,short,137.35534099760116,128,6244.158257999516,
2604,short,137.05479400232434,128,6244.052239002485,
2605,short,136.85174000056577,128,6244.140729999344,
2606,short,135.85940600023605,128,6243.375063997519,
2607,short,135.84553499822505,128,6243.88456700035,
2608,short,138.02465900153038,128,6244.233951001661,
2609,short,137.34827200096333,128,6243.7441059992125,
2593,short,145.9258819995739,128,6251.243718001206,
2611,short,135.18550400112872,128,6244.21634600003,
2612,short,135.00382900019758,128,6244.513517001906,
2613,short,134.75625299906824,128,6244.576326000242,
2614,short,134.57572900006198,128,6244.699808998121,
2615,short,134.36028599971905,128,6244.769100998383,
2616,short,134.23652199708158,128,6244.968332997814,
2617,short,133.24136499795713,128,6244.259570998111,
2618,short,133.027908999793,128,6244.326168998668,
2619,short,132.87117799700354,128,6244.422941999801,
2620,short,133.6688379997213,128,6244.528655999602,
2621,short,133.46430000092369,128,6244.6124630005215,
2622,short,133.26060100007453,128,6244.754477000242,
2623,short,132.86860900188913,128,6244.758206001279,
2624,short,132.023725000181,128,6244.653743000526,
2610,short,139.14880299853394,128,6253.607184997236,
2626,short,133.0390820003231,128,6243.971658001101,
2627,short,132.82455200169352,128,6244.000570000935,
2628,short,132.68744500237517,128,6244.041418001871,
2629,short,131.71608099946752,128,6244.077147999633,
2630,short,131.55634600116173,128,6244.172876999073,
2631,short,131.3768269974389,128,6244.189040000492,
2632,short,131.1861370013503,128,6244.1835700010415,
2633,short,131.0021469980711,128,6244.177329001104,
2634,short,130.7421940000495,128,6244.092167999042,
2635,short,130.63405499997316,128,6244.165121999686,
2636,short,130.44908300071256,128,6244.136555000296,
2637,short,130.26391899984446,128,6244.109158000356,
2638,short,130.08740399891394,128,6244.198951997532,
2639,short,129.9117809976451,128,6244.2034679988865,
2640,short,129.7063089987205,128,6244.1728669982695,
2641,short,129.16777200007346,128,6243.825256999116,
2625,short,134.35206500071217,128,6249.185024000326,
2643,short,141.4182640000945,128,6242.674434000946,
2644,short,137.73522400151705,128,6239.358615999663,
2642,short,146.66472399767372,128,6246.8798749978305,
2646,short,138.06307800041395,128,6243.103701002838,
2647,short,137.83924800009117,128,6243.162445000053,
2648,short,137.66187600049307,128,6243.184342998575,
2649,short,137.4235349976516,128,6243.12901599842,
2650,short,136.09215399992536,128,6241.9842919989605,
2651,short,136.92065900249872,128,6242.292761999124,
2652,short,136.7745850002393,128,6243.115014000068,
2653,short,136.11036099973717,128,6242.675828998472,
2654,short,136.4098269987153,128,6243.124225999054,
2655,short,136.24537700161454,128,6243.153162002272,
2656,short,135.51231100063887,128,6242.600094999943,
2645,short,141.0067539982265,128,6248.052872997505,
2658,short,145.31735299897264,128,6247.316154000146,
2659,short,145.1489009996294,128,6247.568553997553,
2660,short,144.96873100142693,128,6247.729961000005,
2661,short,144.68129099986982,128,6247.740751998208,
2662,short,144.45525699920836,128,6248.075275998417,
2657,short,146.2098550000519,128,6250.291362997814,
2663,short,145.09021199773997,128,6245.497780000733,
2664,short,135.0533570002881,128,6246.399670999381,
2666,short,133.19254900125088,128,6246.101205000741,
2667,short,133.3272299998498,128,6246.978767001565,
2668,short,133.45142799880705,128,6247.598871999799,
2669,short,133.26769199920818,128,6247.669328000484,
2670,short,133.0859400004556,128,6247.681765999005,
2671,short,132.87558899901342,128,6247.656804000144,
2672,short,132.71902300039073,128,6247.690954001882,
2673,short,132.5415060018713,128,6247.696632999578,
2674,short,132.3618259993964,128,6247.697842998605,
2675,short,131.9232470013958,128,6246.808980002243,
2676,short,131.80572299825144,128,6246.88896799853,
2677,short,131.66732100216905,128,6247.714092001843,
2678,short,130.71604699871386,128,6246.957606999786,
2665,short,137.32002500182716,128,6254.032279000967,
2680,short,137.68174200231442,128,6252.521820999391,
2681,short,137.47688000148628,128,6252.849222000805,
2682,short,136.47394399959012,128,6252.166884001781,
2683,short,135.99025399889797,128,6252.352502000576,
2684,short,136.15267999921343,128,6253.795911998168,
2685,short,135.97366199974203,128,6253.940340000554,
2686,short,135.81032599904574,128,6254.061443996761,
2687,short,135.39840599696618,128,6257.676887998969,
2679,short,138.7186659994768,128,6261.231456999667,
2688,short,146.50242200150387,128,6241.66342999888,
2690,short,138.6399729999539,128,6239.31114700099,
2691,short,138.35002400082885,128,6240.120161000959,
2692,short,138.15660999898682,128,6240.201997999975,
2693,short,137.7357450001,128,6239.967320001597,
2694,short,138.2369800012384,128,6240.185663999,
2695,short,138.0180170017411,128,6240.150789999461,
2696,short,137.8051140018215,128,6240.1198640000075,
2697,short,137.61511600023368,128,6240.109531998314,
2698,short,137.423989999661,128,6240.109409998695,
2699,short,137.23996399858152,128,6240.103407999413,
2700,short,136.8536240006506,128,6239.895532999071,
2701,short,136.63364500098396,128,6239.883089001523,
2702,short,135.62252100018668,128,6239.990204998321,
2703,short,135.6627369968919,128,6239.856789998157,
2704,short,137.95080500131007,128,6240.176079001685,
2705,short,137.24039899898344,128,6239.6488769991265,
2689,short,146.14383899970562,128,6247.428594997473,
2707,short,133.77519999994547,128,6241.45062900061,
2708,short,133.4957610015408,128,6241.459439999744,
2709,short,133.1937850009126,128,6241.34627300009,
2710,short,132.91174499681802,128,6241.240770999866,
2711,short,132.53392899787286,128,6241.03789199944,
2712,short,132.29759900059435,128,6241.719230001763,
2713,short,132.01750599910156,128,6241.645817000972,
2714,short,131.73897300293902,128,6241.573274000984,
2715,short,131.4697959969635,128,6241.4673659986875,
2716,short,132.1323250012938,128,6241.365613001108,
2717,short,131.7580340000859,128,6241.174900002079,
2718,short,131.2943830016593,128,6240.896712999529,
2719,short,130.04338999962783,128,6239.83462400065,
2720,short,127.12316600300255,128,6236.908561000746,
2706,short,136.8213830028253,128,6247.704547000467,
2722,short,132.3781200007943,128,6239.9577500000305,
2723,short,132.15151999975205,128,6240.837981000368,
2724,short,131.1870360004832,128,6240.073821998521,
2725,short,130.9094410025864,128,6239.985186002741,
2726,short,130.75702800051658,128,6240.059400999598,
2727,short,130.57186199876014,128,6240.053902998625,
2728,short,130.39174399818876,128,6240.048277999449,
2729,short,130.21529500110773,128,6240.0438920012675,
2730,short,129.9540390027687,128,6239.954396001849,
2731,short,129.84342200070387,128,6240.03071900006,
2732,short,129.6674749974045,128,6240.0023189984495,
2733,short,129.44517500000075,128,6239.974389998679,
2734,short,129.26595200042357,128,6240.03041999822,
2735,short,129.08103999870946,128,6240.020375997119,
2736,short,128.87703799788142,128,6239.991033999104,
2737,short,128.42658199951984,128,6239.72098199738,
2721,short,133.6340490015573,128,6245.082663001085,
2739,short,143.5913450004591,128,6241.215728001407,
2740,short,140.93199299895787,128,6238.967383000272,
2738,short,151.87985499869683,128,6245.288802001596,
2742,short,140.91272999939974,128,6244.5402720004495,
2743,short,140.69034199928865,128,6244.609530000162,
2744,short,140.5358129995875,128,6244.662135002727,
2745,short,140.29892399776145,128,6244.605988998956,
2746,short,139.7998300017207,128,6244.286672001181,
2747,short,139.16412300022785,128,6244.619592998788,
2748,short,138.96439599920996,128,6244.6490449983685,
2749,short,138.29968999925768,128,6244.171938000363,
2750,short,139.28622599996743,128,6244.59870499777,
2751,short,139.1307539997797,128,6244.634299000609,
2752,short,138.50971200008644,128,6244.188995002332,
2741,short,143.5198079998372,128,6249.564615998679,
2754,short,145.5031980003696,128,6239.500561998284,
2755,short,145.17855599842733,128,6239.572918999329,
2756,short,144.8912769992603,128,6239.58088800282,
2757,short,144.22336500138044,128,6239.198385002965,
2758,short,143.51616199928685,128,6239.0586319997965,
2753,short,146.55997199952253,128,6242.553732001397,
2759,short,157.94922699933522,128,6243.3762889995705,
2760,short,134.79899400044815,128,6237.736306000443,
2762,short,132.55953200132353,128,6236.902138000005,
2763,short,132.53685099698487,128,6237.305636997917,
2764,short,132.6258940025582,128,6237.678776000394,
2765,short,132.4329230010335,128,6237.682197002869,
2766,short,132.24973299656995,128,6237.678415000119,
2767,short,132.0342939980037,128,6237.640281997301,
2768,short,131.87462899804814,128,6237.661949999165,
2769,short,131.69515199842863,128,6237.658957001258,
2770,short,131.51392800136819,128,6238.4910469991155,
2771,short,131.1602820023836,128,6238.361783001892,
2772,short,130.97333400219213,128,6237.6915810018545,
2773,short,130.80617200103006,128,6237.712262998684,
2774,short,129.80927800163045,128,6236.865525999747,
2761,short,137.15330999912112,128,6244.545740999456,
2776,short,131.17738400251255,128,6235.140623000916,
2777,short,130.86062300135382,128,6235.990961002244,
2778,short,130.08609600001364,128,6235.482868996769,
2779,short,128.57467600042582,128,6234.1849120020925,
2780,short,128.64200100011658,128,6234.445867998147,
2781,short,128.346056000737,128,6234.346716999426,
2782,short,124.31633500091266,128,6230.495296000299,
2783,short,124.02120499973535,128,6230.960528999276,
2775,short,132.4734570007422,128,6239.669640999637,
2784,short,143.7235250014055,128,6238.548769000772,
2786,short,138.53720599945518,128,6238.246327000525,
2787,short,138.29686400276842,128,6239.161973000591,
2788,short,138.11211199936224,128,6239.241085000685,
2789,short,137.7080290003505,128,6239.027067000279,
2790,short,138.11594900107593,128,6239.262174000032,
2791,short,137.90761100244708,128,6239.238726000622,
2792,short,137.7525460011384,128,6239.273982999293,
2793,short,137.5607640002272,128,6239.261079001153,
2794,short,137.38263699997333,128,6239.261196998996,
2795,short,137.19399199908366,128,6239.2498339977465,
2796,short,136.90060200315202,128,6239.143403003254,
2797,short,135.77795899982448,128,6238.228733996948,
2798,short,135.45522400090704,128,6238.958572001138,
2799,short,136.40202100214083,128,6238.855874002184,
2800,short,137.7970709982037,128,6239.226278998103,
2801,short,137.11984399924404,128,6238.746581999294,
2785,short,146.06428900151514,128,6246.415462999721,
2803,short,133.80204000350204,128,6237.600419000955,
2804,short,133.61988700125949,128,6237.916633002897,
2805,short,133.4454640018521,128,6238.056663001771,
2806,short,133.27147499876446,128,6238.189629999397,
2807,short,132.30120399748557,128,6237.510660997941,
2808,short,132.14607100235298,128,6237.687313001516,
2809,short,131.93996900008642,128,6237.778351001907,
2810,short,131.7538510011218,128,6237.878134998027,
2811,short,132.49035799890407,128,6237.985526000557,
2812,short,132.36728799893172,128,6238.0815139986225,
2813,short,132.15680799839902,128,6238.14822499844,
2814,short,131.94487700093305,128,6238.290363002307,
2815,short,131.51286099673598,128,6238.278502998583,
2816,short,130.29173699760577,128,6237.924822999048,
2802,short,136.62887300233706,128,6247.521205001249,
2818,short,133.55919500099844,128,6238.21106700052,
2819,short,133.3232120014145,128,6238.231000999804,
2820,short,133.17913500213763,128,6238.267805001669,
2821,short,132.94441100151744,128,6238.218734000839,
2822,short,132.8097080004227,128,6238.30139599886,
2823,short,132.63548699978855,128,6238.3058150007855,
2824,short,132.46314099887968,128,6238.307436997275,
2825,short,132.29196300017065,128,6238.3610979995865,
2826,short,132.03486400016118,128,6238.29674100125,
2827,short,131.92722700114246,128,6238.384069001768,
2828,short,131.70991500010132,128,6238.324295998609,
2829,short,131.5213779998885,128,6238.310672000807,
2830,short,131.34788699971978,128,6238.373123000201,
2831,short,131.1740409983031,128,6238.375700999313,
2832,short,130.9697149990825,128,6238.345375997596,
2833,short,130.56786699962686,128,6238.123638999241,
2817,short,135.6621119994088,128,6243.447670996829,
2835,short,141.7534859974694,128,6237.286512998253,
2836,short,139.14182399821584,128,6234.867699997267,
2834,short,149.75632300047437,128,6244.032005000918,
2838,short,133.98841800153605,128,6234.907854999619,
2839,short,133.75486400036607,128,6234.952778999286,
2840,short,133.59460699939518,128,6234.997433999524,
2841,short,133.35980299962102,128,6235.011658998701,
2842,short,132.05899899912765,128,6233.919817001151,
2843,short,132.8117070006556,128,6235.186634999991,
2844,short,132.64813799833064,128,6235.249154000485,
2845,short,132.00349999897298,128,6234.787346998928,
2846,short,132.25355099712033,128,6235.224883999763,
2847,short,132.09943800029578,128,6235.263136000867,
2848,short,131.3949089999369,128,6234.73703000127,
2837,short,136.42702900324366,128,6240.08450400288,
2850,short,143.4156070026802,128,6237.115905001701,
2851,short,143.14099900002475,128,6237.233875999664,
2852,short,142.854196998087,128,6237.26306199751,
2853,short,142.17376700253226,128,6236.872806002793,
2854,short,141.47020900054486,128,6236.700064000615,
2849,short,144.2122609987564,128,6240.096886998799,
2855,short,145.83391600172035,128,6234.239211000386,
2856,short,137.77482599834912,128,6238.047991999338,
2858,short,133.91294900065986,128,6236.396718999458,
2859,short,134.00399500096682,128,6236.934974000178,
2860,short,134.1563860005408,128,6237.296728999354,
2861,short,133.97742099914467,128,6237.321372002043,
2862,short,133.80044199948316,128,6237.32635000124,
2863,short,133.59457299884525,128,6237.364618002175,
2864,short,133.44176100144978,128,6237.401704001968,
2865,short,133.0864500014286,128,6236.5651770014665,
2866,short,132.8706569984206,128,6236.518469999282,
2867,short,132.53061900104512,128,6236.350577000849,
2868,short,132.4389709989191,128,6237.195715999405,
2869,short,132.30959000065923,128,6237.286179999501,
2870,short,131.27265200091642,128,6236.397434000537,
2857,short,138.13268699959735,128,6244.800391999888,
2872,short,134.86791999821435,128,6236.223961997894,
2873,short,134.5944540007622,128,6236.36298099882,
2874,short,134.25995499710552,128,6236.322034998011,
2875,short,133.78112200007308,128,6236.427062001894,
2876,short,133.9599669991003,128,6237.786328998482,
2877,short,133.79143400015892,128,6237.90544700023,
2878,short,133.02524800019455,128,6237.4214330011455,
2879,short,132.7265290019568,128,6237.398548000783,
2871,short,136.95772599749034,128,6242.385933997866,
2880,short,146.203833999607,128,6238.604747999489,
2882,short,137.53488500151434,128,6237.703545000841,
2883,short,137.30524299899116,128,6238.797938000062,
2884,short,137.11770299778436,128,6238.889500997175,
2885,short,136.69919400126673,128,6238.655105000362,
2886,short,137.08755200059386,128,6238.873595000769,
2887,short,136.87594299699413,128,6238.842961000046,
2888,short,136.72181599758915,128,6238.870391000091,
2889,short,136.54407099966193,128,6238.869282999076,
2890,short,136.3670020000427,128,6238.86887000117,
2891,short,136.18048599892063,128,6238.856706000661,
2892,short,135.8790209997096,128,6238.729885000794,
2893,short,134.82962700072676,128,6237.8665630021715,
2894,short,134.5146890016622,128,6237.742790999619,
2895,short,135.45767799951136,128,6237.541356000293,
2896,short,136.9255499994324,128,6238.413674000185,
2897,short,136.06986999729997,128,6237.786910998693,
2881,short,144.88305000122637,128,6245.442340001318,
2899,short,133.41546300216578,128,6238.0311980014085,
2900,short,133.1694360014808,128,6238.170163000177,
2901,short,132.92459099830012,128,6238.185064998106,
2902,short,132.6913870034332,128,6238.1798189999245,
2903,short,132.3656349995872,128,6238.079906001076,
2904,short,132.33056100216345,128,6238.161029003095,
2905,short,132.10100300057093,128,6238.164936999965,
2906,short,131.86950000090292,128,6238.174631002039,
2907,short,131.72180900073727,128,6238.183531000686,
2908,short,131.65440300144837,128,6238.191167001787,
2909,short,131.32946800033096,128,6238.091997001902,
2910,short,130.96628399944166,128,6237.9697729993495,
2911,short,129.8637529980624,128,6237.11800700039,
2912,short,127.70884199926513,128,6234.519073001138,
2898,short,140.18466400011675,128,6247.911885999201,
2914,short,133.67575200027204,128,6238.50301100174,
2915,short,133.44572400092147,128,6238.511840001593,
2916,short,133.30331000179285,128,6238.544532003289,
2917,short,133.06322900098166,128,6238.495167999645,
2918,short,132.9333180001413,128,6239.307967000059,
2919,short,132.75959900056478,128,6239.341324999259,
2920,short,132.5345160003053,128,6239.294939998217,
2921,short,132.34381999791367,128,6239.291472000332,
2922,short,132.080664003297,128,6239.201440002944,
2923,short,131.9718120030302,128,6239.277425000182,
2924,short,131.77331499900902,128,6239.229922997765,
2925,short,131.59473199993954,128,6239.195332000236,
2926,short,131.41980500222417,128,6239.247337001871,
2927,short,131.24781800070195,128,6239.262854000117,
2928,short,131.0454539998318,128,6239.237460998993,
2929,short,130.5868739982543,128,6238.959193000483,
2913,short,134.85625400062418,128,6243.412841999088,
2931,short,141.67023500340292,128,6238.777913000376,
2932,short,136.1296390023199,128,6233.649117002642,
2930,short,149.33979699708289,128,6242.569119000109,
2934,short,136.81208600246464,128,6239.321085002302,
2935,short,136.53618899843423,128,6239.441427998827,
2936,short,136.36339599906933,128,6239.491822998389,
2937,short,136.10977500138688,128,6239.423612001701,
2938,short,134.63244400190888,128,6238.13886300195,
2939,short,134.71856899923296,128,6239.2936930009455,
2940,short,135.18587699945783,128,6239.387343000999,
2941,short,134.5355719968211,128,6238.940266997815,
2942,short,134.81201899776352,128,6239.382396997826,
2943,short,134.6558510012983,128,6239.47465600213,
2944,short,134.0464669992798,128,6239.053589000832,
2933,short,139.232940000511,128,6244.495304999873,
2946,short,144.5554349993472,128,6237.5747349979065,
2947,short,144.26318500045454,128,6237.532425999234,
2948,short,143.97327299957396,128,6237.435251001443,
2949,short,143.35112299886532,128,6236.993654998514,
2950,short,142.6484170006006,128,6236.4874470004,
2945,short,145.31367100062198,128,6239.327848001267,
2951,short,149.65915699940524,128,6240.750478998962,
2952,short,137.87429600051837,128,6240.921789001732,
2954,short,133.8698800027487,128,6240.333597001154,
2955,short,134.07587699839496,128,6240.922820998094,
2956,short,135.01075399835827,128,6241.295921001438,
2957,short,134.8422519986343,128,6241.269215999637,
2958,short,134.6903649973683,128,6241.305481999007,
2959,short,134.52916800088133,128,6241.28054600078,
2960,short,134.48022199736442,128,6241.312620997633,
2961,short,134.3574910024472,128,6241.358623999986,
2962,short,134.23587099896395,128,6241.3787100013,
2963,short,133.2016750020557,128,6241.343690002395,
2964,short,133.43743899895344,128,6241.479895001248,
2965,short,133.45965099870227,128,6241.554486001405,
2966,short,131.3774629998079,128,6239.496855996549,
2953,short,140.83677400049055,128,6247.722019998037,
2968,short,140.71102399975643,128,6240.0631540003815,
2969,short,140.4708890004258,128,6240.065011003026,
2970,short,139.83975299925078,128,6239.562063001358,
2971,short,138.71619000201463,128,6238.330749001761,
2972,short,139.67133500045747,128,6238.610915002937,
2973,short,139.44087600248167,128,6238.515937002376,
2974,short,139.21337899955688,128,6238.414235001983,
2975,short,138.28175500020734,128,6237.620879001042,
2967,short,144.08077699772548,128,6242.976711000665,
2976,short,145.73867099898052,128,6243.625428000087,
2978,short,138.05275299819186,128,6242.55871999776,
2979,short,137.80916900213924,128,6242.829159000394,
2980,short,137.6245530009328,128,6243.8639200008765,
2981,short,137.2220980010752,128,6243.732398001157,
2982,short,137.72900399999344,128,6243.992971998523,
2983,short,137.52471599946148,128,6243.974236997019,
2984,short,137.37396199940122,128,6244.012395000027,
2985,short,137.19688299897825,128,6244.013819999964,
2986,short,137.02209199982462,128,6244.017162000091,
2987,short,136.8480110031669,128,6244.01732700062,
2988,short,136.56745399930514,128,6243.976207999367,
2989,short,136.3931429987133,128,6243.996293997043,
2990,short,136.11672899787663,128,6243.93026299731,
2991,short,135.62001399986912,128,6243.242728000041,
2992,short,137.73794300141162,128,6244.216457998846,
2993,short,137.1187770018878,128,6243.800454001757,
2977,short,145.55845799986855,128,6251.030837000144,
2995,short,134.22263499887777,128,6245.700447998388,
2996,short,133.91954800317762,128,6245.77414000305,
2997,short,133.63766399925225,128,6245.700399002089,
2998,short,133.35576700046659,128,6245.603077000851,
2999,short,132.97756999963894,128,6245.4078440023295,
3000,short,132.73814199783374,128,6245.333310998831,
3001,short,132.44226299866568,128,6245.234061996598,
3002,short,132.15192799907527,128,6245.122830998298,
3003,short,131.8873749987688,128,6245.980224000959,
3004,short,132.55621799908113,128,6245.9376260012505,
3005,short,132.18458600022132,128,6245.747156001016,
3006,short,131.74983900171355,128,6245.499856002425,
3007,short,130.5619390004722,128,6244.507022001926,
3008,short,127.27203699978418,128,6241.229221002868,
2994,short,137.21676600107457,128,6252.033333003055,
3010,short,134.5288080010505,128,6244.430042999738,
3011,short,134.4156129998737,128,6244.4562390010105,
3012,short,134.54656899921247,128,6244.533720997424,
3013,short,133.68676699974458,128,6243.760133998876,
3014,short,133.70620800196775,128,6243.822460000956,
3015,short,133.57415899736225,128,6243.813193999813,
3016,short,133.44918200164102,128,6243.811981999897,
3017,short,133.33062299716403,128,6243.814448997,
3018,short,133.1294700030412,128,6243.738026001665,
3019,short,133.2408639973437,128,6243.826955997065,
3020,short,133.1708960024116,128,6243.808341001568,
3021,short,133.14974999957485,128,6243.800844000361,
3022,short,133.0161969999608,128,6243.849113001488,
3023,short,132.8951120012789,128,6243.9229790034005,
3024,short,132.7464019996114,128,6243.906539002637,
3025,short,132.5119069988432,128,6243.750699999509,
3009,short,138.26963400060777,128,6248.98562800081,
3027,short,142.43045299735968,128,6243.0231789985555,
3028,short,139.92619599957834,128,6240.852756000095,
3026,short,147.17749700139393,128,6247.0539749992895,
3030,short,138.0107639997732,128,6243.615980998584,
3031,short,137.76698500078055,128,6243.694286000391,
3032,short,137.661124997976,128,6243.739588000608,
3033,short,137.42267300040112,128,6243.684386998211,
3034,short,136.06181100112735,128,6242.516924001393,
3035,short,136.77463099884335,128,6243.697048998001,
3036,short,136.60515700030373,128,6243.80488099996,
3037,short,135.94831000227714,128,6243.3378160021675,
3038,short,136.14275100189843,128,6243.728651999845,
3039,short,135.97806399775436,128,6243.759174998559,
3040,short,135.41484100278467,128,6243.373824003356,
3029,short,140.56195100056357,128,6248.864504999801,
3042,short,147.25416699729976,128,6243.202585999825,
3043,short,147.0876009989297,128,6243.282677001844,
3044,short,146.90932200028328,128,6243.295274001866,
3045,short,146.62802599923452,128,6243.193278001854,
3046,short,146.43653099847143,128,6243.192543999612,
3041,short,147.84260899978108,128,6244.764465998742,
3047,short,146.91008800218697,128,6243.170811001619,
3048,short,136.75492599941208,128,6242.5973339995835,
3050,short,133.626959999674,128,6240.328618998319,
3051,short,133.8153710021288,128,6240.936090001924,
3052,short,133.94470900311717,128,6241.297581000254,
3053,short,133.70372200006386,128,6241.248028996779,
3054,short,133.51603200135287,128,6241.241023002658,
3055,short,133.2971930023632,128,6241.197980001743,
3056,short,133.10696400003508,128,6241.190607001045,
3057,short,132.91540700083715,128,6241.208261002612,
3058,short,131.84219499817118,128,6240.317378997133,
3059,short,131.4618270007486,128,6240.113891002693,
3060,short,131.9340089976322,128,6240.983711999434,
3061,short,131.79767499968875,128,6241.076712001814,
3062,short,130.77729200085741,128,6240.213627002959,
3049,short,137.67081100013456,128,6247.472612998536,
3064,short,136.68715500170947,128,6242.2455420019105,
3065,short,136.492564000946,128,6242.322785001306,
3066,short,136.1764339999354,128,6242.196711998986,
3067,short,135.71323299765936,128,6241.933877998235,
3068,short,135.92184799927054,128,6242.302644001029,
3069,short,135.74599200001103,128,6242.308924000099,
3070,short,135.55493299645605,128,6242.295749998448,
3071,short,135.19719800024177,128,6242.11157299942,
3063,short,137.8674139996292,128,6244.931853998423,
3072,short,144.41106900267187,128,6252.268560001539,
3074,short,138.75526900301338,128,6249.9730230010755,
3075,short,137.56018999993103,128,6249.845783000637,
3076,short,137.30359699911787,128,6249.884897999436,
3077,short,136.86198400318972,128,6249.638982000761,
3078,short,137.25306099877344,128,6249.866411999392,
3079,short,137.04053600304178,128,6249.842274002731,
3080,short,136.88844900025288,128,6249.874438999541,
3081,short,136.71233000059146,128,6249.886403002165,
3082,short,136.49710900062928,128,6249.846069000341,
3083,short,136.30062000083853,128,6249.823152000317,
3084,short,135.9990540004219,128,6249.696692000725,
3085,short,135.7972100013285,128,6249.679894001019,
3086,short,135.51223300237325,128,6250.379738001357,
3087,short,135.91013999757706,128,6249.551294000412,
3088,short,137.3097420000704,128,6249.8270430005505,
3089,short,136.63284599897452,128,6249.3846629986365,
3073,short,145.76443000260042,128,6257.3072539998975,
3091,short,131.7555050009105,128,6249.647520002327,
3092,short,131.55512799858116,128,6249.766815999465,
3093,short,131.3847950004856,128,6249.778111003252,
3094,short,131.20437399993534,128,6249.775698001031,
3095,short,130.98118400012027,128,6249.727684000391,
3096,short,130.84815100228298,128,6249.749801001599,
3097,short,130.67007899735472,128,6249.748074998934,
3098,short,129.52043800032698,128,6249.567845999991,
3099,short,130.30132299900288,128,6249.558223000349,
3100,short,130.18333899890422,128,6249.555873997451,
3101,short,129.97136100239004,128,6249.529986002017,
3102,short,129.7525570007565,128,6249.491773000045,
3103,short,129.2852859987761,128,6249.208550998446,
3104,short,128.3333470018988,128,6248.240480999812,
3090,short,134.97540799653507,128,6255.534435997106,
3106,short,133.30243000018527,128,6250.214322000829,
3107,short,133.0368630005978,128,6250.212027000089,
3108,short,132.88750200081267,128,6251.124317001086,
3109,short,132.64060999790672,128,6251.099923996662,
3110,short,132.50733599852538,128,6251.182591000543,
3111,short,132.37397999910172,128,6251.185204000649,
3112,short,132.2020489969873,128,6251.18280499737,
3113,short,132.02572999944095,128,6251.176085002953,
3114,short,132.22242700067,128,6251.084614999854,
3115,short,132.1121500004665,128,6251.146567999967,
3116,short,131.92555400019046,128,6251.1129829981655,
3117,short,131.736469000316,128,6251.080255999113,
3118,short,131.48528099918622,128,6251.060030997905,
3119,short,131.30779400307802,128,6251.048844002071,
3120,short,131.09758399878046,128,6251.011718999507,
3121,short,130.51915100004408,128,6250.624094998784,
3105,short,135.02302400229382,128,6255.3038190017105,
3123,short,142.24773699970683,128,6250.9764450005605,
3124,short,139.6953939984087,128,6248.766160999367,
3122,short,147.39219799957937,128,6255.056139998487,
3126,short,136.61886699992465,128,6250.185207998584,
3127,short,136.39301000148407,128,6250.319448001392,
3128,short,136.2341940002807,128,6250.528279997525,
3129,short,135.99642800181755,128,6250.580315001571,
3130,short,134.57204399674083,128,6249.575213998469,
3131,short,135.3219109987549,128,6250.750256000174,
3132,short,135.1563320022251,128,6250.950309000473,
3133,short,134.4956530010677,128,6250.581912001508,
3134,short,134.76011700186064,128,6252.258208998683,
3135,short,134.59824500023387,128,6255.079374997877,
3136,short,134.0130210010102,128,6254.718434000097,
3125,short,139.0800510016561,128,6260.089351002534,
3138,short,145.06401699691196,128,6252.455851998093,
3139,short,144.89599899752648,128,6252.53395099935,
3140,short,144.71516000048723,128,6252.548035998188,
3141,short,144.43283099899418,128,6252.461397998559,
3142,short,144.28479599882849,128,6252.510681999411,
3137,short,145.6408400008513,128,6254.0599390013085,
3143,short,146.17110099788988,128,6252.916467998148,
3144,short,136.13640699986718,128,6252.0982139976695,
3146,short,133.90756599983433,128,6250.532230002136,
3147,short,134.09003200285952,128,6251.114915001381,
3148,short,134.21986500179628,128,6251.478849000705,
3149,short,134.04024500050582,128,6251.491730999987,
3150,short,133.86540200008312,128,6251.497442000982,
3151,short,133.6601149996568,128,6251.469849998102,
3152,short,133.47444199825986,128,6251.466088997404,
3153,short,133.2932149998669,128,6251.462496002205,
3154,short,133.1176410021726,128,6251.461032999941,
3155,short,131.9782690006832,128,6250.496253000165,
3156,short,132.45591599843465,128,6251.355754997348,
3157,short,132.32238799901097,128,6251.439300998754,
3158,short,131.30965000163997,128,6250.585570000112,
3145,short,137.99953700072365,128,6257.588858999952,
3160,short,136.7084839985182,128,6252.256653999211,
3161,short,136.51904500147793,128,6253.119354998489,
3162,short,136.2067530026252,128,6253.023304001545,
3163,short,135.76507100151503,128,6252.78013299976,
3164,short,135.94712399935815,128,6253.179311999702,
3165,short,135.76962099978118,128,6253.197779002221,
3166,short,135.59647500005667,128,6253.200805000233,
3167,short,135.27131200316944,128,6253.515281001455,
3159,short,137.79551299739978,128,6256.329686999379,
3168,short,142.36342900039745,128,6242.167132000759,
3170,short,139.06936000057613,128,6241.903261001426,
3171,short,138.80521299870452,128,6242.749578999792,
3172,short,138.61077799811028,128,6242.824511999061,
3173,short,138.19477000288316,128,6242.595985000662,
3174,short,138.6288620014966,128,6242.866895001498,
3175,short,138.40914400134352,128,6242.834201999358,
3176,short,138.25312100016163,128,6242.862716997479,
3177,short,138.07578399791964,128,6242.938829997001,
3178,short,137.9013820005639,128,6242.993956999271,
3179,short,137.72605399935856,128,6243.000130001747,
3180,short,137.44150600177818,128,6242.893217000528,
3181,short,136.4511190004123,128,6242.10530399796,
3182,short,136.23315099903266,128,6242.009048000909,
3183,short,136.38398699913523,128,6242.596826999943,
3184,short,138.58527400225285,128,6242.8769639991515,
3185,short,137.77467099862406,128,6242.249693001213,
3169,short,146.6603889966791,128,6249.777821998578,
3187,short,133.31965100223897,128,6242.023831000552,
3188,short,133.13267200283008,128,6242.139947000396,
3189,short,132.95637899864232,128,6242.152700000588,
3190,short,132.78150699989055,128,6242.153832998156,
3191,short,132.5750709984277,128,6242.120490998786,
3192,short,132.44667899925844,128,6242.191858000297,
3193,short,131.47456400110968,128,6242.194620001101,
3194,short,131.25257399951806,128,6242.186535000656,
3195,short,131.95245300084935,128,6242.17559400131,
3196,short,131.83543299965095,128,6242.175415998645,
3197,short,131.63043500026106,128,6242.141627000819,
3198,short,131.42038499790942,128,6242.1117309968395,
3199,short,131.00428200050374,128,6241.876708998461,
3200,short,130.08379299935768,128,6240.913534998981,
3186,short,136.2819260029937,128,6247.975079000753,
3202,short,134.27570899875718,128,6243.019768997328,
3203,short,133.27375700100674,128,6242.165658000886,
3204,short,133.30885699906503,128,6243.05903700224,
3205,short,133.1760269968072,128,6243.052005000209,
3206,short,133.2082389999414,128,6243.138727000769,
3207,short,133.08614299967303,128,6243.143240000791,
3208,short,132.96861599883414,128,6243.14825699912,
3209,short,132.8504150005756,128,6243.14858499929,
3210,short,132.64899800196872,128,6243.065587001183,
3211,short,132.74812500094413,128,6243.144215000939,
3212,short,132.71400400117273,128,6243.118624002818,
3213,short,132.69338900136063,128,6243.090633000975,
3214,short,132.576275998872,128,6243.145576998359,
3215,short,132.4476779991528,128,6243.138606001594,
3216,short,132.29699099974823,128,6243.106363999686,
3217,short,132.0349220004573,128,6242.916369999875,
3201,short,137.57676599925617,128,6248.13077699946,
3219,short,143.42314999885275,128,6241.5879649997805,
3220,short,140.81579699995928,128,6239.3234060000395,
3218,short,148.17947800111142,128,6245.437188001233,
3222,short,138.21188300062204,128,6241.811084000801,
3223,short,137.8213570023945,128,6241.770188000373,
3224,short,137.55456199942273,128,6241.88719599988,
3225,short,137.09160600046744,128,6241.71775600189,
3226,short,135.6578779996198,128,6240.700337999442,
3227,short,136.29277300060494,128,6241.797105001751,
3228,short,136.028646997147,128,6241.894037997554,
3229,short,134.13546700030565,128,6240.288459001022,
3230,short,131.59060800171574,128,6239.124873998662,
3231,short,131.39082899942878,128,6239.32739799784,
3232,short,130.864732000191,128,6242.264022999734,
3221,short,141.09048300088034,128,6252.642347000801,
3234,short,143.92071000111173,128,6239.6503550007765,
3235,short,143.74043499992695,128,6239.707847998943,
3236,short,143.55517600051826,128,6239.715801002603,
3237,short,143.26796299792477,128,6239.644781999232,
3238,short,143.09780300027342,128,6239.6749630024715,
3233,short,144.47231300073327,128,6241.1862980006845,
3239,short,147.187689999555,128,6240.116721997765,
3240,short,134.8604829981923,128,6240.92809099966,
3242,short,132.9259509984695,128,6240.511182997579,
3243,short,133.0754530026752,128,6241.080359002808,
3244,short,133.1990760008921,128,6241.434284002025,
3245,short,133.01767200027825,128,6241.452783000568,
3246,short,132.84018599733827,128,6241.459904998919,
3247,short,132.63331400230527,128,6241.431441001623,
3248,short,132.4766149991774,128,6241.456152001774,
3249,short,132.30040000053123,128,6241.457158997946,
3250,short,132.12479899812024,128,6241.459824999765,
3251,short,130.99534600041807,128,6240.506392001407,
3252,short,131.4858389996516,128,6241.347956998652,
3253,short,131.3497869996354,128,6241.434167000989,
3254,short,130.3558539984806,128,6240.601105997484,
3241,short,136.85235700177145,128,6247.451900999295,
3256,short,136.56979499864974,128,6239.074657001765,
3257,short,136.35804500154336,128,6239.125459000206,
3258,short,136.04612599738175,128,6239.001706999261,
3259,short,135.58336500136647,128,6238.729071999842,
3260,short,135.7589020008163,128,6239.082078001957,
3261,short,135.59339000130421,128,6239.102383999125,
3262,short,134.95251200220082,128,6238.637063001079,
3263,short,134.52964399766643,128,6238.411496000481,
3255,short,138.53088399991975,128,6242.548002999683,
3264,short,142.08089699968696,128,6243.990656999813,
3266,short,139.34200600124313,128,6242.345094000484,
3267,short,139.1071269972599,128,6242.492243000015,
3268,short,138.92232200305443,128,6242.582427999878,
3269,short,138.46068999919225,128,6242.307817999972,
3270,short,138.94860900109052,128,6243.601709000359,
3271,short,138.68563799769618,128,6243.55956999716,
3272,short,138.51607300239266,128,6243.577007000567,
3273,short,138.2870980014559,128,6243.526046000625,
3274,short,138.10587799889618,128,6243.520961998001,
3275,short,137.91866400060826,128,6243.524229001196,
3276,short,137.63492400175892,128,6243.414599000971,
3277,short,137.44622800004436,128,6243.412761999934,
3278,short,136.46180800060392,128,6242.618664000474,
3279,short,136.52186599938432,128,6242.450862999249,
3280,short,138.84080400021048,128,6242.783762998442,
3281,short,138.10235300115892,128,6242.239905001043,
3265,short,146.9245759981277,128,6250.090213998192,
3283,short,133.1714820007619,128,6242.949425999541,
3284,short,132.98787000167067,128,6243.2753249995585,
3285,short,132.81378100145957,128,6243.427614001121,
3286,short,132.64087800052948,128,6243.542633001198,
3287,short,132.39262999923085,128,6243.581409999024,
3288,short,131.46392500129878,128,6242.986574001407,
3289,short,131.25181599752977,128,6243.06847799744,
3290,short,131.07149099960225,128,6243.177849002677,
3291,short,130.9173820009164,128,6243.289072001062,
3292,short,131.66313799956697,128,6243.40206800116,
3293,short,131.4611630004947,128,6243.478439002502,
3294,short,131.25921699975152,128,6243.661308002629,
3295,short,130.82251499872655,128,6243.668106999394,
3296,short,129.73650899948552,128,6243.465382001887,
3282,short,136.30966599885141,128,6252.308027000254,
3298,short,133.19721299922094,128,6243.047085001308,
3299,short,132.18864400187158,128,6242.227399001422,
3300,short,132.21333000183222,128,6242.236529000365,
3301,short,132.07637800223893,128,6242.199067000911,
3302,short,132.10098399940762,128,6243.129269001656,
3303,short,131.97990199842025,128,6243.178359000012,
3304,short,131.86126000073273,128,6243.191256002319,
3305,short,131.7417119971651,128,6243.198621999909,
3306,short,131.5389290029998,128,6243.1198570011475,
3307,short,131.63828200049466,128,6243.233781999152,
3308,short,131.56422399697476,128,6243.224668000039,
3309,short,131.5368200012017,128,6243.208167001285,
3310,short,131.4148160017794,128,6243.273175001377,
3311,short,131.2963470008981,128,6243.27956200068,
3312,short,131.14866000250913,128,6243.254045002686,
3313,short,130.87961100245593,128,6243.06535100186,
3297,short,136.60601200172096,128,6248.504396000499,
3315,short,141.22164999935194,128,6243.990086000849,
3316,short,138.83917699786252,128,6241.938207997009,
3314,short,146.12385099826497,128,6247.847555998305,
3318,short,137.11154200063902,128,6243.907787000353,
3319,short,136.70479899883503,128,6243.757841999468,
3320,short,136.43329799742787,128,6243.702494997706,
3321,short,135.97125899832463,128,6243.4342759988795,
3322,short,134.52798000071198,128,6242.184765000275,
3323,short,135.07083199874614,128,6243.205818998831,
3324,short,134.81538999985787,128,6243.160366997472,
3325,short,132.96933899982832,128,6241.4945179989445,
3326,short,133.00457999866921,128,6241.715939999267,
3327,short,129.5626600003743,128,6238.470554999367,
3328,short,128.76934800078743,128,6237.856933999865,
3317,short,139.4334370015713,128,6248.859704002825,
3330,short,145.62184199894546,128,6244.100482999784,
3331,short,145.45207799892523,128,6244.1753769999195,
3332,short,145.23642100175493,128,6244.18930200045,
3333,short,144.9475720000919,128,6244.085729998915,
3334,short,144.85603300272487,128,6244.195772000239,
3329,short,146.5167569986079,128,6245.861916999274,
3335,short,145.84713500153157,128,6245.080003001931,
3336,short,137.66363699687645,128,6244.692053998733,
3338,short,133.55210500230896,128,6243.178307002381,
3339,short,133.7532799989276,128,6243.789200998435,
3340,short,133.87354999940726,128,6244.1633909984375,
3341,short,133.68785700004082,128,6244.187179996516,
3342,short,133.5097670016694,128,6244.190651999816,
3343,short,133.30552099796478,128,6244.166374999622,
3344,short,133.1532549993426,128,6244.195727998886,
3345,short,132.97673700071755,128,6244.195256000239,
3346,short,132.80003799809492,128,6244.194774997595,
3347,short,131.69000600100844,128,6244.048984000983,
3348,short,132.16129200009163,128,6244.148218000191,
3349,short,132.02522899882752,128,6244.241741998849,
3350,short,131.08106899744598,128,6243.462614998862,
3337,short,137.4962920017424,128,6250.286454000161,
3352,short,136.77396699858946,128,6244.0328919983585,
3353,short,136.5961179981241,128,6244.105535999552,
3354,short,136.28803299798165,128,6243.984220000129,
3355,short,135.8441299998958,128,6243.737538999994,
3356,short,136.0072220013535,128,6244.1046130006725,
3357,short,135.83238499995787,128,6244.134999997186,
3358,short,135.63192099900334,128,6244.114378001541,
3359,short,135.28900199889904,128,6243.947560000379,
3351,short,137.8727629999048,128,6246.673566998652,
3360,short,144.20027999949525,128,6240.780947999156,
3362,short,139.72020800065366,128,6239.994773000944,
3363,short,139.50928800113616,128,6240.962288000446,
3364,short,139.3255750008393,128,6241.057657000056,
3365,short,137.8432099991187,128,6239.761326000007,
3366,short,138.3680330000061,128,6239.950338000199,
3367,short,138.1605579990719,128,6239.9226229972555,
3368,short,138.0104849995405,128,6239.952742998867,
3369,short,137.83633799903328,128,6239.953177002462,
3370,short,137.64666400311398,128,6239.955793000263,
3371,short,137.4742790030723,128,6239.9625630023365,
3372,short,137.1941129982588,128,6239.856595999299,
3373,short,137.0536569993419,128,6239.857134998601,
3374,short,136.80441299948143,128,6239.788762999524,
3375,short,136.91676999951596,128,6240.397493998898,
3376,short,139.24013200085028,128,6240.739500000927,
3377,short,138.15909400000237,128,6239.842381000926,
3361,short,146.70469599877833,128,6247.205496998504,
3379,short,134.25509800072177,128,6240.672189000179,
3380,short,133.93603900112794,128,6240.69440400126,
3381,short,133.64966600056505,128,6240.6202199999825,
3382,short,133.3646780003619,128,6240.52407599811,
3383,short,132.98247800048557,128,6240.321927998593,
3384,short,132.73884499722044,128,6240.239099999599,
3385,short,132.44937999843387,128,6240.12909099838,
3386,short,132.16175900015514,128,6240.017861000524,
3387,short,132.7655050008616,128,6240.818427002523,
3388,short,132.54479199895286,128,6240.786233000108,
3389,short,132.13444400025764,128,6240.572898997925,
3390,short,131.67097000041394,128,6240.304528000706,
3391,short,130.40226999873994,128,6239.197781997063,
3392,short,127.65239599684719,128,6236.455168997054,
3378,short,137.61307099775877,128,6246.997328998987,
3394,short,134.8224979992665,128,6239.422832000855,
3395,short,134.68562699927134,128,6239.4104699997115,
3396,short,134.74871699872892,128,6240.240740000445,
3397,short,133.76454999888665,128,6239.372500000172,
3398,short,133.74512099835556,128,6239.413514998887,
3399,short,133.6220150005829,128,6239.4261800000095,
3400,short,133.49845400080085,128,6239.424486000644,
3401,short,133.37393199981307,128,6239.431567999418,
3402,short,133.1343800011382,128,6239.314538001054,
3403,short,133.21997800085228,128,6239.376683999581,
3404,short,133.13650000054622,128,6239.336513997841,
3405,short,133.1009349996748,128,6239.325448001182,
3406,short,132.97415700071724,128,6239.3862290009565,
3407,short,132.85058600013144,128,6239.38791999899,
3408,short,132.69481399765937,128,6239.354163000826,
3409,short,132.20909500159905,128,6238.9358850014105,
3393,short,138.34992100237287,128,6244.623354003124,
3411,short,141.04717299778713,128,6239.558929999475,
3412,short,138.64561399896047,128,6237.524717002088,
3410,short,145.91172599830315,128,6243.58797899913,
3414,short,137.7697130010347,128,6240.684579999652,
3415,short,137.52315499732504,128,6240.725195999403,
3416,short,137.36240700018243,128,6240.7714709988795,
3417,short,137.12422599928686,128,6240.742047997628,
3418,short,135.75661999857402,128,6239.583517999563,
3419,short,135.84176100266632,128,6240.778351002518,
3420,short,135.6809049975709,128,6240.843555999163,
3421,short,135.034179998911,128,6240.392558000167,
3422,short,135.74852300007478,128,6240.848175999417,
3423,short,135.59195199923124,128,6240.892542999063,
3424,short,135.059149000881,128,6240.540320999571,
3413,short,139.8341719977907,128,6245.677068000077,
3426,short,145.76418900105637,128,6240.618355001061,
3427,short,145.55649300018558,128,6240.6591109975125,
3428,short,145.37186400048085,128,6240.664729000855,
3429,short,145.08107000074233,128,6240.549442001793,
3430,short,144.77018500110717,128,6240.433232000214,
3425,short,146.2913710020075,128,6242.154147999827,
3431,short,145.41284999722848,128,6240.253091997147,
3432,short,138.72124499903293,128,6240.782803000911,
3434,short,133.6040200003481,128,6239.617139999609,
3435,short,133.74383200061857,128,6240.198932999192,
3436,short,133.86613400143688,128,6240.552092000144,
3437,short,133.68443699800991,128,6240.602656998817,
3438,short,133.5058750009921,128,6240.616863000469,
3439,short,133.3005829983449,128,6240.5909709996195,
3440,short,133.15711099858163,128,6240.6512329980615,
3441,short,132.98150999980862,128,6240.675437999016,
3442,short,132.01479999770527,128,6239.887611998711,
3443,short,132.24268699923414,128,6239.699156001734,
3444,short,132.11106999733602,128,6240.478886000346,
3445,short,131.96700000116834,128,6240.557807999721,
3446,short,130.96420900183148,128,6239.730117998988,
3433,short,137.51610400140635,128,6246.676897000725,
3448,short,138.8305130021763,128,6239.686805001838,
3449,short,138.6971009997069,128,6240.473638001276,
3450,short,138.44127699849196,128,6240.3795099999115,
3451,short,138.3127119988785,128,6240.137655997387,
3452,short,139.35092500105384,128,6240.478847001214,
3453,short,139.23505900311284,128,6240.494841000327,
3454,short,139.11386800100445,128,6240.500225001597,
3455,short,138.86950300002354,128,6240.3752869977325,
3447,short,141.59975800066604,128,6243.00549000327,
3456,short,141.56732699848362,128,6239.496745998622,
3458,short,138.3991500006232,128,6237.975589003327,
3459,short,138.15241799966316,128,6238.897278999502,
3460,short,137.9663170009735,128,6238.990656998794,
3461,short,137.58427100037807,128,6238.784654000483,
3462,short,138.05726000282448,128,6239.012313002604,
3463,short,137.85139700121363,128,6238.988295001036,
3464,short,137.70002800083603,128,6239.0201020025415,
3465,short,137.50658899880364,128,6239.003341997886,
3466,short,137.32650699967053,128,6239.000500998372,
3467,short,137.1518890009611,128,6239.003399998182,
3468,short,136.8734850002511,128,6238.898650997726,
3469,short,136.6846529999748,128,6238.914730998658,
3470,short,135.63108499874943,128,6238.064056997246,
3471,short,135.65797100091004,128,6238.641743002518,
3472,short,137.91285900151706,128,6238.98947500129,
3473,short,137.1528129966464,128,6238.414920997457,
3457,short,145.98868000030052,128,6245.942936999199,
3475,short,133.37885000146343,128,6237.112301001616,
3476,short,133.18367900137673,128,6237.713441998494,
3477,short,132.99899499907042,128,6237.743240999407,
3478,short,132.82211499972618,128,6237.746440998308,
3479,short,132.61265300025116,128,6237.716343999637,
3480,short,132.4832280006376,128,6237.743643003341,
3481,short,132.30498999837437,128,6237.776081001357,
3482,short,131.21398700241116,128,6236.865884002327,
3483,short,131.85963599971728,128,6236.8499580006755,
3484,short,131.7217409996374,128,6236.844344999554,
3485,short,131.50199399751727,128,6236.79986299976,
3486,short,131.2850550020812,128,6236.765931000264,
3487,short,130.8534880008665,128,6237.398601002496,
3488,short,129.8515979979129,128,6236.403445000178,
3474,short,136.2803529991652,128,6243.388550999953,
3490,short,134.3082460007281,128,6238.8051050002105,
3491,short,133.39227000324172,128,6238.019929001894,
3492,short,133.4357320010895,128,6238.025833998108,
3493,short,133.3039059973089,128,6237.972807997721,
3494,short,133.31572099923505,128,6238.891314998909,
3495,short,133.18368300315342,128,6238.921853000647,
3496,short,133.07195699962904,128,6238.926841997454,
3497,short,132.95320099859964,128,6238.929588998872,
3498,short,132.75304600028903,128,6238.853292998101,
3499,short,132.869077999203,128,6238.955684999382,
3500,short,132.77248200029135,128,6238.907248000032,
3501,short,132.74167299823603,128,6238.8821259992255,
3502,short,132.61770800090744,128,6238.9350369994645,
3503,short,132.49811000059708,128,6238.935695000691,
3504,short,132.34962999922573,128,6238.904720998107,
3505,short,131.96970500212046,128,6238.627875001839,
3489,short,138.07433100009803,128,6244.032663002145,
3507,short,141.71272599924123,128,6238.021870998637,
3508,short,139.17790799678187,128,6235.790009999619,
3506,short,146.8974920026085,128,6241.966536003019,
3510,short,137.2630299993034,128,6238.791694999236,
3511,short,137.0359680004185,128,6238.823378000234,
3512,short,136.8498070005444,128,6238.842624999961,
3513,short,136.59681499848375,128,6238.772836000862,
3514,short,135.2034920018923,128,6237.5692810019245,
3515,short,136.0646329994779,128,6238.713734997873,
3516,short,135.90431099873967,128,6238.77368200192,
3517,short,135.23186599923065,128,6238.282277001417,
3518,short,135.48477400036063,128,6238.700136000261,
3519,short,135.3274790017167,128,6238.737499003037,
3520,short,134.78979199862806,128,6238.377629997558,
3509,short,140.1401410003018,128,6243.807905997528,
3522,short,145.56598399940412,128,6239.446405998024,
3523,short,145.40105299965944,128,6239.523926000402,
3524,short,145.2245969994692,128,6239.539615999092,
3525,short,144.94187899981625,128,6239.437554999313,
3526,short,144.8113380029099,128,6239.4975400020485,
3521,short,146.0788020012842,128,6241.061317999993,
3527,short,145.47511100317934,128,6239.220585001021,
3528,short,135.1745719985047,128,6240.052658999048,
3530,short,133.1929259977187,128,6239.0094910006155,
3531,short,133.4124979985063,128,6239.796145000582,
3532,short,133.4944580012234,128,6240.156289000879,
3533,short,133.3019689991488,128,6240.159920998849,
3534,short,133.12293299895828,128,6240.162447997136,
3535,short,132.876830000896,128,6240.0957889985875,
3536,short,132.70954200197593,128,6240.117569002905,
3537,short,132.5321089971112,128,6240.118801997596,
3538,short,132.96450300185825,128,6240.119387999584,
3539,short,131.91101900156355,128,6239.237424000748,
3540,short,131.7891660000896,128,6240.114511001593,
3541,short,131.6393369997968,128,6240.202420998685,
3542,short,130.69728499976918,128,6239.42251599874,
3529,short,137.16674799798056,128,6246.262933000253,
3544,short,136.57384699763497,128,6242.48850299773,
3545,short,136.35906399940723,128,6242.670856998302,
3546,short,136.04485299947555,128,6242.570780999813,
3547,short,135.63574299769243,128,6242.353251996974,
3548,short,135.79244900029153,128,6242.755799998122,
3549,short,135.61332500103163,128,6242.764034999709,
3550,short,135.43945200217422,128,6242.829237002297,
3551,short,135.18317499983823,128,6242.7573280001525,
3543,short,138.34662199951708,128,6246.080887998687,
3552,short,140.5197819985915,128,6239.136820997373,
3554,short,138.20458599730046,128,6238.697796998167,
3555,short,137.9500969997025,128,6239.6462069991685,
3556,short,137.75899300162564,128,6239.738776002923,
3557,short,137.34867300081532,128,6239.517298999999,
3558,short,137.91383900024812,128,6239.7525449996465,
3559,short,137.70786299937754,128,6239.730856999813,
3560,short,137.55624099940178,128,6239.763031997427,
3561,short,137.37774200126296,128,6239.7775309982535,
3562,short,137.20034599828068,128,6239.780650001194,
3563,short,137.02666700191912,128,6239.782115000708,
3564,short,136.7272610004875,128,6239.659629001835,
3565,short,136.53154599887785,128,6239.667843998177,
3566,short,135.51627199922223,128,6238.851223999518,
3567,short,135.55283099776716,128,6239.523307998752,
3568,short,137.86056600292795,128,6239.917654002056,
3569,short,137.1036339987768,128,6239.468462001241,
3553,short,145.71603600052185,128,6246.98115800129,
3571,short,134.04878299843404,128,6239.148575998115,
3572,short,133.8410019998264,128,6239.216286998271,
3573,short,133.6627340024279,128,6239.224936001847,
3574,short,133.48493699959363,128,6239.225618999626,
3575,short,133.25575799899525,128,6239.173141999345,
3576,short,133.1168249998882,128,6239.190581000003,
3577,short,132.93803799751913,128,6239.953371998126,
3578,short,132.7337750008155,128,6239.935844001593,
3579,short,132.5657819979824,128,6239.926485999604,
3580,short,133.29507399976137,128,6239.924647998123,
3581,short,133.09039600062533,128,6239.906157003134,
3582,short,132.00187900292804,128,6239.003751001292,
3583,short,131.5460220030218,128,6238.732685000286,
3584,short,130.82609399862122,128,6238.017472998763,
3570,short,137.629211996682,128,6245.490092998807,
3586,short,132.63103999997838,128,6240.0981610007875,
3587,short,132.4075860029552,128,6240.12421900261,
3588,short,132.26309799938463,128,6240.15831199722,
3589,short,131.16643000103068,128,6239.249108999502,
3590,short,130.99549199978355,128,6239.291428999422,
3591,short,130.8153109966952,128,6239.2876199992315,
3592,short,130.63640000109444,128,6239.281851001579,
3593,short,130.46657599988976,128,6239.275276002445,
3594,short,130.1899450008932,128,6239.171976001671,
3595,short,130.0672969991865,128,6239.239926002483,
3596,short,129.88204399880487,128,6239.210510000703,
3597,short,129.69315600275877,128,6239.196632999665,
3598,short,129.51824600168038,128,6239.259747999313,
3599,short,129.34690899783163,128,6239.2629489986575,
3600,short,129.1107249999186,128,6239.201719999983,
3601,short,128.6116769988439,128,6238.89655399762,
3585,short,133.85355600257753,128,6244.383167002525,
3603,short,142.90387899745838,128,6238.597972998832,
3604,short,140.43702200069674,128,6236.234857999079,
3602,short,147.95221800159197,128,6245.607149001444,
3606,short,138.19047000288265,128,6240.239535000001,
3607,short,137.96286700016935,128,6240.329025000392,
3608,short,137.80147000215948,128,6240.3811309995945,
3609,short,137.56617399849347,128,6240.331987999525,
3610,short,136.2092199997278,128,6239.171766999789,
3611,short,136.97817999855033,128,6240.4611330021,
3612,short,136.8219459982356,128,6240.527507998195,
3613,short,136.18055100232596,128,6240.072985001461,
3614,short,136.42298800186836,128,6240.551909002534,
3615,short,136.2694970011944,128,6240.58863600294,
3616,short,135.58094299878576,128,6240.0793340020755,
3605,short,140.6331409998529,128,6245.4827729998215,
3618,short,146.25619900107267,128,6241.319216002012,
3619,short,146.0880790000374,128,6241.569711997727,
3620,short,145.9078789994237,128,6241.689713999222,
3621,short,145.62639699943247,128,6241.705637999985,
3622,short,145.42246400014847,128,6242.040752997127,
3617,short,147.16816000145627,128,6247.9001190004055,
3623,short,149.26701099830098,128,6242.261598999903,
3624,short,137.15118099935353,128,6241.079884999635,
3626,short,134.4343700002355,128,6236.1894759997085,
3627,short,134.5817330002319,128,6236.678955003299,
3628,short,134.72909300253377,128,6237.9126390005695,
3629,short,134.55022099878988,128,6238.033206998807,
3630,short,134.37015100134886,128,6238.16553800134,
3631,short,134.16095899810898,128,6238.245974000165,
3632,short,134.00650800031144,128,6238.443620000908,
3633,short,134.50382899827673,128,6238.556062999123,
3634,short,134.343039997475,128,6238.663587999326,
3635,short,133.18931300091208,128,6237.789867998799,
3636,short,133.0690959985077,128,6238.32791300083,
3637,short,132.93316199997207,128,6238.618285002303,
3638,short,132.01855499937665,128,6238.003354999819,
3625,short,138.8457950015436,128,6248.166164001304,
3640,short,135.13215300190495,128,6233.385700001236,
3641,short,134.92371499887668,128,6233.46002100152,
3642,short,134.59721999970498,128,6233.355059001042,
3643,short,134.11388599706697,128,6233.075066997117,
3644,short,134.30587600305444,128,6233.466590001626,
3645,short,134.06779900105903,128,6233.41733900088,
3646,short,133.88293000025442,128,6233.413071000541,
3647,short,133.6153470001591,128,6233.323811000446,
3639,short,136.29401299840538,128,6236.1979839988635,
3648,short,141.38939300028142,128,6248.489239998889,
3650,short,137.8882489989337,128,6247.448070000246,
3651,short,137.63978399947518,128,6248.408773000847,
3652,short,137.45238200135645,128,6248.512688001938,
3653,short,137.40353299726848,128,6248.286333997385,
3654,short,137.35670499954722,128,6248.522136000247,
3655,short,137.13756800279953,128,6248.488762001216,
3656,short,136.97859000239987,128,6248.520446002658,
3657,short,136.79909400161705,128,6248.51971300086,
3658,short,136.62234399816953,128,6248.536552997393,
3659,short,136.44608600225183,128,6248.544819001836,
3660,short,136.14548400073545,128,6248.422838001716,
3661,short,135.94385399846942,128,6248.437087997445,
3662,short,135.8117299969308,128,6248.425205998501,
3663,short,135.81447999968077,128,6248.240294000425,
3664,short,137.0561199983058,128,6248.436941001273,
3665,short,136.30056799956947,128,6247.864093002136,
3649,short,145.20079100111616,128,6255.654536002112,
3667,short,133.6478029988939,128,6249.335020998842,
3668,short,133.52546999885817,128,6249.432067997986,
3669,short,133.4069719996478,128,6249.446057001478,
3670,short,133.2921079992957,128,6249.449844999617,
3671,short,133.14277400058927,128,6249.472404997505,
3672,short,132.41616300001624,128,6249.463441999978,
3673,short,132.26226099868654,128,6249.466591001692,
3674,short,132.134658000723,128,6249.465387998498,
3675,short,132.0792349979456,128,6249.4560799968895,
3676,short,132.11242599936668,128,6249.4506029979675,
3677,short,132.00258299912093,128,6249.411411998153,
3678,short,131.9099720021768,128,6249.385421000625,
3679,short,131.6509540010884,128,6249.1497970004275,
3680,short,131.74628000342636,128,6248.05487300182,
3666,short,139.5727369999804,128,6255.203646000155,
3682,short,134.55728400003863,128,6247.851001000527,
3683,short,134.34147699808818,128,6247.884332999092,
3684,short,134.20939900242956,128,6248.80086900157,
3685,short,133.97952600280405,128,6248.794584000279,
3686,short,133.85440300044138,128,6248.881944997265,
3687,short,133.68281300063245,128,6248.886289999064,
3688,short,133.51116199919488,128,6248.903050000081,
3689,short,133.3397820017126,128,6248.906273001921,
3690,short,133.08520799910184,128,6248.822484001721,
3691,short,132.98416500038002,128,6248.897821002174,
3692,short,132.7909930005262,128,6248.857908998616,
3693,short,132.60269899910782,128,6248.821381999733,
3694,short,132.42888099921402,128,6248.878386999422,
3695,short,132.2468279977329,128,6248.867540998617,
3696,short,132.04318000134663,128,6248.83396000223,
3697,short,131.5517990005901,128,6248.5167119994,
3681,short,135.92302100005327,128,6253.050618000998,
3699,short,143.09829700141563,128,6249.656517000403,
3700,short,137.25577700097347,128,6244.247211001493,
3698,short,151.19311699891114,128,6253.506177999952,
3702,short,135.99981700099306,128,6246.585295000841,
3703,short,135.82716999735567,128,6246.6236609980115,
3704,short,135.77700600217213,128,6246.661029003008,
3705,short,135.5927149998024,128,6246.604297000886,
3706,short,134.29146699854755,128,6245.340501998726,
3707,short,135.28956700247363,128,6246.56254400179,
3708,short,135.23811399863916,128,6246.627802000148,
3709,short,134.6004270017147,128,6246.11544200161,
3710,short,136.07271799992304,128,6246.5461940009845,
3711,short,136.02825099951588,128,6246.583513002406,
3712,short,135.41091899969615,128,6246.08780500057,
3701,short,141.88576999731595,128,6251.794776999304,
3714,short,146.3988130017242,128,6245.569383998372,
3715,short,146.11339399925782,128,6245.529350999277,
3716,short,145.82586200049263,128,6245.43457999971,
3717,short,145.19147200189764,128,6244.980105002469,
3718,short,140.76494900291436,128,6240.7444570017105,
3713,short,147.2376230012742,128,6247.386467999604,
3719,short,141.05860299969208,128,6246.449676997145,
3720,short,134.67202900210395,128,6245.95233600121,
3722,short,134.79850699877716,128,6248.645642997872,
3723,short,134.21778199699474,128,6248.35196499771,
3724,short,135.10436899741762,128,6248.617178996938,
3725,short,134.8531669973454,128,6248.494950999884,
3726,short,134.62191500002518,128,6248.384868998983,
3727,short,134.30135100134066,128,6248.181117000058,
3728,short,134.1513519982982,128,6248.0987349990755,
3729,short,133.92476099761552,128,6247.9889589994855,
3730,short,133.69629800217808,128,6247.920911999245,
3731,short,132.9421939990425,128,6248.090349999984,
3732,short,133.02697700055433,128,6247.97869699978,
3733,short,132.91993199891294,128,6247.890725000616,
3734,short,128.98238099660375,128,6245.119604998763,
3721,short,141.57837699895026,128,6256.710894998832,
3736,short,138.7991840019822,128,6250.1975650011445,
3737,short,138.57971700053895,128,6250.235284001974,
3738,short,138.26319599684211,128,6250.10373799887,
3739,short,137.79971600160934,128,6249.828471998626,
3740,short,137.98278199828928,128,6250.185421999049,
3741,short,137.80336099807755,128,6250.19816999702,
3742,short,137.62556199799292,128,6250.195495998923,
3743,short,137.35995699971681,128,6250.102007998066,
3735,short,140.02034999793977,128,6252.900198000134,
3744,short,141.87048200255958,128,6247.05755100149,
3746,short,138.13047200164874,128,6242.079941002885,
3747,short,137.87494700227398,128,6243.110737999814,
3748,short,137.6854939990153,128,6243.212360001053,
3749,short,137.26441100152442,128,6242.985266999312,
3750,short,137.70224499967298,128,6243.239889001416,
3751,short,137.48997099901317,128,6243.213738998747,
3752,short,137.33650400172337,128,6243.290763999539,
3753,short,137.14335999975447,128,6243.320664998464,
3754,short,136.95896800345508,128,6243.335389001004,
3755,short,136.77058900066186,128,6243.33027999819,
3756,short,136.47367099838448,128,6243.222712997522,
3757,short,135.42573999802698,128,6242.3211589994025,
3758,short,135.12267400074052,128,6242.218322000554,
3759,short,136.06205500036594,128,6242.883857998095,
3760,short,137.50854899990372,128,6243.241943997418,
3761,short,136.80032299816958,128,6242.733737999515,
3745,short,145.52061300128116,128,6250.43302999984,
3763,short,134.23352699828683,128,6243.133155996475,
3764,short,134.0498559984553,128,6243.306266998843,
3765,short,133.8742039988574,128,6243.324397000833,
3766,short,133.64760400145315,128,6243.302384002163,
3767,short,132.71086600070703,128,6242.547407000529,
3768,short,132.550653997896,128,6242.547907000699,
3769,short,132.37069999740925,128,6242.548310998245,
3770,short,132.1960700006457,128,6242.552298001101,
3771,short,132.04667399986647,128,6242.557879999367,
3772,short,132.8527639998356,128,6243.581671998982,
3773,short,132.65094500093255,128,6243.614802999218,
3774,short,132.44783399932203,128,6243.602800001099,
3775,short,132.02616299895453,128,6243.369353000162,
3776,short,130.90991100034444,128,6242.251548999775,
3762,short,137.0862430012494,128,6249.189450001722,
3778,short,132.06631100183586,128,6241.493453999283,
3779,short,130.9640949984896,128,6240.687720997812,
3780,short,130.785626002762,128,6241.52089600102,
3781,short,130.54541100063943,128,6241.519916999096,
3782,short,130.41389300269657,128,6241.614287002449,
3783,short,130.22569399981876,128,6241.617207000672,
3784,short,130.05089700163808,128,6241.622205001477,
3785,short,129.87840399728157,128,6241.625004997331,
3786,short,129.62491800135467,128,6241.5509009988455,
3777,short,133.17226899744128,128,6245.472942999186,
3787,short,181.87521599975298,128,6280.673220000608,
3788,short,181.8838670005789,128,6281.2841140003,
3789,short,182.1279229989159,128,6281.305937998695,
3790,short,181.96535400056746,128,6281.382515000587,
3791,short,181.79901500116102,128,6281.482319001952,
3792,short,181.60100699969917,128,6281.542980999802,
3793,short,181.11149900141754,128,6282.169844998862,
3795,short,141.20767699932912,128,6245.525719998113,
3796,short,138.58384500053944,128,6243.405860001076,
3794,short,146.27541799927712,128,6249.981568998919,
3798,short,137.87190800212556,128,6246.472203001758,
3799,short,137.65003200023784,128,6246.569142000226,
3800,short,137.490967001213,128,6246.622959002707,
3801,short,137.2191929986002,128,6246.548802999314,
3802,short,135.79506300084176,128,6245.323484999972,
3803,short,136.5982229981455,128,6246.5464629967755,
3804,short,136.44016599937459,128,6246.626246000233,
3805,short,135.78560300084064,128,6246.156056000473,
3806,short,136.0397930002364,128,6246.620958998392,
3807,short,135.88559100026032,128,6246.713817999989,
3808,short,135.15430099869263,128,6246.178278001025,
3797,short,140.642743997887,128,6251.696739996987,
3810,short,146.81945099800942,128,6245.7676060003,
3811,short,146.6487630023039,128,6245.8920429999125,
3812,short,146.46979999815812,128,6245.912028000021,
3813,short,146.18828699894948,128,6245.8150739985285,
3814,short,145.9498229996825,128,6245.813389999967,
3809,short,147.66802899976028,128,6247.543736997613,
3815,short,144.70947600057116,128,6245.248261002416,
3816,short,136.25047300229198,128,6246.108555002138,
3818,short,133.01973499983433,128,6244.821500997205,
3819,short,133.1469639990246,128,6245.518775998789,
3820,short,133.27027799823554,128,6245.928095999261,
3821,short,133.0909120006254,128,6245.953040997847,
3822,short,132.9165989991452,128,6245.961851000175,
3823,short,132.7101130009396,128,6245.932317000552,
3824,short,132.55870699867955,128,6245.965256999625,
3825,short,132.34075299988035,128,6245.925745999557,
3826,short,131.35985199915012,128,6245.1222339987,
3827,short,131.59022800027742,128,6245.857342997624,
3828,short,131.5005079995899,128,6246.00736299908,
3829,short,130.2403760018933,128,6244.946005001111,
3830,short,129.30985400089412,128,6244.175088002521,
3817,short,136.8465829982597,128,6252.141987999494,
3832,short,136.74166000055266,128,6248.817805000726,
3833,short,136.5571930000442,128,6248.932438000338,
3834,short,136.25370700174244,128,6248.8235349992465,
3835,short,135.80756800001836,128,6248.628773999371,
3836,short,135.9748059985577,128,6249.059620997286,
3837,short,135.80463600010262,128,6249.080254001456,
3838,short,135.63158599936287,128,6249.086760999489,
3839,short,135.23872299992945,128,6248.870873001579,
3831,short,137.78680399991572,128,6251.532795999083,
3840,short,138.98884399895906,128,6245.385701000487,
3842,short,136.45550300134346,128,6247.653392998473,
3843,short,136.20248299775994,128,6248.576117999619,
3844,short,136.012301001756,128,6248.702018001495,
3845,short,135.57319300161907,128,6248.457461002545,
3846,short,136.0720440025034,128,6248.670701999799,
3847,short,135.818594997545,128,6248.685539998405,
3848,short,135.6242250003561,128,6248.702441000205,
3849,short,135.42771100037498,128,6248.690352000267,
3850,short,135.2464420015167,128,6248.684656002297,
3851,short,135.05964300202322,128,6248.671769000794,
3852,short,134.76376800099388,128,6248.55174899858,
3853,short,134.57244800156332,128,6248.54289599898,
3854,short,133.49133200244978,128,6247.676715000125,
3855,short,134.38996900003986,128,6248.195681000652,
3856,short,135.8737310001743,128,6248.520278000797,
3857,short,135.14302999828942,128,6247.972101999039,
3841,short,142.7621580005507,128,6255.709823999496,
3859,short,136.9575859971519,128,6249.698407998949,
3860,short,136.76082200254314,128,6249.7970149997855,
3861,short,136.5711119979096,128,6249.810540997714,
3862,short,136.39408000017283,128,6249.81101099911,
3863,short,136.18358200255898,128,6249.776892000227,
3864,short,136.05994899990037,128,6249.804958999448,
3865,short,135.88264000281924,128,6250.612891002675,
3866,short,135.7060839982296,128,6250.658970999211,
3867,short,135.5681929999264,128,6249.656023999705,
3868,short,135.40191499851062,128,6249.601606999931,
3869,short,135.1871629995003,128,6249.561570002697,
3870,short,134.98032799907378,128,6249.530108001636,
3871,short,134.54795199868386,128,6249.277750001056,
3872,short,133.70816499809735,128,6248.398117000761,
3858,short,140.10918399799266,128,6255.603407997114,
3874,short,136.49457599967718,128,6250.124069996673,
3875,short,135.43147400196176,128,6249.306253001123,
3876,short,135.25732400012203,128,6249.304512999515,
3877,short,135.01198400263092,128,6249.982522000209,
3878,short,134.86935300170444,128,6250.082403999841,
3879,short,134.6909739986586,128,6250.096566000138,
3880,short,134.51595899823587,128,6250.101335997897,
3881,short,134.3377640005201,128,6250.108292999357,
3882,short,133.5212900012266,128,6249.462792999111,
3873,short,137.65830799820833,128,6253.919529997802,
3884,short,147.22538299974985,128,6249.831388999155,
3885,short,147.18683300088742,128,6250.232661001064,
3886,short,147.41671400042833,128,6250.221526002861,
3887,short,147.15618700211053,128,6250.2224590025435,
3888,short,146.89780199842062,128,6250.222036000196,
3889,short,145.75627999874996,128,6250.072144001024,
3883,short,149.43772600236116,128,6254.282838002837,
3891,short,140.77566400010255,128,6248.974641999666,
3892,short,137.9395600015414,128,6246.496097999625,
3890,short,144.90639499854296,128,6252.793059000396,
3894,short,136.84588500109385,128,6249.097107000125,
3895,short,136.60380000146688,128,6249.1331070013985,
3896,short,136.4405069980421,128,6249.184402000537,
3897,short,136.19678000031854,128,6249.134095000045,
3898,short,134.7697019991756,128,6247.898564000934,
3899,short,135.6891909999831,128,6249.019144997874,
3900,short,135.53373999820906,128,6249.093713999173,
3901,short,134.85395099996822,128,6248.606925000786,
3902,short,135.090552001202,128,6249.041586001113,
3903,short,134.91990200054715,128,6249.066627999127,
3904,short,134.2974660001346,128,6248.622088998673,
3893,short,139.56802300162963,128,6254.224032003549,
3906,short,145.8582800005388,128,6251.9126549996145,
3907,short,145.6845240027178,128,6251.999363001232,
3908,short,145.50158299971372,128,6252.0169419985905,
3909,short,145.17669700217084,128,6251.876861002529,
3910,short,144.9141220000456,128,6251.81214499753,
3905,short,146.74148400081322,128,6253.632150001067,
3911,short,148.91243399688392,128,6250.899430997379,
3912,short,136.9491960031155,128,6251.4220050034055,
3914,short,133.88944300095318,128,6250.775415999669,
3915,short,134.02416100143455,128,6251.369344001432,
3916,short,134.1653130002669,128,6251.746968999214,
3917,short,133.98465999853215,128,6251.756723999279,
3918,short,133.81042800028808,128,6251.762306997989,
3919,short,133.6048129996925,128,6251.7319779981335,
3920,short,133.44958899688208,128,6251.761352999893,
3921,short,133.9399999997113,128,6251.775764998456,
3922,short,132.84719699731795,128,6250.854321999213,
3923,short,132.464706999599,128,6250.6645180001215,
3924,short,132.37175800168188,128,6251.518789998954,
3925,short,132.23809099872597,128,6251.5997199989215,
3926,short,131.27938699835795,128,6250.799206998636,
3913,short,138.1849819990748,128,6258.063018001849,
3928,short,135.90765399931115,128,6248.952759000531,
3929,short,135.7259599972167,128,6249.810705998243,
3930,short,135.36276100057876,128,6249.673176000215,
3931,short,134.86479600032908,128,6249.41097899864,
3932,short,135.03047200356377,128,6249.85102500068,
3933,short,134.85066700013704,128,6249.859470000956,
3934,short,134.67375700201956,128,6249.86144200011,
3935,short,134.4395429987344,128,6249.8103129983065,
3927,short,136.94720700004837,128,6252.496482000424,
3936,short,142.62177599812276,128,6266.448722999485,
3938,short,138.11230899955262,128,6265.347156000644,
3939,short,137.82749100209912,128,6266.403026002081,
3940,short,137.63325499894563,128,6266.5026009999565,
3941,short,137.23021700207028,128,6266.301289000694,
3942,short,137.61038799930247,128,6266.4654229993175,
3943,short,137.37360600134707,128,6266.413670000475,
3944,short,137.21290999819757,128,6266.4410670004145,
3945,short,137.0362790003128,128,6266.444363001938,
3946,short,136.86003499969956,128,6266.4471690004575,
3947,short,136.68223800050328,128,6266.448596001283,
3948,short,136.39801099998294,128,6266.340116999345,
3949,short,136.17890300156432,128,6266.319926999131,
3950,short,135.19312599964906,128,6265.5604610008595,
3951,short,135.25513800050248,128,6265.41431700025,
3952,short,137.4399230007839,128,6266.434650999145,
3953,short,136.81235400144942,128,6266.011339001125,
3937,short,144.42485099789337,128,6273.674314998061,
3955,short,136.50737999705598,128,6263.934945000074,
3956,short,136.35420500213513,128,6264.257332000852,
3957,short,136.18094300181838,128,6264.405516001716,
3958,short,136.00506899820175,128,6264.526095998008,
3959,short,135.798038001667,128,6264.61397499952,
3960,short,134.85850199867855,128,6264.014294996741,
3961,short,134.63645099909627,128,6264.114985999186,
3962,short,134.44169300055364,128,6264.217355997971,
3963,short,134.28379399920232,128,6264.328910998302,
3964,short,135.01067100150976,128,6264.439503000176,
3965,short,134.80484599858755,128,6264.5170190007775,
3966,short,134.5948669986683,128,6264.669756998046,
3967,short,134.16732499899808,128,6264.672605000669,
3968,short,133.2017380009347,128,6264.526368999213,
3954,short,139.54111600105534,128,6272.8493319991685,
3970,short,135.91295099831768,128,6265.977225997631,
3971,short,135.69091099998332,128,6266.052748997026,
3972,short,134.80657699983567,128,6266.1453830005485,
3973,short,134.53808100166498,128,6266.12399700025,
3974,short,134.38943900109734,128,6266.214437000599,
3975,short,134.1991329973098,128,6266.2078449975525,
3976,short,134.02232400039793,128,6266.207394997764,
3977,short,133.84941500044079,128,6266.211005000514,
3978,short,133.0875460007519,128,6265.62613400165,
3969,short,136.9525150003028,128,6269.900905997929,
3980,short,146.05298099922948,128,6263.214914997661,
3981,short,146.0308450004959,128,6263.575261000369,
3982,short,146.16541199939093,128,6263.718825997785,
3983,short,145.9109770003124,128,6263.947872001154,
3984,short,144.91982699837536,128,6263.529036001273,
3985,short,143.84584700019332,128,6262.854025000706,
3979,short,147.7775429993926,128,6269.523006001691,
3987,short,143.44397700187983,128,6265.197649001493,
3988,short,141.25219699781155,128,6263.217916999565,
3986,short,148.75891799965757,128,6272.527917000843,
3990,short,139.04917200125055,128,6266.112807999889,
3991,short,138.81218399910722,128,6266.249705000519,
3992,short,138.64374599870644,128,6266.319100999681,
3993,short,138.40459999846644,128,6266.356826999981,
3994,short,137.0662830013316,128,6266.396242001065,
3995,short,137.85687500057975,128,6266.854270001204,
3996,short,137.69977300034952,128,6266.914760999498,
3997,short,136.995732998912,128,6266.4392509977915,
3998,short,137.26380400112248,128,6267.030560000421,
3999,short,137.11053899896797,128,6267.093264999858,
4000,short,136.45403000191436,128,6266.7122349994315,
3989,short,141.33098499951302,128,6271.897705999436,
4002,short,145.4124679985398,128,6262.554249999084,
4003,short,145.23815999928047,128,6262.632275997021,
4004,short,145.0533710012678,128,6262.657973999012,
4005,short,144.76275600100053,128,6262.554607998027,
4006,short,144.53822799987393,128,6262.530669999251,
4001,short,146.07291799984523,128,6264.297795001767,
4007,short,148.04296199872624,128,6264.446589000727,
4008,short,136.62919299895293,128,6264.234137997846,
4010,short,133.86593500035815,128,6263.127492999047,
4011,short,134.05711900122697,128,6264.200659999915,
4012,short,134.18759400155977,128,6264.659463002317,
4013,short,134.00709599955007,128,6264.678561001347,
4014,short,133.83093000084045,128,6264.689908999571,
4015,short,133.61233999967226,128,6264.670812000986,
4016,short,133.45361800020328,128,6264.702922002471,
4017,short,133.27574499999173,128,6264.7050409977965,
4018,short,133.08112799859373,128,6264.687948998471,
4019,short,131.98271399960504,128,6263.770076999208,
4020,short,132.4169459985569,128,6263.957623999886,
4021,short,132.282672002475,128,6264.784596001846,
4022,short,131.2212630000431,128,6263.913110000431,
4009,short,137.92245300282957,128,6271.086406002723,
4024,short,136.28829200024484,128,6262.43287500256,
4025,short,136.06622599763796,128,6262.662354998611,
4026,short,135.7155480000074,128,6262.669857998844,
4027,short,135.19304299916257,128,6262.7585109985375,
4028,short,135.36464299977524,128,6264.156665001792,
4029,short,135.1860079994367,128,6264.27929899728,
4030,short,135.00216499960516,128,6264.386204002221,
4031,short,134.77313900148147,128,6264.4405140017625,
4023,short,138.2304490034585,128,6271.05000300071,
4032,short,146.01234200017643,128,6261.699536000378,
4034,short,137.5233200014918,128,6261.728975001461,
4035,short,137.26064900038182,128,6262.975276000361,
4036,short,137.0718799989845,128,6263.0732110010285,
4037,short,136.639770000329,128,6262.82861800064,
4038,short,137.15785300155403,128,6263.066882002022,
4039,short,136.94741300059832,128,6263.039629000559,
4040,short,136.7953619992477,128,6263.07178499701,
4041,short,136.61867399787297,128,6263.0892300003325,
4042,short,136.44097900032648,128,6263.088839001284,
4043,short,136.2670540002,128,6263.089034000586,
4044,short,135.97552300052484,128,6262.976175999938,
4045,short,135.77346699821646,128,6262.949666001077,
4046,short,135.50418199884007,128,6262.9038550003315,
4047,short,134.94246900154394,128,6262.129991002439,
4048,short,137.1859390019381,128,6262.448991001293,
4049,short,136.26034000117215,128,6262.240905998624,
4033,short,143.868292998377,128,6270.032855001773,
4051,short,137.84198500070488,128,6263.289970000187,
4052,short,137.58965300075943,128,6263.323970000783,
4053,short,137.35701900077402,128,6263.226544000645,
4054,short,137.12689400199451,128,6263.1153450020065,
4055,short,136.78720100142527,128,6262.892909002403,
4056,short,136.7101760006335,128,6262.794018999557,
4057,short,136.4714589981304,128,6262.676600999839,
4058,short,136.23815500250203,128,6262.563260999741,
4059,short,136.09172299766215,128,6263.36276299844,
4060,short,136.0280139997485,128,6263.317974997335,
4061,short,135.6952200003434,128,6263.128783997672,
4062,short,135.3571709987591,128,6262.862805000623,
4063,short,134.2856240007677,128,6261.803600998974,
4064,short,133.2708360023389,128,6259.56276800207,
4050,short,144.91292699676706,128,6269.844535996526,
4066,short,135.91684700077167,128,6263.179244000639,
4067,short,135.0176409978303,128,6262.453285999072,
4068,short,135.0470920006046,128,6262.45030300197,
4069,short,134.90214999910677,128,6262.387196999043,
4070,short,134.9632109995582,128,6262.4702810026065,
4071,short,134.8468270007288,128,6262.474546001613,
4072,short,134.72806299978402,128,6262.475790997996,
4073,short,134.60781300091185,128,6262.474522998673,
4074,short,133.86530600109836,128,6261.853178999445,
4065,short,138.9017410001543,128,6266.233574002399,
4076,short,149.48617199843284,128,6263.407828999334,
4077,short,149.3075529979251,128,6263.760039997578,
4078,short,149.34881400040467,128,6263.514057001885,
4079,short,148.8139200009755,128,6263.187773998652,
4080,short,148.42293200126733,128,6263.057445998129,
4081,short,145.40031100113993,128,6260.254017000989,
4075,short,151.92322399889235,128,6267.886935998831,
4083,short,140.61072700133082,128,6263.015712000197,
4084,short,134.70830799997202,128,6257.440504999977,
4082,short,145.5482459969062,128,6267.009017999953,
4086,short,136.7278149991762,128,6263.464275001752,
4087,short,136.47056300033,128,6263.554108001699,
4088,short,136.2166380022245,128,6263.518288000341,
4089,short,134.79124200239312,128,6262.277207999432,
4090,short,134.11799400273594,128,6261.848541002109,
4091,short,134.99137300095754,128,6263.159500002075,
4092,short,134.78726399989682,128,6263.185957999667,
4093,short,133.97831600013888,128,6262.558231002913,
4094,short,134.22924000042258,128,6262.99708499937,
4095,short,133.96670499787433,128,6262.927225998283,
4096,short,133.60170899977675,128,6262.73937699807,
4085,short,139.36111300063203,128,6268.841222998162,
4098,short,147.60742300131824,128,6264.318999001262,
4097,short,147.92343600129243,128,6264.886709002894,
4099,short,147.42081599979429,128,6264.577333000489,
4100,short,147.23514100114699,128,6264.569473001757,
4101,short,146.94197800054098,128,6264.464454998233,
4102,short,146.6734899986477,128,6264.420856001379,
4103,short,151.11497199904989,128,6267.567279999639,
4104,short,135.36154699977487,128,6264.9571530018875,
4106,short,132.46725099816103,128,6268.60598499843,
4107,short,132.6262639995548,128,6268.553222002083,
4108,short,132.77927200033446,128,6268.946973999846,
4109,short,132.5925040000584,128,6268.957798998599,
4110,short,132.3934870015364,128,6268.942471000628,
4111,short,132.17981299749226,128,6268.910151000455,
4112,short,132.02366399855237,128,6268.9432769984705,
4113,short,131.8452570012596,128,6268.945189000078,
4114,short,131.66666200049804,128,6268.946980999317,
4115,short,131.2068219995126,128,6268.666347001272,
4116,short,130.98556000113604,128,6268.0101549995015,
4117,short,130.82289900194155,128,6268.040987000859,
4118,short,129.69636200068635,128,6267.072480000934,
4105,short,137.13341199763818,128,6276.181409997662,
4120,short,138.09029199910583,128,6265.417891998368,
4121,short,137.74411999838776,128,6265.381969998998,
4122,short,137.02224899680004,128,6264.856665999105,
4123,short,135.55345400163787,128,6263.590662001661,
4124,short,135.6217730026401,128,6263.857977002772,
4125,short,135.33275299778325,128,6263.754192998022,
4126,short,135.0453019986162,128,6263.645920000272,
4127,short,131.68015600240324,128,6260.483014000783,
4119,short,139.47868600007496,128,6268.412533001538,
4128,short,142.90426300067338,128,6270.031938001921,
4130,short,137.02698400084046,128,6267.3641630026395,
4131,short,136.77741999708815,128,6268.412515997625,
4132,short,136.59083300080965,128,6268.510982001317,
4133,short,136.16576599815744,128,6268.2742869983485,
4134,short,136.57875200078706,128,6268.51272100248,
4135,short,136.35786400118377,128,6268.479053000192,
4136,short,136.20013400213793,128,6268.508648001443,
4137,short,136.02310299756937,128,6268.511334998038,
4138,short,135.84878900292097,128,6268.518843000493,
4139,short,135.66942800025572,128,6268.518421002227,
4140,short,135.37937199726002,128,6268.406271999993,
4141,short,135.15328699941165,128,6268.389431999822,
4142,short,134.813224998652,128,6268.270188000315,
4143,short,135.78892899749917,128,6268.90389899927,
4144,short,136.66456300052232,128,6268.746009998722,
4145,short,135.99045199953252,128,6268.261142999108,
4129,short,143.60446900172974,128,6275.865602001431,
4147,short,137.69755399698624,128,6271.203817999776,
4148,short,137.5074110001151,128,6271.372458999394,
4149,short,137.32930600235704,128,6271.3850250002,
4150,short,137.15451499956544,128,6271.393536997493,
4151,short,136.94215299983625,128,6271.365698001318,
4152,short,136.8162079998001,128,6271.405785999377,
4153,short,136.63925700166146,128,6271.409319000668,
4154,short,135.5497269978514,128,6270.497869998508,
4155,short,136.27824899958796,128,6270.429323998542,
4156,short,136.15399899936165,128,6271.459943000082,
4157,short,135.9455310011981,128,6271.49696700144,
4158,short,135.70688300023903,128,6271.451851000165,
4159,short,135.2453309991688,128,6271.185751000303,
4160,short,134.0540319979482,128,6270.005512997159,
4146,short,140.6843549993937,128,6277.404213000409,
4162,short,135.79648499944597,128,6270.092211998417,
4163,short,135.57165399834048,128,6270.18296100141,
4164,short,135.43142100024852,128,6270.273428002838,
4165,short,135.19150700085447,128,6270.239159002813,
4166,short,135.06398200115655,128,6270.337436999398,
4167,short,134.88755100115668,128,6270.3417480006465,
4168,short,134.71505000052275,128,6270.961648999219,
4169,short,134.5409360001213,128,6270.999375999963,
4170,short,133.80859199969564,128,6270.450254000025,
4161,short,137.13283100150875,128,6274.175725000532,
4172,short,148.55297599933692,128,6273.282555997866,
4173,short,148.5170729974925,128,6273.859023000114,
4174,short,148.67363200028194,128,6273.869603999628,
4175,short,148.40443899811362,128,6273.843621998822,
4176,short,148.19499300210737,128,6273.916253001516,
4177,short,146.20395699967048,128,6272.146372000861,
4171,short,150.38865899987286,128,6277.592469999945,
4179,short,141.72148600118817,128,6269.390228000702,
4180,short,139.10967799893115,128,6267.270894000831,
4178,short,146.85453299898654,128,6273.83462799844,
4182,short,137.92738800111692,128,6269.48854299917,
4183,short,137.68810300098266,128,6269.589201001509,
4184,short,137.52833399848896,128,6269.648388999485,
4185,short,137.235326001246,128,6269.544419999875,
4186,short,135.72527100041043,128,6268.235434999951,
4187,short,136.55977000234998,128,6268.560741002148,
4188,short,136.4027529998566,128,6268.603698001243,
4189,short,135.72547999865492,128,6268.10951600055,
4190,short,135.98816100056865,128,6269.354938998731,
4191,short,135.83371600179817,128,6269.436122001935,
4192,short,135.21704300001147,128,6269.005379999726,
4181,short,140.4534989997046,128,6274.686550001206,
4194,short,152.5540029979311,128,6270.499063997704,
4195,short,152.36071400067885,128,6270.638738002162,
4196,short,152.1714129994507,128,6270.6958380003925,
4197,short,151.99181600110023,128,6270.704460002889,
4198,short,151.6671480021614,128,6270.575429000019,
4193,short,153.1288440019125,128,6272.265460000199,
4199,short,144.25859200127888,128,6266.839030002302,
4200,short,137.35657100187382,128,6269.197654000891,
4202,short,129.1894450005202,128,6262.714800002868,
4203,short,129.3788430011773,128,6263.59936299923,
4204,short,129.51751000218792,128,6264.02543900258,
4205,short,129.3337140014046,128,6264.04238699979,
4206,short,129.15372800125624,128,6264.048560999072,
4207,short,128.94273200072348,128,6264.018849000422,
4208,short,128.7864810001338,128,6264.052698999876,
4209,short,128.6068269982934,128,6264.054657000088,
4210,short,128.42811800146592,128,6264.050440000574,
4211,short,128.08460100131924,128,6263.883106999856,
4212,short,128.61581300239777,128,6264.825201000349,
4213,short,128.4826939991035,128,6264.915979998477,
4214,short,126.16300200170372,128,6262.761796999257,
4201,short,132.75603399961255,128,6269.755236000492,
4216,short,139.00138700046227,128,6266.792684000393,
4217,short,138.8611080001283,128,6267.744316002791,
4218,short,138.59907599908183,128,6267.667313000857,
4219,short,138.47871700272663,128,6267.432079002901,
4220,short,139.59407299989834,128,6267.843909001385,
4221,short,139.47072299924912,128,6267.8689759995905,
4222,short,139.31988500189618,128,6267.840573000285,
4223,short,139.01130399972317,128,6267.728037000779,
4215,short,142.2433389998332,128,6270.650222999393,
4224,short,144.0017640015867,128,6270.12407499933,
4226,short,139.30469800106948,128,6266.2125889983145,
4227,short,139.05833999888273,128,6266.730420997192,
4228,short,138.8730789985857,128,6266.989617000945,
4229,short,138.45053300246946,128,6266.875188000995,
4230,short,139.1140779996931,128,6267.8831000012,
4231,short,138.90861099935137,128,6268.062103998091,
4232,short,138.7610659985512,128,6268.277653998666,
4233,short,138.5825230026967,128,6268.423522000376,
4234,short,138.40470200011623,128,6268.546436000179,
4235,short,138.21681199988234,128,6268.663555998501,
4236,short,137.92077399921254,128,6268.655287000001,
4237,short,137.71068899950478,128,6268.983089998073,
4238,short,136.6493570021703,128,6268.48755500032,
4239,short,136.76863200089429,128,6276.746575000288,
4240,short,138.915741998062,128,6277.118541998789,
4241,short,138.24067399764317,128,6276.645015997929,
4225,short,145.89633300056448,128,6284.474080999644,
4243,short,136.26932600163855,128,6264.492729998892,
4244,short,136.08406500134151,128,6264.641231999121,
4245,short,135.90353499967023,128,6264.6557509979175,
4246,short,135.72138599920436,128,6264.654464001069,
4247,short,135.50538900017273,128,6264.619134002714,
4248,short,135.3796820003481,128,6264.651048000815,
4249,short,135.20202899962896,128,6265.454518001206,
4250,short,135.02409699867712,128,6265.508329997829,
4251,short,133.82929199724458,128,6264.473256000201,
4252,short,134.6732720012369,128,6264.411386000575,
4253,short,134.46490400019684,128,6264.370274002431,
4254,short,134.25442700099666,128,6264.335564999783,
4255,short,133.79284599795938,128,6264.0550729993265,
4256,short,132.97112000145717,128,6263.24420599849,
4242,short,139.41739900110406,128,6270.646411001508,
4258,short,136.32171800054493,128,6259.503527999186,
4259,short,136.04426499659894,128,6259.59683599649,
4257,short,137.4759250029456,128,6260.596361000353,
4260,short,135.89059699734207,128,6259.884786999464,
4261,short,135.6406419981795,128,6259.862950999377,
4262,short,135.5077389998769,128,6260.542277999775,
4263,short,134.7107319998031,128,6259.986386998207,
4264,short,134.49864399808575,128,6259.987138997531,
4265,short,134.3130250024842,128,6260.0145370015525,
4266,short,133.31774399921414,128,6259.199371001159,
4268,short,144.01398199697724,128,6257.974348998687,
4269,short,144.01111699771718,128,6258.311895999213,
4270,short,144.25715900142677,128,6258.460660003038,
4271,short,143.98152500143624,128,6258.647082002426,
4272,short,143.7650690022565,128,6258.978896999906,
4273,short,142.2142890005489,128,6257.811567000317,
4267,short,146.43517399963457,128,6265.97104800021,
4275,short,142.03733599788393,128,6260.479322998435,
4276,short,139.30239399996935,128,6257.781416003127,
4274,short,147.50016200196114,128,6267.343862000416,
4278,short,137.14593600161606,128,6259.845186999883,
4279,short,136.90724800108,128,6259.981629998947,
4280,short,136.74433100095484,128,6260.191424000368,
4281,short,136.49839999925462,128,6260.267795998516,
4282,short,135.9687660005875,128,6260.161627000343,
4283,short,136.1408240009041,128,6261.414609001804,
4284,short,136.69269899764913,128,6261.623509999481,
4285,short,135.23918500141008,128,6260.447308999574,
4286,short,135.50283999938983,128,6262.068323001586,
4287,short,135.34256200000527,128,6264.223738999135,
4288,short,134.67444499838166,128,6263.784984999802,
4277,short,139.76314500177978,128,6269.235006999224,
4290,short,145.54913699976169,128,6259.645384001487,
4291,short,145.30730100159417,128,6259.650718002376,
4292,short,145.12123499662266,128,6259.687033998489,
4293,short,144.92864800195093,128,6259.682021001936,
4294,short,144.50089899764862,128,6259.434245999728,
4289,short,146.1780710014864,128,6261.310677000438,
4295,short,145.6948539998848,128,6260.927973002254,
4296,short,136.49001600060728,128,6259.954635999748,
4298,short,133.94094099930953,128,6258.0857690009,
4299,short,134.11664200248197,128,6258.704818999831,
4300,short,134.2615300018224,128,6259.0895070025,
4301,short,134.07634800023516,128,6259.116401997744,
4302,short,133.8960559987754,128,6259.1191529973,
4303,short,133.6813620000612,128,6259.083238997846,
4304,short,133.52487000156543,128,6259.110533002968,
4305,short,133.35000000006403,128,6259.114784999838,
4306,short,133.17362199813942,128,6259.11531499878,
4307,short,131.98702699810383,128,6258.104935997835,
4308,short,132.53679899935378,128,6258.930551000958,
4309,short,132.38821200138773,128,6258.998575998703,
4310,short,131.34588500179234,128,6258.115508000628,
4297,short,138.49490199936554,128,6265.661147001083,
4312,short,138.68629900025553,128,6265.532113000518,
4313,short,138.4485130001849,128,6265.827201998036,
4314,short,138.1157270006952,128,6265.866071000346,
4315,short,137.62605400188477,128,6266.008270002203,
4316,short,137.80546500129276,128,6267.4313230018015,
4317,short,137.62733900148305,128,6267.557821000082,
4318,short,137.37455099908402,128,6267.5979060004465,
4319,short,136.97765799952322,128,6271.727175000706,
4311,short,140.65891599966562,128,6275.665323002613,
4320,short,144.69839400044293,128,6239.772345001256,
4322,short,180.6483059990569,128,6288.55943400049,
4323,short,182.05133299852605,128,6289.604991998203,
4324,short,182.1069699981308,128,6289.589726999111,
4325,short,181.03716100085876,128,6288.580510001339,
4326,short,177.8905630017107,128,6288.619488001132,
4327,short,177.55456499799038,128,6288.41176199785,
4328,short,177.83735100238118,128,6288.29898800177,
4329,short,177.7395860008255,128,6288.188488000742,
4330,short,177.5785639983951,128,6288.073484000051,
4331,short,177.34441599895945,128,6287.962465001328,
4332,short,176.75962400244316,128,6287.497435001569,
4333,short,177.22804699951666,128,6287.122969999473,
4334,short,169.40222099947277,128,6278.592601000128,
4335,short,166.862524998578,128,6278.386641999532,
4336,short,167.95378399910987,128,6279.430466998747,
4337,short,168.0999640011578,128,6278.772722998838,
4321,short,184.5042060012929,128,6296.524416000466,
4339,short,132.3046620018431,128,6244.140500002686,
4340,short,132.17665200136253,128,6244.4548579987895,
4341,short,132.05365400062874,128,6244.624414997816,
4342,short,131.93295699966257,128,6244.742978000431,
4343,short,131.7787820007652,128,6244.839229999343,
4344,short,131.01430000097025,128,6244.24204800016,
4345,short,130.84293800056912,128,6244.307460001437,
4346,short,130.71142499757116,128,6244.407399997726,
4347,short,130.6657790009922,128,6244.572149000305,
4348,short,130.69977300256141,128,6244.68961599996,
4349,short,130.5566569972143,128,6244.764004997705,
4350,short,130.45947600039653,128,6244.910345998505,
4351,short,130.12374800018733,128,6244.839532999322,
4352,short,130.2507219988911,128,6244.638105999911,
4338,short,138.9924230024917,128,6258.8761810002325,
4354,short,137.19756200225675,128,6244.508914001926,
4355,short,137.05502499942668,128,6244.56420000206,
4353,short,140.02461400014,128,6245.530512002006,
4356,short,139.13317200058373,128,6244.7696780000115,
4357,short,136.86237200090545,128,6244.782656001917,
4358,short,136.1326789992745,128,6244.161766000616,
4359,short,136.10051900104736,128,6244.369605999964,
4360,short,135.9410389995901,128,6244.37387999933,
4361,short,135.7835319977312,128,6244.3859329978295,
4362,short,135.66067200008547,128,6244.419263002783,
4364,short,147.69134399830364,128,6243.385344998387,
4365,short,149.68623200184084,128,6243.6103680011,
4366,short,149.7054469982686,128,6243.560331997287,
4367,short,149.16152200021315,128,6243.492229001276,
4368,short,148.78069599944865,128,6243.676578000304,
4369,short,144.1636470008234,128,6239.458380998258,
4363,short,147.99653899899567,128,6249.7732419979,
4371,short,141.48680699872784,128,6243.157251999946,
4372,short,136.01937700150302,128,6238.1417760007025,
4370,short,146.4984190024552,128,6247.515385999577,
4374,short,137.2019949994865,128,6244.139300000825,
4375,short,136.7922970021027,128,6244.060667002486,
4376,short,136.50496599802864,128,6243.984518998332,
4377,short,136.03063700065832,128,6243.697219000751,
4378,short,134.5999959994515,128,6242.482663001283,
4379,short,135.2242719985952,128,6242.718669000169,
4380,short,134.9616120023711,128,6242.666112000734,
4381,short,133.0843290015764,128,6241.016380001383,
4382,short,131.2130310034263,128,6240.200224001455,
4383,short,131.00945900077932,128,6240.2299550012685,
4384,short,130.40484999874025,128,6239.812889998575,
4373,short,139.9439730012091,128,6249.402113000542,
4386,short,144.82148499882896,128,6243.93101899841,
4387,short,144.5981529977871,128,6244.048018998001,
4388,short,144.41133299987996,128,6244.068890999188,
4389,short,144.23208799780696,128,6244.085674999951,
4390,short,143.86290100082988,128,6243.956605001586,
4385,short,145.39097599845263,128,6245.693250999466,
4391,short,156.89462500085938,128,6244.99767600355,
4392,short,137.43537399932393,128,6245.280037001066,
4394,short,136.4521519972186,128,6243.548821999866,
4395,short,136.68764199974248,128,6244.480329998623,
4396,short,136.82694400267792,128,6244.946812999842,
4397,short,136.64397500178893,128,6244.971312000416,
4398,short,136.46562199937762,128,6244.977309997921,
4399,short,136.25692699861247,128,6244.980547999148,
4400,short,136.1041500022111,128,6245.017240002198,
4401,short,135.9266680010478,128,6245.030878999387,
4402,short,135.7506829990598,128,6245.036768999853,
4403,short,134.65308699960588,128,6244.1180999994685,
4404,short,135.1440599974012,128,6244.196228999499,
4405,short,135.01174300108687,128,6244.98367400156,
4406,short,133.9382590012974,128,6244.097874001454,
4393,short,140.55551099954755,128,6251.223111001309,
4408,short,133.55499500175938,128,6238.110211001185,
4409,short,133.18589499976952,128,6238.942236999719,
4410,short,132.43767699896125,128,6238.430240999151,
4411,short,130.9401850012364,128,6237.143701000605,
4412,short,131.02029400033643,128,6237.444614998822,
4413,short,130.72914599979413,128,6237.345251000079,
4414,short,126.20043400238501,128,6232.997260001866,
4415,short,125.80936800077325,128,6232.784637002624,
4407,short,135.00184599979548,128,6242.109134000202,
4416,short,151.9583999979659,128,6252.786588000163,
4418,short,135.7238709970261,128,6251.369712997985,
4419,short,135.99023400092847,128,6251.529142999061,
4420,short,136.15675999972154,128,6252.845135000825,
4421,short,135.7644839990826,128,6252.687889998924,
4422,short,134.43674700101838,128,6252.938633002486,
4423,short,134.2273070004012,128,6252.913223001087,
4424,short,134.2038410002715,128,6252.9263899996295,
4425,short,134.0722699969774,128,6252.927600999101,
4426,short,133.91898699774174,128,6252.926260996901,
4427,short,133.74355400083004,128,6252.927802001068,
4428,short,133.45131800087984,128,6252.809574001731,
4429,short,133.49205700069433,128,6252.80985900099,
4430,short,133.6980890009727,128,6252.733320998232,
4431,short,131.55267399997683,128,6251.856601000327,
4432,short,131.98907499827328,128,6252.182108000852,
4433,short,131.39208799839253,128,6251.552428999275,
4417,short,138.3266819975688,128,6259.9148389999755,
4435,short,131.45666800119216,128,6251.571780001541,
4436,short,131.12755400288734,128,6251.582909000717,
4437,short,130.83240700143506,128,6251.525186999061,
4438,short,130.52647199947387,128,6251.424137000868,
4439,short,130.1373739988776,128,6251.217269000335,
4440,short,129.90057099887053,128,6251.151247000962,
4441,short,129.61401200300315,128,6251.059779002389,
4442,short,129.26979400072014,128,6251.859231000708,
4443,short,129.0001419984037,128,6251.790327998606,
4444,short,129.8092800025188,128,6251.690209999651,
4445,short,129.430806999153,128,6251.4848680002615,
4446,short,128.98370699986117,128,6251.218196997797,
4447,short,127.67848699877504,128,6250.094972001534,
4448,short,119.75296899981913,128,6242.137801000354,
4434,short,134.9825500001316,128,6258.274069001345,
4450,short,136.40918400051305,128,6249.514701001317,
4451,short,136.21108000006643,128,6249.720913001511,
4452,short,136.73522799945204,128,6249.768811001559,
4453,short,136.47981399844866,128,6249.696196999139,
4454,short,135.56752200020128,128,6249.696230999689,
4455,short,135.14549200044712,128,6249.493792998692,
4456,short,134.97756899960223,128,6250.116344999697,
4457,short,134.76554199951352,128,6250.114482001663,
4458,short,134.55472999703488,128,6250.1215639967995,
4449,short,137.75294199876953,128,6253.1259629977285,
4460,short,146.30338400093024,128,6254.691078000178,
4461,short,146.1296690031304,128,6255.208211001445,
4462,short,146.06705299956957,128,6254.994937997253,
4463,short,145.5059110012371,128,6254.67670800208,
4464,short,145.10959899780573,128,6254.547057000309,
4465,short,141.97412499925122,128,6251.622739000595,
4459,short,146.8445230020734,128,6259.497996001301,
4467,short,141.5959890000522,128,6250.774316002207,
4468,short,138.67931999993743,128,6248.320465998404,
4466,short,145.23893700243207,128,6254.869853000855,
4470,short,137.79364899892244,128,6251.726410999254,
4471,short,137.56313400153886,128,6251.825839000958,
4472,short,137.4250420012686,128,6251.870493000752,
4473,short,137.1633769995242,128,6251.793016999727,
4474,short,136.59013399956166,128,6251.451675998396,
4475,short,136.70604099752381,128,6251.795627998945,
4476,short,136.51074600056745,128,6251.797066001018,
4477,short,134.9831980005547,128,6250.450707000709,
4478,short,135.903166999924,128,6251.610928000446,
4479,short,135.74217399946065,128,6251.675986997725,
4480,short,135.20412900106749,128,6251.324076998571,
4469,short,140.8217930002138,128,6257.015063998551,
4482,short,145.83546700305305,128,6251.705958002276,
4483,short,145.63003199873492,128,6251.817497999582,
4484,short,145.40373499767156,128,6251.7932999980985,
4485,short,145.19538699823897,128,6251.78239899833,
4486,short,144.7965560000739,128,6251.568878000398,
4481,short,146.72521100146696,128,6253.397030002816,
4487,short,145.0178600025538,128,6251.470451999921,
4488,short,136.28980800058343,128,6255.595329999778,
4490,short,133.8562990022183,128,6252.5835190026555,
4491,short,134.05871500071953,128,6253.147129002173,
4492,short,134.2029890001868,128,6254.56318400029,
4493,short,134.0197210010956,128,6254.715710001619,
4494,short,133.81766800011974,128,6254.80531300127,
4495,short,133.59531400055857,128,6254.874237001786,
4496,short,133.43952600189368,128,6255.082064999442,
4497,short,133.26005499766325,128,6255.197526999837,
4498,short,133.0810500003281,128,6255.326250000508,
4499,short,132.73536099950434,128,6255.28071699955,
4500,short,132.60127999819815,128,6255.124977997184,
4501,short,132.44590199974482,128,6255.445304999739,
4502,short,131.44927200119128,128,6257.8631280011905,
4489,short,138.55125999907614,128,6265.354334998847,
4504,short,137.73135500014178,128,6252.091999002005,
4505,short,137.5007739989087,128,6252.156678001484,
4506,short,137.17303999874275,128,6252.072950999718,
4507,short,136.68909199986956,128,6251.849658001447,
4508,short,136.9015140007832,128,6252.882238000893,
4509,short,136.72265900095226,128,6252.937052999187,
4510,short,136.54428199879476,128,6253.029552000953,
4511,short,136.21093700203346,128,6252.909462000389,
4503,short,139.67235800009803,128,6256.594956998015,
4512,short,152.25467900017975,128,6261.849586000608,
4514,short,137.60334000107832,128,6263.54831199933,
4515,short,136.6487839986803,128,6263.393111999903,
4516,short,136.76782800030196,128,6263.457097000355,
4517,short,136.36199800021132,128,6263.215110000601,
4518,short,135.00154000212206,128,6263.474166000378,
4519,short,134.78924200171605,128,6263.45528100137,
4520,short,134.79328899848042,128,6263.488420998328,
4521,short,134.66750199950184,128,6263.506529998267,
4522,short,134.51486299891258,128,6263.5071969998535,
4523,short,134.34176900045713,128,6263.510253000277,
4524,short,134.04995100063388,128,6263.397351001913,
4525,short,134.1006769980595,128,6263.404678997176,
4526,short,134.26914600131568,128,6263.328397002624,
4527,short,132.8534819986089,128,6264.01772600002,
4528,short,133.33447900004103,128,6264.391100001376,
4529,short,132.3043599986704,128,6263.384777997999,
4513,short,138.6756409992813,128,6271.214071999566,
4531,short,131.0957290006627,128,6261.816666999948,
4532,short,130.86220900004264,128,6262.0812360000855,
4533,short,130.6623979980941,128,6262.1923979968415,
4534,short,130.4823979990033,128,6262.3028899979545,
4535,short,130.248039997241,128,6262.357243998849,
4536,short,130.1200769994466,128,6262.560991999635,
4537,short,128.9735730024404,128,6261.710128001141,
4538,short,128.75089299996034,128,6261.810552998213,
4539,short,128.59480200131657,128,6261.928488998819,
4540,short,129.43149499915307,128,6262.0651420002105,
4541,short,129.23224699989078,128,6262.157522000052,
4542,short,129.02682200001436,128,6262.3075879964745,
4543,short,128.5894009997719,128,6262.291326002014,
4544,short,127.37379600002896,128,6265.503229002206,
4530,short,134.56937999944785,128,6272.984125000221,
4546,short,137.82680700023775,128,6266.436538000562,
4547,short,137.62468499771785,128,6266.635263997159,
4548,short,138.15897200038307,128,6266.695984999387,
4549,short,137.9169499996351,128,6266.640198002278,
4550,short,137.00869500098634,128,6266.651877002005,
4551,short,136.18242200027453,128,6266.048703000706,
4552,short,136.023502000171,128,6266.764497999247,
4553,short,135.80796099995496,128,6266.752142997575,
4554,short,135.37045900011435,128,6266.527670999494,
4545,short,139.25437400030205,128,6270.170947998849,
4556,short,142.53789899885305,128,6259.767712999746,
4557,short,142.51470300223446,128,6260.441256999911,
4558,short,142.69219400011934,128,6260.4661240002315,
4559,short,142.42974199805758,128,6260.4459219983255,
4560,short,142.22132399663678,128,6260.50252099958,
4561,short,140.13615799922263,128,6258.64657999773,
4555,short,144.79974999994738,128,6265.1885070008575,
4563,short,142.03794000059133,128,6264.253983001254,
4564,short,139.78486100313603,128,6262.466455002141,
4562,short,145.79987800243543,128,6268.320201001188,
4566,short,138.35659599862993,128,6263.7049019976985,
4567,short,138.18457299930742,128,6263.805375001539,
4568,short,138.1401079997886,128,6263.853517000825,
4569,short,137.91223800217267,128,6263.754034000158,
4570,short,137.54807000077562,128,6263.406763999228,
4571,short,138.62449600128457,128,6263.763573002507,
4572,short,138.5845349977899,128,6263.803571000608,
4573,short,137.25887699911254,128,6262.571758998092,
4565,short,142.18224599972018,128,6267.598195998289,
4574,short,138.77678599965293,128,6264.072694000788,
4575,short,138.71689200095716,128,6264.091961998929,
4576,short,137.9723890022433,128,6263.471695001499,
4578,short,152.6573359988106,128,6264.684524998302,
4579,short,152.45757100274204,128,6264.804342001298,
4580,short,152.25917699717684,128,6264.813707999565,
4581,short,152.07307299715467,128,6264.887034998537,
4582,short,151.75162000014097,128,6264.752301001863,
4577,short,153.6161580006592,128,6266.692077999323,
4583,short,147.082875999331,128,6262.928492997162,
4584,short,129.9658179996186,128,6259.414015999937,
4586,short,132.25303199942573,128,6260.29733699761,
4587,short,131.50356800178997,128,6260.055113001727,
4588,short,131.5386890018999,128,6260.331354002119,
4589,short,131.23928099957993,128,6260.28552599746,
4590,short,130.94684699899517,128,6260.183963997406,
4591,short,130.55936399905477,128,6259.975684999517,
4592,short,130.28714699976263,128,6259.956558998965,
4593,short,129.97915000232751,128,6259.907488001772,
4594,short,129.68095099859056,128,6259.809333998419,
4595,short,128.85092999931658,128,6259.160486999463,
4596,short,128.47618000159855,128,6259.82634400134,
4597,short,125.6412469992938,128,6256.674988999293,
4598,short,124.60963799821911,128,6255.798419999337,
4585,short,136.4653119999275,128,6268.057383000269,
4600,short,140.9509090008214,128,6261.51702900097,
4601,short,140.7815650018165,128,6261.633098998573,
4602,short,140.46354799938854,128,6261.448501001723,
4603,short,139.71140799912973,128,6260.54619199931,
4604,short,140.94342200041865,128,6260.948622002616,
4605,short,140.73774099961156,128,6260.880237998208,
4606,short,140.5731159975403,128,6260.841128998436,
4607,short,140.4057770014333,128,6260.797243001434,
4599,short,144.25023600051645,128,6264.392320001207,
4608,short,154.1698399996676,128,6266.091764999146,
4610,short,133.46825900225667,128,6264.387625000381,
4611,short,133.7001629981387,128,6265.451438997843,
4612,short,133.62506900011795,128,6265.551886001049,
4613,short,133.20057300006738,128,6265.293844997359,
4614,short,132.12512899917783,128,6265.531116001512,
4615,short,131.9004139986646,128,6265.489598001295,
4616,short,131.88878200162435,128,6265.516465999099,
4617,short,131.75910800055135,128,6265.515752002102,
4618,short,131.6056639989256,128,6265.517036998062,
4619,short,131.42539799810038,128,6265.515093000431,
4620,short,131.12731300134328,128,6265.393721001601,
4621,short,131.14947599751758,128,6265.406942999107,
4622,short,130.19415099915932,128,6264.479896999546,
4623,short,129.03815699974075,128,6265.100190001249,
4624,short,129.24268700226094,128,6265.49989400155,
4625,short,128.91813600072055,128,6264.92116299778,
4609,short,135.72533700062195,128,6272.973189999902,
4627,short,133.77172400214477,128,6267.931304002559,
4628,short,133.465756996884,128,6267.982845998631,
4629,short,133.17592599923955,128,6267.885915000079,
4630,short,132.88808399738627,128,6267.780604997824,
4631,short,132.50053199953982,128,6267.571365999174,
4632,short,132.25727199824178,128,6267.487344000983,
4633,short,131.93122699885862,128,6267.34325399957,
4634,short,131.62909300081083,128,6267.220306999661,
4635,short,131.32963600219227,128,6267.074179999327,
4636,short,132.0481570000993,128,6267.936551997991,
4637,short,131.67044899819302,128,6267.793400998926,
4638,short,131.22717499936698,128,6267.536007999297,
4639,short,126.32314399888855,128,6262.818922998122,
4626,short,137.30761099941446,128,6274.237968998932,
4640,short,171.02569100097753,128,6301.729718001297,
4642,short,134.551024002576,128,6267.04938200055,
4643,short,134.33686999997008,128,6267.181736999191,
4645,short,134.57367700175382,128,6266.917892000492,
4644,short,134.83181000265176,128,6267.406158000085,
4646,short,133.62900100037223,128,6267.085223000322,
4647,short,132.76767400020617,128,6266.441234001832,
4648,short,132.6114370021969,128,6266.62689099976,
4649,short,132.398915997328,128,6266.596954999841,
4650,short,132.02971399732633,128,6266.435546996945,
4641,short,135.89095800125506,128,6270.051131999935,
4652,short,146.1466679975274,128,6268.048303998512,
4653,short,146.0862409985566,128,6268.685181999899,
4654,short,146.2466630000563,128,6268.742566000583,
4655,short,145.97457299896632,128,6268.718893999903,
4656,short,145.75919900016743,128,6268.787299999531,
4657,short,143.38438299819245,128,6266.626777000056,
4651,short,148.341200001596,128,6273.389603000396,
4659,short,142.08187099939096,128,6268.545065999206,
4660,short,139.90409500183887,128,6266.821992001496,
4658,short,147.6382620021468,128,6273.251513001014,
4662,short,136.5272629991523,128,6269.703493999259,
4663,short,136.29793400104973,128,6269.804547999229,
4664,short,136.13888100007898,128,6269.852056000673,
4665,short,135.89925700216554,128,6269.796797001618,
4666,short,135.37398300104542,128,6269.465173998469,
4667,short,136.2895149977703,128,6269.834457998513,
4668,short,136.13677700050175,128,6269.884829001967,
4669,short,134.74829499682528,128,6269.573371999286,
4661,short,138.6555179997231,128,6273.730036999041,
4670,short,134.7816800007422,128,6270.046097997692,
4671,short,134.6850829977484,128,6270.165123998595,
4672,short,134.5275630010292,128,6270.205938999425,
4673,short,144.71549000154482,128,6269.192354000552,
4674,short,144.47706099963398,128,6269.327042999066,
4675,short,144.26112699948135,128,6269.316939000419,
4676,short,144.0128009999171,128,6269.250064000516,
4677,short,143.8299189976533,128,6269.24688699728,
4678,short,143.23962499838672,128,6268.8333750011225,
4679,short,145.25891800076352,128,6271.506196000701,
4680,short,138.3013389968255,128,6271.758509999927,
4682,short,134.79121600175858,128,6269.901472998754,
4683,short,134.99478600351722,128,6270.786693003174,
4684,short,135.98041600198485,128,6271.153673002118,
4685,short,135.8480340022652,128,6271.162297001865,
4686,short,135.72561099863378,128,6271.164897996641,
4687,short,135.50383699839585,128,6271.065577999252,
4688,short,135.40037900020252,128,6271.014793001086,
4689,short,135.25827700141235,128,6270.992670000851,
4690,short,135.1341310000862,128,6270.988314998249,
4691,short,133.99871500223526,128,6269.972942001914,
4692,short,134.26067899854388,128,6270.027594000567,
4693,short,134.2939509995631,128,6270.815471998503,
4694,short,133.41154099907726,128,6270.00664499792,
4681,short,142.1105430017633,128,6277.633247998892,
4696,short,139.81719200091902,128,6272.602561002714,
4697,short,139.6233529994788,128,6272.8140499966685,
4698,short,139.30142099707155,128,6272.697011998389,
4699,short,138.79104900115635,128,6273.191955999209,
4700,short,138.98055000026943,128,6273.654128999624,
4701,short,138.79823900060728,128,6273.6812209986965,
4702,short,138.6176419982803,128,6273.686484000791,
4703,short,138.32596100110095,128,6273.577825999382,
4695,short,140.9798700005922,128,6276.405988002807,
4704,short,153.94670100067742,128,6272.8252170018095,
4706,short,136.6483829988283,128,6271.943482999632,
4707,short,136.91632500194828,128,6272.989163000602,
4708,short,136.84748300147476,128,6273.093021001841,
4709,short,136.44163999924785,128,6272.8551590007555,
4710,short,135.3651429999445,128,6273.124768998969,
4711,short,135.15542599998298,128,6273.117709999497,
4712,short,135.15218199972878,128,6273.157853996963,
4713,short,135.02205999975558,128,6273.175022000942,
4714,short,134.86854000075255,128,6273.179002000688,
4715,short,134.68176899914397,128,6273.174188998382,
4716,short,134.38943800065317,128,6273.06221300023,
4717,short,134.39702600226155,128,6273.0463779989805,
4718,short,133.7210329984373,128,6272.153898000397,
4719,short,132.29842000146164,128,6271.927368001343,
4720,short,132.50656400123262,128,6272.941243001696,
4721,short,132.09917600033805,128,6272.328393999487,
4705,short,138.19426899863174,128,6280.181615999027,
4723,short,134.82444300097995,128,6271.827341999597,
4724,short,134.63935899926582,128,6271.951056001853,
4725,short,134.45959399905405,128,6271.967782002321,
4726,short,134.28325100176153,128,6271.97315200101,
4727,short,134.09803000104148,128,6271.94273799978,
4728,short,133.97534300020197,128,6272.754354999051,
4729,short,133.7972469991655,128,6272.801423998317,
4730,short,133.61839999924996,128,6272.823038998467,
4731,short,132.48980400021537,128,6271.848111999134,
4732,short,133.26255600259174,128,6271.787645000586,
4733,short,133.05142800163594,128,6271.746892001829,
4734,short,132.87506800043047,128,6271.711225002946,
4735,short,131.00036700052442,128,6270.016574002511,
4722,short,138.06834599745343,128,6277.9704139975365,
4737,short,137.24442699822248,128,6270.597115999408,
4738,short,136.9242859982478,128,6271.762456999568,
4739,short,136.74616199932643,128,6271.885238998948,
4741,short,137.6757850011927,128,6271.635130000504,
4740,short,137.91753700206755,128,6272.107747001428,
4742,short,136.67539000016404,128,6271.851552999578,
4743,short,136.31621699823881,128,6271.704385999328,
4736,short,140.70358599929023,128,6276.139533001697,
4744,short,136.1860440010787,128,6272.531594000611,
4745,short,135.98080699739512,128,6272.509340000397,
4746,short,135.71268600207986,128,6272.375602002285,
4748,short,147.56763300101738,128,6272.536994001712,
4749,short,147.4781709985109,128,6273.03452599881,
4750,short,147.4653869991016,128,6273.036085000058,
4751,short,147.18215199900442,128,6272.994398001174,
4752,short,146.96970799923292,128,6273.049221999827,
4753,short,144.70027399875107,128,6271.896907001064,
4747,short,149.51119199758978,128,6277.690978997271,
4755,short,141.9205759993929,128,6272.036639998987,
4756,short,139.08410300064133,128,6269.559156000469,
4754,short,147.76219299892546,128,6276.631834,
4758,short,138.26075600081822,128,6271.533728999202,
4759,short,138.0311350003467,128,6271.620741001243,
4760,short,137.87051400140626,128,6271.668984001735,
4761,short,137.62558699818328,128,6271.620306997647,
4762,short,137.0859940034279,128,6271.273170001223,
4763,short,138.01008700102102,128,6271.618323000439,
4764,short,136.96696500119288,128,6271.605655001622,
4765,short,136.37739499972668,128,6271.232455001154,
4766,short,136.53501899898401,128,6271.583534999081,
4767,short,136.20144599917694,128,6271.434772999783,
4768,short,136.10249599878443,128,6271.551005000219,
4757,short,141.53676299974904,128,6276.89733799707,
4769,short,146.55702600066434,128,6272.2242640011245,
4770,short,146.1187719978625,128,6272.062019997975,
4771,short,145.98979299989878,128,6272.170719003043,
4772,short,145.80829499755055,128,6272.175799000252,
4773,short,145.62725799987675,128,6272.1743490001245,
4774,short,145.4485000031127,128,6272.174606001499,
4775,short,146.33689200127264,128,6271.960542999295,
4776,short,136.60005100246053,128,6271.980142999382,
4778,short,133.83137500204612,128,6270.7783930018195,
4779,short,134.05585699729272,128,6271.470022998983,
4780,short,134.21372799712117,128,6271.896187998209,
4781,short,134.03234300130862,128,6271.921496998402,
4782,short,133.8542730009067,128,6271.927623998636,
4783,short,133.64758700117818,128,6271.898922001128,
4784,short,133.49580500289449,128,6271.934426000371,
4785,short,133.32075300058932,128,6271.936843000731,
4786,short,133.14528800037806,128,6271.937602999969,
4787,short,132.8063930013741,128,6272.671311999147,
4788,short,132.61250000141445,128,6272.140484001284,
4789,short,132.47679399864865,128,6272.189617000549,
4790,short,131.40571799885947,128,6271.275117000187,
4777,short,138.35671700144303,128,6278.5413390010945,
4792,short,137.23666099758702,128,6270.143777997873,
4793,short,137.03303600050276,128,6270.243833001587,
4794,short,135.89793699793518,128,6269.308000999445,
4795,short,135.34725499994238,128,6268.99406099983,
4796,short,135.5492039983801,128,6269.426247999945,
4797,short,135.36523999937344,128,6269.440709998889,
4798,short,135.18230100089568,128,6269.439391999185,
4799,short,134.91193899972131,128,6269.345523000084,
4791,short,138.46423100039829,128,6273.09145199979,
4800,short,154.45894000004046,128,6271.254029001284,
4802,short,136.7184169976099,128,6270.114880000619,
4803,short,136.96529699882376,128,6271.051023999462,
4804,short,136.89540000268607,128,6271.1552340006165,
4805,short,136.46436899944092,128,6270.888863000437,
4806,short,135.390635998192,128,6271.135819999472,
4807,short,135.17502600006992,128,6271.124009999767,
4808,short,135.1531780019286,128,6271.13887700034,
4809,short,134.9703039995802,128,6271.135469000001,
4810,short,134.81487999888486,128,6271.128847998625,
4811,short,134.65989800170064,128,6271.123924998392,
4812,short,134.39041200035717,128,6271.020771997428,
4813,short,134.3846099989605,128,6271.0119699986535,
4814,short,134.56724600109737,128,6270.923443000356,
4815,short,132.40412099912646,128,6270.802620998438,
4816,short,132.67425899903174,128,6271.115212999575,
4817,short,132.50020099803805,128,6270.667852997576,
4801,short,138.65196100232424,128,6278.290066002228,
4819,short,135.3435189994343,128,6271.87770999808,
4820,short,135.15275100144208,128,6271.947274002741,
4821,short,134.97113199991873,128,6271.965452000586,
4822,short,134.79174799795146,128,6271.963195998978,
4823,short,133.79592099954607,128,6271.142977999261,
4824,short,133.6261460019159,128,6271.124565002538,
4825,short,133.42555300187087,128,6271.854096001334,
4826,short,133.24358200043207,128,6271.884241003136,
4827,short,133.1388930011599,128,6271.884670000873,
4828,short,134.01552099821856,128,6271.928055000899,
4829,short,133.80881899865926,128,6271.897488997638,
4830,short,133.600002998719,128,6271.8660029968305,
4831,short,131.49547500142944,128,6269.9374000003445,
4818,short,138.43940700098756,128,6277.374923000025,
4833,short,137.2188549976272,128,6271.282971996698,
4834,short,136.94895800290396,128,6272.389581001335,
4835,short,136.76722099990002,128,6272.495748002257,
4837,short,137.02271999864024,128,6272.2253130014,
4836,short,137.25550399976783,128,6272.69220800008,
4838,short,136.11601000229712,128,6272.459939002147,
4839,short,135.3628340002615,128,6271.930948998488,
4840,short,135.79267600289313,128,6272.5415420027275,
4841,short,134.99342300201533,128,6272.575711001991,
4842,short,134.81272199715022,128,6272.577158997592,
4832,short,139.74870499805547,128,6277.325415998348,
4844,short,145.998777999921,128,6271.164882997255,
4845,short,145.96175199767458,128,6271.444052999868,
4846,short,145.7786130013119,128,6271.594722002192,
4847,short,145.51037599812844,128,6271.795606000524,
4848,short,144.39046300321934,128,6271.223717001703,
4849,short,142.99318900157232,128,6270.240886002284,
4843,short,146.25294899815344,128,6277.768247997301,
4851,short,141.59869099967182,128,6271.713985002862,
4852,short,138.7778949974745,128,6268.94691599955,
4850,short,147.05218599920045,128,6278.682010000921,
4854,short,138.36681500106351,128,6271.9319600000745,
4855,short,138.1230469996808,128,6272.0479980016535,
4856,short,137.961553002242,128,6272.256064999965,
4857,short,137.7186170029745,128,6272.320740001305,
4858,short,137.18850499935797,128,6272.239968999202,
4859,short,137.2290539984533,128,6272.674751999148,
4860,short,137.04113600033452,128,6272.854260001623,
4861,short,136.50007199976244,128,6272.611314998358,
4862,short,136.6470909997588,128,6273.799145001249,
4863,short,136.3085589982802,128,6273.7599259999115,
4864,short,135.58768399889232,128,6278.255868000997,
4853,short,141.0234480026702,128,6284.108962001483,
4866,short,146.41556400238187,128,6273.334879002505,
4867,short,146.10366199849523,128,6273.263945000508,
4868,short,145.98953899985645,128,6273.38898099697,
4869,short,145.81090100182337,128,6273.397284003295,
4870,short,145.6310930007021,128,6273.396421001962,
4865,short,147.46284300053958,128,6275.196301998221,
4871,short,144.03032200061716,128,6272.086658002081,
4872,short,137.6444920024369,128,6272.975732001214,
4874,short,133.97670799895423,128,6271.893116998399,
4875,short,134.28260200089426,128,6272.468866001873,
4876,short,134.4367499987129,128,6272.840105000796,
4877,short,134.2533730021387,128,6272.848119002447,
4878,short,134.07434499822557,128,6272.848755997984,
4879,short,133.86158299908857,128,6272.84650099682,
4880,short,133.73767099983525,128,6272.892413999216,
4881,short,133.56388900137972,128,6272.908027000085,
4882,short,132.48952100184397,128,6272.007317002135,
4883,short,132.04825800130493,128,6271.779771002912,
4884,short,131.94035199921927,128,6272.693244998663,
4885,short,131.80543699854752,128,6272.775065997848,
4886,short,130.91265899856808,128,6272.039807998226,
4873,short,138.42494799973792,128,6279.417357000057,
4888,short,139.56783300091047,128,6274.068349001027,
4889,short,139.3705510017753,128,6274.18519999992,
4890,short,139.01438500033692,128,6274.026079001487,
4891,short,138.50749699849985,128,6273.7152019981295,
4892,short,138.69257300029858,128,6274.073322998447,
4893,short,138.51215700196917,128,6274.079688999336,
4894,short,138.33480899847928,128,6274.082866999379,
4895,short,138.05348499954562,128,6273.968066001544,
4887,short,140.66666800135863,128,6276.717519001977,
4896,short,154.28496800086577,128,6273.358925001958,
4898,short,137.78906100196764,128,6272.974309002166,
4899,short,139.3057069981296,128,6273.990123998374,
4900,short,139.87882099900162,128,6274.0867600005,
4901,short,139.5637159985199,128,6273.836732998461,
4902,short,136.24544499907643,128,6274.049075000221,
4903,short,136.09290900058113,128,6274.023319998378,
4904,short,136.53404599972419,128,6274.051864002104,
4905,short,136.41688699863153,128,6274.054542998783,
4906,short,136.37515200025518,128,6274.0561140017235,
4907,short,136.31693099887343,128,6274.040461998084,
4908,short,136.1634579989186,128,6274.361981999391,
4909,short,137.14750000144704,128,6274.392985000304,
4910,short,137.1566529996926,128,6273.577235999255,
4911,short,134.10174599994207,128,6274.275993000629,
4912,short,135.8650399997714,128,6274.628185998154,
4913,short,135.83223699970404,128,6274.251688999357,
4897,short,140.4474980008672,128,6281.81415400104,
4915,short,135.31601700015017,128,6274.863209000614,
4916,short,135.19212800019886,128,6275.056053000299,
4917,short,135.07446099902154,128,6275.090605002333,
4918,short,134.95694800076308,128,6275.102539999352,
4919,short,134.80696199985687,128,6275.080565999815,
4920,short,134.09175100241555,128,6274.360745999729,
4921,short,133.9548560026742,128,6274.341999000171,
4922,short,133.83583500035456,128,6275.20039799856,
4923,short,133.75032600015402,128,6275.1938280016475,
4924,short,133.78166699840222,128,6275.212108997948,
4925,short,133.6291989973688,128,6275.185993999912,
4926,short,133.53199400080484,128,6275.16599700175,
4927,short,132.08339999982854,128,6273.747772997012,
4914,short,141.12725899758516,128,6280.83891499773,
4929,short,137.3868910013698,128,6271.276452000166,
4930,short,137.28405999790994,128,6272.453628000221,
4931,short,137.2271459986223,128,6272.6103579989285,
4928,short,141.39409299968975,128,6274.825955999404,
4933,short,139.13070900161983,128,6272.542851002072,
4932,short,139.35268700151937,128,6273.049580002407,
4934,short,136.76029999987804,128,6272.748070001398,
4935,short,136.0547320000478,128,6272.671935999824,
4936,short,138.00624100258574,128,6272.847160002129,
4937,short,135.85117800175794,128,6272.852650999994,
4938,short,135.4992119995586,128,6272.637490001216,
4940,short,153.3888490012032,128,6272.489983999549,
4941,short,153.2744639989687,128,6272.832844999357,
4942,short,152.8675640001893,128,6272.612343000219,
4943,short,152.31981100077974,128,6272.30965200215,
4944,short,151.90463699764223,128,6272.163580997585,
4945,short,148.6233750001702,128,6270.007373997942,
4939,short,155.04403499653563,128,6277.251430998149,
4947,short,143.43979399927775,128,6273.062008996931,
4948,short,137.74046400067164,128,6267.791723999835,
4946,short,146.38821200060192,128,6276.55197599961,
4950,short,139.37394299864536,128,6272.053014999983,
4951,short,138.9803860001848,128,6271.971652000502,
4952,short,138.6919550022867,128,6271.890421001444,
4953,short,138.20095199844218,128,6271.625987999869,
4954,short,136.7405629971472,128,6270.371863000037,
4955,short,137.40923200020916,128,6271.390218000306,
4956,short,137.14864299981855,128,6271.347992998926,
4957,short,135.79212500189897,128,6270.160391002719,
4958,short,135.8369820009102,128,6270.408573000168,
4959,short,130.50172899966128,128,6265.2649199990265,
4960,short,129.7986450008466,128,6264.730887000042,
4949,short,142.43396999881952,128,6277.37346199865,
4962,short,145.77288200234761,128,6270.88835700124,
4963,short,145.46362100008992,128,6270.8188540018455,
4964,short,145.3446530031215,128,6270.928863003064,
4965,short,145.1669790003507,128,6270.934529002261,
4966,short,144.6282870019786,128,6270.574382000632,
4961,short,146.52610999837634,128,6272.7172459999565,
4967,short,147.53751000171178,128,6272.863158999826,
4968,short,135.76394399933633,128,6270.629086000554,
4970,short,134.2889119987376,128,6271.046935999038,
4971,short,134.36483099940233,128,6271.8182999997225,
4972,short,135.24013999995077,128,6272.221138999157,
4973,short,135.06743399921106,128,6272.236106997298,
4974,short,134.86030500280322,128,6272.20864100309,
4975,short,134.6289169996453,128,6272.156201001053,
4976,short,134.47285900110728,128,6272.185439000168,
4977,short,134.29670500045177,128,6272.189131999767,
4978,short,134.0808749991993,128,6272.192323001946,
4979,short,132.90739100193605,128,6271.204710999882,
4980,short,132.78188500044052,128,6273.3018929975515,
4981,short,132.64436000099522,128,6273.399131001497,
4982,short,131.55875599841238,128,6272.473794000689,
4969,short,138.23922000301536,128,6279.448356002831,
4984,short,137.08984500044608,128,6272.309124000458,
4985,short,136.89432699902682,128,6272.405452000385,
4986,short,136.56236699898727,128,6272.272217000136,
4987,short,136.12535500215017,128,6272.039422001399,
4988,short,136.2977589997172,128,6272.373323001375,
4989,short,136.11678600136656,128,6272.419783999794,
4990,short,135.9400450019166,128,6272.4276580011065,
4991,short,135.73109099888825,128,6272.393947998353,
4983,short,138.3123030027491,128,6275.184296002408,
4992,short,155.94120899913833,128,6278.783858000679,
4994,short,136.02461399932508,128,6271.356199998991,
4995,short,136.24725400222815,128,6272.478458002297,
4996,short,136.17592900118325,128,6272.573127000214,
4997,short,135.7829659973504,128,6272.347407997586,
4998,short,134.75016899974435,128,6272.5857900004485,
4999,short,134.54333099798532,128,6272.5640930002555,
5000,short,134.54504100081977,128,6272.598806001042,
5001,short,134.36845900287153,128,6272.613568002271,
5002,short,134.21791500149993,128,6272.619045001193,
5003,short,133.63062899952638,128,6272.185827998328,
5004,short,133.34667799790623,128,6272.0526559969585,
5005,short,133.31974200264085,128,6272.079674999986,
5006,short,132.6480729985633,128,6271.15909299755,
5007,short,131.1995329997444,128,6271.846855001058,
5008,short,131.25747500089346,128,6271.997485000611,
5009,short,130.9963109997625,128,6271.463447999849,
4993,short,137.83569700171938,128,6279.795460002788,
5011,short,133.68897100008326,128,6270.750815998326,
5012,short,133.48802700056694,128,6270.847218002018,
5013,short,133.30477499766857,128,6270.867084000201,
5014,short,133.12502400003723,128,6270.866495000519,
5015,short,132.9026219973457,128,6270.817913999053,
5016,short,132.77776500035543,128,6271.916075002082,
5017,short,131.73683100103517,128,6271.101420003106,
5018,short,131.5251440028078,128,6271.075702003145,
5019,short,131.35483500082046,128,6271.060856000986,
5020,short,132.16257499880157,128,6271.058345999336,
5021,short,131.9561260024784,128,6271.74807800111,
5022,short,131.74664300095174,128,6271.753229000751,
5023,short,129.88816000142833,128,6270.086070999241,
5010,short,137.02485300018452,128,6277.701807997801,
5025,short,137.45009799822583,128,6271.482488999027,
5026,short,137.15769199916394,128,6271.868719999475,
5027,short,136.9865069973457,128,6271.955284999422,
5028,short,137.40150200101198,128,6271.953619001579,
5030,short,136.99194099899614,128,6272.221087998332,
5029,short,137.23969000056968,128,6272.717190000549,
5031,short,135.6094380025752,128,6271.89659600117,
5032,short,135.25506599762593,128,6271.755310997833,
5033,short,135.66707499921904,128,6271.908040998824,
5034,short,134.90267199813388,128,6271.897424998315,
5024,short,139.86185600151657,128,6276.5290979987185,
5036,short,145.7194350005011,128,6270.59768899926,
5037,short,145.68473100007395,128,6270.968393000658,
5038,short,145.4992159997346,128,6270.958345001418,
5039,short,145.23062299849698,128,6270.956896001735,
5040,short,144.1039239980455,128,6271.076682998682,
5041,short,142.66480099831824,128,6269.899100996554,
5035,short,145.94010599830654,128,6275.12773700073,
5043,short,140.80675799777964,128,6271.810909998749,
5044,short,138.6175549996551,128,6270.063219999429,
5042,short,146.05157199912355,128,6276.118908001081,
5046,short,137.73782000134815,128,6273.136642001191,
5047,short,137.50840799912112,128,6273.198426999443,
5048,short,137.30342900089454,128,6273.200769999676,
5049,short,137.0507119972899,128,6273.132767997595,
5050,short,135.67153100302676,128,6271.989493001456,
5051,short,136.43610500002978,128,6273.255819000042,
5052,short,136.27744799669017,128,6273.363039999822,
5053,short,135.72946000203956,128,6273.041049000312,
5045,short,139.6626780006045,128,6277.171175999683,
5054,short,135.8652950002579,128,6273.560000001453,
5055,short,135.56713400248555,128,6273.439448999852,
5056,short,134.90787599948817,128,6272.95569999842,
5058,short,148.22275400001672,128,6274.406545002421,
5059,short,147.92538699839497,128,6274.373533000471,
5060,short,147.81021999806399,128,6274.4974000015645,
5061,short,147.6316729967948,128,6274.519733997295,
5062,short,147.07110300150816,128,6274.143325001205,
5057,short,149.1562340015662,128,6276.253323001583,
5063,short,147.07961499880184,128,6276.6391030017985,
5064,short,137.30139900144422,128,6278.092314001697,
5066,short,133.00484899809817,128,6271.12429099725,
5067,short,133.14052799978526,128,6271.662543000275,
5068,short,133.2590669990168,128,6272.933518997888,
5069,short,133.07447099941783,128,6273.063396998623,
5070,short,132.89435299884644,128,6273.181806001958,
5071,short,132.68158400023822,128,6273.2829689994105,
5072,short,132.52306600043084,128,6273.4898700000485,
5073,short,132.30250799824717,128,6273.564222999994,
5074,short,132.1165769986692,128,6273.6676019994775,
5075,short,129.74910000048112,128,6271.579977001238,
5076,short,130.2279580013419,128,6272.104988998763,
5077,short,130.09307799802627,128,6272.39970699884,
5078,short,129.35235899931286,128,6271.933366999292,
5065,short,136.98456100246403,128,6282.6367630004825,
5080,short,135.60924300327315,128,6270.802242001082,
5081,short,135.41277299736976,128,6270.920776998537,
5082,short,135.09900999997626,128,6270.811255002627,
5083,short,134.68739499876392,128,6270.604616998753,
5079,short,136.4562630005821,128,6272.572212001251,
5084,short,134.8228549977648,128,6271.120669000084,
5085,short,134.64027500231168,128,6271.113916998729,
5086,short,134.46889700207976,128,6271.115034000104,
5087,short,134.02072499957285,128,6270.839824999712,
5088,short,149.74483900004998,128,6272.56263000163,
5090,short,134.52363400210743,128,6281.365967002785,
5091,short,134.67531200149097,128,6282.439706999867,
5092,short,134.87274500221247,128,6282.5485930006835,
5093,short,134.47372399969026,128,6282.321745002264,
5094,short,133.2586780008569,128,6282.556993999606,
5095,short,133.03683900085161,128,6282.520799999475,
5096,short,133.01461700029904,128,6282.550193998759,
5097,short,132.8341560001718,128,6282.546694001212,
5098,short,132.67683599769953,128,6282.546491998801,
5099,short,132.52443700184813,128,6282.550930998696,
5100,short,132.22392800162197,128,6282.402364999143,
5101,short,132.39204400088056,128,6282.40033900147,
5102,short,131.49967400022433,128,6281.516225000814,
5103,short,130.05545499981963,128,6282.107700000779,
5104,short,130.53216800108203,128,6282.465244999912,
5105,short,130.03821299935225,128,6281.932337999024,
5089,short,136.11190499796066,128,6289.714391998132,
5107,short,135.14440599828959,128,6279.503801997635,
5108,short,134.94947999788565,128,6279.757476997474,
5109,short,134.7716540003603,128,6279.883390001487,
5110,short,134.59740899997996,128,6279.995722001331,
5111,short,133.31629399908707,128,6279.00344599766,
5112,short,133.1471510020492,128,6279.161818001739,
5113,short,132.95968000238645,128,6279.262429001392,
5114,short,132.78891799927806,128,6279.366451999522,
5115,short,132.62875299915322,128,6279.465708998032,
5116,short,132.7093860018067,128,6278.853894000349,
5117,short,132.46909600275103,128,6278.8898770013475,
5118,short,132.25159799912944,128,6279.023044000496,
5119,short,130.37582799734082,128,6277.58473999711,
5106,short,138.09640099862008,128,6289.272559999517,
5121,short,138.3982629995444,128,6276.683846997912,
5122,short,138.1659660000878,128,6277.645471000142,
5123,short,138.0056269990746,128,6277.758860000176,
5124,short,137.9178810020676,128,6277.223524000874,
5126,short,137.5321109990182,128,6276.981896997313,
5125,short,137.74150399694918,128,6277.418864996434,
5127,short,136.6451700014295,128,6277.155386000231,
5128,short,136.33095199838863,128,6277.524090000952,
5120,short,140.04472000306123,128,6280.915264000214,
5129,short,136.80822999958764,128,6277.923412999371,
5130,short,135.9530010013259,128,6277.8783069989,
5132,short,148.2374240003992,128,6279.199447002611,
5133,short,148.20453699940117,128,6279.648128998815,
5134,short,147.99729399965145,128,6279.683173001104,
5135,short,146.7391670012148,128,6278.70825500213,
5136,short,146.49133199782227,128,6279.632211997523,
5137,short,145.47503699941444,128,6278.862928000308,
5131,short,149.6500899993407,128,6283.711795997078,
5139,short,144.3717980000656,128,6277.970320999884,
5140,short,141.5372000010393,128,6275.693237999803,
5138,short,146.29956299904734,128,6281.848250997427,
5142,short,138.91902600153117,128,6278.554059001181,
5143,short,138.75096700212453,128,6278.593450999324,
5144,short,138.70522999786772,128,6278.652115997829,
5145,short,138.47826700293808,128,6278.55312900283,
5146,short,137.18300700202235,128,6277.275922002445,
5147,short,138.13398799902643,128,6278.4929829977045,
5148,short,138.04281999910017,128,6278.517496997665,
5149,short,137.60204799837084,128,6278.245346999029,
5150,short,138.48725999923772,128,6278.545156998007,
5151,short,138.36652700047125,128,6278.590431000339,
5152,short,138.13460899837082,128,6278.486612998677,
5141,short,144.44699899831903,128,6283.802537000156,
5153,short,149.22184600072796,128,6277.947659000347,
5154,short,148.98689199981163,128,6277.983607000351,
5155,short,148.67135099848383,128,6277.866436998011,
5156,short,148.55247200102895,128,6278.001980001136,
5157,short,148.37200900001335,128,6278.04267999818,
5158,short,147.8470349975396,128,6277.7005639982235,
5159,short,141.73153299998376,128,6273.930290000862,
5160,short,137.6424970003427,128,6273.654577002162,
5162,short,132.61001100181602,128,6276.462460002222,
5163,short,131.83400300113135,128,6275.453423000727,
5164,short,131.8374530019355,128,6276.805060999322,
5165,short,131.5386509995733,128,6276.728387998446,
5166,short,131.22617300177808,128,6276.599142998748,
5167,short,130.83831800031476,128,6276.389193000796,
5168,short,131.2493520017597,128,6276.303443999495,
5169,short,130.96690100064734,128,6276.189052001428,
5170,short,130.68129800012684,128,6276.076602000103,
5171,short,129.88901400240138,128,6275.512075000734,
5172,short,129.55753499772982,128,6275.375456996699,
5173,short,129.30635899829213,128,6275.310614000773,
5174,short,125.81567400047788,128,6271.974404000503,
5161,short,136.67675100077759,128,6283.20608300055,
5176,short,137.80425599907176,128,6278.243657998246,
5177,short,137.60162299877265,128,6278.310318997683,
5178,short,137.2874029984814,128,6278.187854000862,
5179,short,136.86550999773317,128,6277.967966998403,
5175,short,138.64703199942596,128,6279.946689002827,
5180,short,137.0136370023829,128,6278.498932002549,
5181,short,136.83588899948518,128,6278.510306998214,
5182,short,136.66127399847028,128,6278.510289997939,
5183,short,136.48748800187605,128,6278.5108070020215,
5184,short,159.37102699899697,128,6267.394221998984,
5186,short,131.69374399876688,128,6263.292174000526,
5187,short,131.82149700151058,128,6264.259456002037,
5188,short,136.55103700148175,128,6264.384361002158,
5189,short,136.16686399836908,128,6264.188302997354,
5190,short,130.40549899960752,128,6264.504112998111,
5191,short,130.19606099987868,128,6264.524494999932,
5192,short,130.18787400142173,128,6264.602847000788,
5193,short,130.00849099989864,128,6264.641793000919,
5194,short,129.82992800243665,128,6264.672854002129,
5195,short,129.6450809968519,128,6264.690722997329,
5196,short,129.37136799882865,128,6264.582624000468,
5197,short,129.55992199931643,128,6264.602357001422,
5198,short,133.29379700007848,128,6264.829288000328,
5199,short,127.28186800086405,128,6264.730130002135,
5200,short,132.3156949983968,128,6265.170160997513,
5201,short,131.90837600268424,128,6264.756517000933,
5185,short,138.79267699667253,128,6272.634136999841,
5203,short,133.77337100246223,128,6266.39047199933,
5204,short,133.47615499878884,128,6266.356118998374,
5205,short,133.19168100133538,128,6266.283664001094,
5206,short,132.90543200128013,128,6266.262450000795,
5207,short,132.52416499744868,128,6266.113715999381,
5208,short,132.32894099928671,128,6266.907199998968,
5209,short,132.0444890006911,128,6266.878738002561,
5210,short,131.75950000004377,128,6266.8120240014105,
5211,short,132.4882869994326,128,6266.746834000514,
5212,short,132.26735499847564,128,6266.685545997461,
5213,short,131.89080899974215,128,6266.52017699962,
5214,short,131.42937999873539,128,6266.289890998451,
5215,short,126.35932199918898,128,6261.458709999715,
5202,short,137.21908400111715,128,6273.036056001729,
5217,short,140.10209499974735,128,6267.4190159996215,
5218,short,139.85364600011962,128,6268.538622000051,
5219,short,139.69086799988872,128,6268.652667000424,
5220,short,140.11311400099657,128,6268.684137001401,
5222,short,139.74905599752674,128,6268.503241997678,
5221,short,139.95648600030108,128,6268.970962999447,
5223,short,138.40431599965086,128,6268.286072998308,
5224,short,138.13927800219972,128,6268.280796000909,
5225,short,138.43935700060683,128,6268.771333001496,
5216,short,142.23859000048833,128,6272.838750999654,
5226,short,138.28014599857852,128,6269.173978998879,
5228,short,147.12604800297413,128,6267.248823001864,
5229,short,146.86154700029874,128,6267.61859600083,
5230,short,146.6256780004187,128,6267.604344000574,
5231,short,145.45218000057503,128,6266.72006300214,
5232,short,145.20707400151878,128,6266.794696002762,
5233,short,144.16256800177507,128,6266.908644000068,
5227,short,147.06965799996397,128,6271.99858899985,
5235,short,142.4060110002756,128,6267.2282089988585,
5236,short,140.1399370006402,128,6265.300785998988,
5234,short,147.5956780013803,128,6270.877703998849,
5238,short,136.94168599977274,128,6266.9870289973915,
5239,short,136.6993920019013,128,6267.057878001651,
5240,short,136.53731500016875,128,6267.172785999719,
5241,short,136.30017400282668,128,6267.166881003504,
5242,short,134.83329199880245,128,6265.957176998199,
5243,short,135.60164700174937,128,6267.291201002081,
5244,short,135.3989930030366,128,6267.330569000478,
5245,short,134.91401599821984,128,6267.069726000045,
5237,short,138.78518699857523,128,6271.214020998741,
5246,short,134.97914199979277,128,6267.6353759998165,
5247,short,134.79470899983426,128,6267.673761001788,
5248,short,133.91556100032176,128,6267.020308998326,
5250,short,143.71782499802066,128,6266.301456998917,
5251,short,143.5423129987612,128,6266.338281999197,
5252,short,143.21506000123918,128,6266.232498001045,
5253,short,143.06106900039595,128,6266.352885002561,
5254,short,142.87943900126265,128,6266.395189999457,
5249,short,144.54293500239146,128,6268.3809570007725,
5255,short,145.04002900139312,128,6268.090812001901,
5256,short,135.92041299853008,128,6267.503038998257,
5258,short,136.23193000239553,128,6268.985644001077,
5259,short,135.42153899834375,128,6268.5047470004065,
5260,short,135.5619440000737,128,6273.9207300001,
5261,short,135.38182500269613,128,6273.950066002726,
5262,short,135.20470999719691,128,6274.0006759995595,
5263,short,134.99923000199487,128,6274.022779001825,
5264,short,134.8493999976199,128,6274.108249999699,
5265,short,134.67483699787408,128,6274.157376999938,
5266,short,134.4444599999406,128,6274.165178001567,
5267,short,134.10504299827153,128,6274.091008999676,
5268,short,134.02013499944587,128,6274.256222997792,
5269,short,133.89016400105902,128,6274.359791001189,
5270,short,133.36286900084815,128,6273.515069999121,
5257,short,139.70456699826173,128,6280.441062997852,
5272,short,139.43643400125438,128,6268.8679919992865,
5273,short,139.2471180006396,128,6268.926439002826,
5274,short,138.93449600072927,128,6268.846122002287,
5275,short,138.53877199653652,128,6268.706071998167,
5276,short,138.6669499988784,128,6269.130847998895,
5277,short,138.48770299955504,128,6269.183276999684,
5278,short,138.31337699957658,128,6269.2364969989285,
5279,short,138.15323900053045,128,6269.281837998278,
5271,short,140.62821900006384,128,6272.03826099867,
5280,short,157.41285100011737,128,6282.910754001932,
5282,short,135.19112599897198,128,6279.3499549989065,
5283,short,135.36893199852784,128,6280.419145998167,
5284,short,135.63769600295927,128,6280.479610002658,
5285,short,135.16337100008968,128,6280.169050998666,
5286,short,133.71895999807748,128,6280.370125998161,
5287,short,133.4682899978361,128,6280.302912000479,
5288,short,133.44030900043435,128,6280.300954000268,
5289,short,133.23383599708905,128,6280.273412998213,
5290,short,133.03404500038596,128,6280.251818003308,
5291,short,132.82340899968403,128,6280.216355000448,
5292,short,132.5481050007511,128,6280.062461999478,
5293,short,131.78756900015287,128,6278.982556999836,
5294,short,131.71405400134972,128,6278.840353003034,
5295,short,129.99840299744392,128,6278.574205996847,
5296,short,130.58931900013704,128,6279.644648999238,
5297,short,129.87600099950214,128,6278.919535001478,
5281,short,136.52666899724863,128,6287.500630998693,
5299,short,134.91702700048336,128,6281.84785600024,
5300,short,134.71541400213027,128,6282.039604000602,
5301,short,134.45495899941307,128,6282.014604999858,
5302,short,134.2288619998726,128,6281.972851997125,
5303,short,133.15115500154207,128,6281.078029998753,
5304,short,132.95335600196267,128,6281.037180000567,
5305,short,132.73792199834133,128,6280.999417998828,
5306,short,132.52195799941546,128,6280.962215998443,
5307,short,133.28255500164232,128,6280.927075000363,
5308,short,133.151590001944,128,6280.892568000127,
5309,short,132.8945429995656,128,6281.876639000984,
5310,short,132.61646600221866,128,6281.869406000624,
5311,short,130.51962800091133,128,6280.009483998583,
5298,short,137.69431099717622,128,6288.085686999693,
5313,short,137.55409099758253,128,6282.135385998117,
5314,short,137.27611300055287,128,6283.421918000386,
5315,short,137.0485400002508,128,6283.495421001135,
5316,short,137.1816119972209,128,6283.467902998382,
5317,short,136.97130099899368,128,6283.432854997955,
5318,short,136.70656599788344,128,6283.35630699803,
5312,short,139.45702699857065,128,6286.334062999231,
5319,short,136.03848500133608,128,6283.481241000118,
5320,short,135.28733600105625,128,6282.965479000268,
5321,short,135.34599199920194,128,6282.976202997816,
5322,short,135.04278199980035,128,6282.895467000344,
5324,short,147.1544010018988,128,6281.389702999149,
5325,short,146.93131900276057,128,6281.993218002754,
5326,short,146.70087799822795,128,6281.991589999961,
5327,short,146.38497800115147,128,6281.942796998919,
5328,short,145.22819900230388,128,6281.068911001057,
5329,short,144.03087300161133,128,6280.128206999507,
5323,short,148.49156300260802,128,6286.103059002926,
5331,short,141.3969220011495,128,6282.388301999163,
5332,short,139.24014900112525,128,6280.723572002898,
5330,short,144.38032999896677,128,6286.2298200016085,
5334,short,137.7621649990033,128,6283.24484499899,
5335,short,137.44562300053076,128,6283.269887997449,
5336,short,137.23035200018785,128,6283.288638001977,
5337,short,136.92171499860706,128,6283.176504999574,
5338,short,135.35905000026105,128,6281.841199997871,
5339,short,135.83708599981037,128,6282.163104999199,
5340,short,135.62087299942505,128,6283.04813199793,
5341,short,135.07456899969839,128,6282.742493000114,
5342,short,135.01457199890865,128,6282.993544999044,
5343,short,134.7847990000446,128,6282.95869700014,
5344,short,134.55201699980535,128,6282.915392999712,
5333,short,139.59874899956048,128,6288.496819001011,
5345,short,151.98756300014793,128,6283.830955999292,
5346,short,151.90220599833992,128,6284.074752999004,
5347,short,151.71423200081335,128,6284.1046749999805,
5348,short,151.37957900151378,128,6283.981489003054,
5349,short,151.2453440009267,128,6284.06849699968,
5350,short,150.61720999801764,128,6283.621229998971,
5351,short,147.6065569986531,128,6285.042978997808,
5352,short,137.2641800007841,128,6284.788266002579,
5354,short,134.36146799722337,128,6283.426834997954,
5355,short,129.30592100019567,128,6279.05224999995,
5356,short,129.307911000069,128,6280.374986999959,
5357,short,129.07099400035804,128,6280.464262999885,
5358,short,128.8350659997377,128,6280.533256998751,
5359,short,128.56648299930384,128,6280.608817000029,
5360,short,128.34858099813573,128,6280.7899819999875,
5361,short,128.10405799973523,128,6280.859604001307,
5362,short,127.82898600198678,128,6280.883317002008,
5363,short,127.42587200045818,128,6280.776960000367,
5364,short,127.64568900092854,128,6281.320371002948,
5365,short,127.45276400164585,128,6281.586308999977,
5366,short,126.14891499833902,128,6286.778133999178,
5353,short,137.5676800016663,128,6298.889861998759,
5368,short,138.146235000022,128,6286.5042250014085,
5369,short,137.90796000103,128,6286.611232000723,
5370,short,137.5295340003504,128,6286.439524999878,
5371,short,136.97774200045387,128,6286.145238002064,
5372,short,136.9427870013169,128,6286.44319200248,
5373,short,136.7076669994276,128,6286.403914997209,
5374,short,136.47995200153673,128,6286.364419000165,
5375,short,135.9297030030575,128,6285.990457003209,
5367,short,138.9974909980083,128,6292.259459998604,
5376,short,154.83771200160845,128,6276.144729003136,
5378,short,136.5607249972527,128,6274.232283998572,
5379,short,136.68474800215336,128,6275.04738800053,
5380,short,136.96744100161595,128,6275.1357690031,
5381,short,136.55944099809858,128,6274.957678997453,
5382,short,135.2796489991306,128,6275.181588000123,
5383,short,135.06519699876662,128,6275.150477998977,
5384,short,135.02949400208308,128,6275.178709998727,
5385,short,134.8501499996928,128,6275.178609997965,
5386,short,134.67178700011573,128,6275.17699999953,
5387,short,134.49412800036953,128,6275.176108003507,
5388,short,134.25142000050982,128,6275.062507000257,
5389,short,134.51504000113346,128,6276.012353999249,
5390,short,134.48501500170096,128,6275.972043000365,
5391,short,132.17833199814777,128,6275.029644999449,
5392,short,132.71988300039084,128,6275.3119570006675,
5393,short,132.34814099996584,128,6274.904385001719,
5377,short,137.9396109987283,128,6282.346824998967,
5395,short,135.75333200060413,128,6274.507452999387,
5396,short,135.5360039997322,128,6274.54341700286,
5397,short,135.35017100002733,128,6274.540888000047,
5398,short,135.16581899966695,128,6274.533874999179,
5399,short,134.9529729995993,128,6274.49430300112,
5400,short,134.8299080018478,128,6275.227317000827,
5401,short,134.6497599988652,128,6275.261619997764,
5402,short,134.46985200062045,128,6275.259935999202,
5403,short,134.31716400009464,128,6275.257045002945,
5404,short,134.07911299873376,128,6274.185964000935,
5405,short,133.81040100284736,128,6274.082052001177,
5406,short,133.58312799755367,128,6274.02537099988,
5407,short,131.7498179996619,128,6272.366809000232,
5394,short,139.18286499756505,128,6280.0102479995985,
5409,short,137.0027850025508,128,6272.118163000414,
5410,short,136.75740200051223,128,6272.47642400107,
5411,short,136.59350499801803,128,6272.535667998454,
5412,short,137.05112200113945,128,6272.537195000041,
5414,short,136.69622399902437,128,6272.365707001882,
5415,short,136.48556699990877,128,6272.369738999259,
5413,short,136.8731620023027,128,6273.497545000282,
5416,short,135.58048000049894,128,6273.0500510006095,
5417,short,135.33768599882023,128,6273.020675002044,
5418,short,135.71050099926651,128,6273.108618999686,
5408,short,139.6804850010085,128,6277.620415999991,
5420,short,147.76273000097717,128,6274.211267998908,
5421,short,147.50236899999436,128,6274.566290998337,
5422,short,147.28526700127986,128,6274.532237002859,
5423,short,147.00005399936344,128,6274.524008000299,
5424,short,146.74016999924788,128,6274.524845000997,
5425,short,144.83741199728684,128,6273.622643999261,
5419,short,149.21081400098046,128,6278.534224999021,
5427,short,141.55971100262832,128,6273.545765001472,
5428,short,139.42790600049193,128,6271.393564999016,
5426,short,147.40831599920057,128,6280.38887799994,
5430,short,138.5352020006394,128,6274.478488998284,
5431,short,138.29881499987096,128,6274.5747009976185,
5432,short,138.13757800016901,128,6274.771078999038,
5433,short,137.8908170008799,128,6274.81438399991,
5434,short,137.35122199796024,128,6274.687592998816,
5435,short,136.58775899966713,128,6275.075609999476,
5436,short,136.39339899964398,128,6275.251856997784,
5437,short,135.91681699836045,128,6275.064689998544,
5429,short,140.444889999344,128,6279.828855000233,
5438,short,136.70673799788347,128,6276.348898998549,
5439,short,136.53081500160624,128,6276.494325000385,
5440,short,135.65088600080344,128,6275.896883998939,
5442,short,155.70953800124698,128,6274.510933999409,
5443,short,155.57305499896756,128,6274.593228998128,
5444,short,155.37992700046743,128,6274.5972289994825,
5445,short,155.06871300021885,128,6274.522056999558,
5446,short,154.98049300003913,128,6274.635311001475,
5441,short,156.84517900081119,128,6276.708368000982,
5447,short,147.94078200065996,128,6275.122929000645,
5448,short,138.67908699830878,128,6274.43887499976,
5450,short,132.84357800148427,128,6270.933797000907,
5451,short,132.14305600195075,128,6270.507552999334,
5452,short,132.17090099715278,128,6270.735081998282,
5453,short,131.87636300062877,128,6270.668293000199,
5454,short,131.5392860014981,128,6270.517420998658,
5455,short,131.12457200259087,128,6270.277892999729,
5456,short,130.8554479983286,128,6270.189646998915,
5457,short,130.5647359986324,128,6270.075108001038,
5458,short,130.27737399897887,128,6269.963978000305,
5459,short,129.4522619973577,128,6270.105129999138,
5460,short,129.7788589981792,128,6269.993044999865,
5461,short,123.32768499982194,128,6263.74021599986,
5462,short,122.24209200212499,128,6262.904252002045,
5449,short,136.99210900085745,128,6277.917614999751,
5464,short,136.47783100168454,128,6273.865816001489,
5465,short,136.33800499883364,128,6274.108499997965,
5466,short,136.0691100016993,128,6274.085258999548,
5467,short,135.9856929993839,128,6274.262816998089,
5468,short,136.99698200070998,128,6275.326350001706,
5469,short,136.874258001626,128,6275.447562002228,
5470,short,136.75184699968668,128,6275.552937000612,
5471,short,133.43893799901707,128,6272.493315998872,
5463,short,139.76945800095564,128,6281.2430129997665,
5472,short,154.15802400093526,128,6276.85313999973,
5474,short,135.85541900101816,128,6277.176686002349,
5475,short,136.19608500084723,128,6278.06291700108,
5476,short,136.15905600090628,128,6278.095055000449,
5477,short,135.77023900143104,128,6277.894517003006,
5478,short,134.56992899955367,128,6278.135960998043,
5479,short,134.36034100232064,128,6278.128295001807,
5480,short,134.29422300032456,128,6278.163153001515,
5481,short,134.11629699839978,128,6278.176490999613,
5482,short,133.93901200106484,128,6278.219657000591,
5483,short,133.7616570017417,128,6278.2357489995775,
5484,short,132.54672699986259,128,6277.158673998201,
5485,short,132.7615659974981,128,6277.112842999486,
5486,short,132.70882199867629,128,6277.8804449990275,
5487,short,131.26276100229006,128,6277.790090000053,
5488,short,131.8001510007889,128,6278.108353999414,
5489,short,131.43503999890527,128,6277.732570000808,
5473,short,138.09491700158105,128,6285.285702000692,
5491,short,134.90875299976324,128,6277.754570997786,
5492,short,134.83129299856955,128,6277.833341999212,
5493,short,134.71574900177075,128,6278.45934600191,
5494,short,134.5976789998531,128,6278.493527999672,
5495,short,133.7268489987764,128,6277.748819000408,
5496,short,133.7343739978678,128,6277.74933499677,
5497,short,133.623064000858,128,6277.763689999119,
5498,short,133.5015119984746,128,6277.762630998041,
5499,short,133.45588100128225,128,6277.762279001763,
5500,short,133.48506400143378,128,6277.762613000959,
5501,short,133.33521599997766,128,6277.7459179997095,
5502,short,133.2354359983583,128,6277.7202269971895,
5503,short,131.75190599940834,128,6276.262991999829,
5490,short,140.51026399829425,128,6283.396156999515,
5505,short,139.79311599905486,128,6276.702713999839,
5504,short,142.9731050011469,128,6279.085320002196,
5506,short,139.749091998965,128,6278.467608000938,
5507,short,139.69354400251177,128,6278.842835003161,
5508,short,141.66783899781876,128,6278.929176998645,
5511,short,140.70008500129916,128,6278.042680001818,
5510,short,140.8828710009402,128,6278.601360998437,
5509,short,141.50512899868772,128,6279.597329998069,
5512,short,138.31048000065493,128,6278.81944100227,
5513,short,138.16852499803645,128,6278.977368998312,
5514,short,139.4593650002207,128,6278.813356999308,
5516,short,151.91842499916675,128,6276.285189996997,
5517,short,151.7105509992689,128,6276.680918999773,
5518,short,151.47867199993925,128,6276.6393380006775,
5519,short,151.21769000325003,128,6276.620634002029,
5520,short,150.21167200029595,128,6275.8766199985985,
5521,short,149.3315719999373,128,6276.018524000392,
5515,short,153.18986100101029,128,6280.9421670026495,
5523,short,143.14592799928505,128,6277.011884001695,
5524,short,137.63997200294398,128,6271.823446000781,
5522,short,147.70085100099095,128,6280.681279000419,
5526,short,137.90149299893528,128,6277.136038999743,
5527,short,137.51808699817047,128,6277.127711997309,
5528,short,137.25059699936537,128,6277.233341999818,
5529,short,136.78564300062135,128,6277.072641001723,
5530,short,135.32194799699937,128,6276.0382239976025,
5531,short,135.97116399978404,128,6277.158406999661,
5532,short,135.70646200241754,128,6277.261148999969,
5533,short,134.55639699895983,128,6276.39822600031,
5534,short,134.51000200075214,128,6277.315215000272,
5535,short,134.18378999995184,128,6277.293635997921,
5536,short,133.89100899803452,128,6277.287593999063,
5525,short,140.38133500071126,128,6287.883788001636,
5538,short,144.85807300297893,128,6277.788344999863,
5537,short,145.1880530003109,128,6278.403200001776,
5539,short,144.75839999795426,128,6278.134222000517,
5540,short,144.54550599839422,128,6278.1092779987375,
5541,short,144.24913700349862,128,6278.003887000523,
5542,short,143.81049100120435,128,6277.835797998705,
5543,short,152.58377499776543,128,6277.2750570002245,
5544,short,134.50528199973633,128,6277.903407997655,
5546,short,133.34612600010587,128,6278.70596700086,
5547,short,133.55943199712783,128,6279.352030000155,
5548,short,133.67644399841083,128,6279.698548998567,
5549,short,133.49072900018655,128,6279.70764100246,
5550,short,133.313680998981,128,6279.711863000557,
5551,short,133.10856699899887,128,6279.68489200066,
5552,short,132.95541999832494,128,6279.715623000811,
5553,short,132.7784300010535,128,6279.718099998718,
5554,short,131.8095930000709,128,6278.925358001288,
5555,short,132.0605399996566,128,6279.571948001831,
5556,short,131.97436899645254,128,6279.71463099675,
5557,short,131.74550799885765,128,6279.734203999396,
5558,short,131.02407599944854,128,6279.220966996945,
5545,short,137.40726300238748,128,6286.009307001223,
5560,short,135.38168699960806,128,6276.832130999537,
5561,short,135.0817590027873,128,6276.967695001076,
5562,short,134.3741320015397,128,6276.56144499997,
5563,short,133.23976599713205,128,6276.020465997135,
5559,short,136.34704800278996,128,6280.101120999461,
5564,short,133.25823199920706,128,6277.330477001669,
5565,short,132.97452200276894,128,6277.340078002453,
5566,short,132.66482199833263,128,6277.3141889992985,
5567,short,129.41315100033535,128,6274.341516000277,
5568,short,155.38467100122944,128,6277.757352003391,
5570,short,134.4353360000241,128,6278.12787700168,
5571,short,134.59108100141748,128,6278.651118998823,
5572,short,134.58000600076048,128,6278.863440998975,
5573,short,134.1753909982799,128,6278.74545099985,
5574,short,133.16613500137464,128,6282.645666000462,
5575,short,132.94135000251117,128,6282.66589100167,
5576,short,132.873821999965,128,6282.710231000237,
5577,short,132.65298499754863,128,6282.677466999303,
5578,short,132.46148100006394,128,6282.669985001121,
5579,short,132.2811999998521,128,6282.671740998921,
5580,short,132.04234599834308,128,6282.580833998509,
5581,short,131.24258999960148,128,6281.762766997417,
5582,short,131.14452400259324,128,6281.652131001465,
5583,short,129.90494200130343,128,6281.513157002337,
5584,short,130.23153500034823,128,6281.84231799969,
5585,short,129.7929270003806,128,6281.182105998596,
5569,short,136.51754799866467,128,6289.0253129990015,
5587,short,134.3672679977317,128,6280.06390599694,
5588,short,133.56927600034396,128,6279.784529000608,
5589,short,133.36550500025623,128,6279.904579001595,
5590,short,133.18714599881787,128,6280.020766000234,
5591,short,132.9719710010977,128,6280.121438001515,
5592,short,132.83754500298528,128,6280.339743003424,
5593,short,132.66328900135704,128,6280.464532999758,
5594,short,132.4881210020976,128,6280.586185002903,
5595,short,133.2520339965413,128,6280.724120999366,
5596,short,133.12860999940312,128,6280.88169900002,
5597,short,132.92451000233996,128,6280.978319002315,
5598,short,132.71722700301325,128,6281.139694001467,
5599,short,130.7169169995177,128,6279.574953001429,
5586,short,137.56684300096822,128,6289.438045001589,
5601,short,139.10594600019976,128,6278.6087799977395,
5600,short,143.27486000183853,128,6282.53167100047,
5602,short,141.54615000006743,128,6280.791473000136,
5603,short,138.42838200071128,128,6280.453981999017,
5604,short,138.26465900274343,128,6280.691818003106,
5605,short,140.37467499656486,128,6280.860043996654,
5608,short,139.40722000188543,128,6280.080906999501,
5607,short,139.8208020000311,128,6280.761300000449,
5606,short,140.09779700063518,128,6281.2973049985885,
5609,short,136.741827998776,128,6280.349939999724,
5610,short,136.3278810022166,128,6280.106599002465,
5612,short,153.8146279999637,128,6278.5524999999325,
5613,short,153.6058649980987,128,6278.957456997887,
5614,short,153.4111250002752,128,6278.989819998969,
5615,short,153.1406730027811,128,6280.123412001558,
5616,short,152.12622500257567,128,6279.4961239997065,
5617,short,150.6467840008554,128,6278.285789001529,
5611,short,154.9642860009044,128,6283.353169001202,
5619,short,143.71557499907794,128,6276.099893002538,
5620,short,141.20312399973045,128,6274.012853999011,
5618,short,148.83167299922206,128,6280.017130997294,
5622,short,138.5944500034384,128,6275.120610000158,
5623,short,138.2008489999862,128,6275.0130419990455,
5624,short,137.92065599773196,128,6274.9836669972865,
5625,short,137.44530199983274,128,6274.728743999731,
5626,short,135.9749310031475,128,6273.49838200098,
5627,short,136.63687900043442,128,6273.7522200004605,
5628,short,136.37374400059343,128,6273.732543999358,
5629,short,135.1576439992641,128,6272.737977000361,
5630,short,135.10116399993422,128,6273.813355001039,
5631,short,134.81599900114816,128,6273.7643950022175,
5632,short,130.22485699912068,128,6269.401600999117,
5621,short,141.40323500032537,128,6280.7203749980545,
5634,short,146.76865699948394,128,6274.784356999589,
5635,short,146.47091000006185,128,6274.703759001568,
5636,short,146.36622500256635,128,6274.83198399932,
5637,short,146.20933100013644,128,6274.906370999815,
5638,short,145.87015899815015,128,6274.825889999192,
5633,short,147.6536699992721,128,6277.0638820002205,
5639,short,148.3034350021626,128,6275.047307000932,
5640,short,137.50600599814788,128,6275.114833999396,
5642,short,133.09182299781241,128,6277.277124998363,
5643,short,133.2313509992673,128,6277.836414999911,
5644,short,133.34690500050783,128,6279.1397430009965,
5645,short,133.16497300183983,128,6279.268030000821,
5646,short,132.99738999921829,128,6279.3829109978105,
5647,short,132.78947299841093,128,6279.461969999829,
5648,short,133.28471800195985,128,6279.6654400008265,
5649,short,133.11734500166494,128,6279.781659999571,
5650,short,132.08884800042142,128,6279.038204000244,
5651,short,131.7094879996148,128,6278.9449480005715,
5652,short,131.55253299919423,128,6279.47314499761,
5653,short,131.36752500213333,128,6279.724268999416,
5654,short,130.32024700078182,128,6281.018536999909,
5641,short,136.9284910033457,128,6288.017383001716,
5656,short,134.9569550002343,128,6274.943937001808,
5657,short,134.65710899981786,128,6274.981599999592,
5658,short,133.94686299943714,128,6274.480305000907,
5659,short,132.7845560008427,128,6273.533564999525,
5660,short,132.7452329969674,128,6273.706317999313,
5661,short,132.45262900090893,128,6273.611344000528,
5662,short,132.16833700062125,128,6273.5052360003465,
5663,short,131.8901119993825,128,6273.403301998769,
5655,short,136.22611400205642,128,6277.93715900043,
5664,short,159.42676399936317,128,6278.7584500001685,
5666,short,135.32691900036298,128,6275.41262700106,
5667,short,135.71338100155117,128,6276.2342450005235,
5668,short,135.67327900091186,128,6276.275457999873,
5669,short,131.5981389998342,128,6272.36982300019,
5670,short,130.07531999755884,128,6272.542958999111,
5671,short,129.8563810014457,128,6272.5037220006925,
5672,short,129.81734200002393,128,6272.542359001818,
5673,short,129.6402929983742,128,6272.547860997292,
5674,short,129.46284300051047,128,6272.54786100093,
5675,short,129.26182099909056,128,6272.519893998833,
5676,short,129.01520999730565,128,6272.3901069985,
5677,short,129.42410199684673,128,6272.381877999578,
5678,short,129.42801999815856,128,6272.3533129974385,
5679,short,127.74150399854989,128,6273.0318309986615,
5680,short,128.4813860002032,128,6273.380376002024,
5681,short,127.8932969980815,128,6272.81104499707,
5665,short,137.39488999999594,128,6283.360121000442,
5683,short,130.5706220009597,128,6276.679513001,
5684,short,130.25737199859577,128,6276.6580099996645,
5685,short,129.9687319988152,128,6276.567156997771,
5686,short,129.65689299744554,128,6276.432498998474,
5687,short,129.25983899913263,128,6276.206384001853,
5688,short,129.02616299834335,128,6276.802537999174,
5689,short,128.731772001629,128,6276.719443001639,
5690,short,128.41166199723375,128,6276.579063000099,
5691,short,129.15746600265265,128,6276.421524002217,
5692,short,128.94342300205608,128,6276.297385000362,
5693,short,128.5487370005285,128,6276.0973129989,
5694,short,128.08031699751155,128,6275.825407999946,
5695,short,123.62089399903198,128,6271.58405499722,
5682,short,133.51694700031658,128,6282.849729999725,
5697,short,132.38840100166271,128,6272.100082001998,
5698,short,132.566873999167,128,6272.574293001526,
5699,short,132.36639599927003,128,6272.586237999349,
5700,short,131.3577209984942,128,6272.274999999354,
5701,short,130.91971399990143,128,6272.153746998811,
5702,short,131.10394300019834,128,6272.749572999601,
5705,short,130.41831199734588,128,6272.25388000079,
5704,short,130.66816900027334,128,6272.768184000597,
5703,short,130.8820009980991,128,6273.2492169998295,
5706,short,129.64945899875602,128,6272.692807000567,
5696,short,135.30547299887985,128,6278.756735999195,
5708,short,144.89625499845715,128,6274.709879999136,
5709,short,144.65138300147373,128,6275.205661000655,
5710,short,143.29813299991656,128,6274.127649998263,
5711,short,142.91410999794607,128,6274.042383000051,
5712,short,142.64500200079056,128,6274.097221001284,
5713,short,141.6028669991647,128,6274.280114997964,
5707,short,144.587678998505,128,6279.420148999634,
5715,short,141.92253399960464,128,6278.651335000177,
5716,short,139.4929609996325,128,6276.341713997681,
5714,short,147.15625300232205,128,6286.820297002123,
5718,short,138.62403000166523,128,6282.266944999719,
5719,short,138.35474599909503,128,6282.417753998743,
5720,short,138.14680299765314,128,6282.612760998745,
5721,short,137.8523179992044,128,6282.678964998922,
5722,short,137.22706399857998,128,6282.517227999051,
5723,short,137.74719000139157,128,6283.796136001911,
5724,short,137.53389200064703,128,6283.976841001277,
5725,short,136.1462050008413,128,6282.894492000196,
5726,short,136.0649160014873,128,6283.794207000028,
5727,short,135.8297170008882,128,6283.872138003062,
5728,short,134.9126180029998,128,6283.248348001507,
5717,short,140.8214240000234,128,6290.673413997865,
5730,short,153.91549400010263,128,6283.319570000458,
5731,short,153.56704199803062,128,6283.329809997667,
5732,short,153.4338849996857,128,6283.403297002224,
5733,short,153.19868399819825,128,6283.360918998369,
5734,short,152.37600299951737,128,6282.718894999562,
5729,short,155.01928799858433,128,6285.374981998757,
5735,short,148.4608950013353,128,6279.98209100042,
5736,short,136.00921500255936,128,6280.0685220026935,
5738,short,129.11871100004646,128,6275.971043000027,
5739,short,128.13468199965428,128,6275.778679999348,
5740,short,128.0207710005925,128,6276.088349000929,
5741,short,127.71970199901261,128,6276.0049819989945,
5742,short,127.92351200187113,128,6275.995627998782,
5743,short,127.5392589996045,128,6275.7995709980605,
5744,short,127.26047600153834,128,6275.719582001329,
5745,short,126.96751900148229,128,6275.61018599954,
5746,short,126.67348899776698,128,6275.501238997094,
5747,short,125.84183200306143,128,6274.854460003553,
5748,short,125.44485799662652,128,6275.5269649969705,
5749,short,123.10042800163501,128,6273.43521000148,
5750,short,122.3124040006951,128,6274.003543003346,
5737,short,132.26786599989282,128,6284.596724002768,
5752,short,138.8574430020526,128,6277.840572001878,
5753,short,138.7085919996025,128,6277.919367999857,
5754,short,138.44124200113583,128,6277.830610000819,
5755,short,139.10219199897256,128,6277.639673000522,
5751,short,140.87560099869734,128,6279.564738000772,
5756,short,139.2338430014206,128,6278.149540001323,
5757,short,139.05653599795187,128,6278.159073997813,
5758,short,138.8795700004266,128,6278.156396001577,
5759,short,138.47204500052612,128,6277.8736040017975,
5760,short,154.8348830001487,128,6266.391096000007,
5762,short,134.0005630008818,128,6264.805865997914,
5763,short,134.53846300035366,128,6265.749649999634,
5764,short,134.59988099930342,128,6265.844648998609,
5765,short,134.21745199957513,128,6265.61931499964,
5766,short,132.6836500011268,128,6265.84747400193,
5767,short,132.46186800097348,128,6265.803586000402,
5768,short,132.42230899777496,128,6265.823931997147,
5769,short,132.24652699864237,128,6265.818657000636,
5770,short,132.07429100293666,128,6265.815355000086,
5771,short,131.90222900084336,128,6265.813488000276,
5772,short,131.67197299844702,128,6265.698073999374,
5773,short,132.10697499744128,128,6265.641392998077,
5774,short,131.2494300000253,128,6264.729391998117,
5775,short,129.49959100296837,128,6265.394592002849,
5776,short,130.25275499967393,128,6265.734443997644,
5777,short,129.62338000215823,128,6265.110102001927,
5761,short,135.23413500297465,128,6272.809383001004,
5779,short,132.60855800035642,128,6263.654280999617,
5780,short,132.4746869977389,128,6263.739247999183,
5781,short,132.35652200091863,128,6263.768565000646,
5782,short,132.24024000010104,128,6263.776195999526,
5783,short,131.42355700256303,128,6263.0595920018095,
5784,short,131.43448199843988,128,6263.778166998236,
5785,short,131.30890399770578,128,6263.868306999939,
5786,short,131.18783299796632,128,6263.882878000004,
5787,short,131.14852100261487,128,6263.88475800195,
5788,short,131.16883899783716,128,6263.905781001085,
5789,short,131.01633599944762,128,6263.886562999687,
5790,short,130.90762499996345,128,6263.849890001438,
5791,short,128.95247800042853,128,6261.917452000489,
5778,short,140.10053099991637,128,6269.492446997901,
5793,short,141.13252699826262,128,6267.803867998737,
5794,short,143.26475599955302,128,6268.852516001061,
5795,short,143.0896340025356,128,6268.84264399996,
5796,short,140.51752600062173,128,6268.712642999162,
5797,short,139.8180379983387,128,6268.145826998079,
5798,short,141.71755899951677,128,6268.132763998437,
5801,short,141.1856689992419,128,6267.580001996976,
5800,short,141.38239800013253,128,6268.052580002404,
5799,short,141.54993699776242,128,6268.504436000512,
5802,short,138.15022600101656,128,6267.2550630013575,
5792,short,145.12101199943572,128,6272.826461998193,
5804,short,154.7396750029293,128,6267.889285001729,
5805,short,154.445180996845,128,6268.221295998956,
5806,short,154.19546499833814,128,6268.248018997838,
5807,short,153.87239100164152,128,6268.18163900316,
5808,short,152.64607399876695,128,6268.0561050001415,
5809,short,151.6755530028604,128,6267.330867001874,
5803,short,156.18980400176952,128,6272.782969001128,
5811,short,146.08703200065065,128,6266.683413999999,
5812,short,139.29997499872115,128,6260.205472997768,
5810,short,149.27553200323018,128,6269.955809002568,
5814,short,135.46837200192385,128,6263.654270998813,
5815,short,135.01352300227154,128,6263.448108999,
5816,short,134.73057200098992,128,6263.357185998757,
5817,short,134.24810000287835,128,6263.055351002549,
5818,short,132.74912300039432,128,6261.737109001842,
5819,short,133.52229600059218,128,6262.705314002233,
5820,short,133.25089299905812,128,6262.649485997827,
5821,short,132.1183079999173,128,6261.718492001819,
5822,short,132.07645700094872,128,6261.884119998285,
5823,short,131.79326499812305,128,6261.788102998253,
5824,short,129.5626130013261,128,6259.734458999446,
5813,short,138.55537400013418,128,6268.672859001526,
5826,short,145.02301999891642,128,6261.848990001454,
5827,short,144.69699400069658,128,6261.759983000957,
5828,short,144.59201700083213,128,6261.843806001707,
5829,short,144.4316200031608,128,6261.873632000061,
5830,short,143.81545500145876,128,6261.435537999205,
5825,short,146.3498429984611,128,6263.978115999635,
5831,short,146.7919909991906,128,6266.051537997555,
5832,short,139.46617100009462,128,6267.93536400146,
5834,short,132.33657799719367,128,6267.063638999389,
5835,short,132.57019099910394,128,6267.871083997306,
5836,short,132.7024979982525,128,6268.277367998962,
5837,short,132.42433499908657,128,6268.193560998043,
5838,short,132.2398649972456,128,6268.190524999227,
5839,short,132.0292829987011,128,6268.15951000026,
5840,short,131.87533100062865,128,6268.2473700006085,
5841,short,131.69782200202462,128,6268.265875001816,
5842,short,131.51992300117854,128,6268.266379000124,
5843,short,130.36459399882006,128,6267.3105809990375,
5844,short,130.22989599994617,128,6267.38130800004,
5845,short,128.91187799687032,128,6267.037953999534,
5846,short,128.35214599908795,128,6266.210183999647,
5833,short,136.25396699717385,128,6274.43035199758,
5848,short,136.27599199753604,128,6269.647956996778,
5849,short,136.07870800115052,128,6269.772674000706,
5850,short,135.77007799904095,128,6269.661565998831,
5851,short,135.47016499796882,128,6269.523554998159,
5852,short,135.5907510005636,128,6269.765935001487,
5853,short,135.40636200195877,128,6269.761013001698,
5854,short,135.23292600075365,128,6269.7636439988855,
5855,short,135.06247699842788,128,6269.76733599804,
5847,short,137.52673899944057,128,6272.409337998397,
5856,short,153.82560400030343,128,6278.745296000125,
5858,short,136.05318799818633,128,6278.528540999105,
5859,short,136.2360589992022,128,6279.631752000569,
5860,short,136.24503200117033,128,6279.735182000877,
5861,short,135.8512749975489,128,6279.524036999646,
5862,short,134.84272999994573,128,6279.768718999549,
5863,short,134.63565999700222,128,6279.750109999441,
5864,short,134.5512999978382,128,6279.788549996738,
5865,short,134.37711000005947,128,6279.797153001709,
5866,short,134.20355899870628,128,6279.805001999193,
5867,short,134.02848899931996,128,6279.809095001838,
5868,short,133.78814699899522,128,6279.702307998377,
5869,short,133.8866260011855,128,6279.714794000029,
5870,short,132.93356800204492,128,6278.795550002542,
5871,short,131.62696699873777,128,6279.381446998741,
5872,short,131.97626400142326,128,6279.741713002295,
5873,short,131.80835099774413,128,6279.3866519969015,
5857,short,138.20482200026163,128,6286.944200001017,
5875,short,135.9186200024851,128,6279.7955150017515,
5876,short,135.7298049988458,128,6279.9045169995225,
5877,short,135.54855899928953,128,6279.919743999926,
5878,short,135.370433999924,128,6279.926551000244,
5879,short,134.4368720019702,128,6279.209314001491,
5880,short,134.21317199754412,128,6279.93873199739,
5881,short,134.02286500058835,128,6279.97264700025,
5882,short,133.84382399817696,128,6279.979058999743,
5883,short,133.65124199845013,128,6279.94238500105,
5884,short,134.3614039979002,128,6279.93286399942,
5885,short,134.1555340004561,128,6279.899516001024,
5886,short,133.9496290020179,128,6279.873374998715,
5887,short,132.06944000194198,128,6278.17861800213,
5874,short,138.96989300337736,128,6285.505890002241,
5889,short,137.30402899818728,128,6276.362950000475,
5890,short,137.76345599762863,128,6277.424608997535,
5891,short,137.57599600285175,128,6277.47427900249,
5892,short,136.63520800037077,128,6277.4052870008745,
5893,short,136.44011300129932,128,6277.453639002488,
5894,short,136.86156400217442,128,6277.45210500143,
5897,short,136.2897779981722,128,6277.016939999157,
5896,short,136.49722500122152,128,6277.446901000076,
5895,short,136.6751710011158,128,6277.844675001688,
5898,short,134.50612599990563,128,6276.504163000936,
5888,short,139.52863899976364,128,6281.933434998791,
5900,short,146.94548999977997,128,6278.201953002281,
5901,short,146.64372900006128,128,6278.492672998254,
5902,short,146.43554500071332,128,6278.640749002079,
5903,short,145.33155800017994,128,6278.011064998282,
5904,short,145.08832000137772,128,6278.321866000624,
5905,short,143.70464199964772,128,6277.326871997502,
5899,short,148.45162400160916,128,6285.747931000515,
5907,short,141.4902449978399,128,6279.338328997255,
5908,short,139.48659100060468,128,6277.589550001721,
5906,short,146.32731700112345,128,6286.99620900079,
5910,short,139.42253200002597,128,6279.851213002985,
5911,short,139.20506599970395,128,6280.0658980013395,
5912,short,139.04772800015053,128,6280.2992729994,
5913,short,138.81754999965779,128,6280.365390997758,
5914,short,137.48993700210121,128,6279.467873002432,
5915,short,138.2474470010493,128,6280.808609000815,
5916,short,138.07897500009858,128,6281.022838000354,
5917,short,137.60859099784284,128,6280.847152000206,
5909,short,141.15967400357476,128,6285.093514001346,
5918,short,137.67057800214388,128,6282.127883001522,
5919,short,137.49221700345515,128,6283.596433000639,
5920,short,136.69631900120294,128,6283.040959999198,
5922,short,150.14157499899738,128,6281.365098999231,
5923,short,149.8432309999771,128,6281.381840999529,
5924,short,149.75458399931085,128,6281.494812999881,
5925,short,149.6035270029097,128,6281.535579000774,
5926,short,148.88547800001106,128,6280.998569000076,
5921,short,151.24348999961512,128,6283.447715002694,
5927,short,150.84743300030823,128,6280.055865001486,
5928,short,137.05805100107682,128,6279.216863000329,
5930,short,132.74740199994994,128,6275.972682000429,
5931,short,132.9799400009506,128,6276.834469001187,
5932,short,133.13295300031314,128,6277.313691000018,
5933,short,132.96119900041958,128,6277.34275200055,
5934,short,132.78313200135017,128,6277.349772000889,
5935,short,132.50937900011195,128,6277.2523169987835,
5936,short,132.3578829978942,128,6277.280785001494,
5937,short,132.18049599890946,128,6277.282973998808,
5938,short,131.98151100004907,128,6277.2949610007345,
5939,short,131.6377429975546,128,6277.142517999891,
5940,short,131.37526499849628,128,6276.474578000489,
5941,short,131.21677300296142,128,6277.326200000971,
5942,short,130.51351600006456,128,6276.811154002644,
5929,short,137.19162400229834,128,6283.938872002182,
5944,short,136.2764369987417,128,6275.362323998706,
5945,short,136.0804720025044,128,6275.544269999955,
5946,short,135.7632420003938,128,6275.43140799753,
5947,short,135.4204369999934,128,6276.113653999346,
5943,short,137.0884339994518,128,6278.072819000954,
5948,short,135.5188339985034,128,6276.696830998844,
5949,short,135.34315600190894,128,6276.702982002462,
5950,short,135.16756100216298,128,6276.739357002953,
5951,short,134.75810999807436,128,6276.514043998759,
5952,short,155.27588400073,128,6279.158711000491,
5954,short,135.60659600261715,128,6277.3901900000055,
5955,short,137.01444400066976,128,6277.8934449997905,
5956,short,137.57638199967914,128,6278.141582002718,
5957,short,137.28152299881913,128,6304.853491001268,
5958,short,134.25063699833117,128,6305.299532999925,
5959,short,134.09551299992017,128,6305.321747000562,
5960,short,134.28642299913918,128,6305.370810998284,
5961,short,134.16193000011845,128,6305.393894999725,
5962,short,134.03812300020945,128,6305.430740998418,
5963,short,133.91533800313482,128,6305.447308001021,
5964,short,133.8321960029134,128,6305.336329001875,
5965,short,134.92441199923633,128,6305.340928996884,
5966,short,135.0445589996525,128,6304.481635001139,
5967,short,131.66499200087856,128,6304.335767003067,
5968,short,133.478905998345,128,6304.724473997339,
5969,short,133.66064300134894,128,6304.116857998451,
5953,short,136.76700400174013,128,6311.858070999733,
5971,short,135.73479000115185,128,6287.214199001028,
5972,short,135.61379699967802,128,6287.571160999505,
5973,short,135.49265900292085,128,6287.723064000602,
5974,short,135.33943199945497,128,6287.819822999154,
5975,short,134.3873559999338,128,6287.110755001777,
5976,short,134.40447999892058,128,6287.305506000848,
5977,short,134.27856599810184,128,6287.42279799917,
5978,short,134.15612999961013,128,6287.538828000834,
5979,short,134.11718199859024,128,6287.657439999748,
5980,short,134.16363899887074,128,6287.776100998599,
5981,short,134.01347000035457,128,6287.875013000303,
5982,short,133.9205820004281,128,6288.043574000767,
5983,short,132.35294699916267,128,6286.761857001693,
5970,short,142.09914200182538,128,6297.6008229998115,
5985,short,141.7276860011043,128,6287.745164001535,
5984,short,145.54729100200348,128,6290.79450500285,
5986,short,144.08321399969282,128,6289.737431001413,
5987,short,143.94596700003603,128,6289.850061999459,
5988,short,141.21053200142342,128,6289.876802999061,
5989,short,141.16863200251828,128,6290.259756002342,
5990,short,143.32879500216222,128,6290.383083000052,
5993,short,142.89095099957194,128,6290.151375000278,
5992,short,143.08137400075793,128,6290.749709998636,
5991,short,143.20480999958818,128,6291.266060001362,
5994,short,139.5171809999738,128,6290.088115998515,
5996,short,152.01411400266807,128,6287.262893001753,
5997,short,151.64078299858375,128,6287.419197000418,
5998,short,151.2208730018756,128,6287.356807999458,
5999,short,150.66775900049834,128,6287.303016000806,
6000,short,150.2815259991621,128,6287.487649999093,
6001,short,145.98366800055373,128,6283.613483999943,
5995,short,153.27413500199327,128,6294.646130001638,
6003,short,142.84204799696454,128,6267.373336999299,
6004,short,136.6361690015765,128,6261.569393998798,
6002,short,148.41715299917269,128,6271.557201001997,
6006,short,137.97307099957834,128,6261.060135999287,
6007,short,137.56229299906408,128,6261.0650889982935,
6008,short,137.29221500034328,128,6261.231052001676,
6009,short,136.81726599679678,128,6261.07128899821,
6010,short,135.27801199961687,128,6259.959466999135,
6011,short,136.07937399865477,128,6261.083528999734,
6012,short,135.8118909993209,128,6261.200023000129,
6013,short,134.93596100306604,128,6260.621305002132,
6014,short,134.61074200313305,128,6260.860345002584,
6015,short,133.04689199867425,128,6259.800646999793,
6016,short,132.80148800185998,128,6259.8500970016175,
6005,short,141.34643799843616,128,6277.210334999836,
6017,short,146.31480899697635,128,6260.600898996927,
6018,short,146.00765499926638,128,6260.646185997757,
6019,short,145.68653800233733,128,6260.62241299951,
6020,short,145.59943799758912,128,6261.052801997721,
6021,short,145.4562809994968,128,6261.27547500073,
6022,short,144.7817699990992,128,6260.908760999882,
6023,short,147.40285699735978,128,6283.810513999924,
6024,short,137.8456919992459,128,6290.4717339988565,
6026,short,134.34809599857545,128,6262.984739001695,
6027,short,134.49473299988313,128,6267.552593999426,
6028,short,134.62711999818566,128,6268.903677999333,
6029,short,134.44313000218244,128,6269.052632000239,
6030,short,134.26480400084984,128,6269.168365000951,
6031,short,134.05154700012645,128,6269.246165000368,
6032,short,133.89653499689302,128,6269.453119999525,
6033,short,133.68397100202856,128,6269.5364610008255,
6034,short,133.4928049982409,128,6269.633550000435,
6035,short,133.12506299917004,128,6269.602733998909,
6036,short,132.8879729990149,128,6269.381738999073,
6037,short,132.72536099975696,128,6269.652244998724,
6038,short,131.66275699768448,128,6277.732770999137,
6025,short,138.83337899824255,128,6285.357756998565,
6040,short,140.3595120027603,128,6267.021901003318,
6041,short,140.15871100127697,128,6267.320481998468,
6042,short,139.01253699805238,128,6266.4893319997645,
6043,short,138.58663700011675,128,6266.665057999489,
6044,short,138.6573320014577,128,6267.691361998004,
6045,short,138.47571600126685,128,6267.81382199988,
6046,short,138.262971999211,128,6267.889210001158,
6047,short,138.08767899899976,128,6267.993965000642,
6039,short,141.5608429997519,128,6274.923870998464,
6048,short,180.8689659992524,128,6221.0040600002685,
6050,short,209.0062890019908,128,6316.1277460021665,
6051,short,210.2214990009088,128,6316.142126001068,
6052,short,183.77559800137533,128,6290.259490000608,
6053,short,183.28741399818682,128,6289.882741999463,
6054,short,180.3050060007081,128,6290.0930279975,
6055,short,180.12166499829618,128,6290.048932998616,
6056,short,180.3399199998239,128,6290.077787998598,
6057,short,180.18429999938235,128,6290.049957999145,
6058,short,180.05014099981054,128,6290.042376000201,
6059,short,179.92424000112806,128,6290.044880999631,
6049,short,211.82598999803304,128,6322.751326999423,
6067,short,205.13098400260787,128,6311.526032000984,
6068,short,204.88183100314927,128,6311.514167002315,
6069,short,204.63787100015907,128,6311.422222999681,
6070,short,204.39905800230918,128,6311.336345002928,
6071,short,204.05313200171804,128,6311.122720002459,
6072,short,203.98467300037737,128,6311.045539998304,
6073,short,203.74911600083578,128,6311.841316000937,
6074,short,203.5103460002574,128,6311.770951000653,
6075,short,203.34444499894744,128,6311.655965000682,
6076,short,203.26619399929768,128,6311.5443300011975,
6077,short,202.91903500037733,128,6311.324209000304,
6078,short,202.51953499973752,128,6310.999714998616,
6079,short,198.03478500034544,128,6305.844888000138,
6060,short,232.33237300155452,128,6338.8383599994995,
6061,short,232.4079950012674,128,6338.852630000474,
6062,short,232.36954900130513,128,6338.745066001138,
6081,short,165.15982800046913,128,6271.400755002105,
6085,short,164.16288300024462,128,6269.944769999711,
6086,short,164.02042099798564,128,6269.861820997903,
6063,short,233.17980600040755,128,6339.165075001802,
6064,short,243.46821600192925,128,6340.230637000786,
6065,short,242.8674279981351,128,6339.845509999577,
6066,short,222.68198000165285,128,6320.0182800028415,
6082,short,176.45958800130757,128,6273.995504001505,
6083,short,176.1525179972523,128,6273.872994999692,
6084,short,175.85957200208213,128,6273.7757909999345,
6087,short,174.53150199798984,128,6272.626649999438,
6088,short,174.22454400002607,128,6272.498556001665,
6089,short,173.9296439991449,128,6272.38075400237,
6090,short,173.541292999289,128,6272.169162999489,
6080,short,178.95779199898243,128,6277.77477500058,
6092,short,166.31140299796243,128,6258.130941998388,
6093,short,166.30030699889176,128,6259.421361999557,
6094,short,166.5171940003347,128,6259.178127998894,
6095,short,166.0047539990046,128,6258.842023999023,
6099,short,134.0700199980347,128,6233.837195999513,
6096,short,165.65287900084513,128,6259.411184000783,
6100,short,131.2972659980005,128,6231.900224000128,
6097,short,161.5549349990033,128,6256.890007000038,
6091,short,165.27716199925635,128,6264.621312999225,
6098,short,148.01032099785516,128,6238.699369998358,
6102,short,163.67428000012296,128,6224.496613998781,
6107,short,162.26909100078046,128,6221.910639000271,
6108,short,162.11231499983114,128,6221.926457001246,
6103,short,163.27244599960977,128,6225.285716001963,
6109,short,161.36338700016495,128,6221.506966998277,
6104,short,163.09756099872175,128,6225.406467998255,
6105,short,162.68081100133713,128,6225.162599999749,
6106,short,161.3824599990039,128,6224.589812998602,
6110,short,161.47583600104554,128,6222.856527001568,
6111,short,161.3979109970387,128,6222.972581999784,
6112,short,151.6098640022392,128,6213.339646001259,
6101,short,169.79135300061898,128,6229.495265997684,
6114,short,164.22397700080182,128,6227.233495999826,
6115,short,163.92929700305103,128,6227.185208001174,
6116,short,163.27195299891173,128,6226.719586000399,
6117,short,163.00584499913384,128,6226.616660998843,
6118,short,162.72094099986134,128,6226.515513000777,
6113,short,165.62534699914977,128,6229.379468997649,
6119,short,129.85929799833684,128,6205.3872700016655,
6120,short,147.28123099848744,128,6247.456157998386,
6122,short,167.19553000075393,128,6264.465829000983,
6123,short,166.40505000032135,128,6264.059745997656,
6124,short,166.41078399698017,128,6265.196167998511,
6125,short,166.1175520021061,128,6265.218554999592,
6126,short,165.82624199872953,128,6265.225563998683,
6127,short,165.43902400007937,128,6265.16348199948,
6128,short,165.16743400279665,128,6265.277442002116,
6129,short,165.60456400111434,128,6265.2884449998965,
6130,short,165.27892900194274,128,6265.243314002873,
6131,short,164.44470600254135,128,6264.699907002068,
6132,short,164.10453799835523,128,6265.021391998744,
6133,short,154.9795169994468,128,6256.373146999977,
6134,short,153.92222100126673,128,6258.884378999937,
6136,short,125.02880600004573,128,6230.22905200196,
6137,short,124.71465199996601,128,6230.137993999961,
6138,short,123.99506099973223,128,6229.59930900106,
6135,short,126.19242000073427,128,6232.144186000369,
6121,short,175.64409699843964,128,6281.852520998655,
6139,short,170.76629100120044,128,6267.268105999392,
6140,short,170.70809500000905,128,6267.452275002142,
6141,short,170.41954399974202,128,6267.367987999023,
6142,short,170.13074500209768,128,6267.2603800019715,
6143,short,166.43600299721584,128,6263.743319999776,
6144,short,146.6063560001203,128,6230.095678001817,
6146,short,128.51868299912894,128,6231.493503997626,
6147,short,128.11083999986295,128,6230.658642001799,
6148,short,128.03193400031887,128,6231.682705001731,
6149,short,127.61282800056506,128,6231.482213999698,
6150,short,126.21412400039844,128,6231.736109002668,
6151,short,125.99412100098561,128,6231.713364002644,
6152,short,125.91630799943232,128,6231.738987000426,
6153,short,125.73130699820467,128,6231.729688999621,
6154,short,125.54728200120735,128,6231.722619002539,
6155,short,123.35469499885221,128,6229.707094000332,
6145,short,128.9016740010993,128,6237.319399999251,
6192,short,128.66803200085997,128,6242.147438999382,
6157,short,167.32369500095956,128,6281.380780998006,
6194,short,127.25862099978258,128,6241.537462999986,
6158,short,167.13752099894919,128,6281.606348999048,
6159,short,166.92079799759085,128,6281.57238499989,
6160,short,166.72792000099435,128,6281.563758002449,
6161,short,166.50471599859884,128,6281.53513199868,
6162,short,165.94267099935678,128,6280.656604998512,
6163,short,165.73538000011467,128,6280.618204000348,
6164,short,165.548385000875,128,6280.610573001468,
6165,short,165.39019999981974,128,6280.60577100041,
6166,short,165.25568600263796,128,6280.603781000536,
6167,short,165.0387400004547,128,6280.566448000172,
6168,short,164.81773299892666,128,6281.924229999277,
6169,short,164.53003799688304,128,6282.023284999013,
6170,short,164.37333700014278,128,6281.996732999687,
6171,short,164.16249000030803,128,6281.986445999792,
6172,short,164.71092399660847,128,6282.014831998822,
6173,short,164.47236099702423,128,6281.983394997951,
6174,short,164.2595880002773,128,6282.009523998568,
6175,short,164.0843909990508,128,6282.01881700079,
6176,short,162.804348001373,128,6280.921525998565,
6177,short,163.42766899833805,128,6281.22305099896,
6178,short,162.87428800205817,128,6280.864519001625,
6188,short,133.58750400220742,128,6251.759890001267,
6189,short,133.53526499849977,128,6251.715456997772,
6190,short,133.53089399970486,128,6251.697146999504,
6191,short,133.31654599824105,128,6251.711106997391,
6193,short,132.2895340017567,128,6250.858191000589,
6179,short,163.3647779999592,128,6282.117850998475,
6180,short,163.19206800108077,128,6282.11282600023,
6181,short,162.99663199970382,128,6282.104054000229,
6182,short,162.81771500143805,128,6282.103795001603,
6183,short,162.63941899887868,128,6282.1050669990655,
6184,short,162.4625010008458,128,6282.106010999996,
6185,short,162.28633799983072,128,6282.108452000102,
6186,short,161.9914949988015,128,6281.990625997423,
6156,short,171.76415699941572,128,6291.926497997338,
6187,short,136.28480700208456,128,6256.659204002062,
6195,short,173.19919599685818,128,6274.584370999946,
6196,short,171.13957900073729,128,6274.535093001759,
6198,short,137.86539799912134,128,6235.622644999239,
6199,short,139.3281130003743,128,6235.894847999589,
6200,short,139.27548300125636,128,6236.038884999289,
6201,short,137.20056600141106,128,6236.10089399881,
6202,short,138.89682599983644,128,6236.086408000119,
6203,short,136.83998700071243,128,6236.136563002219,
6204,short,135.9336909990816,128,6236.20458699952,
6205,short,135.7011930012959,128,6236.125321000145,
6206,short,137.4448710012075,128,6236.200514998927,
6207,short,137.43936399987433,128,6236.486714999046,
6208,short,137.0563900018169,128,6236.311053002282,
6197,short,143.67897199917934,128,6241.341355002078,
6213,short,139.88808000067365,128,6224.137879002228,
6214,short,139.3043680000119,128,6223.919138999918,
6210,short,140.0265650008805,128,6227.081231001648,
6211,short,139.89042599860113,128,6227.154778000113,
6212,short,139.65464799912297,128,6227.088119001564,
6209,short,143.24888400005875,128,6228.303312997014,
6215,short,154.50786099972902,128,6229.46850900189,
6216,short,128.6351500020828,128,6227.652002002287,
6218,short,130.48887299737544,128,6231.559885000024,
6219,short,129.7580940008629,128,6231.327724999574,
6220,short,129.7567590008839,128,6231.664741000714,
6221,short,129.45856599981198,128,6231.590018000134,
6222,short,129.1327229992021,128,6231.450848001259,
6223,short,128.72264699763036,128,6231.2239189996035,
6224,short,129.11737199829076,128,6231.135107998853,
6225,short,128.8343470005202,128,6231.035651999264,
6226,short,128.54488199809566,128,6231.844203997753,
6227,short,127.73745500089717,128,6231.251582001278,
6228,short,127.35389299996314,128,6231.079745000898,
6229,short,123.80599599782727,128,6227.726859000541,
6230,short,123.57002200224088,128,6227.6487780000025,
6231,short,123.36946499999613,128,6227.63500200017,
6217,short,134.53501999902073,128,6239.1879280003195,
6232,short,171.48620299849426,128,6266.923053997743,
6233,short,170.55144799815025,128,6266.23888299946,
6236,short,132.2098000018741,128,6228.116005000629,
6237,short,132.26486100029433,128,6228.35839599793,
6238,short,132.08477499938454,128,6228.365244001907,
6239,short,131.90866699733306,128,6228.395296999224,
6234,short,170.8458419998351,128,6267.560623000463,
6235,short,133.43059399994672,128,6230.345257001318,
6240,short,148.96840900109964,128,6206.795139998576,
6242,short,132.66170100177987,128,6204.598436001106,
6243,short,133.76142099878052,128,6204.534649001289,
6244,short,133.69754799714428,128,6204.566701999283,
6245,short,133.27342800039332,128,6204.35023400205,
6246,short,130.36005700269016,128,6204.565447002096,
6247,short,130.150616998435,128,6204.536974997609,
6248,short,130.07605600068928,128,6204.56472099977,
6249,short,129.90144099967438,128,6204.565066000214,
6250,short,129.72620300206472,128,6204.563250001229,
6251,short,127.9320120011107,128,6202.942190000613,
6241,short,135.55400000041118,128,6210.418801001651,
6252,short,115.26802500156919,128,6202.256437001779,
6253,short,159.70369100250537,128,6254.4135300013295,
6254,short,159.6695100015495,128,6254.97492300201,
6255,short,159.4877129973611,128,6255.017626997869,
6256,short,159.30950799884158,128,6255.023533001804,
6257,short,159.11713599780342,128,6255.014810998546,
6258,short,158.9344029998756,128,6255.011320001358,
6259,short,158.71912899820018,128,6254.975100997399,
6260,short,158.9897049998399,128,6255.033154000557,
6261,short,158.8084520008124,128,6255.075778000901,
6262,short,158.6245290018269,128,6255.081846000394,
6263,short,158.45224000076996,128,6255.113014998642,
6264,short,158.29198699793778,128,6256.670310998743,
6265,short,156.67837200089707,128,6255.286513998726,
6266,short,156.2968770012958,128,6255.11892799841,
6267,short,156.00380699834204,128,6255.076744997496,
6268,short,155.78039600222837,128,6255.190236002818,
6269,short,155.5302440028754,128,6255.18646600176,
6270,short,155.35998700215714,128,6255.258937999315,
6271,short,155.5020859996148,128,6255.233087002125,
6272,short,155.2868699982355,128,6255.258893997961,
6273,short,155.11318200151436,128,6255.288438998832,
6274,short,154.58739200039417,128,6254.950127000484,
6275,short,154.462500999216,128,6255.243351999525,
6276,short,154.26876000128686,128,6255.244739000773,
6277,short,154.04668699920876,128,6255.226072997175,
6278,short,153.81353900011163,128,6255.185299000004,
6279,short,153.5710909993213,128,6255.160548000276,
6280,short,153.3996220023255,128,6255.215167002461,
6281,short,153.08134400038398,128,6255.09119599883,
6292,short,126.61881599706248,128,6228.812362998724,
6282,short,152.96586700060288,128,6255.4728079994675,
6283,short,152.77684299871908,128,6255.489642000612,
6284,short,152.5876289997541,128,6255.493603999639,
6285,short,152.39878100328497,128,6255.493146003573,
6286,short,152.21073599968804,128,6255.491518000781,
6287,short,152.0226900029229,128,6255.488568000146,
6288,short,151.83694399820524,128,6255.488052000146,
6289,short,151.59149799728766,128,6255.429837998236,
6290,short,151.41086899893708,128,6255.453394998767,
6291,short,127.58404900159803,128,6231.843895002385,
6294,short,132.6306070004648,128,6212.5111970017315,
6295,short,132.60934999925666,128,6212.808929998573,
6296,short,132.38474399986444,128,6213.415584999893,
6297,short,131.78985999911674,128,6214.130181000655,
6298,short,131.84756199916592,128,6214.0470079975785,
6299,short,130.45809600225766,128,6213.27524300068,
6300,short,130.08895399980247,128,6213.151617997937,
6301,short,129.62447100289864,128,6215.832801000943,
6293,short,133.7181849994522,128,6220.417887998337,
6302,short,129.5109249986126,128,6216.959527999279,
6303,short,129.65060100032133,128,6218.001844998071,
6304,short,129.194354001811,128,6217.772814001364,
6306,short,144.38825599791016,128,6224.327605999861,
6307,short,143.06263699836563,128,6222.940081999695,
6308,short,142.3207320003712,128,6224.511604999861,
6309,short,142.0885699990322,128,6224.820078998164,
6310,short,141.682203997334,128,6224.628453997866,
6305,short,145.81158299915842,128,6228.083325000625,
6311,short,152.49618099915097,128,6204.4039700012945,
6312,short,133.20905000000494,128,6202.366513000015,
6314,short,130.7933790012612,128,6196.981840999797,
6315,short,130.83749799989164,128,6197.556420996989,
6316,short,130.9438450007292,128,6197.906404002424,
6317,short,130.75818099969183,128,6197.915381002531,
6318,short,130.57621600091807,128,6197.914274998766,
6319,short,130.36547899901052,128,6197.94094000099,
6320,short,130.87610700313235,128,6197.967120002431,
6321,short,129.77781899826368,128,6197.065913998813,
6322,short,129.56623299760395,128,6197.034405999148,
6323,short,129.21612100035418,128,6196.862440003315,
6324,short,129.11554699894623,128,6197.667884996918,
6325,short,128.98139599928982,128,6197.754624001391,
6326,short,128.79495699962717,128,6197.744151002553,
6327,short,127.85009399885894,128,6196.987587998592,
6313,short,134.59321200207341,128,6203.998061002494,
6329,short,136.90213999871048,128,6198.8098900001205,
6330,short,136.57501000125194,128,6198.720065000089,
6331,short,136.2498010021227,128,6198.606697998912,
6332,short,136.298960998829,128,6198.840696000843,
6333,short,136.09169600022142,128,6198.816052998154,
6334,short,135.6484210009512,128,6198.550208002416,
6328,short,137.87161700020079,128,6200.9702479990665,
6335,short,135.5604359996505,128,6198.840061999363,
6336,short,147.20592999947257,128,6202.390307000314,
6338,short,148.56898300058674,128,6200.165031001234,
6339,short,148.9992130009341,128,6201.039771000069,
6340,short,150.46904200062272,128,6201.079690999904,
6341,short,150.0697349983966,128,6200.8661959989695,
6342,short,150.90912300001946,128,6201.081142000476,
6343,short,150.70681100041838,128,6201.058100999944,
6344,short,150.55657099946984,128,6201.098704998003,
6345,short,150.38265100156423,128,6201.107621000119,
6346,short,150.2082530023472,128,6201.106902000902,
6347,short,148.1036100012716,128,6199.177329999657,
6337,short,157.45936500024982,128,6206.575980002526,
6348,short,138.95562100151437,128,6202.918661001604,
6350,short,152.45846700054244,128,6247.612032999314,
6351,short,152.25545399880502,128,6248.145871999441,
6352,short,152.06731299986131,128,6248.228732998541,
6353,short,151.95565500107477,128,6248.267817001761,
6354,short,152.27794200109201,128,6248.273641002015,
6355,short,152.15214199997718,128,6248.273007000535,
6356,short,151.94626699667424,128,6248.199648998707,
6357,short,152.09317799963173,128,6248.220464000042,
6358,short,151.92923200083897,128,6248.217668002326,
6359,short,151.84865799892577,128,6248.181301998557,
6360,short,150.10902100038948,128,6247.975199999928,
6361,short,150.30077999836067,128,6248.050634996616,
6362,short,150.082616997679,128,6248.020912997163,
6363,short,147.61687099962728,128,6247.993729997688,
6364,short,147.62253099979716,128,6247.825680002279,
6365,short,148.28121900063707,128,6247.941902998718,
6366,short,148.57937099804985,128,6247.946106999734,
6367,short,148.61111600112054,128,6248.015238001244,
6368,short,146.37347699681413,128,6247.987973998534,
6369,short,147.0022430003155,128,6248.010603998409,
6370,short,146.8927120004082,128,6248.039783000422,
6371,short,146.4911100010795,128,6247.7270560011675,
6372,short,147.0296480001707,128,6248.032958999829,
6349,short,154.02073999939603,128,6256.650452000031,
6374,short,197.29410099898814,128,6289.786155000911,
6390,short,169.78190700319828,128,6264.524698002788,
6391,short,170.24571799993282,128,6263.983474997076,
6375,short,197.08625199928065,128,6290.576252002211,
6402,short,121.62480799815967,128,6215.431352000451,
6376,short,196.86983400242752,128,6290.99036900152,
6403,short,119.83432000124594,128,6214.23780600162,
6377,short,196.73831600084668,128,6291.533245002938,
6392,short,169.3505350012856,128,6265.087400999619,
6393,short,167.75235200111638,128,6265.164618002018,
6378,short,196.56409199888003,128,6292.271988000721,
6394,short,168.86989299746347,128,6265.5112280008325,
6379,short,196.19081299970276,128,6292.499237999436,
6395,short,167.26252999796998,128,6266.047984001489,
6396,short,164.10009600076592,128,6263.360957000259,
6380,short,196.1123740002222,128,6293.586331001279,
6381,short,195.92890400235774,128,6293.878869000764,
6382,short,195.74857800034806,128,6294.01433699968,
6383,short,195.57036500191316,128,6294.223493001482,
6397,short,163.30257799927494,128,6269.835981998767,
6384,short,195.39365799937514,128,6300.14592599764,
6387,short,194.80118799765478,128,6299.701907999406,
6386,short,195.0367970021034,128,6300.165954002296,
6385,short,195.21595200058073,128,6300.570837000123,
6398,short,163.93574900212116,128,6270.313507000537,
6399,short,162.6534860006359,128,6269.331438001245,
6400,short,162.47767499953625,128,6269.5403510006145,
6401,short,121.68079300317913,128,6228.935608000029,
6388,short,194.66081299833604,128,6301.3846179965185,
6404,short,119.01777199818753,128,6226.648226998805,
6405,short,118.81216800247785,128,6226.65639600018,
6406,short,118.51716999808559,128,6226.5398259987705,
6389,short,172.90161200071452,128,6280.619555000158,
6373,short,197.47709700095584,128,6306.110208002792,
6407,short,145.96195699778036,128,6222.47046999837,
6408,short,132.2745040015434,128,6203.487447000953,
6410,short,130.75038399983896,128,6206.860398000572,
6411,short,130.90509899848257,128,6206.930496999121,
6412,short,131.03688900082489,128,6208.655009999347,
6413,short,130.8556200019666,128,6208.711932002188,
6414,short,130.61772999935783,128,6208.696988000156,
6415,short,130.39073500112863,128,6208.69203500115,
6416,short,130.22088299840107,128,6208.797952996974,
6417,short,130.03921500057913,128,6208.843458000047,
6418,short,129.8598640023556,128,6208.883360002801,
6419,short,129.4837280001957,128,6208.05513400046,
6420,short,129.37388600039412,128,6208.212446999823,
6421,short,129.2218269991281,128,6208.319642999413,
6422,short,129.03649999861955,128,6208.33746399876,
6423,short,128.52397599999676,128,6208.052990998112,
6409,short,134.9656269994739,128,6215.096395000728,
6425,short,136.90520399904926,128,6205.307824999181,
6426,short,136.58540400138008,128,6205.187865998596,
6427,short,136.27678899865714,128,6205.18197400088,
6424,short,137.49500199992326,128,6206.6544059998705,
6428,short,136.33111699891742,128,6205.788998999196,
6429,short,136.15463200039812,128,6205.8432920021005,
6430,short,135.7385349983815,128,6205.652975997509,
6431,short,135.8118980024301,128,6205.992197999876,
6432,short,146.26312000109465,128,6182.009983000171,
6434,short,142.39002599788364,128,6179.187401998206,
6435,short,142.70358800058602,128,6180.143557998235,
6436,short,142.54262300164555,128,6180.229069999768,
6437,short,142.14420799908112,128,6180.01529400135,
6438,short,142.17313200060744,128,6180.258737000258,
6439,short,141.95524300157558,128,6180.23365100089,
6440,short,141.79623800009722,128,6180.258790998778,
6441,short,141.62300899988622,128,6180.273930000112,
6442,short,141.44829799988656,128,6180.274537000514,
6443,short,139.4311199983349,128,6178.483317999053,
6433,short,146.83935599896358,128,6186.098176000087,
6444,short,153.15488800115418,128,6178.603051001119,
6446,short,117.72163299974636,128,6179.7073210000235,
6447,short,117.48917899967637,128,6180.447557999287,
6448,short,117.26905700197676,128,6180.490057999123,
6449,short,117.40876999829197,128,6180.4951220001385,
6450,short,117.23780399915995,128,6180.496884000604,
6451,short,117.06550300004892,128,6180.4988860021695,
6452,short,116.84889199750614,128,6180.442001998017,
6453,short,117.18243400173378,128,6180.543293001392,
6454,short,117.0124019990908,128,6180.557252999279,
6455,short,115.5507570001646,128,6179.189721999137,
6456,short,115.26002500249888,128,6179.11749200357,
6457,short,115.1828399997612,128,6179.18089199884,
6458,short,114.95834800007287,128,6180.46617499931,
6459,short,113.00245099846506,128,6180.479665999883,
6460,short,113.30127800101764,128,6180.322486001387,
6461,short,113.27840100057074,128,6180.469111001003,
6462,short,113.53304899967043,128,6180.481358001998,
6463,short,113.47271599879605,128,6180.563249999977,
6464,short,111.80023400083883,128,6180.542149999383,
6465,short,112.10556500009261,128,6180.5733000001055,
6466,short,111.95855500045582,128,6180.615682002099,
6467,short,111.51306000101613,128,6180.307939001068,
6468,short,111.62286300168489,128,6180.306443002337,
6445,short,119.76297500223154,128,6189.319139000872,
6470,short,167.08631399887963,128,6220.529481997801,
6471,short,161.48758100098348,128,6221.081987001526,
6472,short,164.88643400225556,128,6221.0374340029375,
6473,short,166.12304000227596,128,6220.9168180015695,
6474,short,165.8132310003566,128,6220.792596999672,
6475,short,165.50889000063762,128,6220.671441999002,
6476,short,165.1623230027326,128,6220.468622999761,
6477,short,164.87526800119667,128,6220.390628997848,
6478,short,162.90881700115278,128,6220.285237002827,
6479,short,158.8493630006269,128,6220.20984700066,
6480,short,163.97451200100477,128,6220.113589999528,
6481,short,162.00803100218764,128,6220.013910002308,
6482,short,163.1966460008698,128,6219.728168001893,
6483,short,157.30082300069625,128,6220.703045000846,
6469,short,167.81434299991815,128,6225.97281599883,
6484,short,157.00329600076657,128,6220.881773999281,
6485,short,162.04307500083814,128,6220.601044999057,
6486,short,161.73207799874945,128,6220.532532999641,
6487,short,161.3505730019824,128,6220.3306010014785,
6488,short,155.59681699960493,128,6214.786757998809,
6489,short,149.75060600045254,128,6214.654327999597,
6490,short,155.0733730000502,128,6214.734059998591,
6491,short,154.90071200110833,128,6214.735066998401,
6492,short,154.7231490003469,128,6214.734948000114,
6493,short,154.45978599746013,128,6214.647541997692,
6494,short,152.95541699742898,128,6214.595640998596,
6495,short,152.77778200106695,128,6214.4330740011355,
6496,short,152.66218400211073,128,6214.666276999196,
6497,short,152.48971199980588,128,6214.675563998753,
6498,short,153.15788500083727,128,6214.679968001292,
6499,short,152.08086799975717,128,6214.6464030010975,
6500,short,151.90638800049783,128,6214.696136001294,
6501,short,151.54863000134355,128,6214.52553799827,
6502,short,152.0573769994371,128,6214.607150999655,
6503,short,131.36678199953167,128,6194.9748510014615,
6504,short,134.6537460012769,128,6186.510592000559,
6516,short,127.19337100133998,128,6170.963787000801,
6506,short,130.31681899883552,128,6175.765021998814,
6517,short,126.98736200036365,128,6171.3636980020965,
6508,short,128.82418899971526,128,6174.8292180018325,
6518,short,126.74021999919205,128,6172.219545998814,
6509,short,128.59274000220466,128,6175.020670001686,
6519,short,125.47912499940139,128,6171.337678999407,
6510,short,128.36293000145815,128,6175.206975000037,
6511,short,128.0548720023944,128,6175.220715998876,
6512,short,127.83275200126809,128,6175.307724999584,
6513,short,128.0689449995407,128,6175.294926000788,
6514,short,127.84716199894319,128,6175.307425000938,
6507,short,128.88268499955302,128,6177.389614997082,
6505,short,132.8512510008295,128,6180.206926001119,
6515,short,127.41006199939875,128,6175.624866998987,
6521,short,140.38612399963313,128,6180.322749998595,
6522,short,139.97305199882248,128,6180.180215000291,
6523,short,139.68324099914753,128,6180.12489800094,
6524,short,139.47120800003177,128,6180.08550200102,
6525,short,139.30688300024485,128,6180.1423240031,
6526,short,139.08068099772208,128,6180.09676300062,
6527,short,138.5603999988234,128,6179.753263997554,
6520,short,141.49063199874945,128,6182.8333500016015,
6528,short,145.9627950025606,128,6185.028973002773,
6530,short,142.5074719991244,128,6185.0211689998105,
6531,short,142.96176499919966,128,6185.985601001448,
6532,short,142.81557200229145,128,6186.079069000698,
6533,short,142.39353699667845,128,6185.838104996947,
6534,short,142.44686600068235,128,6186.044267000398,
6535,short,142.22932900156593,128,6186.005742001726,
6536,short,142.0790849988407,128,6186.031991997879,
6537,short,141.90361899818527,128,6186.030748998746,
6538,short,141.67778800037922,128,6185.977735000051,
6539,short,139.2623210012971,128,6183.734728998388,
6529,short,147.2314919992641,128,6191.620385998249,
6540,short,150.63617199848522,128,6186.931197000376,
6541,short,121.1998289982148,128,6184.590973000013,
6542,short,162.4103969988937,128,6232.265492999431,
6543,short,162.3171370010823,128,6232.764693999343,
6544,short,162.18342200227198,128,6232.7995840023505,
6545,short,162.30237700074213,128,6232.807229000173,
6546,short,162.28897200198844,128,6232.80577100013,
6547,short,162.26591000304325,128,6232.803369002795,
6548,short,162.20063099899562,128,6232.696248000138,
6549,short,163.3387900001253,128,6232.756075998623,
6550,short,163.2971950020874,128,6232.757854002557,
6551,short,163.61651100305608,128,6232.724309000332,
6552,short,163.4238219994586,128,6233.923359999608,
6553,short,162.95754200109513,128,6232.741855001223,
6554,short,162.77464300219435,128,6232.686367002316,
6555,short,157.76215399819193,128,6232.637350996811,
6556,short,158.04985300201224,128,6232.441774001927,
6557,short,159.3805659977079,128,6232.579773997713,
6558,short,160.3286350000417,128,6232.614841999748,
6559,short,161.57263800050714,128,6232.744275999721,
6560,short,156.50181099772453,128,6232.726581998577,
6561,short,157.52012400116655,128,6232.751299001393,
6562,short,157.63110800253344,128,6232.774227002665,
6563,short,157.49749099995825,128,6232.437206999748,
6564,short,158.45733500100323,128,6232.181650000712,
6565,short,119.48845200095093,128,6187.2800220007775,
6566,short,164.1503470018506,128,6230.950623001263,
6567,short,161.61095400093473,128,6231.360588000825,
6568,short,161.72807600014494,128,6231.379103999643,
6569,short,163.47738499825937,128,6231.390721000935,
6570,short,163.2926310012408,128,6231.414974001382,
6571,short,163.10645399789792,128,6231.410016000154,
6572,short,163.09943899977952,128,6231.377475000045,
6573,short,162.92219100068905,128,6231.4006159977,
6574,short,161.26964499926544,128,6231.371219000721,
6575,short,159.88968999954523,128,6231.352028000401,
6576,short,162.28850200059242,128,6231.3468040010775,
6577,short,160.66708500147797,128,6231.417587001488,
6578,short,160.63153499999316,128,6231.194621999748,
6579,short,157.7625319987419,128,6231.2019179989875,
6580,short,160.77937400041264,128,6231.22342699935,
6581,short,157.3581809971074,128,6231.2277349992655,
6582,short,160.3303509982652,128,6231.1636800004635,
6583,short,160.14881699811667,128,6231.230443998356,
6584,short,159.93531999993138,128,6231.196994001948,
6585,short,159.75294599775225,128,6231.221236997953,
6586,short,156.2149409983249,128,6231.130191998091,
6587,short,159.27657300198916,128,6231.206448999728,
6588,short,159.09589100192534,128,6231.248367002991,
6589,short,158.91504300088855,128,6231.262196000898,
6590,short,158.64331199918524,128,6231.171871997503,
6591,short,156.1619050007721,128,6231.161433002853,
6592,short,155.74388199820532,128,6231.086123996647,
6593,short,156.09390499957954,128,6231.3612590005505,
6594,short,155.9223620024568,128,6231.371001002117,
6595,short,157.38008599873865,128,6231.359400000656,
6596,short,155.48981300162268,128,6231.344854000781,
6597,short,155.30861699880916,128,6231.371128000319,
6598,short,154.94194100028835,128,6232.135802998528,
6599,short,156.24681700137444,128,6232.232878002833,
6600,short,127.28648100164719,128,6195.567468999798,
6602,short,134.03949699932127,128,6194.765123000252,
6603,short,131.65114999719663,128,6194.668359999923,
6604,short,132.84298500002478,128,6194.1698620030365,
6605,short,131.5416549987276,128,6194.250516000466,
6606,short,132.4543979972077,128,6194.284625998989,
6607,short,131.15859500248916,128,6194.339795001724,
6608,short,132.0676059985999,128,6194.353669998236,
6609,short,130.6158970000979,128,6194.295136003348,
6610,short,130.30323599741678,128,6194.34616199942,
6611,short,130.79597300020396,128,6194.912070997816,
6612,short,130.57294099780847,128,6194.944602997566,
6613,short,130.31803199919523,128,6195.01192199823,
6601,short,135.12827300291974,128,6199.09872900098,
6614,short,128.89121500120382,128,6195.338321998861,
6615,short,130.83532900054706,128,6195.347911001591,
6620,short,134.02030399811338,128,6182.0258509978885,
6621,short,133.9026389978244,128,6182.2253209975315,
6622,short,133.72587599951657,128,6182.275200000731,
6623,short,133.1761759975052,128,6182.639208000182,
6617,short,134.71572200069204,128,6185.375714998372,
6618,short,134.36878100037575,128,6185.257260000071,
6619,short,134.1546149997157,128,6185.502283999085,
6616,short,134.67858800140675,128,6186.761926001054,
6624,short,149.18568299981416,128,6198.729552997975,
6626,short,141.3916000019526,128,6199.755114001164,
6627,short,141.70608000131324,128,6199.944021998817,
6628,short,141.54951900127344,128,6201.049829000112,
6629,short,141.14982699902612,128,6200.90270899891,
6630,short,141.18092500211787,128,6201.180069001566,
6631,short,140.97780500014778,128,6201.166374001332,
6632,short,140.82770200184314,128,6201.227246001508,
6633,short,140.6565870020131,128,6201.243046001764,
6634,short,140.4855350010621,128,6201.252337003098,
6635,short,138.3621220011264,128,6199.3105779984035,
6625,short,145.81473799989908,128,6207.101247000537,
6636,short,155.1158629990823,128,6199.7415740006545,
6637,short,148.28908900017268,128,6200.480281997443,
6639,short,124.76959299965529,128,6199.179864001053,
6640,short,124.60499900043942,128,6199.77240499793,
6641,short,124.47333399904892,128,6199.823507999099,
6642,short,124.6040459991491,128,6199.831742000242,
6643,short,124.557195998932,128,6199.8325399981695,
6644,short,124.51281800167635,128,6199.831051002548,
6645,short,124.46692100274959,128,6199.758242000826,
6646,short,125.37940800029901,128,6199.832433001575,
6647,short,125.3330459985591,128,6199.83762099946,
6648,short,124.38588499935577,128,6198.563015997934,
6649,short,124.11675700059277,128,6198.447972001304,
6650,short,124.50000199896749,128,6199.724592999701,
6651,short,124.3421990002389,128,6199.761489999219,
6652,short,120.30962400240242,128,6199.757757000043,
6653,short,120.46091999945929,128,6199.560630000633,
6654,short,121.42526499883388,128,6199.639446000219,
6655,short,122.30844999794499,128,6199.585562997527,
6656,short,123.02763600018807,128,6199.655305001215,
6638,short,126.27495700144209,128,6207.154456998978,
6657,short,160.6063510007516,128,6237.205560999428,
6658,short,161.47754900157452,128,6238.333237000916,
6659,short,161.85532799863722,128,6238.49328399956,
6660,short,161.6843020019587,128,6238.233071002469,
6661,short,127.99373300003936,128,6203.259584999614,
6662,short,118.61295100243296,128,6201.238189001742,
6664,short,161.08074899966596,128,6250.586972997553,
6672,short,160.04056200108607,128,6249.248580003041,
6676,short,158.1285520005622,128,6247.597137000412,
6678,short,157.85299799972563,128,6247.507563999534,
6683,short,156.8763420000323,128,6246.806168001058,
6665,short,160.86842400181922,128,6253.496967001411,
6671,short,160.2174429972365,128,6252.565959999629,
6674,short,158.600741000555,128,6251.149766998424,
6688,short,156.32904499943834,128,6248.178713998641,
6689,short,155.8683250004833,128,6248.107444000198,
6690,short,155.85176199965645,128,6248.4627480007475,
6691,short,155.65218899791944,128,6248.559297997417,
6693,short,155.251786000008,128,6250.5150090000825,
6694,short,154.1391200007638,128,6249.614062999171,
6695,short,153.76986699993722,128,6249.422227996547,
6663,short,161.2839610024821,128,6259.544571999868,
6666,short,160.67669399853912,128,6259.065833997738,
6667,short,160.4946609986655,128,6259.067510000023,
6668,short,160.3150269984326,128,6259.069137999177,
6669,short,160.1042759975826,128,6259.078380000574,
6670,short,160.39433799960534,128,6259.155542997178,
6673,short,159.8339890006173,128,6258.700204998604,
6675,short,158.3297120014322,128,6257.357367001532,
6677,short,158.01266000198666,128,6257.197505001386,
6679,short,157.600452999759,128,6256.927299997187,
6680,short,157.48296400124673,128,6256.926362999366,
6681,short,157.29531599936308,128,6256.9089789976715,
6682,short,157.11600099893985,128,6256.910175001394,
6684,short,157.2834819999116,128,6256.579641998542,
6685,short,157.09518100265996,128,6256.5646870025375,
6686,short,156.9355989995529,128,6256.562963997567,
6687,short,156.67407299770275,128,6256.480197000201,
6692,short,155.46253899810836,128,6255.248137000308,
6696,short,123.41109000044526,128,6223.217546001251,
6698,short,129.92051300170715,128,6207.762121000997,
6699,short,127.37301499873865,128,6207.602820999455,
6700,short,129.2753440029628,128,6207.634760001383,
6701,short,127.95398199887131,128,6207.693501000904,
6702,short,128.82580099903862,128,6208.142980998673,
6703,short,127.47749799746089,128,6208.1387670004915,
6704,short,128.35070100118173,128,6208.079992000421,
6705,short,126.83659699905547,128,6207.948388000659,
6706,short,126.06409499858273,128,6207.969907998631,
6707,short,125.83590800204547,128,6210.105161000683,
6708,short,125.51224399794592,128,6210.05515700017,
6709,short,125.95752100241953,128,6210.494118000497,
6710,short,126.59460400027456,128,6210.410397998203,
6711,short,124.19585199677385,128,6210.482118996879,
6697,short,130.4930369988142,128,6215.450436997344,
6713,short,141.95455399749335,128,6215.115261999017,
6714,short,141.79610200153547,128,6215.234374001739,
6715,short,140.88079999783076,128,6214.509935998649,
6716,short,140.16408099996625,128,6214.54531800191,
6717,short,139.44980700034648,128,6214.965654002299,
6718,short,138.8799950000248,128,6214.590262999991,
6719,short,138.7615809981071,128,6214.927187000285,
6712,short,142.8724819998024,128,6218.550465997396,
6720,short,145.56761900166748,128,6177.019232000021,
6722,short,140.3080130003218,128,6174.187086002348,
6723,short,139.62974400055828,128,6174.113782999484,
6724,short,139.3959939996421,128,6174.155332999362,
6725,short,138.95259700075258,128,6173.900474997936,
6726,short,138.9777749973291,128,6174.111410000478,
6727,short,138.74378299806267,128,6174.058253000112,
6728,short,138.58027500100434,128,6174.07705900041,
6729,short,138.39953299975605,128,6174.072903999331,
6730,short,138.21839099909994,128,6174.0668099992035,
6731,short,135.78197400056524,128,6171.804741999949,
6721,short,144.1126819991041,128,6180.239568999241,
6732,short,154.57829400111223,128,6177.290563999122,
6733,short,138.09007400050177,128,6177.039782000065,
6735,short,137.75965599779738,128,6175.23844599782,
6736,short,137.61888299995917,128,6175.952727997355,
6737,short,137.49527400068473,128,6175.999595998292,
6738,short,137.37801400202443,128,6176.045674001216,
6739,short,137.25873899966246,128,6176.054740000836,
6740,short,137.1390420026728,128,6176.0683540014725,
6741,short,136.93958899966674,128,6176.011707000725,
6742,short,136.98187899717595,128,6176.07350599792,
6743,short,136.8625819995941,128,6176.077658001304,
6744,short,136.71162500031642,128,6176.048623998213,
6745,short,135.37168399852817,128,6174.784578000981,
6746,short,135.33798699791078,128,6176.058867997199,
6747,short,135.1673649987788,128,6176.049544999842,
6748,short,135.0919150027039,128,6176.027358000283,
6749,short,135.4346460029774,128,6175.861691001046,
6750,short,136.7083850018389,128,6175.992996002606,
6751,short,136.78528500167886,128,6176.001814001211,
6752,short,136.15288099754252,128,6175.296049997996,
6734,short,153.27748900017468,128,6183.948244000931,
6754,short,130.15058800010593,128,6172.510991997115,
6753,short,132.3880879972421,128,6175.049672998284,
6755,short,130.822929997521,128,6173.8214930010145,
6756,short,131.0472929981188,128,6173.859917998925,
6757,short,129.8062679998111,128,6172.611632999178,
6758,short,132.5043810029456,128,6175.474073999794,
6760,short,150.19240099718445,128,6222.060576998047,
6761,short,149.87630199902924,128,6222.0070410003245,
6762,short,150.1253140013432,128,6221.959449001588,
6763,short,149.72834500076715,128,6221.69039399887,
6764,short,148.30483499827096,128,6220.407114997215,
6765,short,147.10230200216756,128,6220.682701001351,
6766,short,146.88624100017478,128,6220.615745998657,
6767,short,146.42191500024637,128,6221.252579998691,
6768,short,146.95933199982392,128,6221.211800999299,
6769,short,146.41412700075307,128,6220.893035002518,
6770,short,146.55873499941663,128,6220.873460999428,
6771,short,144.18110100086778,128,6218.682388000161,
6772,short,143.95071400213055,128,6218.6335410005995,
6773,short,143.776329998218,128,6218.650555998465,
6774,short,143.54898300007335,128,6218.590727999981,
6775,short,141.58913599749212,128,6218.645279997872,
6759,short,152.10823400047957,128,6228.397170001699,
6795,short,164.87345900168293,128,6228.852449999977,
6807,short,158.78493600030197,128,6222.60303299845,
6797,short,164.959498000826,128,6229.000350998831,
6799,short,164.52823700092267,128,6228.8311869997415,
6801,short,163.47721100100898,128,6228.01445100049,
6802,short,161.07924199968693,128,6227.357660998678,
6803,short,160.82861099857837,128,6227.368967996881,
6804,short,160.16870899693458,128,6226.950506999856,
6805,short,160.71652499886113,128,6226.950268999644,
6794,short,167.44041799756815,128,6233.862904999114,
6796,short,166.87000599995372,128,6233.549683001911,
6798,short,165.9699659976468,128,6232.855575999565,
6800,short,165.53334999844083,128,6232.621043000108,
6813,short,122.177635999833,128,6189.495276001253,
6814,short,121.61253900194424,128,6189.154399999097,
6815,short,121.53018599929055,128,6189.236467998853,
6808,short,124.61348199940403,128,6192.523017001804,
6776,short,195.19940899772337,128,6263.33431799867,
6777,short,195.01772399962647,128,6263.384399000643,
6779,short,194.54329400105053,128,6263.110866999341,
6778,short,194.79814900114434,128,6263.644914000906,
6809,short,124.38977499914472,128,6193.437276000623,
6780,short,194.36888999916846,128,6263.659205000295,
6781,short,194.18489300005604,128,6263.706482000998,
6782,short,193.91551200169488,128,6263.664827998582,
6810,short,124.26267999762786,128,6194.239270997059,
6811,short,123.50852500094334,128,6193.71214900093,
6812,short,122.85946100018919,128,6193.282538999483,
6783,short,193.81703800172545,128,6264.4713500012585,
6784,short,193.62583399924915,128,6264.502515998174,
6785,short,193.44405299852951,128,6264.554035999026,
6786,short,193.26821399954497,128,6264.608342000429,
6787,short,193.09062699903734,128,6264.655799997854,
6788,short,192.91088099998888,128,6264.704044999235,
6791,short,192.30679500105907,128,6264.28648000001,
6790,short,192.54970900146873,128,6264.8199620016385,
6789,short,192.7295139976195,128,6265.273724999133,
6792,short,192.15855300353724,128,6264.899676003552,
6806,short,161.57960800046567,128,6234.542641999724,
6793,short,168.6905399983516,128,6241.8828689988,
6816,short,149.61248399777105,128,6185.883939000632,
6818,short,141.60429500043392,128,6185.743848000129,
6819,short,141.9707909990393,128,6186.732158999803,
6820,short,141.81434100100887,128,6186.823208001442,
6821,short,141.41479099998833,128,6186.624938000023,
6822,short,141.45453799937968,128,6186.873555001512,
6823,short,141.250372002105,128,6186.8558960013615,
6824,short,141.0998089995701,128,6186.892767000245,
6825,short,140.92642700052238,128,6186.902303001261,
6826,short,140.75230899834423,128,6186.911188000522,
6827,short,138.4252909992938,128,6184.763784000097,
6817,short,145.01380200090352,128,6190.774414000771,
6828,short,153.50850799950422,128,6184.975226999086,
6829,short,136.11550700079533,128,6183.952811999916,
6831,short,134.70453399713733,128,6183.391139999003,
6832,short,134.7940080013359,128,6183.9775209991785,
6833,short,134.58226800139528,128,6183.988474000216,
6834,short,134.4036770024104,128,6183.993156002543,
6835,short,134.20394000058877,128,6183.983016999264,
6836,short,134.01747000170872,128,6183.979503999581,
6837,short,133.77475400193362,128,6183.913512999425,
6838,short,133.65397099914844,128,6183.971498001483,
6839,short,133.47733300179243,128,6183.9738830021815,
6840,short,133.2668739996734,128,6183.941997001966,
6841,short,131.77109999742243,128,6182.636604997242,
6842,short,132.2585989983054,128,6183.84186899857,
6843,short,132.04432600105065,128,6183.843314000114,
6844,short,131.83091999962926,128,6183.816315999138,
6845,short,131.46579400199698,128,6183.633025000745,
6846,short,131.39791899811826,128,6183.724695998535,
6847,short,131.1997960001463,128,6183.737411000038,
6848,short,129.85438099713065,128,6182.588597999711,
6830,short,139.29131899931235,128,6191.725140000926,
6850,short,145.65094099816633,128,6184.34138199882,
6851,short,148.9095990000351,128,6185.038570998586,
6852,short,146.26000600037514,128,6185.771452001063,
6853,short,145.99490899854572,128,6186.122347000492,
6849,short,151.22161200270057,128,6191.863382999145,
6854,short,145.37394099897938,128,6182.552962000045,
6856,short,113.5133110001334,128,6185.256250999373,
6857,short,113.33380500218482,128,6185.356745001627,
6858,short,113.54165999728139,128,6185.397195997211,
6859,short,113.38056800013874,128,6185.331896998832,
6855,short,115.26074500216055,128,6188.419137000892,
6860,short,155.32926399828284,128,6230.656366999028,
6861,short,154.1700289999426,128,6232.094230999792,
6862,short,153.1442790001165,128,6231.265311002062,
6863,short,153.2478790031746,128,6231.132759003231,
6864,short,153.5458039979858,128,6231.215965999581,
6865,short,153.27193600023747,128,6231.170473998645,
6866,short,153.55860099953134,128,6231.262082001194,
6867,short,153.37758800160373,128,6231.259829000919,
6868,short,153.1641010005842,128,6231.225383002311,
6869,short,152.99853100077598,128,6231.213468003261,
6870,short,152.77861999857123,128,6231.147366997902,
6871,short,150.1148169991211,128,6230.58139099885,
6873,short,164.01716799737187,128,6235.084739997546,
6874,short,164.1651389982144,128,6235.729302999971,
6875,short,164.2224230017746,128,6236.565390001488,
6876,short,163.98938999918755,128,6236.643237996759,
6877,short,163.09389299931354,128,6235.199044996989,
6878,short,162.81721100313007,128,6235.211065002659,
6879,short,162.60379800223745,128,6235.358444002486,
6880,short,162.37610600001062,128,6235.424523001711,
6881,short,162.01449000072898,128,6235.383858002024,
6882,short,161.87986799923237,128,6235.735587000818,
6883,short,161.6984569991473,128,6235.898904000351,
6884,short,161.49985999800265,128,6235.996457999136,
6885,short,161.30220799823292,128,6236.073301999568,
6886,short,161.07760800150572,128,6236.140869001247,
6887,short,160.80484300255193,128,6239.602706998994,
6888,short,160.69500600133324,128,6239.609664000454,
6889,short,160.46710000227904,128,6239.551721002499,
6890,short,160.26152199992794,128,6239.505988000019,
6891,short,160.03360600007,128,6239.460558001156,
6892,short,159.8040149983717,128,6239.418640998338,
6893,short,159.5751079985348,128,6239.374307999242,
6894,short,159.32545800023945,128,6239.306531002512,
6895,short,159.10362700014957,128,6239.265846998023,
6896,short,158.8771140013705,128,6239.21709500064,
6897,short,158.65045199825545,128,6239.194703997782,
6898,short,158.42372699989937,128,6239.156053001352,
6899,short,158.20634400006384,128,6239.120349000586,
6900,short,157.9527110006893,128,6239.042566998251,
6901,short,157.75621499778936,128,6239.041582997743,
6902,short,157.52246800184366,128,6238.987643002474,
6903,short,157.2884500019427,128,6238.93354500251,
6904,short,157.0664979990397,128,6238.888822001172,
6905,short,156.83889399952022,128,6238.839870999072,
6906,short,156.6101600001275,128,6238.793315002113,
6907,short,156.36129299673485,128,6238.727170999482,
6908,short,156.13109700279892,128,6238.6771900019085,
6909,short,155.82761599944206,128,6239.731101999496,
6872,short,167.8271010023309,128,6251.953936000064,
6910,short,155.66273000149522,128,6239.974946001894,
6911,short,155.4335139990144,128,6239.92921700119,
6912,short,147.82178699897486,128,6193.374559999938,
6914,short,139.893816998665,128,6192.001145998802,
6915,short,140.2653349978209,128,6192.945540999062,
6916,short,140.10236100148177,128,6193.04197800011,
6917,short,139.67351199971745,128,6192.80176599932,
6918,short,139.70437800162472,128,6193.034332001844,
6919,short,139.49238400164177,128,6193.008874000952,
6920,short,139.33286199971917,128,6193.034489999263,
6921,short,139.15313899997273,128,6193.043254999793,
6922,short,138.97300600001472,128,6193.042113998672,
6923,short,138.5507699997106,128,6192.829644001904,
6913,short,144.53926300120656,128,6199.006795999594,
6924,short,151.1144920004881,128,6194.247794999683,
6925,short,136.66090199694736,128,6195.1513339990925,
6927,short,135.1537750015268,128,6194.612250001228,
6928,short,135.1996900011727,128,6195.197862001805,
6929,short,135.02234699990368,128,6195.248479001748,
6930,short,134.8368200015102,128,6195.245004000753,
6931,short,134.65598900074838,128,6195.277749000525,
6932,short,134.47957100288477,128,6195.289795003191,
6933,short,134.2419909997261,128,6195.232911002677,
6934,short,134.1171559979557,128,6195.305532997736,
6935,short,133.93044399708742,128,6195.298714999808,
6936,short,133.72185999833164,128,6195.267642000545,
6937,short,132.9599300006521,128,6194.054502000654,
6938,short,132.80313899667817,128,6195.2789339993615,
6939,short,132.59005199870444,128,6195.284189001541,
6940,short,132.37970800037147,128,6195.260150001559,
6941,short,132.04473199948552,128,6195.159830000193,
6942,short,131.9653840000683,128,6195.267435003188,
6943,short,131.78098299977137,128,6195.2655770001,
6944,short,130.6228210014524,128,6194.285390000005,
6926,short,139.71939100156305,128,6202.920404000906,
6946,short,145.3575989980891,128,6195.370200999605,
6947,short,146.16688800015254,128,6195.552557001065,
6948,short,143.70965899797739,128,6195.384135997301,
6949,short,140.37851700049941,128,6192.296863002412,
6945,short,148.66204200006905,128,6199.851924997347,
6950,short,152.8003989988065,128,6200.708605996624,
6952,short,131.0342020005919,128,6193.3886730003,
6953,short,132.08354000016698,128,6193.529853000655,
6954,short,131.9779080004082,128,6193.593829000747,
6955,short,130.53508899974986,128,6191.833875000157,
6951,short,133.63876400035224,128,6195.595487999526,
6957,short,121.44172099942807,128,6195.421257998532,
6958,short,120.12372900062473,128,6195.943219998298,
6959,short,120.0226159999147,128,6195.997827999236,
6960,short,119.71953399915947,128,6195.879947998037,
6961,short,120.53744600052596,128,6196.8547079995915,
6962,short,120.26075100220623,128,6196.8405049992725,
6963,short,120.24107400065986,128,6196.9352349988185,
6964,short,120.06242999996175,128,6196.9407239994325,
6965,short,119.88637300237315,128,6196.945644001971,
6966,short,119.73237799975323,128,6196.9471010015695,
6967,short,119.6922449998965,128,6196.889701997861,
6956,short,123.86624700229731,128,6201.2667000017245,
6969,short,157.18456899776356,128,6239.654258999508,
6970,short,156.77189600319252,128,6240.04341300315,
6971,short,156.77792899805354,128,6240.327710998827,
6972,short,156.48160000273492,128,6240.232068001205,
6973,short,156.18697599711595,128,6240.168848999019,
6974,short,155.79804300068645,128,6239.976738001133,
6975,short,155.51481600050465,128,6239.889054999367,
6976,short,155.203086000256,128,6239.75954100024,
6977,short,155.14324399919133,128,6239.3045730023005,
6978,short,154.94402199692558,128,6239.2142519966,
6979,short,154.65900599883753,128,6239.099962000182,
6980,short,154.386065001745,128,6238.98684100277,
6981,short,154.11697599847685,128,6238.890870998148,
6982,short,150.38014799938537,128,6236.052661999565,
6983,short,150.15249300267897,128,6236.041791002208,
6984,short,150.0728649989469,128,6236.038701001235,
6985,short,149.91186800034484,128,6236.039689003519,
6968,short,160.81587799999397,128,6247.126649002894,
6986,short,149.75270900322357,128,6236.246682001365,
6987,short,149.56486300070537,128,6236.239679998107,
6988,short,149.3812609987799,128,6236.2391669994395,
6989,short,149.19851399827166,128,6236.2394480005605,
6990,short,149.01642900076695,128,6236.240742000518,
6991,short,148.83912699951907,128,6236.262755999633,
6992,short,148.63450700067915,128,6236.240983998869,
6993,short,196.2924520012166,128,6274.227584999608,
6994,short,196.1122529974091,128,6274.341552998521,
6995,short,195.92837500022142,128,6274.354434000998,
6996,short,195.71746099973097,128,6274.389764999796,
6997,short,195.56071999977576,128,6274.482151002303,
6998,short,195.38073999865446,128,6274.515957000403,
6999,short,195.19971599947894,128,6274.647685997479,
7000,short,195.01992799996515,128,6274.657007001224,
7001,short,194.83741700241808,128,6274.699983001483,
7002,short,194.65474300159258,128,6275.489338000625,
7005,short,192.84536099803518,128,6273.850648998632,
7004,short,193.11406500128214,128,6274.349715000426,
7003,short,194.473855997785,128,6275.932510998246,
7006,short,192.7055990017834,128,6274.614514000859,
7007,short,192.52232600047137,128,6274.6774010010995,
7008,short,148.26136700139614,128,6211.937552001473,
7010,short,142.01365900225937,128,6209.259111001302,
7011,short,142.3951130018395,128,6210.165754000627,
7012,short,142.23506999769597,128,6210.267952999857,
7013,short,141.81672299673664,128,6210.03976999782,
7014,short,141.84489800027222,128,6210.2668570005335,
7015,short,141.62560899785603,128,6210.2342509970185,
7016,short,141.46884200090426,128,6210.263830998883,
7017,short,141.29066500026966,128,6210.2983629993105,
7018,short,141.07985500231734,128,6210.270843999751,
7019,short,138.70830700034276,128,6208.073200999934,
7009,short,146.64366600118228,128,6216.051536001032,
7020,short,154.0608279974549,128,6210.545844998705,
7021,short,140.7483439979842,128,6209.467603999656,
7023,short,133.96403799924883,128,6211.110993997863,
7024,short,133.94966700070654,128,6211.649671000487,
7025,short,133.77150100131985,128,6211.68619799937,
7026,short,133.55790399873513,128,6211.657052997907,
7027,short,133.37110599968582,128,6211.647094001819,
7028,short,133.19036000029882,128,6211.642588998075,
7029,short,132.93754099868238,128,6211.563413999102,
7030,short,132.8098609992594,128,6211.629196997819,
7031,short,133.13789299718337,128,6211.63680799873,
7032,short,132.93248099944321,128,6211.605975000566,
7033,short,131.53537600010168,128,6210.371059998579,
7034,short,131.37203099904582,128,6211.5490209980635,
7035,short,131.14982900151517,128,6211.543224999332,
7036,short,130.88154700017185,128,6211.462532999576,
7037,short,130.51218399778008,128,6211.330017998989,
7038,short,130.42726200001198,128,6211.452404000738,
7039,short,130.24229999791714,128,6211.464108000655,
7040,short,129.7597090015188,128,6210.480296002061,
7022,short,138.29777900173212,128,6219.336310001381,
7042,short,142.63555099751102,128,6210.859203998552,
7043,short,144.09315599914407,128,6211.478160999832,
7044,short,141.86820499890018,128,6211.599897000269,
7045,short,140.69999899948016,128,6210.713095999381,
7041,short,146.090591999382,128,6215.05102899755,
7046,short,148.38535799935926,128,6209.900039997592,
7048,short,141.7936030011333,128,6211.456077002367,
7049,short,141.54695499746595,128,6211.608986999636,
7050,short,141.3793940009782,128,6211.811692999618,
7051,short,140.4503060002753,128,6211.175944998104,
7047,short,148.8239270001941,128,6221.766151000338,
7053,short,138.37748000150896,128,6209.223323003243,
7054,short,134.2020029987907,128,6210.552676999214,
7055,short,134.08881799841765,128,6210.618799999793,
7056,short,132.89209899812704,128,6209.671230000822,
7052,short,140.2423159997852,128,6212.51538100114,
7057,short,137.44172700171475,128,6209.929203003412,
7058,short,137.1672880013648,128,6209.869673999492,
7059,short,137.3656630021287,128,6209.950958000263,
7060,short,137.1903929975815,128,6209.949746000348,
7061,short,137.21954700304195,128,6209.971816002508,
7062,short,137.07818699913332,128,6209.978409999167,
7063,short,136.89814000099432,128,6209.948820000136,
7065,short,122.67276100101299,128,6208.278679001523,
7066,short,123.37627399756457,128,6208.930005999719,
7067,short,122.06707999939681,128,6209.292529998493,
7068,short,121.90271899817162,128,6209.26419999887,
7069,short,122.14917200253694,128,6209.255600002507,
7070,short,122.03937700178358,128,6209.220392000134,
7071,short,121.9753250006761,128,6209.315948002768,
7072,short,121.89384999874164,128,6209.306903001561,
7073,short,121.59230500037665,128,6209.186273998057,
7074,short,120.10354200174334,128,6209.258584000054,
7075,short,120.0726940005552,128,6209.857625999575,
7064,short,125.33028899997589,128,6214.494861000276,
7076,short,170.40385799919022,128,6257.81668199852,
7077,short,169.527456000651,128,6257.191159998911,
7078,short,169.31370300153503,128,6257.26185700114,
7079,short,169.12492499977816,128,6257.263266001246,
7080,short,169.0541680000024,128,6257.378047997918,
7081,short,168.89361500216182,128,6257.394339001621,
7082,short,168.710750000173,128,6257.392693998554,
7083,short,168.5300509998342,128,6257.389649999823,
7084,short,168.34645500057377,128,6257.3821950027195,
7085,short,168.16420900067897,128,6257.374461001746,
7086,short,167.98190799818258,128,6257.364884997514,
7087,short,167.7896699984558,128,6257.387871999526,
7088,short,167.6063820013951,128,6257.390457001748,
7089,short,129.4263059971854,128,6219.3868909998855,
7090,short,129.14116799947806,128,6219.27138799947,
7091,short,128.94431999666267,128,6219.249906996993,
7092,short,128.69621200297843,128,6219.178458999522,
7093,short,128.42530599664315,128,6219.083575997502,
7094,short,128.23538199882023,128,6219.076452998706,
7095,short,127.92183400233625,128,6218.939888000023,
7096,short,127.72761499945773,128,6218.918200000189,
7097,short,127.513742998417,128,6218.878619998577,
7098,short,126.54203799684183,128,6218.079297999793,
7099,short,126.33096399804344,128,6218.04374599742,
7100,short,126.143872999819,128,6218.049396000424,
7101,short,125.96300299992436,128,6218.052738997358,
7102,short,125.42463799763937,128,6217.6891950002755,
7103,short,125.2247120028187,128,6217.67675600131,
7104,short,144.5418889998109,128,6210.148220001429,
7106,short,141.13961700059008,128,6209.990175000712,
7107,short,141.50646699999925,128,6210.944794998795,
7108,short,141.34235299934517,128,6211.068435000925,
7109,short,140.9295560006285,128,6210.869728001853,
7110,short,140.9465500000806,128,6211.114320998604,
7111,short,140.73648300109198,128,6211.092178000399,
7112,short,140.54592799948296,128,6211.0911999989185,
7113,short,140.36413700159756,128,6211.085940001794,
7114,short,140.19017399914446,128,6211.088654999912,
7115,short,137.92623200060916,128,6208.999141999811,
7105,short,145.49881199855008,128,6216.861914999754,
7116,short,154.99871599968174,128,6210.829976000241,
7117,short,143.12435099782306,128,6212.0163869985845,
7119,short,135.66086499849916,128,6208.446015996742,
7120,short,135.52615099979448,128,6209.123212000122,
7121,short,135.40942699910374,128,6209.22824399895,
7122,short,135.29387200105703,128,6209.240284999396,
7123,short,135.1773089991184,128,6209.24643899707,
7124,short,135.0611219968414,128,6209.249642997747,
7125,short,134.8712910003087,128,6209.175468000467,
7126,short,134.9199949981994,128,6209.227316998295,
7127,short,134.8016119991371,128,6209.226350998506,
7128,short,134.65120600085356,128,6209.19196199975,
7129,short,133.39555700076744,128,6208.00120399872,
7130,short,133.40425299975323,128,6209.3252199993,
7131,short,133.2492090004962,128,6209.328074997757,
7132,short,133.11824799893657,128,6209.272015999886,
7133,short,132.93199399777222,128,6209.099666000839,
7134,short,133.4307719989738,128,6209.227489998739,
7135,short,133.57702499706647,128,6209.246409998741,
7118,short,139.91730099951383,128,6215.5291059971205,
7136,short,132.6127300017106,128,6208.345494000241,
7138,short,143.83004900082597,128,6207.462631002272,
7139,short,146.119749002537,128,6208.24160200209,
7140,short,143.2798450005066,128,6209.036060001381,
7141,short,142.44417299778434,128,6208.686868998484,
7137,short,151.83822200197028,128,6216.409280001244,
7142,short,148.44379399801255,128,6206.714468997234,
7144,short,139.42840399977285,128,6211.160912997002,
7145,short,139.0344589999586,128,6211.160222999752,
7146,short,138.78165899950545,128,6211.132181997527,
7147,short,130.0495969990152,128,6202.5872279991745,
7143,short,143.8226990030671,128,6215.17485500226,
7149,short,139.3783399980748,128,6208.026944997982,
7150,short,139.29482599996845,128,6209.381134998694,
7151,short,139.06621299975086,128,6209.569606999139,
7152,short,138.78975000261562,128,6209.60055100295,
7153,short,139.75889400171582,128,6209.942082001362,
7154,short,139.8133289985708,128,6210.115452999162,
7155,short,139.83146300233784,128,6210.234402999049,
7156,short,140.06804400196415,128,6210.643679001805,
7157,short,139.88545800020802,128,6210.759990997758,
7158,short,139.71495799705735,128,6210.864615997707,
7159,short,139.5433920006326,128,6211.018245998275,
7148,short,148.71592900090036,128,6224.417215002177,
7161,short,128.8113339978736,128,6207.916308998392,
7162,short,131.10743300057948,128,6208.579697999085,
7163,short,128.7970220000716,128,6208.940397998958,
7164,short,128.90352300019003,128,6208.944022997457,
7165,short,128.77550499979407,128,6208.942563000164,
7166,short,128.86920099845156,128,6208.839017999708,
7167,short,129.21138200181304,128,6208.858506000979,
7168,short,129.6001589980733,128,6208.851986997615,
7169,short,129.33767100184923,128,6208.73467400088,
7170,short,125.65734399686335,128,6208.900346999144,
7171,short,125.92509399837581,128,6208.79295299892,
7160,short,132.77840899900184,128,6213.826114999392,
7173,short,171.51705799915362,128,6253.987883999798,
7174,short,171.2588299997151,128,6254.028990999359,
7175,short,171.08193500098423,128,6254.072272000485,
7176,short,170.77589299879037,128,6253.955498999858,
7177,short,170.7095810015744,128,6254.064675002155,
7172,short,172.09221499797422,128,6255.633274999127,
7178,short,170.55289199925028,128,6254.279476001102,
7179,short,170.37635399901774,128,6254.286049999791,
7180,short,170.20076500193682,128,6254.292555000575,
7181,short,170.02682000020286,128,6254.310377000365,
7182,short,169.85364599895547,128,6254.315987000155,
7183,short,169.63407599905622,128,6254.27222199869,
7184,short,169.45081599988043,128,6254.2750899992825,
7185,short,169.27434299941524,128,6254.281254001398,
7186,short,169.10022500087507,128,6254.279869001039,
7187,short,168.92566100068507,128,6254.277402000298,
7188,short,168.74927100070636,128,6254.2747290026455,
7189,short,168.57403600079124,128,6254.273237002053,
7190,short,168.3682980001322,128,6254.238522000378,
7191,short,168.24421399724088,128,6254.263954997441,
7192,short,168.07019699990633,128,6254.260123998392,
7193,short,167.9083230010292,128,6254.25697099854,
7194,short,167.73463900244678,128,6254.254014002072,
7195,short,167.5591950006492,128,6254.248254001141,
7196,short,167.36139999920852,128,6254.219096997986,
7197,short,167.18491299980087,128,6254.211839997879,
7198,short,167.01122200174723,128,6254.207599002257,
7199,short,166.77838300165604,128,6254.143441001361,
7200,short,145.75476199752302,128,6215.395797997189,
7202,short,141.0112220000883,128,6213.829664000514,
7203,short,141.36655000038445,128,6214.632954997796,
7204,short,141.18395100013004,128,6214.697139999771,
7205,short,140.75427299758303,128,6214.450329000101,
7206,short,140.784718998475,128,6214.663578997715,
7207,short,140.57370699811145,128,6214.636048000102,
7208,short,140.42253699881257,128,6214.667909000127,
7209,short,140.24621100179502,128,6214.668989003258,
7210,short,140.07153900092817,128,6214.669173001312,
7211,short,137.76516600046307,128,6212.5533709986485,
7201,short,145.57712100213394,128,6220.507973001077,
7212,short,153.9849190012319,128,6216.865503000008,
7213,short,136.73398600076325,128,6217.845114002557,
7215,short,134.63675799721386,128,6216.72359600052,
7216,short,134.58714800071903,128,6217.385358999309,
7217,short,134.40721500228392,128,6217.444978999993,
7218,short,134.23194799906923,128,6217.455457001051,
7219,short,134.05721000162885,128,6217.485144999955,
7220,short,133.88595799915493,128,6217.496309000126,
7221,short,133.64874899707502,128,6217.450093998195,
7222,short,133.5264770023059,128,6217.5174270014395,
7223,short,133.86460399851785,128,6217.555807997996,
7224,short,133.66318399857846,128,6217.538385997614,
7225,short,132.15278500138083,128,6216.214918000333,
7226,short,131.99374100076966,128,6217.569412001467,
7227,short,131.76518800173653,128,6217.55840500191,
7228,short,131.56337599866674,128,6217.539598001167,
7229,short,131.1989009991521,128,6217.36852399772,
7230,short,131.13142500151298,128,6217.504842999915,
7231,short,130.96967300225515,128,6217.542618000152,
7232,short,131.5977220001514,128,6217.633758002194,
7214,short,139.27015800072695,128,6226.747951001016,
7234,short,146.23320000100648,128,6215.162562999467,
7235,short,145.92961399830529,128,6215.20229899761,
7236,short,144.4959039981768,128,6215.026583999133,
7237,short,139.77766699827043,128,6210.588109999662,
7233,short,147.41843699812307,128,6220.1046900008805,
7238,short,161.22241300035967,128,6220.5239229988365,
7240,short,137.0152439994854,128,6214.790220998111,
7241,short,136.760042001697,128,6214.883144999476,
7242,short,136.60124700254528,128,6214.939049001259,
7243,short,133.9457260000927,128,6212.472702998639,
7239,short,141.4224749969435,128,6218.571653000254,
7245,short,134.23986999987392,128,6215.406969000469,
7246,short,133.99474100151565,128,6216.591445001541,
7247,short,133.71290099894395,128,6216.565218997857,
7248,short,133.1559059981373,128,6216.200999999273,
7249,short,132.8133569986676,128,6216.081935999682,
7250,short,132.45086499955505,128,6215.9127080012695,
7251,short,131.8738959998882,128,6215.527451997332,
7252,short,131.61627999943448,128,6215.489163998427,
7253,short,131.3286340009654,128,6215.383219001524,
7254,short,130.99673699980485,128,6215.228021999792,
7255,short,121.69104699933087,128,6206.097450998641,
7244,short,137.50479699956486,128,6221.720261000883,
7257,short,133.73306900030002,128,6217.81725999972,
7258,short,134.48214399977587,128,6218.731035001838,
7259,short,133.17408399962005,128,6219.128094002372,
7260,short,133.06302999990294,128,6219.145438997657,
7261,short,132.88784799806308,128,6219.166980998125,
7262,short,133.21667999844067,128,6219.138959000702,
7263,short,133.21851300133858,128,6219.176401002187,
7264,short,133.09669999944163,128,6219.182474997069,
7265,short,132.16071999704582,128,6218.397663997166,
7266,short,130.64036599826068,128,6218.4560149980825,
7267,short,130.4926560005697,128,6218.352328000037,
7256,short,136.45690600242233,128,6224.640160002309,
7269,short,129.25011700281175,128,6215.646163000201,
7270,short,129.04454700037604,128,6215.780823000387,
7271,short,128.85482199999387,128,6216.701187000581,
7272,short,128.55740699887974,128,6216.64745399903,
7268,short,129.8110280004039,128,6218.080419999751,
7273,short,128.4930340007122,128,6217.115073999594,
7274,short,128.30604199916706,128,6217.129846998432,
7275,short,128.1210140004987,128,6217.145178001374,
7276,short,127.92968999929144,128,6217.138328000146,
7277,short,127.74574399736593,128,6217.134678998264,
7278,short,127.5668729977042,128,6217.135052997037,
7279,short,127.38760899810586,128,6217.13716999875,
7280,short,127.20090000220807,128,6217.128145002789,
7281,short,127.01886099966941,128,6217.136506998941,
7282,short,126.85620099728112,128,6217.172038999706,
7283,short,175.52205599713488,128,6260.513942997932,
7284,short,175.3511159986374,128,6260.666188998584,
7285,short,175.1792930008378,128,6260.6989390005765,
7286,short,175.00997400202323,128,6260.713024999859,
7287,short,174.80875000183005,128,6260.693050000555,
7288,short,174.66132700064918,128,6260.731040001701,
7289,short,174.49145099817542,128,6260.741212998255,
7290,short,174.32921299769077,128,6260.749157998362,
7291,short,174.1599840024719,128,6260.756764000689,
7292,short,173.9919200008444,128,6260.768148000352,
7293,short,173.8237179997668,128,6260.776974999317,
7295,short,173.48569599926122,128,6260.626282000885,
7294,short,173.6549669985834,128,6261.018446999515,
7296,short,145.9648339987325,128,6231.693436999194,
7298,short,143.35091499742703,128,6232.950283996615,
7299,short,143.7132009996276,128,6233.957165000902,
7300,short,143.55870399958803,128,6234.05715500121,
7301,short,143.1592980006826,128,6233.858955001779,
7302,short,143.19962199806469,128,6234.1389619978145,
7303,short,142.99088199913967,128,6234.133453999675,
7304,short,142.83913200051757,128,6234.175615001732,
7305,short,142.66524699996808,128,6234.184483000718,
7306,short,142.47398500083364,128,6234.175236000738,
7307,short,140.19180499963113,128,6232.074234998436,
7297,short,147.90630700008478,128,6239.889051998034,
7308,short,155.89868199822376,128,6232.892838001135,
7309,short,138.47917900056927,128,6233.139515999937,
7311,short,134.85589300034917,128,6232.210774000123,
7312,short,134.87335899844766,128,6232.879450999462,
7313,short,134.6929960018315,128,6232.938509001542,
7314,short,134.49016400045366,128,6232.929256999341,
7315,short,134.29880599869648,128,6232.9189909978595,
7316,short,134.11810799880186,128,6232.9158799984725,
7317,short,133.87402900116285,128,6232.871833999525,
7318,short,133.71725999968476,128,6232.904776999931,
7319,short,133.5294980017352,128,6232.896120000078,
7320,short,133.87800800046534,128,6232.853429999523,
7321,short,132.34533699869644,128,6231.507399999828,
7322,short,132.1849320011097,128,6232.859574000031,
7323,short,131.96771499860915,128,6232.855451999058,
7324,short,131.75036999746226,128,6232.829158998356,
7325,short,131.37751899921568,128,6232.644636998884,
7326,short,131.3016099993547,128,6232.768106998265,
7327,short,131.12797900248552,128,6232.802973001526,
7328,short,128.58788500307128,128,6230.462052000803,
7310,short,139.61911099977442,128,6241.031842997472,
7330,short,144.12809900022694,128,6234.153310000693,
7331,short,145.21066199813504,128,6234.959484998399,
7332,short,144.1377459996147,128,6235.787975998392,
7333,short,142.48892899922794,128,6234.78202700062,
7329,short,147.56099700025516,128,6241.993220999575,
7334,short,143.65668899699813,128,6231.295273999422,
7336,short,141.18127600158914,128,6233.298236002156,
7337,short,140.9435339992342,128,6233.392672998889,
7338,short,140.78285600044183,128,6233.442582000862,
7339,short,138.29332599925692,128,6231.141181000567,
7335,short,145.28795899968827,128,6237.26190600064,
7341,short,135.48304199866834,128,6233.2531649990415,
7342,short,135.40632800140884,128,6233.696003000659,
7343,short,135.23972700204467,128,6233.753041000455,
7344,short,134.96831600059522,128,6233.675236999261,
7345,short,134.80096599960234,128,6234.652889001154,
7346,short,135.2390040010505,128,6234.706440001901,
7347,short,135.00658400153043,128,6234.66353600088,
7348,short,134.90670900137047,128,6234.851970999443,
7349,short,134.7328629999538,128,6234.888085997227,
7350,short,134.5592649995524,128,6234.901011001057,
7351,short,133.757247000176,128,6234.254972001509,
7340,short,139.04741999795078,128,6239.818958998512,
7353,short,138.21867200022098,128,6232.6477030001115,
7354,short,138.4953479973774,128,6233.409420998214,
7355,short,138.6310650013911,128,6233.793875002448,
7356,short,138.4436110020033,128,6233.803496001201,
7357,short,138.26281799993012,128,6233.80751300283,
7358,short,138.050571000349,128,6233.814618997712,
7359,short,137.89437800005544,128,6233.855852002307,
7360,short,137.71580300090136,128,6233.937721000984,
7361,short,137.42079400253715,128,6233.853149002243,
7362,short,138.20545499766013,128,6233.936081996944,
7363,short,136.65156999923056,128,6233.179098999244,
7352,short,145.30941499833716,128,6239.728673001082,
7365,short,133.06826700136298,128,6234.106951000285,
7366,short,131.98322099924553,128,6233.380165998824,
7367,short,131.74327399974572,128,6233.38377500113,
7368,short,131.46678699922631,128,6233.2940329979465,
7369,short,131.20904400057043,128,6233.217288998276,
7370,short,131.00891299836803,128,6233.929564998107,
7371,short,130.8095139975194,128,6233.9588289978565,
7372,short,130.62458200147375,128,6233.960623998428,
7373,short,130.4469640017487,128,6233.966182000586,
7374,short,130.26808900031028,128,6233.967321997625,
7375,short,130.0862589996541,128,6233.96817899993,
7376,short,129.89712999842595,128,6233.961994999845,
7377,short,129.7171280020848,128,6233.963888000289,
7378,short,129.50620599804097,128,6233.932002000074,
7364,short,134.12893900022027,128,6239.092891999462,
7379,short,135.48515699949348,128,6233.9584510009445,
7380,short,135.17020200015395,128,6234.003101999406,
7381,short,134.9667930007854,128,6234.032173000742,
7382,short,134.78454899814096,128,6234.047203000955,
7383,short,134.61348399869166,128,6234.056704000977,
7384,short,134.40416399680544,128,6234.026770998753,
7385,short,134.24753200160922,128,6234.062133000407,
7386,short,134.06788599968422,128,6234.135554001114,
7387,short,133.8945360002981,128,6234.162786000525,
7388,short,133.7148189995787,128,6234.166533999087,
7389,short,133.5363830003189,128,6234.169103998283,
7390,short,133.32749500114005,128,6234.136749000754,
7391,short,133.1722200011427,128,6234.198984999239,
7392,short,147.99611900161835,128,6241.488832001778,
7394,short,142.10763099981705,128,6237.142567999399,
7395,short,142.5422640022589,128,6238.023808000435,
7396,short,142.39164699756657,128,6238.10306499945,
7397,short,141.93028899899218,128,6237.82931200185,
7398,short,141.96984600130236,128,6238.032329998532,
7399,short,141.75350000004983,128,6237.997861997428,
7400,short,141.59940500030643,128,6238.042974000564,
7401,short,141.41880399984075,128,6238.0538520010305,
7402,short,141.24009700026363,128,6238.053147000755,
7403,short,138.86026199907064,128,6235.850192999351,
7393,short,146.8388360008248,128,6243.817031001527,
7404,short,154.9379179996322,128,6240.956700999959,
7405,short,136.41769899913925,128,6239.495653000631,
7407,short,134.543987998768,128,6239.645023997582,
7408,short,134.598726999684,128,6240.290813999309,
7409,short,134.41162600065582,128,6240.340972002741,
7410,short,134.23579900336335,128,6240.362494001602,
7411,short,134.06028000099468,128,6240.372877000482,
7412,short,133.8621819995751,128,6240.351806001854,
7413,short,133.6150759998418,128,6240.283912997256,
7414,short,133.4957309991296,128,6240.346203001536,
7415,short,133.31315999676008,128,6240.344512996671,
7416,short,133.1006479995267,128,6240.31133400058,
7417,short,132.16748600098072,128,6238.950779999868,
7418,short,132.0198320026975,128,6240.26220900123,
7419,short,131.80402199941454,128,6240.265022999665,
7420,short,131.5922200010391,128,6240.242402000149,
7421,short,131.22616600230685,128,6240.076702000806,
7422,short,131.150166002044,128,6240.204137000546,
7423,short,130.98037300005672,128,6240.231525000127,
7424,short,129.59623899951112,128,6239.039017000323,
7406,short,139.32273099999293,128,6248.250898999686,
7426,short,142.3035699990578,128,6238.835419000679,
7427,short,142.8549970005406,128,6238.875782000832,
7428,short,141.37072499943315,128,6239.28238499866,
7429,short,137.91404299990973,128,6236.4397830024245,
7425,short,145.6731049984228,128,6245.865042998048,
7430,short,151.88855599990347,128,6239.154626000527,
7432,short,141.54171799964388,128,6239.213067001401,
7433,short,141.30738999665482,128,6239.2743159980455,
7434,short,141.15066700105672,128,6239.32011999932,
7435,short,138.39695799833862,128,6236.750601001404,
7431,short,143.86280100006843,128,6241.744607999863,
7437,short,136.10824399802368,128,6237.233937001292,
7438,short,136.05740300045,128,6238.511838000704,
7439,short,135.88817699928768,128,6238.573754999379,
7440,short,134.69198700113338,128,6237.563670001691,
7441,short,134.47505299700424,128,6237.620152998716,
7442,short,134.92042500001844,128,6237.61691099935,
7443,short,134.58776399784256,128,6237.4563939993095,
7444,short,134.42974999998114,128,6237.504321998131,
7445,short,134.24431900057243,128,6237.592485998903,
7446,short,134.0635980013758,128,6237.597312003345,
7447,short,133.2042609974451,128,6236.887778999517,
7436,short,138.86777399966377,128,6242.771159999393,
7449,short,138.1535550026456,128,6236.445931001072,
7450,short,138.4497549988737,128,6236.9851260009455,
7451,short,138.60658399789827,128,6237.333714998385,
7452,short,138.4246580018953,128,6237.343939999846,
7453,short,138.20466100150952,128,6237.302288001956,
7454,short,137.9854359984165,128,6237.257086999307,
7455,short,137.73997599855647,128,6237.193314998876,
7456,short,137.53971899859607,128,6237.16845799936,
7457,short,137.24466399798985,128,6237.049162999028,
7458,short,136.54898599997978,128,6237.043804001587,
7459,short,136.45636000001105,128,6236.324061999767,
7448,short,145.31618200271623,128,6242.8194790009,
7461,short,134.80287400307134,128,6237.185918002069,
7462,short,134.59161300124833,128,6237.2519050004485,
7463,short,134.40815599824418,128,6237.284337999881,
7464,short,134.131659000559,128,6237.185442998452,
7465,short,133.31862699851627,128,6237.182313998346,
7466,short,133.09397400007583,128,6237.22881499998,
7467,short,132.9075069988903,128,6237.235693999537,
7468,short,132.72378599867807,128,6237.2290450002765,
7469,short,132.54395100011607,128,6237.234296000679,
7470,short,132.36362099996768,128,6237.232843999664,
7471,short,132.1800900004746,128,6237.22373399869,
7472,short,131.9993449978938,128,6237.213864998921,
7473,short,131.8197259970475,128,6237.207910999132,
7474,short,131.0458629995992,128,6236.606024998764,
7460,short,135.7618599977286,128,6241.817890000675,
7476,short,135.9223710023798,128,6237.419060002139,
7477,short,135.7045439981448,128,6237.438187999942,
7478,short,135.5066309988615,128,6237.428499000089,
7479,short,135.31669700023485,128,6237.41677200087,
7480,short,135.13643300029798,128,6237.410728001123,
7481,short,134.9216409980727,128,6237.379162997968,
7482,short,134.6908830018947,128,6237.325932001113,
7483,short,134.48873000015737,128,6237.29861999891,
7484,short,134.31032900189166,128,6237.287129002652,
7485,short,134.12985800096067,128,6237.278757002059,
7486,short,133.95192499956465,128,6237.274000999605,
7487,short,133.71072500012815,128,6237.2056910026,
7475,short,136.85970100050326,128,6240.543964999233,
7488,short,145.05952000035904,128,6247.5757659995,
7490,short,144.85700300065218,128,6244.233369001449,
7491,short,145.25852299993858,128,6245.247214999836,
7492,short,145.09969299979275,128,6245.350401997712,
7493,short,144.69607999853906,128,6245.135727000161,
7494,short,144.7340719969361,128,6245.393373999832,
7495,short,144.49858700027107,128,6245.352237998304,
7496,short,144.34284099843353,128,6245.388715000445,
7497,short,144.16289499786217,128,6245.393113000318,
7498,short,143.98449500004062,128,6245.395616002497,
7499,short,141.8336479982827,128,6243.424267999217,
7489,short,149.31333000276936,128,6251.060264003172,
7500,short,154.32209999926272,128,6242.438774999755,
7501,short,136.11299299736856,128,6242.517789996782,
7503,short,133.71418400129187,128,6241.376527999819,
7504,short,133.69005500135245,128,6241.92365899944,
7505,short,133.49449599991203,128,6241.94437999904,
7506,short,133.30792599663255,128,6241.940600997623,
7507,short,133.13034400198376,128,6241.9396370023605,
7508,short,132.95106800069334,128,6241.97629199989,
7509,short,132.70941500013578,128,6241.927355000371,
7510,short,132.58023999878787,128,6241.98414899729,
7511,short,132.9102599993348,128,6241.980806000356,
7512,short,132.70551900131977,128,6241.9446100029745,
7513,short,131.2071360007394,128,6240.623928002606,
7514,short,131.0406780030462,128,6241.815853001754,
7515,short,130.81448400043882,128,6241.803699002048,
7516,short,130.5951680005819,128,6241.7744920021505,
7517,short,130.2097869993304,128,6241.67318200125,
7518,short,130.1196290005464,128,6241.796477999742,
7519,short,129.94648899984895,128,6241.911183999036,
7520,short,129.33723500100314,128,6240.859277000709,
7502,short,138.0634929992084,128,6249.862022999878,
7522,short,142.78857699900982,128,6239.966496999841,
7523,short,142.5045969990606,128,6239.913753001019,
7524,short,141.09650499813142,128,6239.703319999535,
7525,short,138.38122699962696,128,6237.258910001401,
7521,short,145.11770199897,128,6244.499405998795,
7526,short,150.1852460023656,128,6246.805359001883,
7528,short,139.58318499862798,128,6241.968313999678,
7529,short,139.35591699919314,128,6242.001892002008,
7530,short,139.1943419985182,128,6242.058520998398,
7531,short,137.82255899786833,128,6240.87373400107,
7527,short,143.8343839981826,128,6245.562766998773,
7533,short,134.4656679975742,128,6242.491384997265,
7532,short,136.18891099758912,128,6244.693892000214,
7534,short,134.38831500025117,128,6243.104850000236,
7535,short,134.8505030000524,128,6243.172803999187,
7536,short,134.53847799974028,128,6243.1366899982095,
7537,short,134.38400700033526,128,6243.968942002539,
7538,short,134.1957429976901,128,6244.000904996938,
7539,short,133.95896799920592,128,6243.95398499837,
7540,short,133.72740400154726,128,6243.9879160010605,
7541,short,133.54033900031936,128,6244.0062499990745,
7542,short,133.36432500000228,128,6244.009697002184,
7543,short,132.44891700014705,128,6243.2596090002335,
7545,short,138.5843969983398,128,6242.242757998611,
7546,short,138.72343099865247,128,6242.804323999735,
7547,short,138.8359730008233,128,6244.083173998661,
7548,short,138.65577999968082,128,6244.220840999333,
7549,short,138.4797869977774,128,6244.338969998353,
7550,short,138.2707320008194,128,6244.417793001048,
7551,short,138.11507700302172,128,6244.660960001056,
7552,short,138.77768900056253,128,6244.7844599992095,
7553,short,137.92659300088417,128,6244.211212000664,
7554,short,137.86537099804264,128,6244.52110600032,
7555,short,137.01628999842796,128,6244.011169001169,
7544,short,144.94345300045097,128,6253.107266002189,
7557,short,133.68377299775602,128,6243.768907999765,
7558,short,133.48774100086302,128,6243.864227999438,
7559,short,133.30830099948798,128,6243.909603999782,
7560,short,132.39387800058466,128,6243.176757998299,
7561,short,132.2088189990609,128,6243.179899000097,
7562,short,132.01492100051837,128,6243.165498999588,
7563,short,131.83743699846673,128,6243.166997999651,
7564,short,131.65116099844454,128,6243.156829998043,
7565,short,131.47083199874032,128,6243.1545889994595,
7566,short,131.29673900039052,128,6243.1558839998615,
7567,short,131.12449700201978,128,6243.1586040002,
7568,short,130.9505019999051,128,6243.15830499836,
7569,short,130.77741999950376,128,6243.178708999039,
7570,short,130.16895500186365,128,6242.747372998565,
7556,short,134.49877499806462,128,6247.542930999771,
7572,short,135.49798899839516,128,6244.835344001331,
7573,short,135.31098999737878,128,6245.002407998982,
7574,short,135.1340330002131,128,6245.125511999504,
7575,short,134.9500739997893,128,6245.231860000786,
7576,short,134.77519399748417,128,6245.342469999741,
7577,short,134.5722330006538,128,6245.421349998651,
7578,short,134.41808000061428,128,6245.6402659991,
7579,short,134.24644800034002,128,6245.764292998501,
7580,short,134.07348599866964,128,6245.880769998621,
7581,short,133.9012870012084,128,6246.00465900221,
7582,short,133.7278659993899,128,6248.765028998605,
7583,short,133.29741500274395,128,6248.550600001181,
7571,short,136.14466799845104,128,6251.5769739984535,
7584,short,144.0084619971458,128,6231.6972209991945,
7586,short,140.74080100181163,128,6234.177537000505,
7587,short,141.08026299800258,128,6235.107843000151,
7588,short,140.91849399846978,128,6235.215508000692,
7589,short,140.47662699886132,128,6234.966681997321,
7590,short,140.49695699941367,128,6235.185641002317,
7591,short,140.27855099993758,128,6235.154019999754,
7592,short,140.12026999989757,128,6235.182036001788,
7593,short,139.94017699951655,128,6235.205968001537,
7594,short,139.76124200053164,128,6235.216365999804,
7595,short,137.51485100146965,128,6233.146425001905,
7585,short,145.18167200003518,128,6241.001790000155,
7596,short,154.06182200240437,128,6236.038155002461,
7597,short,136.07403800051543,128,6238.199502000498,
7599,short,134.15989299755893,128,6236.446707000141,
7600,short,134.16629700077465,128,6237.10103600024,
7601,short,133.9898849983001,128,6237.172214998282,
7602,short,133.81450200176914,128,6237.181710999721,
7603,short,133.59661100184894,128,6237.148438001896,
7604,short,133.40583099852665,128,6237.151780998829,
7605,short,133.16664100057096,128,6237.099515001319,
7606,short,133.03864099725615,128,6237.1748389996355,
7607,short,133.39984999765875,128,6237.181571999827,
7608,short,133.20186200144235,128,6237.15585500031,
7609,short,131.81728900235612,128,6236.0252479993505,
7610,short,131.65156600007322,128,6237.406034000742,
7611,short,131.43777300138026,128,6237.4159960018005,
7612,short,131.12675400043372,128,6237.302297999122,
7613,short,130.75387099888758,128,6237.127554999461,
7614,short,130.61566400210722,128,6238.430313002027,
7615,short,130.42508800208452,128,6238.440934001119,
7616,short,129.188910999801,128,6237.398741999641,
7598,short,138.36266399812303,128,6246.265100999153,
7618,short,143.85397099977126,128,6237.3838879975665,
7619,short,144.12982000067132,128,6238.129503999517,
7620,short,143.14507100061746,128,6238.295505001588,
7621,short,141.67289800025173,128,6237.132378999377,
7617,short,145.91043700056616,128,6241.778903000522,
7622,short,147.57587900021463,128,6233.577775001322,
7624,short,140.87806599854957,128,6238.024862999737,
7625,short,140.6976959988242,128,6238.121812999452,
7626,short,140.6664450005337,128,6238.176128001214,
7627,short,138.2562049984699,128,6235.929160000524,
7623,short,149.265258001833,128,6243.639287000406,
7629,short,135.74446699931286,128,6236.516206998203,
7630,short,135.69236299736076,128,6236.948472997028,
7631,short,135.4287070025748,128,6236.891963999369,
7632,short,135.17399199918145,128,6237.710157001857,
7633,short,134.75224200010416,128,6236.87221200089,
7634,short,134.56829000278958,128,6236.940034003055,
7635,short,134.3817390006734,128,6236.971389000246,
7636,short,134.08414000150515,128,6236.870450000424,
7637,short,133.93786500091664,128,6236.941548999312,
7638,short,133.76048799909768,128,6236.942263996752,
7639,short,133.57297199763707,128,6236.928626000008,
7628,short,138.32243700016988,128,6241.9894310005475,
7641,short,138.8510659999156,128,6237.067696001759,
7642,short,138.14137599911192,128,6237.032851000549,
7643,short,139.00110299800872,128,6237.294178998127,
7644,short,138.7652599987632,128,6237.198140999681,
7645,short,138.53356300023734,128,6237.094989999605,
7646,short,138.16634000249906,128,6236.853469003108,
7647,short,138.00049099882017,128,6236.766157999227,
7648,short,137.76625799800968,128,6236.685228999704,
7649,short,137.27915300114546,128,6236.330323001312,
7650,short,137.48686200051452,128,6236.256125001091,
7651,short,133.62643800064689,128,6232.421957000042,
7640,short,143.81258199864533,128,6242.456853000476,
7653,short,133.17653199919732,128,6239.635003999865,
7654,short,132.97764800154255,128,6239.947550002398,
7655,short,132.78692200037767,128,6240.1719099980255,
7656,short,132.52172699867515,128,6240.210120999109,
7657,short,132.43397599944728,128,6240.590237001015,
7658,short,132.25577900084318,128,6240.713899002003,
7659,short,132.0791479993204,128,6240.853319999587,
7660,short,131.90221499826293,128,6241.008240998781,
7661,short,131.72769000084372,128,6241.147734999686,
7662,short,131.55344199913088,128,6241.263996998896,
7663,short,131.37971600008314,128,6241.381386000285,
7664,short,131.18623999980628,128,6243.896405001578,
7665,short,131.01050600016606,128,6243.958393999492,
7666,short,130.44600700231967,128,6243.590720001521,
7652,short,134.1389059998619,128,6247.830521999276,
7668,short,133.45325699992827,128,6237.730583001394,
7669,short,133.15339900145773,128,6237.680403999548,
7670,short,132.86350799899083,128,6237.586420000298,
7671,short,132.5865110011364,128,6237.481688000116,
7672,short,132.30753599782474,128,6237.379534999491,
7673,short,131.91085300059058,128,6237.161752000247,
7674,short,131.63894899844308,128,6237.073223001062,
7675,short,131.3400270009879,128,6236.948777001089,
7676,short,131.05316099972697,128,6236.838304997946,
7677,short,128.1180910009425,128,6234.077651002735,
7678,short,127.8959199989913,128,6234.1007639988675,
7679,short,127.62642599773244,128,6234.011704997101,
7667,short,134.19268800134887,128,6240.770803000487,
7680,short,147.00406799966004,128,6240.317274001427,
7682,short,142.10816600098042,128,6238.926147001621,
7683,short,143.89375300015672,128,6239.90335200142,
7684,short,143.72876999914297,128,6240.003266000713,
7685,short,143.31494200087036,128,6239.777916998719,
7686,short,143.34060799956205,128,6240.06591700163,
7687,short,143.13050399869098,128,6240.05929499981,
7688,short,142.9493840005307,128,6240.099811999244,
7689,short,142.7611059989431,128,6240.096690999053,
7690,short,142.58567000069888,128,6240.10035199899,
7691,short,140.38222599992878,128,6238.073186999827,
7681,short,147.37253799830796,128,6246.083895999618,
7692,short,156.71695200217073,128,6240.1688989994,
7693,short,135.55679400087683,128,6237.74921400036,
7695,short,133.58936199801974,128,6238.289597997209,
7696,short,133.5663249992649,128,6238.993816001312,
7697,short,133.38713100165478,128,6239.0633590002835,
7698,short,133.2070759999624,128,6239.07186499855,
7699,short,133.0166769985226,128,6239.063349999924,
7700,short,132.83073600177886,128,6239.056030000938,
7701,short,132.57960599730723,128,6238.993118997314,
7702,short,132.9661589988973,128,6239.052258999436,
7703,short,132.79431499904604,128,6239.065560999734,
7704,short,132.51368000055663,128,6239.010979999875,
7705,short,130.94675299726077,128,6237.6349799997115,
7706,short,130.77743200119585,128,6238.956485998642,
7707,short,130.55897300000652,128,6238.959869002429,
7708,short,130.3411530025187,128,6238.934566001262,
7709,short,128.70309299978544,128,6237.491320000117,
7710,short,128.61302500095917,128,6237.616874001105,
7711,short,129.24530599775608,128,6237.654274998931,
7712,short,128.05797799956053,128,6236.642582996865,
7694,short,138.01473299827194,128,6246.924505001516,
7714,short,143.8326360002975,128,6238.057381000544,
7715,short,144.35982999930275,128,6238.651744999515,
7716,short,143.10801999818068,128,6238.782904998516,
7717,short,141.8554940028116,128,6237.796792000154,
7713,short,146.37263800250366,128,6242.375965000974,
7718,short,151.0147759981919,128,6239.49531299877,
7720,short,140.8583920019737,128,6237.529063000693,
7721,short,140.59235899912892,128,6237.588113999664,
7722,short,140.4049529992335,128,6237.609113999497,
7723,short,135.98584899955313,128,6233.373374998337,
7719,short,145.17142399927252,128,6241.142391998437,
7725,short,135.90725800168002,128,6237.468016999628,
7726,short,135.87162299882038,128,6238.82488199888,
7727,short,134.77547300135484,128,6237.9584800000885,
7728,short,134.58694799919613,128,6237.965509000787,
7729,short,134.2774940021627,128,6237.835959000222,
7730,short,134.08502400125144,128,6237.860094999633,
7731,short,133.8905850025185,128,6237.851245001366,
7732,short,133.65016400348395,128,6237.795337001444,
7733,short,133.52052899790579,128,6237.8822389982815,
7734,short,133.86182700196514,128,6237.890267002513,
7735,short,132.8473590001522,128,6237.045420002687,
7724,short,138.42574400041485,128,6242.788554001891,
7737,short,139.70760699885432,128,6235.754590998113,
7738,short,139.84224700107006,128,6236.419079999905,
7739,short,139.98380200064275,128,6236.766296002315,
7740,short,139.8002580026514,128,6236.774338001851,
7741,short,140.59730699955253,128,6236.835151001287,
7742,short,140.40076500168652,128,6236.820605001412,
7743,short,140.22546500200406,128,6236.827175998769,
7744,short,140.0419410019822,128,6236.8212020010105,
7745,short,139.73138299843413,128,6236.6855920008675,
7746,short,139.67517600030988,128,6236.714213002415,
7747,short,139.43147600002703,128,6236.6192109984695,
7736,short,146.83842200247454,128,6242.435019001277,
7749,short,133.93658899803995,128,6233.438833998662,
7750,short,133.5591659990314,128,6234.130521999759,
7751,short,133.2574529988051,128,6234.090861998993,
7752,short,132.69850999859045,128,6233.7165720018675,
7748,short,134.68712399844662,128,6235.925543998746,
7753,short,132.48971400025766,128,6233.923749998212,
7754,short,132.17448000068543,128,6233.788925997942,
7755,short,131.83184400259051,128,6233.624776003126,
7756,short,131.5291309983877,128,6233.5020779974,
7757,short,131.23986500067986,128,6233.390076002252,
7758,short,130.94913299937616,128,6233.275798997056,
7759,short,128.23827299871482,128,6230.7403619997785,
7760,short,128.00395100202877,128,6230.680545002542,
7761,short,127.8071370034013,128,6230.672774003324,
7762,short,127.05854299929342,128,6230.097012998158,
7764,short,134.99678000152926,128,6235.201437000796,
7765,short,134.81242400303017,128,6235.324261000642,
7766,short,134.63216600212036,128,6235.357730001851,
7767,short,134.45405200036475,128,6235.362970997812,
7768,short,134.27661000241642,128,6235.411108002154,
7769,short,134.070227999473,128,6235.432895999111,
7770,short,133.91780299934908,128,6235.4727560014,
7771,short,133.74020399714937,128,6235.476871999708,
7772,short,133.518312999513,128,6235.477991998778,
7773,short,133.3213739999337,128,6235.465461999411,
7774,short,133.14184699993348,128,6235.464145000151,
7775,short,132.8877200030547,128,6235.421553999913,
7763,short,135.78445200255373,128,6238.534131000051,
7776,short,146.10649899987038,128,6237.344174001919,
7778,short,141.38379600262851,128,6235.972894002771,
7779,short,141.8122819995915,128,6236.970336998638,
7780,short,141.6550419999112,128,6237.04737299704,
7781,short,141.18000800226582,128,6236.769565999566,
7782,short,141.20172800176078,128,6236.992132002342,
7783,short,140.95596200058935,128,6236.931360002927,
7784,short,140.79459400090855,128,6236.9584500011115,
7785,short,140.6169760011835,128,6236.963982002635,
7786,short,140.4391959986242,128,6236.964854997495,
7787,short,137.96360099877347,128,6234.668453998893,
7777,short,145.95885900052963,128,6242.919680000341,
7788,short,154.95920700050192,128,6237.640158000431,
7789,short,136.979260998487,128,6237.655273998826,
7791,short,133.69157000124687,128,6235.826922998967,
7792,short,133.66018700253335,128,6236.515086002328,
7793,short,133.4763960003329,128,6236.56625300282,
7794,short,133.29669700033264,128,6236.569677999796,
7795,short,133.10967199868173,128,6236.561294997955,
7796,short,132.93097000132548,128,6236.575033002737,
7797,short,132.68983099987963,128,6236.516512002709,
7798,short,132.55061199743068,128,6236.6210559994215,
7799,short,132.82575999983237,128,6236.581174998719,
7800,short,132.61090899686678,128,6236.542317998101,
7801,short,131.09456800157204,128,6235.223842999403,
7802,short,130.924443998083,128,6236.626506000903,
7803,short,130.70608699854347,128,6236.630157000036,
7804,short,130.50011700033792,128,6236.6038559994195,
7805,short,130.12180399891804,128,6236.418180997134,
7806,short,130.03157200000715,128,6236.560493998695,
7807,short,129.8542419972364,128,6236.595676000434,
7808,short,129.31512299837777,128,6235.664202999033,
7790,short,137.9807319972315,128,6244.708972997614,
7810,short,141.5854259976186,128,6235.222457999043,
7811,short,142.59998000125051,128,6235.9681140005705,
7812,short,141.56309600002714,128,6236.14907999945,
7813,short,140.37838299918803,128,6235.245601998031,
7809,short,144.35706599761033,128,6238.62362699947,
7814,short,149.50376699925982,128,6238.127017997613,
7816,short,139.96863500142354,128,6236.753796001722,
7817,short,139.736917000846,128,6236.869273001503,
7818,short,139.58161600021413,128,6236.932070998591,
7819,short,137.16174300134298,128,6234.70375299803,
7815,short,143.96725999904447,128,6240.67566499798,
7821,short,133.61355300003197,128,6235.699731998466,
7822,short,133.54156000059447,128,6236.177536997275,
7823,short,133.32207900020876,128,6236.176081001759,
7824,short,133.16353100162814,128,6236.215719000029,
7825,short,132.89486400026362,128,6236.133278001944,
7826,short,132.7271970003494,128,6236.192069001845,
7827,short,133.12177099942346,128,6237.021704000654,
7828,short,132.89183999950183,128,6237.0561079987965,
7829,short,132.75938700098777,128,6237.170037999022,
7830,short,132.58264000251074,128,6237.327564002044,
7831,short,131.6774049992091,128,6236.618417002319,
7820,short,137.05582799957483,128,6242.219315998227,
7833,short,138.15318799970555,128,6235.820374000468,
7834,short,138.40514300318318,128,6236.720312001125,
7835,short,138.54719799928716,128,6237.108270001045,
7836,short,138.31802899949253,128,6237.069621998671,
7837,short,138.1245510019653,128,6237.060732000828,
7838,short,137.91033500092453,128,6237.025810001796,
7839,short,137.75597999847378,128,6237.0542859971465,
7840,short,137.5786380012869,128,6237.0528499996,
7841,short,137.31714599998668,128,6236.978385000839,
7842,short,138.20662000216544,128,6237.030934000359,
7843,short,136.72531599877402,128,6235.710072996881,
7832,short,145.1375190008548,128,6242.618962998677,
7845,short,134.43835100042634,128,6237.19439100023,
7846,short,134.20497400147724,128,6237.298831001681,
7847,short,134.02018299893825,128,6238.136553998629,
7848,short,133.73054299881915,128,6238.066661997436,
7849,short,133.60651100083487,128,6238.145213999815,
7850,short,133.4254419998615,128,6238.157774001593,
7851,short,133.2466759995441,128,6238.164345002588,
7852,short,133.06726699738647,128,6238.165198999923,
7853,short,132.89007999992464,128,6238.164793998294,
7854,short,132.7134710008977,128,6238.164727001276,
7855,short,132.53800900201895,128,6238.1665040011285,
7856,short,132.35288199939532,128,6238.157823001529,
7857,short,132.17510400136234,128,6238.204526001937,
7858,short,132.0020970015321,128,6238.232936000713,
7844,short,136.21029699788778,128,6242.92022499867,
7859,short,137.65759899979457,128,6237.974559000577,
7860,short,137.34722200024407,128,6238.0114369989315,
7861,short,137.14801799869747,128,6238.052215998323,
7862,short,136.96341699687764,128,6238.060118997964,
7863,short,136.73779600139824,128,6238.027423001768,
7864,short,136.5106150005886,128,6237.990155001171,
7865,short,136.29701799800387,128,6237.959302998206,
7866,short,136.14209799925447,128,6237.994703998993,
7867,short,135.91959599943948,128,6237.959093999962,
7868,short,135.73449199975585,128,6237.963722000131,
7869,short,135.55660600104602,128,6238.068552000186,
7870,short,135.34052899922244,128,6238.052377000713,
7871,short,134.91194199741585,128,6237.812056999246,
7872,short,147.0293700003822,128,6235.570793000079,
7874,short,141.72865000000456,128,6235.255620998942,
7875,short,141.5603480018035,128,6236.130897999828,
7876,short,141.40010600021924,128,6236.2237089982955,
7877,short,140.97544600008405,128,6235.987121999642,
7878,short,141.76022399988142,128,6236.221530001785,
7879,short,141.54973800032167,128,6236.192516997107,
7880,short,141.3957479999226,128,6236.268001997814,
7881,short,141.2197700010438,128,6236.302405999595,
7882,short,141.04297200174187,128,6236.306830000103,
7883,short,138.7282370014873,128,6234.16949500097,
7873,short,146.40449099897523,128,6242.161950998707,
7884,short,154.161615002522,128,6235.205537999718,
7885,short,139.10912700157496,128,6237.772664000659,
7887,short,134.66446600068593,128,6236.370644000999,
7888,short,134.73170399811352,128,6236.921554998844,
7889,short,134.55670999974245,128,6237.0126960013295,
7890,short,134.38168100037728,128,6237.038248000317,
7891,short,134.1897730017081,128,6237.027777002368,
7892,short,134.00763099707547,128,6237.023527999554,
7893,short,133.71324699983234,128,6236.905252000724,
7894,short,133.58341400089557,128,6236.953179999546,
7895,short,133.3944510006404,128,6236.939321999671,
7896,short,133.17964399902849,128,6236.8986919973395,
7897,short,132.2281880020455,128,6236.729272000957,
7898,short,132.0687449988327,128,6236.797753997962,
7899,short,131.85463799891295,128,6236.7705420001585,
7900,short,131.64096100081224,128,6236.739067000599,
7901,short,131.25432100059697,128,6236.547683001845,
7902,short,131.2022310012253,128,6236.657784000272,
7903,short,130.98769299904234,128,6236.675878000824,
7904,short,129.76518499999656,128,6235.657322999032,
7886,short,139.30209200043464,128,6244.787596999231,
7906,short,143.23184000022593,128,6234.974446000706,
7907,short,143.57120899876463,128,6235.573194000608,
7908,short,142.47916599924793,128,6235.715075999906,
7909,short,142.26900599896908,128,6235.775750999892,
7905,short,145.4730400000699,128,6238.362659001723,
7910,short,148.8811830022314,128,6234.826053001598,
7912,short,140.14906300144503,128,6236.8100120002055,
7913,short,139.9105349992169,128,6236.822541999572,
7914,short,139.75117100198986,128,6236.887322000257,
7915,short,137.037614997098,128,6234.358923997206,
7911,short,144.2669569987629,128,6240.400144997693,
7917,short,135.55265399918426,128,6236.656544999278,
7918,short,135.5073530030495,128,6236.992753001687,
7919,short,135.289466001268,128,6236.967605000245,
7920,short,135.13048899767455,128,6237.80596099823,
7921,short,134.86151700271876,128,6237.768508002773,
7922,short,134.51283799804514,128,6236.9930329987255,
7923,short,134.25119099701988,128,6236.907663998863,
7924,short,133.98476200018195,128,6236.821776001307,
7925,short,133.73017899721162,128,6236.743555997236,
7926,short,133.53783099955763,128,6236.725938000745,
7927,short,132.60783199802972,128,6236.015344999032,
7916,short,138.29151499885484,128,6241.80039500061,
7929,short,139.12229699781165,128,6237.230143000488,
7930,short,138.78572300018277,128,6237.756618000276,
7931,short,140.09271100076148,128,6238.894984999206,
7932,short,139.9128049997671,128,6239.032345998567,
7933,short,139.7367999998096,128,6239.139368000906,
7934,short,139.53275400126586,128,6239.208712999243,
7935,short,139.37728100063396,128,6239.392816001782,
7936,short,139.2018389997247,128,6239.499220999278,
7937,short,138.93964900125866,128,6239.5139319996815,
7938,short,138.90687099774368,128,6239.840989001095,
7939,short,137.2866570018232,128,6238.5552110026765,
7928,short,146.28719599932083,128,6247.226090999902,
7941,short,130.45796400183463,128,6237.339784998767,
7942,short,129.44372600031784,128,6236.60121300054,
7943,short,129.2179159972875,128,6236.618754999654,
7944,short,128.93776100099785,128,6237.199047001923,
7945,short,128.7819290009793,128,6237.3016710007505,
7946,short,128.59024600038538,128,6237.300298002083,
7947,short,128.4019000013359,128,6237.294991999079,
7948,short,128.21793699913542,128,6237.2934779996285,
7949,short,128.0418069982261,128,6237.290735996794,
7950,short,127.85693600017112,128,6237.288470001658,
7951,short,127.67158800124889,128,6237.284277998697,
7952,short,127.43716700060759,128,6237.22878800254,
7953,short,127.23067799743148,128,6237.20239999966,
7954,short,126.51172600089922,128,6236.663488998602,
7940,short,131.25465999837616,128,6241.96484499771,
7955,short,134.26577000063844,128,6239.1046449993155,
7956,short,133.92291700074566,128,6239.109739002743,
7957,short,133.6993810000422,128,6239.165637001861,
7958,short,133.5087379993638,128,6239.254227002675,
7959,short,133.31590899906587,128,6239.342680000846,
7960,short,133.12747300005867,128,6239.432582002337,
7961,short,132.94370400035405,128,6239.538511999854,
7962,short,132.75001899819472,128,6239.691626000422,
7963,short,132.5635040011548,128,6239.790791001724,
7964,short,183.78407699856325,128,6275.812854997639,
7965,short,183.55724600041867,128,6275.857336000627,
7966,short,183.414889001142,128,6276.053707002575,
7967,short,183.28632599877892,128,6276.75927999735,
7968,short,148.1468230012979,128,6242.674226999952,
7970,short,141.65830100319,128,6241.787481001666,
7971,short,142.09022300201468,128,6243.028919001517,
7972,short,141.93276500009233,128,6243.115172997932,
7973,short,141.51680000213673,128,6242.886190000718,
7974,short,141.56092299890588,128,6243.130446997384,
7975,short,141.2922340023215,128,6243.048116000864,
7976,short,141.11648100151797,128,6243.06735600112,
7977,short,140.9359220015176,128,6243.0681950027065,
7978,short,140.75765400048112,128,6243.067311999766,
7979,short,138.4329139982583,128,6240.919066996867,
7969,short,146.2825000016892,128,6248.657763000665,
7980,short,155.81927099992754,128,6242.569916998036,
7981,short,136.4236980007263,128,6240.310442997725,
7983,short,134.19538599919179,128,6241.271301998495,
7984,short,134.11661599820945,128,6241.885237999668,
7985,short,133.92125199970906,128,6241.924609003036,
7986,short,133.73954900089302,128,6241.926652000984,
7987,short,133.56206599928555,128,6241.927847000625,
7988,short,133.38553699941258,128,6241.92920600035,
7989,short,133.14845000058995,128,6241.866293003113,
7990,short,133.60766700134263,128,6241.942910000944,
7991,short,133.44293300178833,128,6241.9588590018975,
7992,short,131.9862540003669,128,6240.6789809974725,
7993,short,131.7281749979884,128,6240.604175000044,
7994,short,131.58796100105974,128,6241.916221002612,
7995,short,131.3668949987914,128,6241.913445999671,
7996,short,131.15087199912523,128,6241.890678997152,
7997,short,130.79495100100758,128,6241.715930998907,
7998,short,130.65303699841024,128,6243.063305999385,
7999,short,130.46397699872614,128,6243.085238998901,
8000,short,130.02256600157125,128,6242.143789000693,
7982,short,138.53710900002625,128,6250.97427700166,
8002,short,144.09678900119616,128,6240.878311000415,
8003,short,144.38521999909426,128,6241.41842699828,
8004,short,143.37178899950231,128,6241.5758700008155,
8005,short,143.13705899985507,128,6241.619694999827,
8001,short,146.11012299792492,128,6244.074512997031,
8006,short,150.93375200012815,128,6242.924139001843,
8008,short,141.52471399938804,128,6242.0391989981,
8009,short,141.3284090012894,128,6242.050654000195,
8010,short,141.27635299882968,128,6242.090043000644,
8011,short,138.89428399852477,128,6239.8477909991925,
8007,short,148.73959300166462,128,6245.36433799949,
8013,short,135.62856299904524,128,6242.271387000073,
8014,short,135.59046399677754,128,6242.645056998299,
8015,short,134.55469500331674,128,6241.803278000589,
8016,short,134.3571850011358,128,6242.581941001845,
8017,short,134.08756100034225,128,6242.522347001795,
8018,short,133.92147299964563,128,6242.580877998989,
8019,short,134.2939660025877,128,6242.586708001909,
8020,short,134.06129100258113,128,6242.53259300167,
8021,short,133.9322310013813,128,6242.636793002021,
8022,short,133.72005700148293,128,6242.598998000176,
8023,short,132.892437002738,128,6241.944893001346,
8012,short,137.9699930002971,128,6247.170744998584,
8025,short,138.5007749995566,128,6242.656875998364,
8026,short,137.955411002622,128,6241.852346000087,
8027,short,138.73165100085316,128,6242.052138000872,
8028,short,138.498944001185,128,6241.9570600031875,
8029,short,138.27375199980452,128,6242.640773998573,
8030,short,137.95571000082418,128,6242.48253100086,
8031,short,137.8006410013768,128,6242.412935000175,
8032,short,137.57591000103275,128,6242.3319530025765,
8033,short,137.08904599843663,128,6241.972529998748,
8034,short,137.30487700013327,128,6241.851656999643,
8035,short,134.39296599972295,128,6238.941724997858,
8024,short,148.92681700075627,128,6248.391029999766,
8037,short,135.52046100085136,128,6244.226121001702,
8038,short,135.42333700024756,128,6244.3112729997665,
8039,short,134.61935400118819,128,6243.684802000644,
8040,short,134.37755100312643,128,6243.576556000335,
8041,short,134.48278999931063,128,6243.737848999444,
8042,short,134.36285700299777,128,6243.772985002579,
8043,short,134.24157699773787,128,6243.783562000317,
8044,short,134.12042400159407,128,6243.787593000889,
8045,short,134.0076649976254,128,6243.792778997886,
8046,short,133.88691900036065,128,6243.795583999599,
8047,short,133.76818299730076,128,6243.799201998627,
8048,short,133.6477709992323,128,6243.798303999938,
8049,short,133.52798000050825,128,6243.799750001926,
8050,short,132.88035000005038,128,6243.271057999664,
8036,short,137.8111509984592,128,6248.181773000397,
8052,short,137.01076700090198,128,6241.785168000206,
8053,short,136.77477199962595,128,6241.747699998086,
8054,short,136.54852699983167,128,6241.660685998795,
8055,short,136.31951799834496,128,6241.558200999862,
8056,short,136.08581600055913,128,6241.446946998622,
8057,short,135.8604209999612,128,6241.356342001382,
8058,short,135.54242299869657,128,6241.162271999201,
8059,short,135.3971319986158,128,6241.082158998324,
8051,short,138.775416999124,128,6244.165583000722,
8060,short,148.58053399802884,128,6242.670692001411,
8061,short,148.3108379979967,128,6242.678309998155,
8062,short,147.972906997893,128,6242.505223999615,
8063,short,147.13406000009854,128,6241.83664100201,
8064,short,145.52601799732656,128,6251.397934000124,
8066,short,139.65190899762092,128,6250.616122997599,
8067,short,140.0052790013433,128,6251.766748999216,
8068,short,139.84268800049904,128,6251.896963000036,
8069,short,139.41621300182305,128,6251.682895999693,
8070,short,139.44290400104364,128,6251.930924001499,
8071,short,139.2230040000868,128,6251.899766997667,
8072,short,139.06500099983532,128,6251.933406001626,
8073,short,138.88584199958132,128,6251.935091000632,
8074,short,138.70804099860834,128,6251.9365699990885,
8075,short,136.5870099980384,128,6249.995381996996,
8065,short,144.4809439999517,128,6258.089282000583,
8076,short,156.45683800175902,128,6253.003163001267,
8077,short,138.9560639981937,128,6252.3490480016335,
8079,short,134.5956750010373,128,6251.326551999227,
8080,short,134.56452600075863,128,6251.90978899991,
8081,short,134.38603699978557,128,6251.965105999261,
8082,short,134.20844199936255,128,6251.972236997972,
8083,short,134.02995999786071,128,6252.006984999753,
8084,short,133.8563220015203,128,6252.02036400151,
8085,short,133.6022609975771,128,6251.944168998307,
8086,short,133.46266900043702,128,6252.010355001403,
8087,short,133.7633180010016,128,6252.012879001995,
8088,short,133.5566519992426,128,6252.020748001087,
8089,short,132.08155100073782,128,6250.739953000448,
8090,short,131.9134010009293,128,6251.971320998564,
8091,short,131.69679199927486,128,6251.965104002011,
8092,short,131.48207799895317,128,6251.939871999639,
8093,short,129.8616439999023,128,6250.47825799993,
8094,short,129.76708499991219,128,6250.585428999329,
8095,short,129.58498100124416,128,6250.601756000833,
8096,short,128.30244599899743,128,6249.527397998463,
8078,short,138.74630700229318,128,6259.761902001628,
8098,short,144.4450199996936,128,6251.998728999752,
8099,short,144.70499500021106,128,6252.594207999209,
8100,short,143.71513700098149,128,6252.729389001615,
8101,short,143.4766860002128,128,6252.771989999019,
8097,short,146.79302999866195,128,6256.431466998038,
8102,short,150.75633699962054,128,6251.195251999889,
8104,short,142.25263299886137,128,6252.033354001469,
8105,short,142.03059499777737,128,6252.075010997942,
8106,short,141.86474199959775,128,6252.111669000442,
8107,short,139.59178000004613,128,6250.020633000531,
8103,short,146.30553599999985,128,6255.384337997384,
8109,short,137.09927099989727,128,6254.767712998728,
8110,short,137.0724650005286,128,6255.1906860026065,
8111,short,136.77876900328556,128,6255.203264001466,
8112,short,136.60578899725806,128,6255.240301998128,
8113,short,136.33916199978557,128,6255.159175998415,
8114,short,136.17525099834893,128,6255.2054560001125,
8115,short,135.98424500014517,128,6255.199357998208,
8116,short,135.73746399924858,128,6255.162707999261,
8117,short,135.6019560007553,128,6255.279560999043,
8118,short,135.43781899716123,128,6255.296155999531,
8119,short,134.65519400051562,128,6254.701063000539,
8108,short,139.61604199721478,128,6259.773395999218,
8121,short,138.917352000135,128,6251.005780999549,
8122,short,139.0538359992206,128,6251.698197000223,
8123,short,139.17410200156155,128,6252.044835000561,
8124,short,138.20874700104469,128,6251.269927000976,
8125,short,137.99855999968713,128,6251.241329999175,
8126,short,137.78382600139594,128,6251.204888001666,
8127,short,138.35823100089328,128,6251.2130530012655,
8128,short,138.1828300000052,128,6251.275184997212,
8129,short,137.92460300101084,128,6251.19492900194,
8130,short,137.89926099707372,128,6251.259243999812,
8131,short,137.02716099942336,128,6250.552252000489,
8120,short,143.7708580015169,128,6256.679942001938,
8133,short,134.83978899967042,128,6252.211577000708,
8134,short,134.63306399717112,128,6252.3225320001075,
8135,short,134.39583600120386,128,6252.317513997696,
8136,short,134.1019640021841,128,6252.211661001638,
8137,short,133.9562780012784,128,6252.264595001179,
8138,short,133.7714750006853,128,6252.259351000248,
8139,short,133.5915389972797,128,6252.258172997244,
8140,short,133.41153000146733,128,6252.25674000103,
8141,short,133.2350939992466,128,6252.2675299987895,
8142,short,133.06073499916238,128,6252.267138999741,
8143,short,132.88826899952255,128,6252.268518001074,
8144,short,132.71358600104577,128,6252.267634998134,
8145,short,132.54066899753525,128,6252.269106997119,
8146,short,131.90595299965935,128,6251.804708997952,
8132,short,135.75232599760056,128,6256.086539997341,
8148,short,135.7791949994862,128,6252.563472997281,
8149,short,135.58776999707334,128,6252.64773500021,
8150,short,135.40939999802504,128,6252.699002001464,
8151,short,135.23331000033068,128,6252.720287000557,
8152,short,135.04604600166203,128,6252.712649002206,
8153,short,134.86951300001238,128,6252.710732998821,
8154,short,134.663819000707,128,6252.679040000658,
8155,short,134.23962999877403,128,6252.463819997502,
8147,short,136.4372629977879,128,6254.917136997392,
8157,short,142.8575850004563,128,6251.950603000296,
8158,short,142.6363719983783,128,6252.061905997834,
8159,short,142.41369999945164,128,6252.030935000221,
8156,short,143.4884320005949,128,6254.578484000376,
8160,short,149.36046499860822,128,6250.039769001887,
8162,short,139.86561699857702,128,6247.672343997692,
8163,short,140.17316000172286,128,6248.681913999462,
8164,short,139.98946699939552,128,6248.755500000698,
8165,short,139.55493299727095,128,6248.508742999547,
8166,short,139.58048700078507,128,6248.747544999787,
8167,short,139.36640799875022,128,6248.721019997902,
8168,short,139.21109800139675,128,6248.751876999449,
8169,short,139.0331980001065,128,6248.752282001078,
8170,short,138.85532100175624,128,6248.761517003004,
8171,short,136.47625999874435,128,6246.565276996989,
8161,short,144.47975700022653,128,6254.700830999354,
8172,short,154.67668600103934,128,6250.918527002796,
8173,short,138.35042800201336,128,6251.630206003028,
8175,short,134.51758199880715,128,6249.856087997614,
8176,short,134.61057400127174,128,6250.573597000766,
8177,short,134.43338199795107,128,6250.648923996778,
8178,short,134.2229789988778,128,6250.625232998573,
8179,short,134.03524099703645,128,6250.6203039993125,
8180,short,133.85674399978598,128,6250.624511001661,
8181,short,133.59879400013597,128,6250.561373999517,
8182,short,133.46660000024713,128,6250.625371001661,
8183,short,133.24519700108794,128,6250.590300001932,
8184,short,133.0214169975079,128,6250.547652998648,
8185,short,131.5940500026045,128,6249.311092000426,
8186,short,132.15805900108535,128,6250.775128999521,
8187,short,131.94685700000264,128,6250.79539500075,
8188,short,131.73494000147912,128,6250.778154000727,
8189,short,131.37398400067468,128,6250.6167120009195,
8190,short,131.28579300246201,128,6250.765343000239,
8191,short,131.10767800026224,128,6250.837387000502,
8192,short,129.8455800024385,128,6249.798713000928,
8174,short,138.6291760027234,128,6258.748305001063,
8194,short,143.645304000529,128,6252.498823003407,
8195,short,143.9590619993396,128,6252.611693002109,
8196,short,142.93176700084587,128,6252.770883002086,
8197,short,141.40969100117218,128,6252.313950000826,
8193,short,145.94079699963913,128,6256.389852998836,
8198,short,155.48115799902007,128,6254.587522998918,
8200,short,142.2028439992573,128,6251.112161000492,
8201,short,141.97576999868033,128,6251.199021000502,
8202,short,141.81897600064985,128,6251.251814999705,
8203,short,139.52481399974204,128,6249.143529999856,
8199,short,146.0103280005569,128,6254.800528000487,
8205,short,133.24886099871946,128,6247.269225998025,
8206,short,132.39752200024668,128,6247.781139001745,
8207,short,132.15455699901213,128,6247.764429997915,
8208,short,131.99049000104424,128,6247.794783001154,
8209,short,131.73120300052688,128,6247.7142219977395,
8210,short,132.18830299956608,128,6247.7677060014685,
8211,short,131.97894200129667,128,6247.7412799999,
8212,short,131.70427300065057,128,6247.720131999813,
8213,short,131.5642379995552,128,6247.814379999909,
8214,short,131.37616899985005,128,6247.808741001791,
8215,short,130.64760199995362,128,6247.265409998363,
8204,short,135.64684800076066,128,6252.495050001016,
8217,short,139.5072439991054,128,6249.526628998865,
8218,short,139.67647099707392,128,6249.504294999497,
8219,short,139.80470699971193,128,6249.8347619985,
8220,short,139.62508000258822,128,6249.844344001758,
8221,short,139.44726299814647,128,6250.6225559991435,
8222,short,139.24013300129445,128,6250.675997998769,
8223,short,139.02079300169135,128,6250.655122999888,
8224,short,138.84082399817999,128,6250.652831997286,
8225,short,138.56728199971258,128,6250.555465001526,
8226,short,139.24983800097834,128,6250.604187000135,
8227,short,137.8003190002346,128,6249.317539000913,
8216,short,145.0923310003418,128,6255.338426999515,
8229,short,133.35556499805534,128,6249.993616998836,
8230,short,133.1469919969095,128,6250.051169998187,
8231,short,132.96014400111744,128,6250.086313997599,
8232,short,132.69429899810348,128,6250.000856998668,
8233,short,132.58022000081837,128,6250.09369899999,
8234,short,132.40067999868188,128,6250.097803000244,
8235,short,132.21365000208607,128,6250.086339001427,
8236,short,132.03569400138804,128,6250.083450999227,
8237,short,131.8611940005212,128,6250.080997997429,
8238,short,131.6867959976662,128,6250.080400997831,
8239,short,131.51285099957022,128,6250.080199999502,
8240,short,131.33820399889373,128,6250.077215998317,
8241,short,131.16616700062877,128,6250.087980999524,
8242,short,130.54953900063992,128,6249.645198000508,
8228,short,134.27462600157014,128,6253.772799002036,
8244,short,134.461622001254,128,6250.965127001109,
8245,short,134.22992599953432,128,6251.124641003116,
8246,short,134.03317399934167,128,6251.236479001818,
8247,short,133.8519519995316,128,6251.358301997243,
8248,short,133.6756749988126,128,6251.476432000345,
8249,short,133.50088500010315,128,6251.582868000696,
8250,short,133.26580500142882,128,6251.631004000956,
8251,short,132.85327800258528,128,6251.568643001519,
8243,short,135.12333600010606,128,6258.436959000392,
8253,short,142.17548399756197,128,6251.867914998002,
8254,short,141.98528400083887,128,6252.043946999038,
8255,short,140.29303300048923,128,6250.594952001848,
8252,short,142.81955799742718,128,6254.565407998598,
8256,short,148.50446099808323,128,6258.3983820004505,
8258,short,142.09489800123265,128,6256.633573000727,
8259,short,142.4741320006433,128,6257.688812998822,
8260,short,142.31352099886863,128,6257.790996998665,
8261,short,141.88711700262502,128,6257.566606000182,
8262,short,141.92031499987934,128,6257.880194996687,
8263,short,141.73095899968757,128,6257.874885999627,
8264,short,141.58366299670888,128,6257.909528998425,
8265,short,141.3978370001132,128,6257.900212000095,
8266,short,141.21620599689777,128,6257.896822997282,
8267,short,139.02975099699688,128,6255.885244998353,
8257,short,146.5943020011764,128,6263.564920001954,
8268,short,154.54267500172136,128,6257.779023002513,
8269,short,139.65873699999065,128,6259.477589999733,
8271,short,135.70465999873704,128,6258.489986001223,
8272,short,135.65487900268636,128,6259.070950000023,
8273,short,135.47521800137474,128,6259.120483999141,
8274,short,135.29554599881521,128,6259.163039998384,
8275,short,135.10510599735426,128,6259.157324999251,
8276,short,134.92329600194353,128,6259.154074003163,
8277,short,134.67866200153367,128,6259.08957700085,
8278,short,135.0395640001807,128,6259.144348998234,
8279,short,134.86599099996965,128,6259.145912001259,
8280,short,134.65558099778718,128,6259.10996300081,
8281,short,133.0104049993679,128,6257.655617999262,
8282,short,132.83165200118674,128,6258.95117500113,
8283,short,132.61544299894013,128,6258.9599570019345,
8284,short,132.4119709970546,128,6258.932883996749,
8285,short,132.03400899874396,128,6258.740856999793,
8286,short,131.9051220016263,128,6258.808929000224,
8287,short,132.469325002603,128,6258.819403999951,
8288,short,131.1374489996524,128,6257.673252999666,
8270,short,140.30481899681035,128,6267.127947998233,
8290,short,142.27424600176164,128,6254.909375998977,
8291,short,142.58049400086747,128,6255.505496999831,
8292,short,140.7597910001641,128,6254.866097999184,
8293,short,140.15181200011284,128,6254.551660997095,
8289,short,144.07824199952302,128,6258.519686001819,
8294,short,148.80389199970523,128,6257.2902259998955,
8296,short,140.78790600251523,128,6256.786137000745,
8297,short,140.55889299925184,128,6256.826779997937,
8298,short,140.39977999709663,128,6256.871335997857,
8299,short,137.82568299939157,128,6254.483076001634,
8295,short,145.31716299825348,128,6260.41379399976,
8301,short,136.07001600030344,128,6256.065827001294,
8302,short,135.99742600126774,128,6257.301543999347,
8303,short,135.78026699906331,128,6257.302095997147,
8304,short,135.62122100120177,128,6257.338646999415,
8305,short,135.96823899933952,128,6257.2704880003585,
8306,short,135.81297200289555,128,6257.327159000852,
8307,short,135.55475999964983,128,6257.256107001012,
8308,short,135.29710799775785,128,6257.181666998804,
8309,short,135.16015099958167,128,6257.255573000293,
8310,short,134.97414200173807,128,6257.248985999468,
8311,short,134.18272600029013,128,6256.632131000515,
8300,short,139.30459600305767,128,6262.003756000922,
8313,short,139.23179299672483,128,6256.129090998002,
8314,short,139.48260300094262,128,6256.757279003068,
8315,short,140.40272700003698,128,6257.961447998241,
8316,short,139.509459000692,128,6257.321934001084,
8317,short,139.3039940012386,128,6257.351747000939,
8318,short,139.1362879985536,128,6257.4158949973935,
8319,short,139.09073499962687,128,6257.634087996848,
8320,short,138.97022599849151,128,6257.7558560005855,
8321,short,138.7626050018298,128,6257.795401001204,
8322,short,139.1341580019798,128,6258.136934000504,
8323,short,138.48051800232497,128,6257.667072000913,
8312,short,146.7245650019322,128,6264.937389001716,
8325,short,143.86354599992046,128,6260.097548998601,
8326,short,143.67754900013097,128,6260.1817270005995,
8327,short,143.5046570004488,128,6260.243143999105,
8328,short,143.2384670006286,128,6260.163761999138,
8329,short,143.14794600068126,128,6260.246087000269,
8330,short,142.97803600129555,128,6260.249874998408,
8331,short,142.80877700002748,128,6260.252408999804,
8332,short,142.6426360012556,128,6260.258294001687,
8333,short,142.4742029994377,128,6260.261981002259,
8334,short,142.30505500017898,128,6260.26384600118,
8335,short,142.13047500015819,128,6260.258165999403,
8336,short,141.96335800079396,128,6260.259594000672,
8337,short,141.79379699999117,128,6260.2599450001435,
8338,short,141.2200010017841,128,6259.856560001936,
8324,short,144.74953899843968,128,6263.804448997689,
8340,short,135.49735799824703,128,6256.328313997074,
8341,short,135.1914199985913,128,6256.39601399962,
8342,short,134.88842099832254,128,6256.393650997779,
8343,short,134.5963710009528,128,6256.387628000084,
8344,short,134.31614300134243,128,6256.393973999366,
8345,short,134.03937700059032,128,6256.398189001629,
8346,short,133.66868199955206,128,6256.311978002486,
8347,short,128.92001200088998,128,6251.911430001201,
8339,short,136.2827480006672,128,6260.917111998424,
8349,short,143.16250500269234,128,6256.091161001677,
8350,short,142.92606500021066,128,6256.456877999881,
8351,short,141.2603049975587,128,6255.1022289990215,
8348,short,143.80957599860267,128,6260.205376998783,
8352,short,146.02515500155278,128,6256.472392000433,
8354,short,142.4824030000309,128,6254.902451000817,
8355,short,142.81427999958396,128,6255.906865000725,
8356,short,142.6505259987607,128,6255.998787997669,
8357,short,142.1491410001181,128,6255.68419100091,
8358,short,142.16731000124128,128,6255.895342997974,
8359,short,141.95445400036988,128,6255.867930001841,
8360,short,141.79941899783444,128,6255.8969860001525,
8361,short,141.62282400138793,128,6255.907817001571,
8362,short,141.4481669999077,128,6255.905865997192,
8363,short,139.36797699716408,128,6254.001413999504,
8353,short,147.23277999655693,128,6261.917386997084,
8364,short,155.72061300190398,128,6253.949612000724,
8365,short,137.87070700345794,128,6254.824243002076,
8367,short,133.64521399853402,128,6254.210093997244,
8368,short,133.63440700049978,128,6254.4066659975215,
8369,short,133.41645499895094,128,6254.510492999543,
8370,short,133.234654997068,128,6254.628265000065,
8371,short,133.05536400002893,128,6254.742001001432,
8372,short,132.8755899994576,128,6254.856468000071,
8373,short,132.63593500232673,128,6254.908049002552,
8374,short,133.00019199959934,128,6255.208047998167,
8375,short,132.81828799881623,128,6255.320746000507,
8376,short,132.60815100147738,128,6255.398551002145,
8377,short,131.1070820011082,128,6254.260682999302,
8378,short,130.9337989987398,128,6254.515516000538,
8379,short,130.71580099858693,128,6254.59653299913,
8380,short,130.4970509991108,128,6254.759436000313,
8381,short,130.1252890007163,128,6254.835136998736,
8382,short,130.04345599983935,128,6255.64509600008,
8383,short,129.86921899937443,128,6265.805035000085,
8384,short,129.21096200079774,128,6264.717088000907,
8366,short,137.91940600276575,128,6273.78544900057,
8386,short,143.20976099770633,128,6258.426666998275,
8387,short,143.48627100116573,128,6258.504926001478,
8388,short,142.46669899875997,128,6258.620089996839,
8389,short,141.35470899782376,128,6258.423801999015,
8385,short,145.35152799726347,128,6262.6595010005985,
8390,short,148.9398740013712,128,6256.378420999681,
8392,short,141.16785299847834,128,6255.917680999119,
8393,short,141.0008540005947,128,6256.081083000026,
8394,short,140.96093300031498,128,6256.147176001832,
8395,short,138.4961129988369,128,6253.832598998997,
8391,short,148.42368999961764,128,6259.8954910026805,
8397,short,135.02375399912125,128,6253.482611999061,
8398,short,134.96574500095448,128,6254.797723002412,
8399,short,135.45843500105548,128,6254.7996009998315,
8400,short,135.32101800228702,128,6254.821715003345,
8401,short,135.0591100017482,128,6254.750348998641,
8402,short,134.90199399893754,128,6254.827282999031,
8403,short,134.7215630012215,128,6254.84379000045,
8404,short,134.48855000024196,128,6254.792186002305,
8405,short,134.35814600234153,128,6254.886484999588,
8406,short,134.18506200105185,128,6254.890864001936,
8407,short,133.41140200282098,128,6254.3488620030985,
8396,short,138.58572900062427,128,6259.809225000936,
8409,short,138.65514200006146,128,6254.017788000056,
8410,short,138.0233589989075,128,6253.71878399892,
8411,short,138.85010199737735,128,6253.9427149968105,
8412,short,138.61764799730736,128,6253.843529997539,
8413,short,138.38907900208142,128,6253.783009000472,
8414,short,138.04700000036974,128,6253.574099999241,
8415,short,137.87397800115286,128,6253.4758990004775,
8416,short,137.6395320003212,128,6253.36071700076,
8417,short,137.14383499973337,128,6252.986659001181,
8418,short,137.34758899954613,128,6253.570433000277,
8419,short,134.88218700149446,128,6251.139750002039,
8408,short,146.70835800279747,128,6260.289825000655,
8421,short,133.061322998401,128,6251.713550998829,
8422,short,132.95736899817712,128,6251.762162999512,
8423,short,132.82114300091052,128,6251.802047001547,
8424,short,132.61079500080086,128,6251.720743999613,
8425,short,132.71921200066572,128,6251.801342001272,
8426,short,132.5978259992553,128,6251.802016999136,
8427,short,132.47639199835248,128,6251.803099999961,
8428,short,132.35496299967053,128,6251.800311998522,
8429,short,132.23470899902168,128,6251.800863999961,
8430,short,132.11520000186283,128,6251.799494999432,
8431,short,131.99584399990272,128,6251.797474000341,
8432,short,131.88439200166613,128,6251.794068000891,
8433,short,131.76611199742183,128,6251.793199997337,
8434,short,131.31211399741005,128,6251.456578000216,
8420,short,135.09335199705674,128,6255.39363200005,
8436,short,135.43204700181377,128,6253.857113999402,
8437,short,135.13246699949377,128,6253.803972998867,
8438,short,134.84598099967116,128,6253.708874999575,
8439,short,134.5598349980719,128,6253.601533000619,
8440,short,134.27366500036442,128,6253.492143001495,
8441,short,133.98955700176884,128,6253.393859002244,
8442,short,133.61695200001122,128,6253.19514900184,
8443,short,131.8387960018299,128,6251.590063002368,
8435,short,136.12162899880786,128,6256.079103000957,
8445,short,143.21760700113373,128,6255.095821998111,
8446,short,142.90742600132944,128,6255.112147999171,
8447,short,140.16933800303377,128,6252.5637240032665,
8444,short,144.0952560005826,128,6257.707829998253,
8448,short,146.51372200023616,128,6255.745488000684,
8450,short,141.2354359999881,128,6253.866597999149,
8451,short,141.5297860003193,128,6254.83942199935,
8452,short,141.36656299888273,128,6254.93470299989,
8453,short,140.95135500247125,128,6254.728497002361,
8454,short,140.9692699999141,128,6254.951930000971,
8455,short,140.7499609995284,128,6254.916136000247,
8456,short,140.5951710003137,128,6254.947573001118,
8457,short,140.41959500173107,128,6254.9510009994265,
8458,short,140.2434629999334,128,6254.951667000569,
8459,short,137.9271379992133,128,6252.812244998495,
8449,short,145.654645999457,128,6260.746334002761,
8460,short,168.33901800055173,128,6257.112309001968,
8461,short,138.04311599960783,128,6255.318383999111,
8463,short,133.3967480022693,128,6254.460686999664,
8464,short,133.2770660010283,128,6254.8727780013,
8465,short,132.9826020009932,128,6254.7861429993645,
8466,short,132.69426400074735,128,6254.701657999249,
8467,short,132.4029130009876,128,6254.596917999152,
8468,short,132.1141339976748,128,6254.48296399918,
8469,short,131.63471600273624,128,6254.190215000563,
8470,short,131.87804400149616,128,6254.126145002374,
8471,short,131.59367199841654,128,6254.013059999124,
8472,short,131.20715699915309,128,6253.79723199876,
8473,short,130.75683799979743,128,6253.524487001414,
8474,short,130.50957300220034,128,6254.612841999915,
8475,short,130.09416999921086,128,6254.41604399748,
8476,short,129.6371709977393,128,6255.2964850001445,
8462,short,137.14058899859083,128,6262.293248000788,
8477,short,179.3062969991297,128,6294.73854599928,
8478,short,169.66480599876377,128,6285.447483998723,
8479,short,170.34455300017726,128,6285.471860999678,
8480,short,169.0447539986053,128,6284.358673001407,
8482,short,140.8937509986572,128,6256.402011000318,
8484,short,139.54817700141575,128,6255.240534999757,
8485,short,138.39745099903666,128,6254.27160199979,
8483,short,141.2327819998609,128,6257.893078000052,
8481,short,142.83804199658334,128,6259.423943000002,
8486,short,147.6962110027671,128,6255.457663002744,
8488,short,139.82487699831836,128,6256.309070999123,
8489,short,139.58110100065824,128,6256.350406001729,
8490,short,139.3982629997481,128,6256.372055999236,
8491,short,136.65639600003487,128,6253.812988998106,
8487,short,144.19375299985404,128,6259.9468840016925,
8493,short,135.82855799904792,128,6256.00458199915,
8494,short,135.7675119979831,128,6257.273940998857,
8495,short,135.53961299840012,128,6257.285101000889,
8496,short,135.3783900012786,128,6257.323869001993,
8497,short,135.69522599937045,128,6257.219798997539,
8498,short,135.52909699865268,128,6257.260556001711,
8499,short,135.34551999691757,128,6257.262600000104,
8500,short,135.0968760016258,128,6257.197793001978,
8501,short,134.96132400177885,128,6257.291001002159,
8502,short,134.72820999959367,128,6257.237554000312,
8503,short,133.6889490012254,128,6256.37654500315,
8492,short,139.14102100170567,128,6262.048933000187,
8505,short,139.233655998396,128,6257.189402000222,
8506,short,139.4288139999844,128,6257.945543002279,
8507,short,139.55424099913216,128,6258.318420997966,
8508,short,139.3298250004591,128,6258.291191999888,
8509,short,139.14231099988683,128,6258.29816100304,
8510,short,138.93460300096194,128,6258.276663000288,
8511,short,139.5099900000787,128,6258.3142510011385,
8512,short,139.34412399976281,128,6258.315268001752,
8513,short,138.37341199905495,128,6257.518591999542,
8514,short,138.295836000907,128,6257.536343000538,
8515,short,137.4859959978494,128,6257.497239999793,
8504,short,145.0389549972897,128,6263.686477999727,
8517,short,131.6856679986813,128,6257.278965000296,
8518,short,131.45867699859082,128,6258.234810000431,
8519,short,131.26717599880067,128,6258.325423998031,
8520,short,131.00022000071476,128,6258.254420001322,
8521,short,130.85419399794773,128,6258.353899000213,
8522,short,130.6703939990257,128,6258.3576860015455,
8523,short,130.48891400103457,128,6258.3602010017785,
8524,short,130.30645400067442,128,6258.363090000785,
8525,short,130.124868999701,128,6258.366629997909,
8526,short,129.9442800009274,128,6258.390291000978,
8527,short,129.76563600022928,128,6258.48539800063,
8528,short,129.58661900120205,128,6258.501095999236,
8529,short,129.4073289973312,128,6258.507313999871,
8530,short,128.86790999982622,128,6258.151981000992,
8516,short,132.28537399845663,128,6262.079802996595,
8532,short,132.81768500019098,128,6257.134479001252,
8533,short,132.6208520004002,128,6257.218303999252,
8534,short,132.43499300006079,128,6257.248279998748,
8535,short,132.2422480006935,128,6257.247921999806,
8536,short,132.05778500196175,128,6257.249957001477,
8537,short,131.87480899796356,128,6257.252381998114,
8538,short,131.66183099747286,128,6257.224441997096,
8539,short,131.35459899785928,128,6257.115827000234,
8531,short,133.25579900265438,128,6259.34540399976,
8541,short,138.72274999812362,128,6257.365088997176,
8542,short,138.53416700294474,128,6257.520962000854,
8543,short,137.1276370009582,128,6256.341824999254,
8540,short,139.1740889994253,128,6258.792176002316,
8544,short,145.6053570000222,128,6248.475798998697,
8546,short,142.44885800144402,128,6247.127499998896,
8547,short,142.75727899803314,128,6248.109134998231,
8548,short,142.57492999968235,128,6248.189499001455,
8549,short,142.16755100278533,128,6247.9672620029305,
8550,short,142.1892040016246,128,6248.183908999636,
8551,short,141.97974800117663,128,6248.155755998596,
8552,short,141.82430199798546,128,6248.18408399733,
8553,short,141.64704499853542,128,6248.181729999487,
8554,short,141.47022999895853,128,6248.179139998683,
8555,short,139.2071029986255,128,6246.090651999111,
8545,short,146.92306200231542,128,6253.79053800134,
8556,short,154.97278300244943,128,6248.193245999573,
8557,short,139.13700099874404,128,6248.256565999327,
8559,short,136.4353579992894,128,6247.052210001129,
8560,short,136.42176699795527,128,6247.6121349973255,
8561,short,136.22018000023672,128,6247.637753000163,
8562,short,136.0342709995166,128,6247.635812000226,
8563,short,135.85850300296443,128,6247.638482000184,
8564,short,135.67175500065787,128,6247.625611998956,
8565,short,135.43536300130654,128,6247.565262001444,
8566,short,135.79624200065155,128,6247.644666000269,
8567,short,135.6289699979243,128,6247.653244998219,
8568,short,135.42522399802692,128,6247.623561001092,
8569,short,134.0631780003605,128,6246.440021001035,
8570,short,133.89606400232879,128,6247.604467000201,
8571,short,132.53303700184915,128,6246.462846000213,
8572,short,130.98136400003568,128,6245.097630999226,
8558,short,140.28590499947313,128,6254.1742579996935,
8574,short,140.01474500037148,128,6245.6373419991,
8575,short,140.29100200059474,128,6246.427573001711,
8576,short,140.11120600116556,128,6246.518445001129,
8577,short,140.70775700020022,128,6246.549183000752,
8578,short,140.52743800129974,128,6246.5502940031,
8579,short,140.37030700274045,128,6246.576389999973,
8580,short,138.95253500231775,128,6245.340469002258,
8581,short,139.08289699975285,128,6246.144392000133,
8573,short,143.7724679999519,128,6251.022700002068,
8582,short,149.78328899815097,128,6247.032605999266,
8584,short,141.72234199941158,128,6246.937446001539,
8585,short,141.49504099987098,128,6246.959577998496,
8586,short,141.34065299731446,128,6247.001236999495,
8587,short,138.90939599878038,128,6244.74908800039,
8583,short,145.78045199959888,128,6250.451750998764,
8589,short,136.30760799787822,128,6245.821420998254,
8590,short,136.24148099916056,128,6246.158091002144,
8591,short,136.02098900082638,128,6246.135546000005,
8592,short,135.86159499755013,128,6246.949742999277,
8593,short,135.60051600143197,128,6246.900665002613,
8594,short,136.04335300260573,128,6247.067672000412,
8595,short,135.85932699788827,128,6247.073636997811,
8596,short,135.62440800160402,128,6247.019233000174,
8597,short,135.4935259987542,128,6247.0982749982795,
8598,short,135.31703199987533,128,6247.097167000902,
8599,short,134.50782200015965,128,6246.465198997612,
8588,short,139.7309630010568,128,6251.767197998561,
8601,short,138.48122499985038,128,6245.125527999335,
8602,short,138.14326399733545,128,6245.847300997411,
8603,short,139.08016400091583,128,6246.200880999822,
8604,short,138.89602500057663,128,6246.2368279993825,
8605,short,138.715115001105,128,6246.332417002122,
8606,short,138.5045849965536,128,6246.317760997044,
8607,short,138.35587900030077,128,6246.3508949986135,
8608,short,138.17963600013172,128,6246.3514450028015,
8609,short,137.92073899821844,128,6246.267196998815,
8610,short,137.31201699920348,128,6245.705420002196,
8611,short,136.2957790006476,128,6244.847101002961,
8600,short,144.00447500156588,128,6251.652931001445,
8613,short,134.88544600113528,128,6244.3169910002325,
8614,short,134.6384050011693,128,6245.0998820022505,
8615,short,134.44095499653486,128,6245.167966997542,
8616,short,134.17367199872388,128,6245.091294000304,
8617,short,134.0611279993027,128,6245.174930998473,
8618,short,133.88418300019111,128,6245.177749999129,
8619,short,133.70575999942957,128,6245.177969998622,
8620,short,133.52850200317334,128,6245.175573003507,
8621,short,133.33182599672,128,6245.164101997943,
8622,short,133.064056000876,128,6245.106768001278,
8623,short,132.87703600144596,128,6245.100431002356,
8624,short,132.69816699903458,128,6245.094787998823,
8625,short,132.52155300142476,128,6245.0911960004305,
8626,short,131.97579800180392,128,6244.716231001803,
8612,short,136.72642600067775,128,6249.935302002996,
8628,short,136.49248900037492,128,6246.648139000172,
8629,short,136.28689399774885,128,6246.684041998378,
8630,short,136.1023600002227,128,6246.693535002123,
8631,short,135.9240800011321,128,6246.691656000621,
8632,short,135.74843400056125,128,6246.6905180008325,
8633,short,135.57132599817123,128,6246.748434998153,
8634,short,135.36642200051574,128,6246.727474001091,
8635,short,135.03082800161792,128,6246.578444999614,
8627,short,137.04031499946723,128,6248.89375299972,
8637,short,141.89993100080756,128,6245.854264001537,
8638,short,141.68002299993532,128,6245.953951001866,
8639,short,141.22406100068474,128,6245.6894930001,
8636,short,142.39644799818052,128,6247.268404997158,
8640,short,146.41290700092213,128,6240.704653002467,
8642,short,142.58595099818194,128,6239.633453998977,
8643,short,142.9091440004413,128,6240.594762999535,
8644,short,142.75089999864576,128,6240.690971000731,
8645,short,142.35267900221515,128,6240.478043000621,
8646,short,142.38168299925746,128,6240.699954996671,
8647,short,142.17684200048097,128,6240.679114998784,
8648,short,142.02522300183773,128,6240.709933001199,
8649,short,141.85306500075967,128,6240.712637001707,
8650,short,141.6779899991525,128,6240.712664999592,
8651,short,139.55220299976645,128,6238.757628001622,
8641,short,147.03046200156678,128,6246.268660001078,
8652,short,153.57433600001968,128,6240.231337000296,
8653,short,137.91365099677932,128,6239.8169549996965,
8655,short,134.89584700073465,128,6238.979857000231,
8656,short,134.88458400024683,128,6239.597924002737,
8657,short,134.70557099935832,128,6239.63612100124,
8658,short,134.5292639998661,128,6239.643810000416,
8659,short,134.35357999696862,128,6239.646731999528,
8660,short,134.17876599851297,128,6239.648523998767,
8661,short,133.92140299765742,128,6239.581206998992,
8662,short,133.78889500017976,128,6239.647632999549,
8663,short,134.10699499945622,128,6239.661335999699,
8664,short,133.9048960035143,128,6239.632910001092,
8665,short,132.5467899987416,128,6238.454264999746,
8666,short,132.3734500001592,128,6238.467658000445,
8667,short,132.16230800026096,128,6238.434501003212,
8668,short,130.5105809988163,128,6237.986878000811,
8654,short,138.93293399814866,128,6246.200866997242,
8670,short,140.44079199811677,128,6242.515237998305,
8671,short,140.71107099880464,128,6243.216360999213,
8672,short,140.53465500182938,128,6243.593276001775,
8673,short,141.09070199992857,128,6243.909494998661,
8674,short,140.91001500128186,128,6244.146253000508,
8675,short,140.74179199815262,128,6244.395570996858,
8676,short,139.45842799876118,128,6243.470438999793,
8677,short,139.75132500127074,128,6245.670328000415,
8669,short,144.08725799876265,128,6250.557791001484,
8678,short,149.62324999942211,128,6238.819311998668,
8680,short,140.93554400096764,128,6239.683930998581,
8681,short,140.71572499960894,128,6239.753088000725,
8682,short,140.56155000071158,128,6239.802932999737,
8683,short,138.1008739990648,128,6237.526059998345,
8679,short,145.22658399801003,128,6243.264917997294,
8685,short,135.28036400020937,128,6240.225569999893,
8686,short,135.2410459985549,128,6241.451162997691,
8687,short,134.24223800029722,128,6240.761119999661,
8688,short,134.0033209999092,128,6240.8814070004155,
8689,short,133.67716699940502,128,6240.843896001024,
8690,short,134.09078100085026,128,6241.201322001871,
8691,short,133.9168949998566,128,6241.384570999799,
8692,short,133.68376099970192,128,6241.507061000448,
8693,short,133.5545359979733,128,6241.8683110008715,
8694,short,133.37931299975025,128,6241.982401999849,
8695,short,132.58958799997345,128,6243.790485998034,
8684,short,137.78666199868894,128,6249.211213998933,
8697,short,138.7815980015148,128,6240.111105002143,
8698,short,138.96628500151564,128,6240.7365379986,
8699,short,139.04664000074263,128,6241.046267001366,
8700,short,138.7649819989747,128,6240.9587769980135,
8701,short,138.5676270001568,128,6240.956790999917,
8702,short,138.35707500038552,128,6240.927056998771,
8703,short,138.19913000043016,128,6241.015408999374,
8704,short,138.02323199706734,128,6241.065374997561,
8705,short,137.76522300031502,128,6240.989851001359,
8706,short,138.337993001187,128,6241.6686979995575,
8707,short,136.92110299962224,128,6240.4412399992,
8696,short,144.47434899921063,128,6246.637911001017,
8709,short,134.1068069996254,128,6242.734529001609,
8710,short,133.86486699891975,128,6242.95072699897,
8711,short,133.67436800035648,128,6243.163808001555,
8712,short,133.4090450000076,128,6243.193613998301,
8713,short,133.2944799978577,128,6243.586988999596,
8714,short,133.1165379997401,128,6243.707779998658,
8715,short,132.93136700303876,128,6243.811357002414,
8716,short,132.75515399800497,128,6243.924759997753,
8717,short,132.54410900117364,128,6244.000021000829,
8718,short,132.36505800159648,128,6244.105554000271,
8719,short,132.19216899960884,128,6244.216904000496,
8720,short,132.0194710024225,128,6244.327618001989,
8721,short,131.84822000039276,128,6247.108085000946,
8722,short,131.13812200026587,128,6246.6264969989425,
8708,short,135.68597300036345,128,6251.659940000536,
8724,short,134.46908300102223,128,6242.6357900003495,
8725,short,134.58816400088836,128,6242.687915000715,
8726,short,134.4187940012489,128,6242.70573800095,
8727,short,134.24529599797097,128,6242.711456001416,
8728,short,134.0103820002696,128,6242.654087000119,
8729,short,133.82787400041707,128,6242.648904000816,
8730,short,133.6106579983607,128,6242.609934000939,
8731,short,133.2815749992733,128,6242.461084002571,
8723,short,135.50069900156814,128,6244.978612001432,
8733,short,140.55015400299453,128,6241.84526800309,
8734,short,140.3599139994185,128,6242.036444000405,
8735,short,139.88663800046197,128,6241.767990999506,
8732,short,141.0216109979956,128,6243.302612998377,
8736,short,146.11544199942728,128,6257.0151740001165,
8738,short,141.41883100091945,128,6256.506370002171,
8739,short,141.7257469984179,128,6257.498585997382,
8740,short,141.5640720006195,128,6257.603983998706,
8741,short,141.16008799828705,128,6257.394839998597,
8742,short,141.17675200031954,128,6257.605448001414,
8743,short,140.96984800198697,128,6257.582086000184,
8744,short,140.81824800086906,128,6257.680612998229,
8745,short,140.6437299992831,128,6257.7013980007905,
8746,short,140.4713419979089,128,6257.709506997344,
8747,short,138.3611839992227,128,6255.775229001301,
8737,short,145.68948200030718,128,6263.163592000637,
8748,short,152.75184100028127,128,6257.88422199912,
8749,short,138.27872699766885,128,6258.896404000552,
8751,short,134.4318440023926,128,6258.512161002727,
8752,short,134.4036539994704,128,6259.171789999527,
8753,short,134.22584399813786,128,6259.23595399945,
8754,short,134.05141299881507,128,6259.247426998627,
8755,short,133.86451899714302,128,6259.241271000064,
8756,short,133.68639100008295,128,6259.241556002962,
8757,short,133.43834899933427,128,6259.169839999231,
8758,short,133.83001100010006,128,6259.217004000675,
8759,short,133.65878200056613,128,6259.218613002304,
8760,short,133.45499400020344,128,6259.190652999678,
8761,short,133.24900100269588,128,6259.195156002534,
8762,short,133.12131600105204,128,6260.44250799896,
8763,short,131.89118599984795,128,6259.430279998924,
8764,short,130.08148600056302,128,6257.811798997864,
8750,short,138.534494999476,128,6266.067050000856,
8766,short,136.83803999811062,128,6254.421203997481,
8767,short,136.7982999981905,128,6254.837750999286,
8768,short,136.34207399809384,128,6254.610086998582,
8769,short,136.69590399877052,128,6254.414009999891,
8770,short,136.28554900060408,128,6254.189201001282,
8771,short,135.95507699938025,128,6254.043381999509,
8772,short,133.47034000253188,128,6251.739106999594,
8773,short,133.5126619997027,128,6252.47058399691,
8765,short,140.95538200126612,128,6259.866363998299,
8774,short,155.4392080033722,128,6258.574886000133,
8776,short,142.23369100000127,128,6258.965322002041,
8777,short,142.00809199974174,128,6259.061879998626,
8778,short,141.8512969976291,128,6259.118780999415,
8779,short,139.33949599959305,128,6256.7896179971285,
8775,short,146.1974369995005,128,6262.3516759995255,
8781,short,136.1844109997037,128,6256.155114002468,
8782,short,136.46538800094277,128,6257.368436999968,
8783,short,136.13916399845039,128,6257.221676998597,
8784,short,135.9817890006525,128,6257.153557002312,
8785,short,135.4550050018588,128,6256.754166002793,
8786,short,135.2725990000181,128,6256.626952999795,
8787,short,135.02316100129974,128,6256.456089999119,
8788,short,134.61411000025691,128,6256.120165002358,
8789,short,134.53039799787803,128,6256.091659000958,
8790,short,131.9854760004091,128,6253.670113001135,
8791,short,131.07843499892624,128,6252.883352997742,
8780,short,141.95554199977778,128,6262.192133002827,
8793,short,140.24086800054647,128,6256.935856999917,
8794,short,140.41440900109592,128,6257.564144998469,
8795,short,140.54232300259173,128,6257.942157000798,
8796,short,140.35778699690127,128,6257.962640000187,
8797,short,140.16742999956477,128,6257.954746000905,
8798,short,139.90991700120503,128,6257.877752002969,
8799,short,139.71003999904497,128,6257.862520000344,
8800,short,139.5292680026614,128,6257.855793002818,
8801,short,138.64396899953135,128,6257.158865999372,
8802,short,139.29307199941832,128,6257.798341001035,
8803,short,138.4431369988306,128,6257.123971998226,
8792,short,145.8616259988048,128,6263.384752001002,
8805,short,134.07804800226586,128,6257.366510002612,
8806,short,133.7000090024958,128,6257.387006000499,
8807,short,133.40616899949964,128,6257.349204002821,
8808,short,132.8343790009967,128,6256.966291999561,
8809,short,132.6057660007791,128,6256.975357002375,
8810,short,132.3177329977625,128,6257.538579997345,
8811,short,132.03073099793983,128,6257.461886998499,
8812,short,131.74597499892116,128,6257.361722997302,
8813,short,131.4610139997967,128,6257.256626002345,
8814,short,131.1781639997207,128,6257.150058001571,
8815,short,130.88541600154713,128,6257.032330999209,
8816,short,127.94336400111206,128,6254.265478000889,
8817,short,127.71765499928733,128,6254.2130520014325,
8818,short,127.11331999889808,128,6253.798731999268,
8804,short,135.10649599993485,128,6262.270978997549,
8820,short,135.69825100057642,128,6258.468497999274,
8821,short,135.50561900046887,128,6258.662042997457,
8822,short,135.32544200279517,128,6258.781915999862,
8823,short,135.14623800074332,128,6258.890993998648,
8824,short,134.9683609987551,128,6259.001163998619,
8825,short,134.7902650013566,128,6259.111200000916,
8826,short,134.59397300175624,128,6259.191367000312,
8827,short,134.0697050000017,128,6259.026306997839,
8819,short,136.27930299844593,128,6268.111622001015,
8829,short,142.30121999935363,128,6258.171337998647,
8830,short,142.10126100078924,128,6258.571704001952,
8831,short,141.63508400088176,128,6258.408543999394,
8828,short,143.03894199838396,128,6263.688966999325,
8832,short,146.75461099977838,128,6262.4823070000275,
8834,short,142.2701350020361,128,6262.404987999616,
8835,short,142.61897500182386,128,6262.5789910016465,
8836,short,142.46267099952092,128,6263.710413000808,
8837,short,142.07051400080672,128,6263.567146001151,
8838,short,142.09632799975225,128,6263.823810000758,
8839,short,141.82039700244786,128,6263.74948800003,
8840,short,141.6514510019624,128,6263.782008001726,
8841,short,141.47265499923378,128,6263.798799001961,
8842,short,141.2979050001013,128,6263.805217000481,
8843,short,139.27704700108734,128,6261.967155001912,
8833,short,146.5781179977057,128,6269.622708998213,
8844,short,154.4673660027911,128,6261.699011000019,
8845,short,137.91116399806924,128,6261.132078998344,
8847,short,134.03280200145673,128,6259.696327000711,
8848,short,133.99260000005597,128,6260.265783999785,
8849,short,133.81208400096511,128,6260.3054770006565,
8850,short,133.632277000288,128,6260.309819001122,
8851,short,133.4547040023608,128,6260.313337999833,
8852,short,133.27726699935738,128,6260.31468599831,
8853,short,133.03985899983672,128,6260.254800999974,
8854,short,132.90853000216885,128,6260.323203001462,
8855,short,133.19465500171646,128,6260.382273001596,
8856,short,132.97027100270498,128,6260.352366000006,
8857,short,131.57024799875217,128,6259.138236000581,
8858,short,131.4006930006144,128,6260.389249000582,
8859,short,131.18533899978502,128,6260.397276997537,
8860,short,129.38640200081863,128,6258.791885000392,
8846,short,138.02319600290502,128,6267.375693001668,
8862,short,140.65803600169602,128,6259.940392999852,
8863,short,140.93945999775315,128,6260.690639999666,
8864,short,140.7668880019628,128,6260.736906002421,
8865,short,140.60046099984902,128,6260.766495001008,
8866,short,141.14229400001932,128,6260.7664660026785,
8867,short,140.99303599869017,128,6260.795280999446,
8868,short,139.647938998678,128,6259.632274999603,
8869,short,139.78665499962517,128,6260.565646000032,
8861,short,144.67733499986934,128,6265.389051997772,
8870,short,151.11414100101683,128,6262.202400001115,
8872,short,141.04409299761755,128,6261.809865998657,
8873,short,140.8098659994721,128,6261.911665998923,
8874,short,140.6528170009551,128,6261.968215003435,
8875,short,138.40409600015846,128,6259.905578001053,
8871,short,144.96090000102413,128,6265.382356999908,
8877,short,135.80728699889733,128,6260.156604999793,
8878,short,135.74072400297155,128,6260.586329000944,
8879,short,135.51978699979372,128,6260.5665320006665,
8880,short,135.3627320022497,128,6261.54827800201,
8881,short,135.10050799959572,128,6261.51271100025,
8882,short,134.94050500230514,128,6261.578967001697,
8883,short,134.7599500004435,128,6261.587820001296,
8884,short,134.52485900052125,128,6261.541056999704,
8885,short,134.3935609984328,128,6261.629198001174,
8886,short,134.21977599864476,128,6261.635279999609,
8887,short,133.86601000092924,128,6260.90468899929,
8876,short,139.0514519989665,128,6266.2544349987,
8889,short,139.2136050017143,128,6260.28386300095,
8890,short,139.4286300019303,128,6260.880527002882,
8891,short,140.40937299796497,128,6262.097605998861,
8892,short,140.28602100006538,128,6262.2522819983715,
8893,short,140.1639960022294,128,6262.370491000183,
8894,short,140.01162500062492,128,6262.450852002075,
8895,short,139.96679699994274,128,6262.651136999921,
8896,short,139.84705400071107,128,6262.764910999977,
8897,short,139.0293299991754,128,6262.1747169978335,
8898,short,139.41359299860778,128,6262.495013001171,
8899,short,138.61201600229833,128,6261.8662910026615,
8888,short,154.15283900074428,128,6270.056139001099,
8901,short,135.14379000116605,128,6260.15624700085,
8902,short,135.04315800309996,128,6260.230449002847,
8903,short,134.91118000092683,128,6260.308885000995,
8904,short,134.65972199992393,128,6260.187142001087,
8905,short,134.09668399981456,128,6259.601564001059,
8906,short,133.9426190024824,128,6259.573161001754,
8907,short,133.81478100200184,128,6259.566634002113,
8908,short,133.6923079979897,128,6259.562584000378,
8909,short,133.57321600051364,128,6259.625116999814,
8910,short,133.45292699887068,128,6259.685854998679,
8911,short,133.33221699940623,128,6259.701709001092,
8912,short,133.212636999815,128,6259.705977998237,
8913,short,133.07704500039108,128,6259.69193399942,
8914,short,132.52812399878167,128,6259.277778000978,
8900,short,137.85753400225076,128,6264.403844001208,
8916,short,134.2279550008243,128,6259.167726999294,
8917,short,133.9281540022057,128,6259.138214001723,
8918,short,133.64200099749723,128,6259.047871997609,
8919,short,133.35467900105868,128,6258.941706000769,
8920,short,133.06784499945934,128,6258.832179999445,
8921,short,132.78181799978483,128,6258.734105998883,
8922,short,132.39969800270046,128,6258.527350000804,
8923,short,125.43271500180708,128,6251.743428001646,
8915,short,134.94103899938636,128,6261.5155589992355,
8925,short,142.98459099882166,128,6260.250913001073,
8926,short,142.68542600257206,128,6260.293270002876,
8927,short,138.54111600085162,128,6256.343933000608,
8924,short,143.81355799923767,128,6262.829327999498,
8928,short,147.70317600050475,128,6270.263465998141,
8930,short,140.4526160004025,128,6268.344552001508,
8931,short,139.74396499907016,128,6268.319191000046,
8932,short,139.52684800096904,128,6268.35967399893,
8933,short,139.08942900161492,128,6268.106725001417,
8934,short,139.1016409979784,128,6268.326239998714,
8935,short,138.86706899938872,128,6268.2787730009295,
8936,short,138.70724400112522,128,6268.300796000403,
8937,short,138.52695900277467,128,6268.295042002137,
8938,short,138.34662299996126,128,6268.288117000338,
8939,short,136.0967940017872,128,6266.21306800007,
8929,short,144.07104600104503,128,6274.359387000004,
8940,short,153.45255600186647,128,6274.381921000895,
8941,short,135.45665399942663,128,6273.226908997458,
8943,short,136.62327799829654,128,6271.479172999534,
8944,short,136.70012199872872,128,6272.09357099855,
8945,short,136.52526099758688,128,6272.140581997519,
8946,short,136.34968800033676,128,6272.182058000908,
8947,short,136.17559100021026,128,6272.191380001459,
8948,short,135.99957000042195,128,6272.193779997906,
8949,short,135.75140999819268,128,6272.143310998217,
8950,short,135.55918099882547,128,6272.13644999938,
8951,short,135.3627749995212,128,6272.1165910006675,
8952,short,135.15242399807903,128,6272.140937999211,
8953,short,134.34441199933644,128,6270.923127001879,
8954,short,134.191960998578,128,6272.162283999933,
8955,short,133.97029800034943,128,6273.368707003101,
8956,short,132.12982100230874,128,6271.732287001214,
8942,short,140.97605000279145,128,6280.216533003113,
8958,short,141.79385199895478,128,6273.9645809997455,
8959,short,142.10078500036616,128,6274.770432002697,
8960,short,141.9394309996278,128,6275.17306899972,
8961,short,141.77909499994712,128,6275.506565001706,
8962,short,141.59764800206176,128,6275.772897002753,
8963,short,141.44330699855345,128,6276.039470998512,
8964,short,140.80561000082525,128,6275.0125150014355,
8965,short,141.03098199848318,128,6277.091506999568,
8957,short,145.97731299727457,128,6283.259723997617,
8966,short,150.7400480004435,128,6271.734868998465,
8968,short,140.50392200078932,128,6273.916324000311,
8969,short,140.3313890004938,128,6274.019436001254,
8970,short,140.29321799898753,128,6274.06492800219,
8971,short,137.9764730008901,128,6271.877692000999,
8967,short,148.0649919976713,128,6277.750084998843,
8973,short,136.5381340001477,128,6274.180387998058,
8974,short,137.2313239990035,128,6275.580972000171,
8975,short,136.06558100218535,128,6274.754018002568,
8976,short,135.88129200070398,128,6274.934416000178,
8977,short,135.60862799931783,128,6275.017880998348,
8978,short,135.44512100270367,128,6275.396343000466,
8979,short,135.25814800232183,128,6275.5874850008695,
8980,short,135.01692300269497,128,6275.715395000589,
8981,short,134.88338499882957,128,6276.113398998859,
8982,short,134.70750600026804,128,6276.2393500015605,
8983,short,133.97788799920818,128,6275.8038110005145,
8972,short,139.09541099928902,128,6288.726975999452,
8985,short,138.93705000009504,128,6273.528998000984,
8986,short,138.20524000038859,128,6273.338827999396,
8987,short,138.1907159993716,128,6274.485566998919,
8988,short,137.8941789989767,128,6274.513224001566,
8989,short,137.60637499945005,128,6274.522469997464,
8990,short,137.22064799731015,128,6274.430260997178,
8991,short,137.710759001493,128,6274.542400002247,
8992,short,137.4304109995137,128,6274.556341002608,
8993,short,136.87622699944768,128,6274.288223998155,
8994,short,136.6560219976236,128,6274.497390997567,
8995,short,133.7863090011524,128,6271.976126001391,
8984,short,144.3666330014821,128,6287.346622000769,
8997,short,134.68317899969406,128,6273.07444699909,
8998,short,134.44233699920005,128,6273.984045001271,
8999,short,134.2575040034717,128,6274.116039003275,
9000,short,133.99059400035185,128,6274.063177999778,
9001,short,133.87726099972497,128,6274.1616900020745,
9002,short,133.69986600082484,128,6274.165922000975,
9003,short,133.52426200071932,128,6274.169784999685,
9004,short,133.28514299792005,128,6274.104579999403,
9005,short,133.049423002376,128,6274.043436002103,
9006,short,132.85886100129574,128,6274.031613000261,
9007,short,132.6799230009783,128,6274.030248001509,
9008,short,132.50317600250128,128,6274.027276002016,
9009,short,132.31372099835426,128,6274.011747998884,
9010,short,131.59436199930497,128,6273.464294001315,
8996,short,135.64594499985105,128,6277.963538999757,
9012,short,135.1907050011505,128,6273.892790002719,
9013,short,134.99862900061999,128,6273.96985499945,
9014,short,134.81743699958315,128,6273.984413997823,
9015,short,134.6310730004916,128,6273.97979899979,
9016,short,134.45269000294502,128,6273.983319002582,
9017,short,134.276384000259,128,6273.986592001165,
9018,short,134.06947099792887,128,6273.95706599782,
9019,short,133.7122119984997,128,6273.785001998476,
9011,short,135.898846998316,128,6276.268331999745,
9021,short,142.1594940002251,128,6273.786904999724,
9022,short,141.96575099776965,128,6273.941644998558,
9023,short,140.6133829987084,128,6272.785573000874,
9020,short,142.72257300035562,128,6276.05287500046,
9024,short,146.7026470018027,128,6262.644376001845,
9026,short,144.52752599754604,128,6262.200400997244,
9027,short,144.9677030032035,128,6263.129517003108,
9028,short,144.81322299980093,128,6263.220680000813,
9029,short,144.39345099890488,128,6262.985943001695,
9030,short,144.4383279995236,128,6263.243779998447,
9031,short,144.23239700045087,128,6263.231606997579,
9032,short,144.08374999766238,128,6263.269155999296,
9033,short,143.91088699994725,128,6263.274328000989,
9034,short,143.7352600005397,128,6263.276728001074,
9035,short,141.5288150019478,128,6261.246050002228,
9025,short,149.45579199775239,128,6269.134607999149,
9036,short,152.49854599824175,128,6262.2543219986255,
9037,short,135.41120500303805,128,6261.6850410013285,
9039,short,135.47796299826587,128,6262.365685997793,
9040,short,135.49446500110207,128,6262.894913001219,
9041,short,135.28072699773475,128,6262.900732999697,
9042,short,135.1008029996592,128,6262.934137001139,
9043,short,134.92299099743832,128,6262.943683999765,
9044,short,134.72486200043932,128,6262.922884001455,
9045,short,134.48340400282177,128,6262.855780001701,
9046,short,134.36263999756193,128,6262.911472997075,
9047,short,134.12517300093896,128,6262.852112999099,
9048,short,134.4086659992172,128,6262.776196999766,
9049,short,132.98242100063362,128,6261.536732999957,
9050,short,131.60868599879905,128,6261.4782889977505,
9051,short,131.37988900052733,128,6261.464561001048,
9052,short,129.72253499901854,128,6259.985404998588,
9038,short,139.66290899770684,128,6269.590289997723,
9054,short,140.95615499900305,128,6258.4838359980495,
9055,short,140.92426500064903,128,6258.920635998948,
9056,short,140.47308799854363,128,6258.721845999389,
9057,short,140.05052500215243,128,6258.504325000104,
9058,short,139.62912799979676,128,6258.27271199887,
9059,short,140.10205600061454,128,6258.123429000989,
9060,short,137.59328800006188,128,6255.7886940012395,
9061,short,136.48835500134737,128,6255.415924002591,
9053,short,144.9714390000736,128,6264.04516799812,
9062,short,163.240224999754,128,6263.816020997183,
9064,short,141.060585003288,128,6260.434029001772,
9065,short,140.8935110011953,128,6261.531914002262,
9066,short,140.85088100182475,128,6261.631266999757,
9067,short,138.2751399978588,128,6259.186128998408,
9063,short,152.74710800076718,128,6265.3361310003675,
9069,short,134.96949999898789,128,6261.069267999119,
9070,short,134.80025199896772,128,6261.420546001318,
9071,short,134.40699100101483,128,6261.241436997807,
9072,short,134.07354800074245,128,6261.997255998722,
9073,short,133.481128999847,128,6261.624595998001,
9074,short,133.12496499929694,128,6261.497232000693,
9075,short,132.74567200278398,128,6261.309552999592,
9076,short,132.2018049977487,128,6260.956433998217,
9077,short,132.53060300121433,128,6260.919298001681,
9078,short,132.23942999684368,128,6260.805690999405,
9079,short,123.88643199665239,128,6252.627229998325,
9068,short,138.49940699947183,128,6267.4907939981495,
9081,short,138.2072460000927,128,6261.3743289985,
9082,short,137.49879699753365,128,6261.165932999575,
9083,short,137.5072429982538,128,6261.406252000597,
9084,short,137.2105320006085,128,6261.304060000839,
9085,short,136.91840800311184,128,6261.19294000091,
9086,short,136.51380100054666,128,6260.968211001455,
9087,short,136.23991499844124,128,6260.880357000133,
9088,short,135.9515399999509,128,6260.768304000521,
9089,short,136.12142100100755,128,6260.344100999646,
9090,short,135.9173649980221,128,6260.208449999482,
9091,short,129.1999129971373,128,6253.652371997305,
9080,short,143.78434399986872,128,6267.681033001281,
9093,short,136.26047499928973,128,6262.885625998024,
9094,short,135.9724180001649,128,6262.890165002318,
9095,short,135.75072700041346,128,6262.898421999125,
9096,short,135.49070000226493,128,6262.814215002436,
9097,short,135.38146800055983,128,6262.895335003122,
9098,short,135.20372300263261,128,6262.896897002065,
9099,short,135.0288619978528,128,6262.908994998725,
9100,short,134.8649289975583,128,6262.9178059978585,
9101,short,134.6871759997157,128,6262.930924000102,
9102,short,134.51072099996964,128,6262.929735999933,
9103,short,134.33811299910303,128,6262.929819997225,
9104,short,134.16450300064753,128,6262.929552001879,
9105,short,133.99246400149423,128,6262.932120000187,
9106,short,133.32634800099186,128,6262.465376999899,
9092,short,137.93174700185773,128,6267.511863999971,
9108,short,136.88903400179697,128,6262.894696999865,
9109,short,136.69448099972215,128,6262.956567999936,
9110,short,136.52202699813643,128,6262.967597998795,
9111,short,136.34096000168938,128,6262.966236001375,
9112,short,136.16218700190075,128,6262.964202000148,
9113,short,135.98574299976462,128,6262.964544999704,
9114,short,135.77723799971864,128,6262.929396998516,
9115,short,135.28458700238843,128,6262.616545001947,
9107,short,137.61555499877431,128,6265.165603999776,
9117,short,142.46175399966887,128,6262.2671959979925,
9118,short,142.26635100203566,128,6262.408136000886,
9119,short,140.96327800143627,128,6261.299231999146,
9116,short,143.14359599666204,128,6264.898329998687,
9120,short,147.2191080029006,128,6267.187810000905,
9122,short,141.89993100080756,128,6266.070718000265,
9123,short,142.2274370015657,128,6267.206776999956,
9124,short,142.0416959990689,128,6267.28941699912,
9125,short,141.62075700005516,128,6267.0615749993885,
9126,short,141.62685799965402,128,6267.299784998613,
9127,short,141.41480299804243,128,6267.275861999224,
9128,short,141.2581250006042,128,6267.309856000793,
9129,short,141.08079300058307,128,6267.322493000393,
9130,short,140.90404899980058,128,6267.335281001579,
9131,short,138.55985500049428,128,6265.171421000559,
9121,short,146.08954400318908,128,6273.101549002604,
9132,short,152.4463960013236,128,6265.929859000607,
9133,short,137.54422300189617,128,6267.148120001366,
9135,short,135.29102300162776,128,6265.071993002493,
9136,short,135.2878950019658,128,6265.760294001666,
9137,short,135.07811599993147,128,6265.795325998624,
9138,short,134.8942900003749,128,6265.7985929981805,
9139,short,134.71643700177083,128,6265.804094000487,
9140,short,134.5416460026172,128,6265.810388002137,
9141,short,134.30732599954354,128,6265.770679998241,
9142,short,134.18265499785775,128,6265.945996998198,
9143,short,134.52699600020424,128,6265.9941150013765,
9144,short,134.32215099965106,128,6265.970835000189,
9145,short,132.97836199853919,128,6264.813194000453,
9146,short,132.8139290017134,128,6266.098695999972,
9147,short,132.6003629983461,128,6266.121573000419,
9148,short,130.93687699802103,128,6264.655545997812,
9134,short,139.2639160003455,128,6272.869128999446,
9150,short,143.17477399890777,128,6264.955638998799,
9151,short,143.43310299955192,128,6265.857533002418,
9152,short,143.2523619987478,128,6265.940109999065,
9153,short,143.0833989979874,128,6265.983318997314,
9154,short,142.89882500088424,128,6265.995084999304,
9155,short,142.73270400008187,128,6266.021947001718,
9156,short,141.36831600262667,128,6264.843072000076,
9157,short,142.3058359978313,128,6265.97560799928,
9149,short,147.15702600005898,128,6270.795127002202,
9158,short,152.578512999753,128,6266.289743998641,
9160,short,141.75948499905644,128,6263.96305399976,
9161,short,141.48130499961553,128,6264.030073001777,
9162,short,141.31912800075952,128,6264.0869399983785,
9163,short,138.66358200175455,128,6261.621346002357,
9159,short,147.0266799988167,128,6268.783399998938,
9165,short,135.47094000023208,128,6264.029598998604,
9166,short,135.4215529972862,128,6265.458257999853,
9167,short,134.30707799852826,128,6264.587251000194,
9168,short,134.12255300136167,128,6264.592190000258,
9169,short,133.84578899785993,128,6264.540490999934,
9170,short,134.27845600017463,128,6264.600008998968,
9171,short,134.09516799947596,128,6264.596323002479,
9172,short,133.85709000067436,128,6264.538643001288,
9173,short,133.7268610004685,128,6264.620250000007,
9174,short,133.5506949981209,128,6264.622324000811,
9175,short,132.57153700033086,128,6263.839387000189,
9164,short,138.0695289990399,128,6269.548312000552,
9177,short,138.9251750006224,128,6262.791922999895,
9178,short,139.10305700119352,128,6263.621815000079,
9179,short,139.22743500006618,128,6264.072764999582,
9180,short,139.04536300105974,128,6264.091947999987,
9181,short,138.87371999953757,128,6264.14437999847,
9182,short,138.6645500024315,128,6264.155010001559,
9183,short,138.51112199699855,128,6264.194565999787,
9184,short,138.33540199993877,128,6264.198483000655,
9185,short,138.07576499675633,128,6264.117745999101,
9186,short,138.67455600120593,128,6264.169654001307,
9187,short,137.3087640022277,128,6262.965380003152,
9176,short,144.7077669981809,128,6269.661840000481,
9189,short,134.34986300126184,128,6263.308978002897,
9190,short,134.14457899853005,128,6264.234441001463,
9191,short,133.95879499876173,128,6264.3187270005,
9192,short,133.69662500190316,128,6264.246183000068,
9193,short,133.58317999882274,128,6264.352712998516,
9194,short,133.39600700055598,128,6264.352443002281,
9195,short,133.20159899740247,128,6264.368485997693,
9196,short,133.02229700275348,128,6264.389461000974,
9197,short,132.84686599945417,128,6264.395612000953,
9198,short,132.67251399884117,128,6264.403812998353,
9199,short,132.4975520001317,128,6264.408860999538,
9200,short,132.32359199901111,128,6264.457011999184,
9201,short,132.12244199894485,128,6264.447197998379,
9202,short,131.63378899844247,128,6264.136926998617,
9188,short,135.10437699733302,128,6268.068972000037,
9204,short,135.7944529991073,128,6265.204824001557,
9205,short,135.60573300128453,128,6265.321806000429,
9206,short,135.4340260004392,128,6265.346487001807,
9207,short,135.25811600266024,128,6265.479821002373,
9208,short,135.08148599794367,128,6265.521458000876,
9209,short,134.93071700213477,128,6265.545138001471,
9210,short,134.7308830008842,128,6265.529677999439,
9211,short,134.30766700184904,128,6265.295363002224,
9203,short,136.3291739980923,128,6267.5583439995535,
9213,short,142.09756099808146,128,6265.543741999863,
9214,short,141.90523599972948,128,6265.745517001051,
9215,short,140.23730400003842,128,6264.297969999461,
9212,short,142.76969699858455,128,6268.360295001912,
9216,short,148.11944599932758,128,6264.892127997882,
9218,short,142.0535299985204,128,6261.644711998088,
9219,short,141.87226699868916,128,6262.321606998739,
9220,short,142.38325400219765,128,6262.184770002932,
9221,short,141.95495899912203,128,6261.786400998972,
9222,short,142.03128900044248,128,6261.868688001414,
9223,short,141.82140200136928,128,6261.677418002364,
9224,short,141.65861000219593,128,6261.534750999999,
9225,short,141.47270700050285,128,6261.367731000064,
9226,short,141.29481900090468,128,6261.207209001441,
9227,short,138.99953199870652,128,6258.930060997955,
9217,short,146.89750099933008,128,6266.748597001424,
9228,short,152.83891999933985,128,6263.326987002074,
9229,short,138.25618899863912,128,6259.21271200059,
9231,short,135.05788399925223,128,6258.061247001024,
9232,short,135.05752299897722,128,6258.40122199952,
9233,short,134.8772450000979,128,6258.24170299893,
9234,short,134.69799000085914,128,6258.08378900183,
9235,short,134.507933002169,128,6257.915379999758,
9236,short,134.25642999936827,128,6257.68309400155,
9237,short,133.9731779989961,128,6257.421124999382,
9238,short,133.7966819992289,128,6257.241018000059,
9239,short,133.60857499719714,128,6257.07201899786,
9240,short,133.99767299779342,128,6256.8773409984715,
9241,short,132.53418699969188,128,6255.406382999354,
9242,short,132.356884998444,128,6255.19133799753,
9243,short,132.13848400118877,128,6254.99053400199,
9244,short,130.33451299997978,128,6254.249269000866,
9230,short,139.43938100055675,128,6262.826145000872,
9250,short,141.78353600073024,128,6254.53827399906,
9246,short,141.23164799821097,128,6256.707825999911,
9253,short,140.42175500071608,128,6253.410992001591,
9251,short,141.64313999935985,128,6255.569853998168,
9252,short,140.13116499700118,128,6254.123331997107,
9245,short,145.30887400178472,128,6258.50781200279,
9247,short,141.4959670000826,128,6256.93777700144,
9248,short,141.3166070014995,128,6257.341213000473,
9249,short,141.1487789991952,128,6257.368514998234,
9254,short,150.99489899876062,128,6252.565066999523,
9256,short,141.69565599877387,128,6239.382301999285,
9257,short,141.45630300117773,128,6239.986054999463,
9258,short,141.29497000249103,128,6239.956162000453,
9259,short,138.69483799862792,128,6237.401508999028,
9255,short,145.82839399736258,128,6241.426284999761,
9263,short,134.91760399847408,128,6230.401920998702,
9264,short,134.71450799988816,128,6230.380709999736,
9265,short,134.44097100000363,128,6230.134101999283,
9261,short,135.20827100001043,128,6232.204513999022,
9266,short,134.27738199970918,128,6231.068436998612,
9267,short,134.09411999964505,128,6230.909707999672,
9268,short,133.85546300196438,128,6230.720560000918,
9269,short,134.2590169988398,128,6230.697735998547,
9270,short,134.0941170019505,128,6230.535519000114,
9260,short,138.73859200248262,128,6234.461369000201,
9271,short,133.2035019986506,128,6229.713152999466,
9262,short,135.14031000158866,128,6232.978586998797,
9282,short,139.74078300088877,128,6215.469456001301,
9273,short,139.9814399992465,128,6218.066123998142,
9283,short,138.19301200055634,128,6213.973661000637,
9275,short,140.2387890011596,128,6217.286847000651,
9276,short,139.99979599975632,128,6217.093417002616,
9277,short,139.79741300136084,128,6216.936741002428,
9278,short,139.58216399987577,128,6216.7906040012895,
9279,short,139.42612399841892,128,6216.628523998224,
9280,short,139.24815300197224,128,6216.515684001934,
9281,short,138.98595299906447,128,6216.283617999579,
9272,short,146.3793809998606,128,6220.037939998292,
9274,short,140.10723199680797,128,6218.0351659990265,
9294,short,136.54410999879474,128,6193.060573998082,
9295,short,136.34181300221826,128,6193.259270003182,
9296,short,136.16027500029304,128,6193.109589999949,
9297,short,135.98222700238694,128,6192.957128001581,
9298,short,135.49758400040446,128,6192.493452002964,
9285,short,138.34336700165295,128,6196.421742002713,
9286,short,138.10477200240712,128,6196.181704002811,
9287,short,137.91708900316735,128,6196.014943001501,
9288,short,137.6316850000876,128,6195.74687199929,
9289,short,137.52075400043395,128,6195.577963000687,
9290,short,137.30972499979543,128,6195.399123000243,
9291,short,137.11184300336754,128,6195.219135002844,
9284,short,140.14531700013322,128,6197.902089999843,
9292,short,136.93106100254226,128,6195.0937420006085,
9293,short,136.75108900133637,128,6194.9294570003985,
9307,short,138.7796150011127,128,6174.453048999567,
9300,short,139.59380899905227,128,6176.48524499964,
9301,short,139.44817199808313,128,6176.301542996953,
9302,short,139.1924609997659,128,6176.031322000199,
9299,short,140.87578500038944,128,6176.944363000075,
9303,short,139.0342230006354,128,6175.850630999776,
9304,short,138.89570500032278,128,6175.658352000028,
9305,short,138.7624830022105,128,6175.474126001063,
9306,short,138.6044149985537,128,6175.264279998373,
9310,short,143.82618200033903,128,6161.372590999235,
9308,short,144.54898300027708,128,6162.178440998105,
9309,short,144.03050799955963,128,6161.803482998948,
9311,short,142.04818299913313,128,6159.790462999808,
