request_id,type,ttft_ms,tokens_received,total_ms,error
34,short,352.95677199974307,128,8235.502696001276,
33,short,353.1082139998034,128,8236.202520000006,
35,short,352.93892700065044,128,8236.691022000741,
42,short,444.3028220011911,128,8298.795400000017,
36,short,444.84358499903465,128,8299.520362999829,
2,short,446.13692600069044,128,8305.112894000558,
39,short,443.9996170003724,128,8303.098836999197,
40,short,444.0597669999988,128,8303.343210000094,
46,short,445.02708700019866,128,8303.433055001733,
43,short,445.3493390010408,128,8303.913421001198,
38,short,445.5343609988631,128,8304.970605999188,
37,short,445.68230000004405,128,8305.359951000355,
41,short,442.48642999991716,128,8305.533728000228,
45,short,442.58807100050035,128,8305.654636998952,
47,short,442.85021500036237,128,8305.859140000393,
1,short,446.84673299889255,128,8309.168226998736,
44,short,445.5103680011234,128,8307.026255000892,
9,short,557.3680470006366,128,8487.47827599982,
8,short,557.8141969999706,128,8488.413221000883,
11,short,558.3599639994645,128,8488.679108000724,
4,short,558.7714110006345,128,8489.333801999237,
3,short,557.6852419999341,128,8492.714445999809,
7,short,556.5894170013053,128,8493.118008000238,
17,short,558.024187999763,128,8493.406554000103,
16,short,556.0799079994467,128,8493.983483998818,
6,short,557.6747880004405,128,8494.943014000455,
13,short,557.3860599997715,128,8494.988116000968,
14,short,558.0363850003778,128,8495.353954000166,
12,short,558.2489540011011,128,8495.71085700154,
15,short,558.1078909999633,128,8495.799775000705,
10,short,558.3871280014137,128,8496.30247999994,
5,short,558.7297420006507,128,8496.829126999728,
27,short,669.0563530009968,128,8607.541638999464,
30,short,668.9370750009402,128,8607.787620001545,
18,short,669.8499930007529,128,8608.994697000526,
25,short,670.6540590002987,128,8611.963609000668,
29,short,670.5608669999492,128,8612.135775998468,
32,short,670.3601389999676,128,8612.246849999792,
21,short,672.2850879996258,128,8613.648271000784,
0,short,675.1799680005206,128,8616.791512000418,
19,short,672.505665999779,128,8614.346988999387,
23,short,672.2815840003022,128,8614.35266800072,
31,short,671.8274909999309,128,8614.166999999725,
24,short,672.30699799984,128,8614.913131999856,
22,short,672.4532340012956,128,8615.280494999752,
20,short,672.6787319985306,128,8615.791211999749,
26,short,672.5343789985345,128,8615.937409998878,
28,short,672.5961079991976,128,8616.252218000227,
97,short,183.30908000098134,128,8241.89705400022,
98,short,182.8808680002112,128,8241.97804600044,
96,short,184.26626200016472,128,8243.761625999468,
100,short,187.06554399977904,128,8241.8115449982,
101,short,183.60217500048748,128,8238.67301700011,
102,short,187.6763709988154,128,8239.032505998694,
103,short,187.39845299933222,128,8238.93905300065,
104,short,187.04600199998822,128,8238.7342180009,
105,short,186.9742929993663,128,8238.78473699915,
106,short,186.20276999899943,128,8238.190547999693,
99,short,192.70260899975256,128,8245.432616000471,
107,short,186.65525100004743,128,8242.27619499834,
108,short,186.3985390009475,128,8242.253968001023,
109,short,186.44088200016995,128,8242.245952000303,
110,short,186.52644900066662,128,8242.821132000245,
111,short,186.21806600094715,128,8242.776097000387,
112,short,186.06625200118287,128,8243.013249000796,
114,short,177.27804400055902,128,8257.250173999637,
115,short,177.03794199951517,128,8258.238694999818,
116,short,176.84557699976722,128,8258.63952600048,
117,short,175.11811900112662,128,8255.668681000316,
118,short,174.5758119996026,128,8255.895151000004,
119,short,173.86554000040633,128,8256.488732000435,
120,short,173.6209680002503,128,8258.36535200142,
121,short,173.34782900070422,128,8264.974574000007,
122,short,173.01625000072818,128,8264.91327900112,
123,short,172.67683800127998,128,8264.846559000944,
124,short,172.520150001219,128,8265.026269000373,
125,short,172.29095000038797,128,8265.02915600031,
126,short,172.06891900059418,128,8265.031540000564,
127,short,171.83751400079927,128,8265.017267000076,
113,short,180.94934299915622,128,8274.399935000474,
129,short,180.60628099919995,128,8248.053059000085,
130,short,180.31711500043457,128,8248.042081000676,
131,short,177.04224299995985,128,8245.022300001438,
132,short,178.80333599896403,128,8246.03050099904,
133,short,178.5970319997432,128,8246.093613000994,
134,short,177.91137600033835,128,8245.696698000756,
135,short,177.8944859997864,128,8246.024440999463,
136,short,177.61015099858923,128,8245.937935000256,
137,short,177.41448900051182,128,8245.958885001528,
138,short,177.11248699924909,128,8246.515520000685,
139,short,176.86187300023448,128,8246.513322001192,
140,short,176.64279299970076,128,8246.501151999837,
141,short,176.2754949995724,128,8246.342837999691,
142,short,175.91560799883155,128,8246.202010999696,
143,short,175.6853159986349,128,8246.18874099906,
128,short,184.56038600015745,128,8255.230472999756,
145,short,186.13748099960503,128,8315.690350000295,
146,short,186.42534399987198,128,8316.785634999178,
144,short,190.77047500104527,128,8323.187842999687,
148,short,203.30836699940846,128,8313.268332000007,
149,short,202.8504089994385,128,8313.043314999959,
150,short,205.17948400083696,128,8313.595626001188,
151,short,205.04513000014413,128,8313.691538998683,
152,short,204.9827920000098,128,8313.660330000857,
153,short,205.1910099999077,128,8314.90140799906,
154,short,203.98271299927728,128,8313.874516999931,
155,short,201.92618600049173,128,8311.234877999595,
147,short,208.3655139995244,128,8317.825460999302,
156,short,202.52351499948418,128,8311.646561000089,
157,short,202.41096599966113,128,8311.61582599998,
158,short,208.66810400002578,128,8311.115184998926,
159,short,208.74687600007746,128,8311.193119001473,
160,short,207.91638800073997,128,8310.62972700056,
162,short,227.3435299994162,128,8370.83108799925,
163,short,227.32794900002773,128,8371.55864899978,
164,short,227.0589250001649,128,8371.587945999636,
165,short,226.18129400143516,128,8370.908053000676,
166,short,224.80634799831023,128,8369.780515999082,
167,short,222.72512500057928,128,8367.92440499994,
168,short,216.7402930008393,128,8362.581955001588,
169,short,216.52787899984105,128,8362.681186999907,
170,short,216.2711990004027,128,8362.607127999581,
161,short,231.20958499930566,128,8377.73862100039,
171,short,215.9604299995408,128,8362.666426999567,
172,short,215.8556119993591,128,8362.779557999602,
173,short,215.64022900020063,128,8362.74187500021,
174,short,215.42831700026,128,8362.756917998922,
175,short,215.14892200139002,128,8362.690002000818,
177,short,184.63509799948952,128,8323.688422000487,
178,short,184.36724100138235,128,8323.689548000402,
179,short,183.12426899865386,128,8322.621239998625,
180,short,183.73253800018574,128,8323.779885000476,
181,short,183.60435600152414,128,8323.842984000294,
182,short,183.04706599883502,128,8323.506386999725,
183,short,184.01278000055754,128,8323.951836999186,
184,short,183.7711890002538,128,8323.916597999414,
185,short,182.9691590010043,128,8323.303708000822,
186,short,182.6993720005703,128,8323.26798000031,
187,short,182.52144500002032,128,8323.283042000185,
188,short,182.33884100118303,128,8323.285029000544,
189,short,182.03213299966592,128,8323.13035199877,
190,short,181.76179900001443,128,8323.04768999893,
191,short,181.8314009997266,128,8323.3734559999,
176,short,188.75190199833014,128,8330.427708999196,
89,long,241.12628100010625,512,32616.34455499916,
91,long,347.9172749994177,512,32877.31229500059,
90,long,347.6385760004632,512,32879.20653800029,
52,long,441.94339199930255,512,32950.235889000396,
92,long,438.2060289990477,512,32947.12686300045,
50,long,442.7144530000078,512,32951.815680000436,
49,long,444.90017099997203,512,32953.895398000896,
56,long,441.4000959986879,512,32953.779646999465,
54,long,441.954040001292,512,32954.68368500042,
95,long,439.5261419995222,512,32951.131129000714,
48,long,445.2815989989176,512,32956.46148099877,
53,long,444.799647999389,512,32956.25167700018,
94,long,439.04260199997225,512,32952.639913000894,
93,long,439.4948139997723,512,32953.10845700078,
55,long,443.6807530000806,512,32957.3424400005,
51,long,444.8136749997502,512,32958.17817599891,
58,long,554.1179369993188,512,33133.036807999815,
63,long,553.8767779999034,512,33133.300194000185,
64,long,553.8441700009571,512,33133.93009700121,
66,long,554.2711739999504,512,33134.364673000164,
61,long,554.8445109998283,512,33135.43796600061,
67,long,554.2970930000592,512,33135.26433599873,
65,long,554.5278620011231,512,33135.845291000805,
73,long,552.6647500009858,512,33136.09636600086,
59,long,554.1726609990292,512,33138.10996800021,
70,long,551.7741940002452,512,33137.62195199888,
71,long,551.8642200004251,512,33138.032490000114,
57,long,554.442967999421,512,33143.818876000296,
68,long,551.9935009997425,512,33143.17872099855,
60,long,553.9120390003518,512,33144.50090799983,
72,long,552.7863530005561,512,33143.586588999824,
62,long,553.9693219998298,512,33145.01858999938,
69,long,553.7630740000168,512,33144.55180600089,
74,long,665.1313910006138,512,33244.26198299989,
82,long,664.5689169999969,512,33244.807425000545,
88,long,664.9948579997726,512,33244.886749000216,
80,long,665.8763649993489,512,33246.50332499914,
193,short,187.46769000063068,128,8455.176696001217,
85,long,665.6593460011209,512,33247.6411789994,
194,short,182.5167290007812,128,8453.400435999356,
83,long,666.0182510004233,512,33250.72323799941,
75,long,666.7918269995425,512,33251.813648999814,
79,long,666.4066720004485,512,33251.74093900023,
86,long,665.7884830001422,512,33251.459228000385,
77,long,667.6487340009771,512,33252.71026000155,
84,long,667.0161949987232,512,33252.39855499967,
78,long,667.7294660003099,512,33253.47602400143,
81,long,667.6132520005922,512,33253.79818399961,
76,long,668.2702930011146,512,33254.95150900133,
192,short,190.92131999968842,128,8464.879911000025,
87,long,667.3934570007987,512,33254.841811000006,
207,short,191.97311500101932,128,8419.611003000682,
208,short,191.7513090011198,128,8420.10034499981,
198,short,194.58127600046282,128,8426.427054999294,
203,short,193.11334099984379,128,8423.928202000752,
204,short,192.6310380003997,128,8423.698994000006,
199,short,194.31962999988173,128,8426.919787998486,
200,short,192.98549799896136,128,8425.728184000036,
196,short,195.24964499942143,128,8429.069259000244,
197,short,194.509578999714,128,8428.590039999108,
201,short,192.85136600046826,128,8426.80173699955,
205,short,192.51243399958184,128,8425.442731000658,
202,short,192.36999600070703,128,8426.829181000357,
206,short,192.20544699965103,128,8425.717628999337,
195,short,198.51206299972546,128,8432.955550999395,
215,short,183.55026399876806,128,8355.091863999405,
217,short,183.90814699887414,128,8354.710087000058,
214,short,184.87397699936992,128,8358.111088000442,
209,short,189.1615329986962,128,8361.227940999015,
210,short,185.24317199990037,128,8360.06158499913,
218,short,183.71360299897788,128,8356.30942699936,
219,short,183.60630300048797,128,8356.344695999724,
220,short,183.2692899988615,128,8356.283363998955,
211,short,185.69683100031398,128,8361.17114100125,
221,short,183.20984799902362,128,8356.96939799891,
222,short,182.97875300049782,128,8357.366059000924,
223,short,182.76904800040938,128,8357.356661999802,
212,short,185.59968800036586,128,8362.385657999766,
213,short,185.25511699954222,128,8362.213870999767,
216,short,184.0394049995666,128,8359.884127999976,
225,short,190.71724700006598,128,8381.532326000524,
226,short,190.48277199908625,128,8381.563805000042,
227,short,189.86344900076801,128,8381.088191001254,
228,short,189.91835300039384,128,8381.374562000929,
229,short,189.84697999985656,128,8381.4881899998,
230,short,189.23592700048175,128,8381.100181000875,
231,short,190.24109400015732,128,8382.220068999231,
232,short,189.9932929991337,128,8382.18771999891,
233,short,189.8192589997052,128,8382.208667999294,
234,short,189.57802499971876,128,8382.14761999916,
235,short,189.4194510005036,128,8382.14538200009,
236,short,189.2701760007185,128,8382.203695999124,
237,short,188.98733199966955,128,8382.178328998634,
238,short,188.51926199931768,128,8381.910765998327,
239,short,188.48106100085715,128,8381.963149000512,
224,short,194.93928599877108,128,8388.546439999118,
299,short,278.59486900160846,128,8130.834208001033,
300,short,278.0805860002147,128,8130.789797000034,
277,short,312.2574299995904,128,8165.540772000895,
294,short,280.8182129992929,128,8134.828567999648,
297,short,280.05758600011177,128,8134.382436001033,
279,short,309.4345890003751,128,8164.055426001141,
298,short,279.81866799927957,128,8134.521367999696,
301,short,279.06435299883015,128,8134.2197799986025,
303,short,278.46810600021854,128,8133.904225000151,
295,short,281.41211999900406,128,8137.648567999349,
296,short,281.9057220003742,128,8137.7679760007595,
302,short,280.77860299890744,128,8138.943769999969,
304,short,278.86961799958954,128,8137.0980060000875,
292,short,286.1642589996336,128,8144.159510000463,
293,short,284.81902699968487,128,8142.868135999379,
289,short,308.59780900027545,128,8166.878612999426,
291,short,288.0460030009999,128,8146.291974000633,
310,short,175.85784100083401,128,8057.792359000814,
314,short,175.19132099914714,128,8057.743199999095,
318,short,173.98597999999765,128,8056.789086000208,
319,short,173.7275369996496,128,8056.716189999861,
308,short,177.45153500072774,128,8060.673182000755,
306,short,179.05268199865532,128,8062.373595999816,
307,short,179.0915279998444,128,8062.768554000286,
309,short,178.66630900061864,128,8062.531478000892,
311,short,178.10922600074264,128,8062.168795000616,
312,short,177.89354800152068,128,8062.125026001013,
313,short,177.3633639986656,128,8061.773890998666,
315,short,176.531741000872,128,8061.264095000297,
316,short,176.33280900008685,128,8061.274896999748,
317,short,176.12374200143677,128,8061.251208000613,
305,short,181.00656099886692,128,8066.298036999797,
321,short,154.50703399983468,128,8035.859307999999,
322,short,153.50677900096343,128,8035.176520999812,
323,short,153.00964800007932,128,8034.873791000791,
324,short,153.7069709993375,128,8035.806851999951,
325,short,153.635802998906,128,8035.930064999775,
326,short,152.3334480007179,128,8034.847711000111,
327,short,153.09774299930723,128,8035.226713998782,
328,short,152.8531540006952,128,8035.18451400123,
329,short,152.72730699871317,128,8035.83709799932,
330,short,152.52208600031736,128,8035.840532000293,
320,short,157.66765300031693,128,8041.229012000258,
334,short,215.86947400101053,128,8087.669513000947,
335,short,216.19832800024597,128,8089.516867001294,
331,short,216.093159000593,128,8091.304203000618,
332,short,215.9502610011259,128,8091.677325999626,
333,short,216.0848959993018,128,8091.721614999187,
337,short,183.51005200020154,128,8229.904656000144,
338,short,182.89727800038236,128,8229.68424300052,
339,short,181.70505999842135,128,8228.762603999712,
340,short,181.8485329986288,128,8228.945417999057,
341,short,181.55394099994737,128,8228.855150999152,
342,short,181.2625130005472,128,8228.757161999965,
343,short,180.7206200010114,128,8228.19439000159,
344,short,180.7057519999944,128,8228.209638000408,
345,short,179.72566499884124,128,8227.416346999235,
346,short,179.56638999930874,128,8228.50594800002,
347,short,176.28939700080082,128,8225.454817000355,
348,short,177.58298300032038,128,8225.567801999205,
349,short,177.30662900066818,128,8225.473247999616,
350,short,177.330215999973,128,8225.502671999493,
351,short,177.07716900076775,128,8225.482437999744,
352,short,176.56077100036782,128,8225.272886000312,
336,short,187.89422700137948,128,8236.983452999993,
354,short,179.04922100024123,128,8231.081552001342,
355,short,179.49111800044193,128,8231.882736001353,
356,short,179.38410799979465,128,8233.838158999788,
357,short,179.03467799987993,128,8233.860843998627,
358,short,178.80923899974732,128,8234.333971999149,
359,short,177.66349699923012,128,8233.839038999577,
360,short,178.6072039994906,128,8235.86421499931,
361,short,178.41521599984844,128,8237.254626999857,
362,short,178.1979039988073,128,8237.270879999414,
363,short,178.09531800048717,128,8237.34364900156,
364,short,177.6519079994614,128,8237.083047999477,
365,short,177.56422699858376,128,8237.22509199979,
366,short,177.37975899945013,128,8237.222777999705,
367,short,177.11298799986253,128,8237.133495000307,
353,short,183.49477799893066,128,8243.6871409991,
369,short,181.02220899891108,128,8232.202465998853,
370,short,181.0105129989097,128,8232.271204000426,
371,short,180.2415549991565,128,8231.339277999723,
372,short,181.26011599997582,128,8232.35690600086,
373,short,181.23956599993107,128,8232.529218001218,
374,short,182.19842399957997,128,8232.200685999487,
375,short,182.46432500018273,128,8232.61553500015,
376,short,181.6326289990684,128,8231.985536000138,
377,short,181.48174199995992,128,8232.023264999953,
378,short,181.15940200004843,128,8232.370645999254,
368,short,187.01982300081,128,8238.308148000215,
380,short,182.29599000005692,128,8230.702093000218,
381,short,182.04700599926582,128,8232.34672199942,
382,short,181.01992799893196,128,8232.533188000161,
383,short,180.66297500081419,128,8232.55403300027,
379,short,184.32117600059428,128,8236.479144999976,
385,short,185.93873999998323,128,8389.877801000694,
386,short,185.6209530014894,128,8389.995120000094,
387,short,185.16723699940485,128,8390.091752000444,
388,short,185.4691280004772,128,8391.171794000911,
389,short,185.2775940005813,128,8391.297349000524,
390,short,185.08730600115086,128,8391.40870600022,
391,short,184.98581899984856,128,8391.377285999624,
392,short,185.14139999933832,128,8392.001531999995,
393,short,183.71313599891437,128,8390.91643699976,
394,short,183.67608699918492,128,8391.755380000177,
395,short,183.2662260003417,128,8391.664291999405,
396,short,184.49110199981078,128,8395.899105998978,
397,short,184.22140599977865,128,8395.87747800033,
384,short,189.57546799902047,128,8401.40855899881,
398,short,184.03840300015872,128,8396.072708001157,
399,short,183.74036999921373,128,8396.015296999394,
400,short,183.290234001106,128,8395.822587001021,
402,short,183.65676399844233,128,8388.963849998618,
403,short,181.7559760002041,128,8388.297939998665,
404,short,182.13752700103214,128,8388.244022000436,
405,short,181.29895299898635,128,8387.594220999745,
406,short,180.51211400052125,128,8387.031992999255,
407,short,178.53780800032837,128,8385.254009001073,
408,short,177.8691629988316,128,8385.017032998803,
409,short,177.63812900011544,128,8384.974074999263,
410,short,177.420694999455,128,8384.943085999112,
411,short,177.31367299893463,128,8385.00483899952,
412,short,176.96422900007747,128,8384.847011000602,
413,short,176.90285700155073,128,8385.024357001384,
414,short,176.726358000451,128,8385.032238000349,
415,short,176.45782200088433,128,8384.945925001375,
401,short,187.70776500059583,128,8396.375771000749,
417,short,185.00898599995708,128,8393.50568000009,
418,short,184.75025000043388,128,8393.783101000736,
419,short,183.50717000066652,128,8393.103603000782,
420,short,184.50452800061612,128,8394.082782999249,
421,short,184.42105000031006,128,8394.705770000655,
422,short,183.8292240008741,128,8394.588514000134,
423,short,184.05904900100722,128,8395.965504001651,
424,short,183.8146459995187,128,8396.027789998698,
425,short,183.18990700026916,128,8395.834980001382,
426,short,182.29188900113513,128,8395.346534000055,
416,short,188.89832899913017,128,8402.788168999905,
428,short,192.68937500055472,128,8392.03916599945,
429,short,192.1485839993693,128,8394.951520000177,
430,short,191.1976629999117,128,8395.5258040005,
431,short,190.96602699937648,128,8396.049819999462,
427,short,195.38559300053748,128,8400.691475000713,
240,long,198.7626160007494,512,32703.465374999723,
242,long,183.26116100070067,512,32705.79521200125,
241,long,190.6341510002676,512,32710.81502800007,
244,long,181.6397450002114,512,32702.01042499866,
245,long,181.67373999858683,512,32702.670785998635,
246,long,179.85143999976572,512,32701.142619000166,
243,long,187.54549400000542,512,32706.83342800112,
247,long,295.09123000025284,512,32838.42785200068,
248,long,295.6054639998911,512,32838.47731199967,
249,long,298.3580990003247,512,32840.01249799985,
250,long,299.98597699886886,512,32840.112152000074,
251,long,300.32489099903614,512,32840.468782000244,
252,long,299.80592600077216,512,32840.295453999715,
253,long,300.54723499961256,512,32840.64058799959,
254,long,300.2471780000633,512,32840.752484000404,
255,long,299.8919739984558,512,32840.76638899933,
257,long,326.65600099971925,512,32907.55683799944,
258,long,326.3039850007772,512,32908.38033699947,
259,long,325.8192390003387,512,32908.25437999956,
260,long,325.4361359995528,512,32908.11843799929,
261,long,325.37209700058156,512,32908.15034300067,
262,long,325.00738199996704,512,32908.08016000119,
263,long,323.9106900000479,512,32907.23292500115,
264,long,322.46310299888137,512,32907.38342499935,
265,long,321.9044819998089,512,32907.08138500122,
266,long,319.94777799991425,512,32907.04500100037,
267,long,315.9210850008094,512,32903.14156200111,
268,long,316.58205300118425,512,32904.26013400065,
269,long,314.6596450005745,512,32904.5630290002,
270,long,315.46956499914813,512,32904.80445799949,
271,long,315.14703900029417,512,32904.820412000845,
272,long,315.1683600008255,512,32904.97186700122,
256,long,328.59119299973827,512,32918.31222899964,
274,long,312.88714299989806,512,32897.73991400034,
275,long,312.61195200022485,512,32897.683856001095,
276,long,312.7500610007701,512,32897.25804599948,
278,long,311.536999000964,512,32897.23760000015,
280,long,309.5733729987842,512,32895.011487999,
281,long,309.43475300045975,512,32895.15265400041,
282,long,309.1330349998316,512,32895.14796000003,
283,long,308.8072000009561,512,32895.11758700064,
284,long,308.4210670003813,512,32895.10125199922,
285,long,308.8652410006034,512,32895.21314199919,
286,long,308.36209599874564,512,32895.024182998895,
287,long,308.92772000152036,512,32894.96422400043,
288,long,308.94617199919594,512,32895.49432199965,
273,long,320.4411890001211,512,32906.97128300053,
290,long,308.87227400125994,512,32895.57740000055,
433,short,189.46056599997974,128,8466.315594998377,
434,short,188.91574699955527,128,8466.242195998348,
435,short,187.87319799957913,128,8466.310592999434,
436,short,188.72939499851782,128,8466.512743998464,
437,short,188.4939729989128,128,8466.405959999975,
439,short,187.84658500044316,128,8465.455872999883,
438,short,188.2574819992442,128,8466.494854999837,
440,short,188.17868500082113,128,8465.712294000696,
441,short,187.17989600008877,128,8464.861534001102,
442,short,187.5107929990918,128,8464.976817000206,
443,short,183.08441000044695,128,8460.75581200057,
444,short,185.36335499993584,128,8460.871186000077,
445,short,185.20910200095386,128,8460.891050999635,
432,short,196.37086300099327,128,8472.811792000357,
446,short,185.01010100044368,128,8461.651233999874,
447,short,184.7384749999037,128,8461.57108999978,
448,short,184.473278999576,128,8461.51739799825,
450,short,186.80853499972727,128,8436.028699999952,
451,short,187.29605000044103,128,8437.127111999871,
452,short,187.1884020001744,128,8437.255695998829,
453,short,186.84494700028154,128,8437.088279999443,
454,short,186.4995470004942,128,8436.964411999725,
455,short,185.41908299994247,128,8435.979836000115,
456,short,186.33388499983994,128,8437.061864999123,
457,short,186.14035199971113,128,8437.057866000032,
458,short,185.9225560001505,128,8437.02903600024,
459,short,185.80208499952278,128,8437.05116899946,
449,short,191.04324099862424,128,8442.516706998504,
460,short,185.44222399941646,128,8437.139658999513,
461,short,185.3809829990496,128,8437.326887000381,
462,short,185.19855100021232,128,8437.330198001291,
463,short,185.0195770002756,128,8437.330565000593,
468,short,185.6774950010731,128,8427.281325000877,
465,short,187.32759100021212,128,8431.453274000887,
466,short,186.6981350012793,128,8431.54198800039,
469,short,185.3634709987091,128,8429.98068399902,
470,short,183.81063000015274,128,8428.89545700018,
471,short,184.5194760007871,128,8428.980267000952,
467,short,185.43313300142472,128,8432.671350999954,
472,short,184.0407010004128,128,8429.125324999404,
473,short,183.6867109996092,128,8429.8412370008,
474,short,181.9565589994454,128,8428.516837000643,
464,short,191.54399299986835,128,8440.959870998995,
476,short,194.74168600027042,128,8424.020031001419,
477,short,194.08502000078443,128,8425.03207000118,
478,short,192.69243300004746,128,8425.314772001002,
479,short,191.72346699997433,128,8424.685003999912,
475,short,199.10451600117085,128,8431.75805500141,
529,short,210.50342900161922,128,8080.693290999989,
530,short,208.32684800006973,128,8079.702588000146,
531,short,208.21719199921063,128,8079.484592999506,
532,short,206.1729219985864,128,8079.766175000259,
533,short,206.06755200060434,128,8079.807376001554,
534,short,205.96701499925985,128,8079.829285999949,
535,short,205.5547910003952,128,8079.597451000154,
536,short,206.57114499954332,128,8079.721801999767,
537,short,206.44343700041645,128,8079.4693770003505,
538,short,204.3838119989232,128,8080.640156998925,
539,short,203.9830300000176,128,8080.4362910002965,
540,short,205.12546399913845,128,8080.587991998982,
541,short,204.69937400048366,128,8080.052692999743,
542,short,204.87696799864352,128,8080.062559998623,
543,short,204.63255700087757,128,8079.99235600073,
544,short,200.32535499922233,128,8079.935074998502,
528,short,211.028253999757,128,8087.603697000304,
546,short,173.20431000007375,128,8046.942044000389,
547,short,173.8802219988429,128,8048.063626998555,
548,short,174.01523499938776,128,8048.174401999859,
549,short,173.7244260002626,128,8048.014454001532,
550,short,173.8201959997241,128,8047.986281999329,
551,short,173.4734710007615,128,8047.060932000022,
552,short,175.11450799975137,128,8048.141911998755,
545,short,179.50731400014774,128,8052.686082999571,
553,short,175.04089000067324,128,8048.346372999731,
554,short,175.009669001156,128,8048.344138000175,
555,short,175.0682309993863,128,8048.40586499995,
556,short,174.8658169999544,128,8048.32505900049,
557,short,174.56382000091253,128,8048.143293000976,
558,short,174.84942500050238,128,8048.300952999853,
559,short,174.72942399945168,128,8048.300124999514,
561,short,176.10113800037652,128,8044.9440849988605,
562,short,173.02059100074985,128,8044.651673000772,
563,short,172.00377399967692,128,8044.54745700059,
564,short,174.12996599887265,128,8044.5450309998705,
565,short,173.878584000704,128,8044.394773000022,
566,short,174.91687600158912,128,8044.298992001131,
567,short,171.03431900068244,128,8044.186241000716,
568,short,173.53214300055697,128,8043.235970000751,
569,short,173.34518999996362,128,8043.304310998792,
570,short,169.84220599988475,128,8039.9335410002095,
560,short,182.1297370006505,128,8050.58085300152,
572,short,184.57103200125857,128,8047.968414000934,
573,short,184.529542000746,128,8049.354102000507,
574,short,182.2941139998875,128,8049.419807999584,
571,short,188.15807800092443,128,8053.175756000201,
575,short,181.956677000926,128,8049.495428000228,
577,short,179.36737399941194,128,8218.904094999743,
578,short,178.0656179998914,128,8219.007720999798,
579,short,177.9756380001345,128,8218.89259099953,
580,short,175.94846800056985,128,8219.193315000666,
581,short,175.82709300040733,128,8219.229555999846,
582,short,175.72208100136777,128,8219.25355500025,
583,short,175.3981819983892,128,8219.145495999328,
584,short,176.42419200092263,128,8219.334389001233,
585,short,175.25522399955662,128,8218.11616999912,
586,short,173.28831700069713,128,8219.174866000685,
587,short,172.90272200079926,128,8219.010406000962,
588,short,174.04168099892559,128,8219.253478999235,
589,short,174.37644100027683,128,8219.3404009995,
590,short,174.50250100046105,128,8219.389953001155,
591,short,174.32485400058795,128,8219.38056900035,
592,short,169.51640200022666,128,8218.866393999633,
576,short,179.94226699920546,128,8226.679171999422,
594,short,174.209755999982,128,8216.860534999796,
595,short,174.72184600046603,128,8218.055753999579,
596,short,174.89503599972522,128,8218.220867998753,
597,short,174.60815300000831,128,8218.103702000008,
598,short,174.70383799991396,128,8218.159201000162,
599,short,174.34241099908832,128,8217.292541999996,
600,short,175.95832299957692,128,8218.678293998892,
601,short,175.83050000030198,128,8218.743870000253,
602,short,175.67478399905667,128,8218.776095000067,
603,short,175.57436800052528,128,8218.848073000117,
604,short,175.612891000128,128,8218.965711999772,
605,short,175.49270000017714,128,8219.018293000772,
606,short,175.20624700046028,128,8218.89077600099,
607,short,175.4792270003236,128,8219.140115999835,
593,short,181.53499700019893,128,8225.474247999955,
609,short,182.87564900128928,128,8218.70256800139,
610,short,179.54595199989853,128,8218.778113001463,
611,short,179.31279700133018,128,8218.793120000555,
612,short,181.56513199937763,128,8219.086073999279,
613,short,181.49130299934768,128,8219.13047199996,
614,short,182.69617599980847,128,8219.211196999822,
615,short,178.92369399851304,128,8219.270232999406,
616,short,182.07883200011565,128,8219.014618000074,
617,short,182.11570899984508,128,8219.970441999976,
618,short,181.49284600076498,128,8219.527471001129,
608,short,188.20593000054942,128,8224.504282999987,
620,short,187.8097169992543,128,8218.196599000294,
621,short,188.43567299882125,128,8220.108423000056,
622,short,186.34665600075095,128,8220.240042001024,
619,short,191.83556499956467,128,8223.810647999926,
623,short,188.42460800078698,128,8220.574418999604,
625,short,180.74151499968139,128,8382.402220000586,
626,short,179.17492500055232,128,8382.514388000345,
627,short,179.1067509984714,128,8382.611727998665,
628,short,177.19580799894175,128,8383.658046999699,
629,short,177.07320500085189,128,8383.797073000096,
630,short,176.9435810001596,128,8383.888508000382,
631,short,176.57488199984073,128,8383.812981001029,
632,short,177.37422000027436,128,8384.33637200069,
633,short,176.4160719994834,128,8383.361054000488,
634,short,174.54168100084644,128,8384.235938001439,
635,short,174.08606800017878,128,8384.067359000255,
636,short,174.99698299980082,128,8387.422570998751,
637,short,175.66305299988016,128,8387.4803589988,
624,short,181.08813499929965,128,8393.050275999485,
638,short,175.57367699919268,128,8387.64769699992,
639,short,175.34072899979947,128,8387.529107998489,
640,short,169.85276800005522,128,8386.321825000778,
642,short,177.48007099908136,128,8384.745983999892,
643,short,177.71902200001932,128,8385.7312070013,
644,short,177.53223499857995,128,8385.81123899894,
645,short,177.09762999947998,128,8385.574399999314,
646,short,176.73932300021988,128,8385.523585000556,
647,short,175.29164000006858,128,8384.315241999502,
648,short,175.8843160005199,128,8385.549824999543,
649,short,175.63350300042657,128,8385.526971000218,
650,short,175.3144730009808,128,8385.401372999695,
651,short,175.02463900018483,128,8385.317168000256,
652,short,174.8190189991874,128,8385.328741000194,
653,short,174.59744900043006,128,8385.293375000401,
654,short,174.1601029989397,128,8385.22529399961,
655,short,173.90599999998813,128,8385.259986000165,
641,short,181.10234000050696,128,8392.76128399979,
657,short,184.57893199956743,128,8386.206303999643,
658,short,183.12157500076864,128,8386.887397000464,
659,short,182.66316000153893,128,8387.204575999931,
660,short,183.3351319983194,128,8388.272416999826,
661,short,183.08211399926222,128,8388.334912999198,
662,short,183.62386599983438,128,8388.33076499941,
663,short,181.75643099857552,128,8388.292948999151,
664,short,182.22976799916069,128,8387.332144999164,
665,short,182.0184429998335,128,8387.581581999257,
666,short,181.58569000115676,128,8387.346164001428,
656,short,187.2989619987493,128,8393.106808000084,
668,short,189.29625599957944,128,8389.254564001021,
669,short,189.05935200018575,128,8390.9212439994,
670,short,188.35011599912832,128,8391.02488000026,
667,short,191.87114799933624,128,8394.763140999203,
671,short,188.5384810011601,128,8391.652288000842,
480,long,197.87081600043166,512,32671.293416999106,
482,long,199.49602900123864,512,32665.0903990012,
481,long,210.3564879998885,512,32672.324278000815,
484,long,196.73438499921758,512,32670.30444699958,
485,long,196.68048200037447,512,32670.86190200098,
486,long,194.41784799892048,512,32668.94228899946,
483,long,201.5384999995149,512,32676.25020199921,
488,long,174.30381200028933,512,32662.343551999584,
489,long,172.3403590003727,512,32660.845898000844,
487,long,175.25616000057198,512,32664.191414000015,
490,long,251.57032599963713,512,32727.33673499897,
491,long,252.61525499990967,512,32727.381427999717,
492,long,252.5940770010493,512,32727.68478100079,
493,long,251.9013850014744,512,32727.30182000123,
494,long,252.83377400046447,512,32727.50336200079,
495,long,252.79835100081982,512,32727.542270000413,
496,long,165.69321200040577,512,32680.178827000418,
497,long,271.61649300069257,512,32797.54962399966,
498,long,271.20393500081263,512,32797.591561000445,
499,long,271.15643299839576,512,32798.43809900012,
500,long,270.8353639991401,512,32798.45052000019,
501,long,270.5928900013532,512,32798.554572000285,
502,long,270.2937550002389,512,32798.53200099933,
503,long,269.64731000043685,512,32798.15007999969,
504,long,270.3415599989967,512,32798.33327899905,
505,long,269.9314460005553,512,32798.23473900069,
506,long,269.632379999166,512,32798.24620399995,
507,long,267.9709189997084,512,32796.85646300095,
508,long,267.33406300081697,512,32797.40511300042,
509,long,267.13140699939686,512,32797.558039999785,
510,long,266.8660079998517,512,32797.61348200009,
511,long,266.4476139998442,512,32797.47113600024,
512,long,265.99245200122823,512,32797.297672999775,
514,long,355.4290169995511,512,32874.71247199937,
515,long,355.21364400119637,512,32874.906775001364,
516,long,354.25822799879825,512,32874.51979499929,
517,long,355.40226599914604,512,32874.3726019984,
518,long,356.0934030010685,512,32874.47539599998,
519,long,356.39480000099866,512,32874.56362299963,
520,long,356.0742939989723,512,32874.51179599884,
521,long,355.7297589995869,512,32874.4431340001,
522,long,355.29318199951376,512,32874.26726599915,
523,long,355.4914420001296,512,32874.27034499888,
524,long,354.9851839998155,512,32874.01302499893,
525,long,354.2242429994076,512,32874.01302999933,
526,long,355.18027000034635,512,32873.940135999874,
527,long,355.29856299945095,512,32874.16529099937,
513,long,363.84200300017255,512,32883.02796099924,
673,short,189.46718299957865,128,8405.245120000473,
674,short,187.4160990009841,128,8405.031291000341,
675,short,186.53669000013906,128,8404.067442999803,
676,short,184.89713599956303,128,8404.213363999588,
677,short,184.66498300040257,128,8404.094568999426,
678,short,184.4443219997629,128,8403.97774899975,
679,short,183.70248699829972,128,8403.417321998859,
680,short,184.0987329997006,128,8403.433199000574,
681,short,183.2480469984148,128,8402.510181998878,
682,short,181.6913980001118,128,8403.595055000551,
683,short,178.06315000052564,128,8400.168566000502,
684,short,178.65934000110428,128,8400.286762000178,
685,short,179.61920400011877,128,8400.338469000417,
686,short,179.47327799993218,128,8400.337158000184,
687,short,179.34968400004436,128,8400.391041001058,
688,short,179.15634699966176,128,8400.35402399917,
672,short,189.81287099995825,128,8412.089822999405,
690,short,182.55559200042626,128,8397.748049999791,
691,short,183.11360900042928,128,8397.932939000384,
692,short,183.2505639995361,128,8398.76360100061,
693,short,182.93212999924435,128,8398.598457000844,
694,short,183.02148099974147,128,8398.551222999231,
695,short,182.5630639996234,128,8397.442614999818,
689,short,188.5485279999557,128,8402.359470999727,
696,short,184.33741800072312,128,8398.208837999846,
697,short,184.21074999969278,128,8398.654425000132,
698,short,184.056583999336,128,8398.643964999792,
699,short,183.9603199987323,128,8398.730275999696,
701,short,183.70572099956917,128,8398.396218000926,
700,short,184.00877000021865,128,8398.98628499941,
702,short,183.39709500105528,128,8398.453298999812,
703,short,183.54990900115808,128,8398.47366200047,
705,short,190.41046899837966,128,8394.186752999303,
706,short,187.2823920002702,128,8393.909354999778,
707,short,186.22498699915013,128,8393.696825000006,
708,short,188.57351599945105,128,8393.907444999058,
709,short,188.49322500136623,128,8393.92954899995,
710,short,189.8074760010786,128,8394.027418000405,
711,short,185.76996400042844,128,8394.054141999732,
712,short,189.17704500017862,128,8393.751130000965,
713,short,189.216265000141,128,8393.99049900021,
714,short,188.82394399952318,128,8393.755985000098,
704,short,197.41146500018658,128,8400.34328100046,
716,short,192.11458300014783,128,8388.076833998639,
717,short,192.73009000062302,128,8389.528220999637,
718,short,190.19806000142125,128,8389.467190001596,
719,short,192.29517200074042,128,8389.911382000719,
715,short,195.8858420002798,128,8393.795388999933,
769,short,174.05351500019606,128,8027.987174000373,
770,short,172.20688199995493,128,8028.012667999064,
771,short,172.4456720003218,128,8027.86555000057,
772,short,170.60174900143465,128,8028.174483000839,
773,short,170.49742000017432,128,8028.182095000375,
774,short,170.39373899933707,128,8028.180888999486,
775,short,170.05905600126425,128,8028.075546000764,
776,short,170.58367199933855,128,8028.213003000928,
777,short,169.8000750002393,128,8026.9908379996195,
778,short,167.9749790000642,128,8028.128022000601,
779,short,167.60222499942756,128,8027.960785000687,
780,short,168.2515839984262,128,8028.116063998823,
781,short,169.12456799946085,128,8028.19276199989,
782,short,168.92439999901399,128,8028.1824369994865,
783,short,169.13173600005393,128,8028.155547999631,
784,short,168.31885099963984,128,8027.515174000655,
768,short,174.61549599829596,128,8034.71215799982,
786,short,171.27162599899748,128,8032.59452400016,
787,short,171.06607899950177,128,8032.7252539991605,
788,short,171.16080499909003,128,8033.075440000175,
789,short,170.9158909998223,128,8033.036335000361,
790,short,171.01800499949604,128,8033.520543000122,
791,short,171.29802299859875,128,8033.780611000111,
792,short,172.69474400018225,128,8035.287970000354,
793,short,172.28042999886384,128,8035.23391699855,
794,short,172.13502099912148,128,8035.350182999537,
795,short,171.86197999944852,128,8035.315619999892,
796,short,171.76977999952214,128,8038.60883499874,
797,short,171.79748399939854,128,8038.712490000762,
798,short,171.64281999976083,128,8038.694834000125,
799,short,171.35373699966294,128,8038.532710999789,
785,short,177.77679600112606,128,8044.8871690005035,
801,short,178.6141749998933,128,8031.360910999865,
802,short,175.320152000495,128,8030.82698399885,
803,short,175.05939200054854,128,8031.473631999688,
804,short,177.3142510010075,128,8031.708713000626,
805,short,177.17273000016576,128,8031.646491001084,
806,short,178.4635399999388,128,8031.654382000852,
807,short,174.59520200100087,128,8031.649616001232,
808,short,177.88704600025085,128,8031.395863999933,
809,short,177.89250599889783,128,8031.670661999669,
810,short,177.01445599959698,128,8031.248004999725,
800,short,184.26071400062938,128,8036.421801001779,
812,short,184.2140879998624,128,8030.241896000007,
813,short,184.69727199953923,128,8033.262688999457,
814,short,182.15120499917248,128,8033.4829069997795,
815,short,183.96593299985398,128,8033.641099000306,
811,short,187.97576399992977,128,8038.695234999977,
817,short,179.9069779990532,128,8201.581803999943,
818,short,177.57648899896594,128,8201.570114999413,
819,short,178.0103090004559,128,8201.37715599958,
820,short,174.58712400002696,128,8201.745372000005,
821,short,174.7112199991534,128,8201.780624998719,
822,short,174.78264500095975,128,8201.734804000807,
823,short,174.51565099872823,128,8201.593051999225,
824,short,176.1037149990443,128,8201.79003299927,
825,short,175.31067299933056,128,8201.685260999511,
826,short,172.01954800111707,128,8201.896010999917,
827,short,171.75491199850512,128,8201.679849998982,
828,short,173.85093200027768,128,8201.834988998598,
829,short,174.80280299969309,128,8201.849992999996,
830,short,174.77119000068342,128,8201.85988599951,
831,short,175.00760900111345,128,8201.865183000336,
832,short,174.24087200015492,128,8201.211225999941,
816,short,180.17058499935956,128,8208.353539999734,
834,short,171.8147459996544,128,8200.765061999846,
835,short,171.9586139988678,128,8201.339373999872,
836,short,171.72683500029962,128,8201.562690001083,
837,short,170.87295099918265,128,8201.018144000045,
838,short,170.06373100048222,128,8200.916740001048,
839,short,169.20959999879415,128,8200.027364999187,
840,short,169.14988799908315,128,8200.773475999085,
841,short,168.88355799892452,128,8200.777465999636,
842,short,168.58952100119495,128,8200.675076999687,
843,short,165.06601299988688,128,8197.334927999691,
844,short,164.79884100044728,128,8197.260848000951,
845,short,164.66709199994511,128,8197.312939999392,
846,short,164.48584199861216,128,8197.623158999704,
847,short,164.01198499988823,128,8197.35080800092,
833,short,175.98220000036235,128,8209.59958200001,
849,short,182.32305899982748,128,8204.46073399944,
850,short,179.91941700165626,128,8203.821934001098,
851,short,179.5035459999781,128,8204.597377000027,
852,short,180.57848699936585,128,8204.905403999874,
853,short,180.38926499866648,128,8204.923808998501,
854,short,181.3098219990934,128,8204.982761000792,
855,short,178.77817999942636,128,8205.003004999526,
856,short,180.61825500080886,128,8204.692556000737,
857,short,180.1589580009022,128,8204.686518000017,
858,short,179.94279099912092,128,8204.753283998798,
848,short,185.07397400026093,128,8209.932343999753,
860,short,185.23821799863072,128,8200.77645299898,
861,short,185.35076200168987,128,8202.058443001079,
859,short,189.94275700060825,128,8206.874202000108,
862,short,182.91324799974973,128,8202.12689499931,
863,short,183.42011200002162,128,8201.33222000004,
864,short,178.65391499981342,128,8361.591072998635,
865,short,180.35902399969928,128,8362.490702000287,
866,short,178.57121400083997,128,8362.425798000913,
867,short,178.61091399936413,128,8362.135019999187,
868,short,176.84311800076102,128,8362.409250999917,
869,short,176.7324570009805,128,8362.408933000552,
870,short,176.65459500130964,128,8362.406116000784,
871,short,176.27594899931864,128,8362.202895999872,
872,short,175.96644800141803,128,8361.258978000478,
873,short,175.79122000097414,128,8361.001909999686,
874,short,174.0929089992278,128,8362.082465999265,
875,short,173.72247599996626,128,8361.900357000195,
876,short,174.63790900001186,128,8362.13821399906,
877,short,175.43781400127045,128,8362.240852000468,
878,short,175.29552199994214,128,8362.419006998607,
879,short,175.17447899990657,128,8362.434709000809,
880,short,174.37346299993806,128,8361.772727001153,
882,short,179.02741999932914,128,8362.691275000543,
883,short,179.43712300075276,128,8363.514585000303,
884,short,179.21608799952082,128,8363.520417999098,
885,short,178.38354499872366,128,8362.874472999465,
886,short,177.60754099981568,128,8362.31996999959,
887,short,176.54598599983728,128,8361.36281400104,
888,short,177.2347059995809,128,8362.38338199837,
889,short,177.09492199901433,128,8362.504401999104,
890,short,176.9133369998599,128,8362.508865000564,
891,short,176.69674399985524,128,8362.486251000519,
892,short,176.4791920013522,128,8362.457784000071,
893,short,176.07528000007733,128,8362.209335000443,
894,short,175.87608999929216,128,8362.189027999193,
895,short,175.42325700014771,128,8361.91545499969,
881,short,183.25357300091127,128,8370.029827001417,
897,short,187.0595840009628,128,8367.327042000397,
898,short,184.26574600016465,128,8366.608173999339,
899,short,183.8186360000691,128,8367.316657000629,
900,short,185.1783059992158,128,8367.634597998403,
901,short,184.96795800092514,128,8367.696958001034,
902,short,185.16541499957384,128,8367.729485999007,
903,short,183.04112999976496,128,8367.73644599998,
904,short,184.44871000065177,128,8367.411148999963,
905,short,184.79127799946582,128,8367.599358000007,
906,short,184.11280899999838,128,8367.103529000815,
896,short,189.67942200106336,128,8372.704164001334,
908,short,191.20652499987045,128,8365.743014001055,
909,short,191.20097300037742,128,8367.546221999874,
910,short,190.93860599969048,128,8367.468894999547,
911,short,189.63903599978948,128,8367.665059999126,
907,short,193.82229599978018,128,8371.577502999571,
720,long,204.6839969989378,512,32592.467536000186,
722,long,193.40751100025955,512,32590.63303900075,
721,long,201.92276799934916,512,32598.79139000077,
724,long,195.18662100017536,512,32591.67626800081,
725,long,195.18554199930804,512,32592.30926499913,
726,long,191.76087399864628,512,32589.24066599866,
723,long,202.40239800114068,512,32597.807505000674,
728,long,188.93857099828892,512,32591.36102299999,
729,long,189.31734899888397,512,32591.529282999545,
727,long,194.80964500144182,512,32594.96572700118,
730,long,193.85416499972052,512,32592.83791800044,
731,long,194.4343699997262,512,32592.92226099933,
732,long,194.74475500101107,512,32593.91552499983,
733,long,195.31440299942915,512,32594.141252000554,
734,long,194.71785600035219,512,32593.823138000516,
735,long,195.30891899921698,512,32594.054393999613,
736,long,171.8796500008466,512,32582.676738000373,
737,long,187.36755600002652,512,32588.431938000213,
738,long,301.689935999093,512,32717.558962000112,
739,long,300.71121900073194,512,32717.805464000776,
740,long,300.52838300071016,512,32717.906576999667,
741,long,300.45328799860727,512,32717.95785299946,
742,long,300.4084910007805,512,32718.05824399962,
743,long,300.2037490005023,512,32718.09114700045,
744,long,299.72897399966314,512,32717.88046799884,
745,long,300.23834300118324,512,32718.13665300033,
746,long,300.0209570000152,512,32718.12499200132,
747,long,299.94801099928736,512,32718.243593999432,
748,long,298.8128310007596,512,32717.27934500086,
749,long,298.81623899927945,512,32718.181238999023,
750,long,299.4677309998224,512,32718.493833999673,
751,long,299.55069800053025,512,32718.630322000536,
752,long,299.31887299972004,512,32718.614299001274,
753,long,210.33114700003352,512,32657.578479998847,
754,long,340.77595100097824,512,32786.18558600101,
755,long,339.8121820009692,512,32785.67432700038,
756,long,340.05935799905274,512,32786.57483999996,
757,long,339.8172369998065,512,32786.79928699967,
758,long,339.7234160001972,512,32787.06812600103,
759,long,339.59128000060446,512,32787.28438500002,
760,long,339.32791799998085,512,32787.32918999958,
761,long,339.0667140010919,512,32787.4524380004,
762,long,338.744915999996,512,32787.44684400044,
763,long,339.32748299957893,512,32788.429376998465,
764,long,338.15617300024314,512,32787.57216300073,
765,long,337.84965700033354,512,32787.673729000744,
766,long,337.3911369999405,512,32787.55955999986,
767,long,337.25987499929033,512,32787.680465999074,
913,short,183.7853470005939,128,8404.954436999105,
914,short,185.69259700052498,128,8405.957769999077,
915,short,183.67253999895183,128,8405.985372999567,
916,short,184.35008300002664,128,8405.803237001237,
917,short,182.19951600076456,128,8406.107073000385,
918,short,182.10925800121913,128,8406.119118000788,
919,short,182.0228729993687,128,8406.130612998822,
920,short,181.7077239993523,128,8405.996641000456,
921,short,182.79208300009486,128,8406.148883999776,
922,short,181.86287299977266,128,8405.071716000748,
923,short,179.75074800051516,128,8406.179625000732,
924,short,179.30607199923543,128,8405.918309999834,
925,short,180.48395200094092,128,8406.042298000102,
926,short,180.87846500020532,128,8405.931799999962,
927,short,180.73575100061134,128,8405.92379500049,
928,short,180.61602799934917,128,8405.921247998776,
912,short,186.70497399943997,128,8413.328913999067,
930,short,180.96838000019488,128,8399.723847000132,
931,short,181.45693699989351,128,8400.76343200053,
932,short,181.34893299975374,128,8400.873177000904,
933,short,180.99808899933123,128,8400.712880000356,
934,short,180.76819999987492,128,8400.695473001178,
935,short,179.7106989997701,128,8399.740261998886,
929,short,184.87595599981432,128,8405.197357998986,
936,short,180.57729400061362,128,8401.122391000172,
937,short,180.44129899863037,128,8401.20989099887,
938,short,180.2469200010819,128,8401.198450001175,
939,short,180.03293599940662,128,8401.163169999563,
940,short,179.8149240003113,128,8401.12948999922,
942,short,179.50608099999954,128,8400.968115000069,
941,short,179.68537899832882,128,8401.370801999292,
943,short,179.0811520004354,128,8400.942620999558,
945,short,184.98858800012385,128,8391.678074000083,
946,short,181.37624500013771,128,8391.392536001149,
947,short,181.23887299952912,128,8392.334011999992,
948,short,183.0353280001873,128,8392.651840998951,
949,short,182.8336920007132,128,8392.723621000187,
950,short,183.65012100002787,128,8392.797319000238,
951,short,181.00450400015689,128,8392.832837998867,
952,short,182.97552600051858,128,8392.581928999789,
953,short,182.84675299946684,128,8392.91176000006,
954,short,182.12510800003656,128,8392.45748400026,
944,short,187.65432500003953,128,8397.857118001411,
956,short,189.96404499921482,128,8391.790440000477,
957,short,190.0022359986906,128,8393.336138999075,
958,short,189.2496319997008,128,8393.420320999212,
959,short,188.17488300010154,128,8393.353232999289,
955,short,192.58047199946304,128,8397.568659998797,
1009,short,171.23175499909848,128,8067.773333999867,
1010,short,172.85304200049723,128,8068.821296999886,
1011,short,171.63884799992957,128,8068.795806999333,
1012,short,171.7910719999054,128,8068.595505999838,
1013,short,169.57294100029685,128,8068.894205998731,
1014,short,169.45722499986005,128,8068.896239999958,
1015,short,169.3379560001631,128,8068.880477001585,
1016,short,169.00730700035638,128,8068.727269001101,
1017,short,170.2581250010553,128,8068.862526000885,
1018,short,169.21142300088832,128,8067.720699000347,
1019,short,167.02038500079652,128,8067.902710999988,
1020,short,166.62841200013645,128,8068.4333330009395,
1021,short,167.99046300002374,128,8068.62557400018,
1022,short,168.2201370003895,128,8068.692640001245,
1023,short,168.06258099859406,128,8068.68985499932,
1024,short,167.325382000854,128,8068.1134940004995,
1008,short,173.047542999484,128,8075.959038000292,
1026,short,169.98484900068433,128,8069.415891000972,
1027,short,170.6167660013307,128,8070.375811001213,
1028,short,170.7316100000753,128,8070.7894999995915,
1029,short,170.43449099946884,128,8070.77294499868,
1030,short,170.6539579990931,128,8071.238676999201,
1031,short,170.254759999807,128,8070.763150000857,
1032,short,171.60240399971372,128,8072.169421000581,
1033,short,171.55221100074414,128,8072.397666001052,
1034,short,171.58709400064254,128,8072.788474000845,
1035,short,171.46397000033176,128,8075.622381000358,
1036,short,171.29844200098887,128,8075.6350539995765,
1037,short,171.2761529997806,128,8075.651802000721,
1038,short,171.33430400099314,128,8075.724662001448,
1039,short,171.18167000080575,128,8075.700692999817,
1025,short,177.67694599933748,128,8082.115207000243,
1041,short,182.6168300012796,128,8074.818828999923,
1042,short,178.85565100004897,128,8074.297713001215,
1043,short,178.5055670006841,128,8076.416275000156,
1044,short,180.79835699973046,128,8076.63280899942,
1040,short,187.86401199940883,128,8080.314119000832,
1045,short,180.67385200083663,128,8076.861067000209,
1046,short,181.79543699989154,128,8076.8630519996805,
1047,short,177.9679760002182,128,8076.8241379992105,
1048,short,181.0920170009922,128,8076.486714000566,
1049,short,181.0415629988711,128,8076.670959999319,
1050,short,180.54599700008112,128,8076.306216000376,
1052,short,184.97000500065042,128,8074.479607001194,
1053,short,184.35130099896924,128,8076.523588999407,
1054,short,184.08973700024944,128,8076.515800001289,
1055,short,182.8928340000857,128,8076.356437999493,
1051,short,187.2869870003342,128,8080.474194999624,
1057,short,178.90763000104926,128,8240.149938001196,
1058,short,179.68243900031666,128,8241.304862000106,
1059,short,179.40271299994492,128,8241.255789000206,
1060,short,179.5669450002606,128,8241.049389000182,
1061,short,177.27731599916297,128,8241.411667999273,
1062,short,177.17338299917174,128,8241.453790999003,
1063,short,177.07225599951926,128,8241.467018000549,
1064,short,176.76094799935527,128,8241.369203000431,
1065,short,178.07191899919417,128,8241.522159998567,
1066,short,177.95236100027978,128,8241.3117899996,
1067,short,174.94687299949874,128,8240.754853000908,
1068,short,174.54591500063543,128,8240.510354000435,
1069,short,175.97603100148262,128,8241.432378999889,
1070,short,176.18492000110564,128,8241.527414000302,
1071,short,176.0018859986303,128,8241.501649999918,
1072,short,175.53934900024615,128,8242.271515000539,
1056,short,182.5219090005703,128,8250.105945000541,
1074,short,175.974870000573,128,8239.956101000644,
1075,short,176.2357140014501,128,8240.653419001319,
1076,short,175.97820999981195,128,8240.621363000173,
1077,short,175.1371400005155,128,8240.07633600013,
1078,short,174.3453960007173,128,8239.696037999238,
1079,short,172.93188599978748,128,8238.532466999459,
1080,short,173.42175600060727,128,8239.430314000856,
1081,short,172.8978589999315,128,8239.145282999743,
1082,short,169.9337469999591,128,8236.407288000919,
1083,short,169.70478400071443,128,8236.362801999348,
1084,short,169.47807600081433,128,8236.351080000532,
1085,short,169.25329299920122,128,8236.331980000614,
1086,short,169.1174769985082,128,8236.388414999965,
1087,short,168.7365019988647,128,8236.18776100011,
1073,short,180.1257440001791,128,8247.820038999635,
1089,short,181.0035060007067,128,8241.074592000587,
1090,short,176.9393439990381,128,8238.846215999729,
1091,short,176.49814899959893,128,8239.605511998889,
1092,short,177.660265000668,128,8239.886917999684,
1093,short,179.12564600010228,128,8239.892530998986,
1094,short,177.2083140003815,128,8239.897008999833,
1095,short,178.07077299949015,128,8239.930727000683,
1096,short,175.49140700066346,128,8239.934856999753,
1097,short,177.41838399888366,128,8239.66442499841,
1098,short,177.28251300104603,128,8239.973470001132,
1088,short,184.0518239987432,128,8246.818588999304,
1100,short,182.54766700010805,128,8238.623047000146,
1101,short,182.5113640006748,128,8240.794155999538,
1099,short,185.20291999993788,128,8244.390149000537,
1102,short,182.2146190006606,128,8240.930563000802,
1103,short,181.11101599970425,128,8240.820635001,
1105,short,178.39260300024762,128,8396.601933000056,
1106,short,180.3422800003318,128,8396.74899000056,
1107,short,179.1546490003384,128,8396.673584999007,
1108,short,179.20905299979495,128,8396.4195009994,
1109,short,176.70797499886248,128,8396.684224999262,
1110,short,176.59521200039308,128,8396.68163100032,
1111,short,176.44886400012183,128,8396.640026001478,
1112,short,176.1164159997861,128,8396.512965999136,
1113,short,177.62505900100223,128,8396.653531000993,
1114,short,177.48289399969508,128,8396.431841998492,
1115,short,175.07261900027515,128,8396.645701001034,
1116,short,173.93253599948366,128,8395.657851999204,
1117,short,175.5279690005409,128,8395.780004000699,
1118,short,175.73441700005787,128,8395.805615000427,
1119,short,174.2946349986596,128,8394.517068998539,
1120,short,173.50610899848107,128,8393.80402399911,
1104,short,182.01545100055228,128,8403.60001999943,
1122,short,178.3871329989779,128,8397.005011998772,
1123,short,179.0346360012336,128,8398.343073000433,
1124,short,179.1699890000018,128,8398.348094999164,
1125,short,178.69226899892965,128,8397.995905999778,
1126,short,178.64032400029828,128,8398.994851999305,
1127,short,178.18660599914438,128,8398.02034999957,
1128,short,179.3431240002974,128,8398.323553999944,
1129,short,179.287786999339,128,8398.29319799901,
1130,short,179.3555770000239,128,8398.385120999592,
1131,short,179.19675300072413,128,8398.345785999481,
1132,short,179.02170800152817,128,8398.29107800142,
1133,short,178.91625499942165,128,8398.258293998879,
1134,short,178.95372299972223,128,8398.31713500098,
1135,short,178.7192640003923,128,8398.203975000797,
1121,short,185.94622599994182,128,8405.275922999863,
1137,short,187.49623499934387,128,8399.033211999267,
1138,short,184.9050270011503,128,8398.239328000273,
1139,short,184.46840300020995,128,8398.912036000183,
1140,short,185.6001380001544,128,8399.16083999924,
1141,short,187.14772299972537,128,8399.137194001014,
1142,short,185.1622470003349,128,8399.130965999575,
1143,short,186.10234199877596,128,8399.218476999522,
1144,short,183.46508300055575,128,8399.239181000667,
1145,short,185.400070000469,128,8398.957154000527,
1136,short,190.0687220004329,128,8403.448142998968,
1146,short,184.75357100032852,128,8398.909055000331,
1148,short,190.6159319987637,128,8399.041890999797,
1149,short,190.64147999961278,128,8400.674476999484,
1150,short,189.80765599917504,128,8401.147926999329,
1151,short,190.14263300050516,128,8401.082485001098,
1147,short,193.53926299845625,128,8404.94992099957,
960,long,202.74837699980708,512,32722.280107998813,
962,long,190.63327399999253,512,32716.407365000123,
961,long,199.10514000002877,512,32724.50268799912,
964,long,196.0936169998604,512,32719.18302999984,
965,long,196.1253139998007,512,32719.810050999513,
966,long,192.49994100027834,512,32716.549492000922,
963,long,203.85672799966414,512,32725.339422000616,
968,long,191.19983300151944,512,32721.859596000286,
969,long,189.1153590004251,512,32720.218950000344,
967,long,194.19456600007834,512,32725.871804001144,
971,long,185.79188299918314,512,32724.223537999933,
970,long,189.05391699991014,512,32727.65064899977,
972,long,252.2564169994439,512,32781.95091999987,
973,long,251.98802000159048,512,32782.73326999988,
974,long,251.86861699876317,512,32782.993173999785,
975,long,251.60405799942964,512,32782.603289999315,
976,long,196.13843700062716,512,32725.907944999562,
977,long,194.42068399985146,512,32726.166083999487,
978,long,170.27185600090888,512,32728.45116100143,
979,long,247.59037299918418,512,32795.788931998686,
980,long,248.95767599991814,512,32796.11784299959,
981,long,248.57649899968237,512,32796.39010400024,
982,long,248.3044519995019,512,32796.69439300051,
983,long,248.06911800078524,512,32796.969283999715,
984,long,247.74831700051436,512,32797.06853700009,
985,long,247.15318999915326,512,32796.8837089993,
986,long,247.40619300064282,512,32797.7673710011,
987,long,247.0241190003435,512,32797.83499699988,
988,long,247.07694399876345,512,32798.14400599935,
989,long,245.5543120013317,512,32800.778083001205,
990,long,248.03655899995647,512,32800.69888599974,
991,long,248.26529099846084,512,32800.88144099864,
992,long,248.2989069994801,512,32800.89909100025,
993,long,178.18197799897462,512,32731.627207998827,
994,long,153.58615399964037,512,32719.613084998855,
995,long,281.90434699899924,512,32859.71294800038,
996,long,280.6865359998483,512,32858.89005199897,
997,long,280.5458959992393,512,32859.34776799877,
998,long,280.0652440000704,512,32859.37768099939,
999,long,279.7485400005826,512,32859.526621999976,
1000,long,279.55357100108813,512,32859.723645000486,
1001,long,279.17080799852556,512,32859.636632998445,
1002,long,278.84866500062344,512,32859.584114001336,
1003,long,278.1302460007282,512,32858.606743000564,
1004,long,277.84584799883305,512,32859.31451899887,
1005,long,277.22246700068354,512,32858.98847600038,
1006,long,276.80539500033774,512,32858.90699599986,
1007,long,276.3304780000908,512,32858.867316001124,
1153,short,182.92169000051217,128,8393.32504199956,
1154,short,184.81461700139334,128,8393.46597400072,
1155,short,183.59204400076123,128,8393.414651000057,
1156,short,183.57104300048377,128,8393.260835999172,
1157,short,181.36182699890924,128,8393.554307998784,
1158,short,181.25377700016543,128,8393.558363999546,
1159,short,181.12141299934592,128,8393.582754999443,
1160,short,180.79552600102033,128,8393.443102000674,
1161,short,182.2436109996488,128,8393.595323999762,
1162,short,181.92445500062604,128,8393.375071000264,
1163,short,179.77174499901594,128,8394.6207279987,
1164,short,179.40092900062155,128,8394.448533999821,
1165,short,180.9899719992245,128,8394.632178000393,
1152,short,184.9799299998267,128,8398.813977999453,
1166,short,181.21348400018178,128,8394.917120000173,
1167,short,181.05825699967681,128,8394.909943999664,
1168,short,179.92543699983798,128,8393.898361000538,
1170,short,181.4387619997433,128,8390.173722000327,
1171,short,181.87366899837798,128,8391.11474299898,
1172,short,181.7644359998667,128,8391.48326800023,
1173,short,180.24276200048917,128,8390.268392000507,
1174,short,179.92752700047276,128,8390.684665000663,
1175,short,180.23253899991687,128,8391.01237399882,
1176,short,180.42636300015147,128,8392.351121001411,
1177,short,180.19874399942637,128,8392.569442999957,
1178,short,180.06730399974913,128,8392.923114999576,
1179,short,179.892132000532,128,8393.05235000029,
1180,short,179.6844450000208,128,8394.165068999428,
1181,short,179.4687170004181,128,8394.19715099939,
1183,short,178.87005800002953,128,8393.750772998828,
1182,short,179.3369699989853,128,8394.444455998382,
1169,short,185.9785529995861,128,8401.446019001014,
1185,short,190.75966399941535,128,8385.662863000107,
1186,short,187.98603399955027,128,8385.441414000525,
1187,short,187.82482300048287,128,8385.727537999628,
1188,short,189.00868200034893,128,8386.787953999374,
1189,short,190.3597839991562,128,8387.007958999675,
1190,short,188.52772999889567,128,8387.134542999775,
1191,short,189.21006500022486,128,8387.321592999797,
1192,short,186.77137399936328,128,8387.398971999573,
1193,short,188.5306500007573,128,8387.285540000448,
1194,short,188.99775499994576,128,8388.007043999096,
1184,short,193.23595500100055,128,8395.411462999618,
1196,short,194.50092200168,128,8380.021266000767,
1197,short,194.1391919990565,128,8381.594771999517,
1195,short,196.0798270010855,128,8384.599564000382,
1198,short,193.19653500133427,128,8381.906948001415,
1199,short,193.4572379996098,128,8381.6485619991,
1249,short,171.04408700106433,128,8081.728110000768,
1250,short,172.99484300019685,128,8081.926766999459,
1251,short,171.97751000094286,128,8081.823894000991,
1252,short,171.89008999957878,128,8081.63691899972,
1253,short,169.43040499972994,128,8081.945011999778,
1254,short,169.27235199909774,128,8081.902308998906,
1255,short,169.1497560004791,128,8081.8870319999405,
1256,short,168.82705299940426,128,8081.742823000241,
1257,short,170.53529400072875,128,8081.890912000745,
1258,short,169.1809080002713,128,8081.644664000123,
1259,short,166.73346099923947,128,8081.882356998904,
1260,short,166.36543200002052,128,8081.683103000614,
1261,short,168.20014199947764,128,8082.091283999034,
1262,short,168.0099519999203,128,8082.130569999208,
1263,short,168.00583899930643,128,8082.140385999082,
1264,short,167.85893799897167,128,8082.165062000058,
1248,short,169.84435300037148,128,8088.278444000025,
1266,short,170.44762200021069,128,8083.999880000192,
1267,short,170.66211099881912,128,8084.756872000071,
1268,short,170.43313199974364,128,8084.746805998293,
1269,short,169.58208300093247,128,8084.081540000625,
1270,short,168.8002860009874,128,8083.521606000431,
1271,short,168.37813699930848,128,8082.305488998827,
1265,short,174.4544279990805,128,8089.145791998817,
1272,short,168.38767000081134,128,8083.301267999559,
1273,short,167.90610199859657,128,8083.016714999758,
1274,short,167.6527139989048,128,8082.952211998418,
1275,short,166.32085100172844,128,8081.798492999951,
1276,short,166.06353200040758,128,8081.717505001507,
1277,short,165.8689840005536,128,8081.705618000342,
1278,short,165.7367379993957,128,8081.796368998766,
1279,short,165.2162579994183,128,8081.506776999959,
1281,short,179.32296999970276,128,8086.288354999851,
1282,short,177.25861000144505,128,8085.951068000213,
1283,short,176.07731700081786,128,8085.845778001385,
1284,short,176.98758199912845,128,8085.8952599992335,
1285,short,178.34759799916355,128,8085.683794999568,
1286,short,176.20157199962705,128,8085.502956999335,
1287,short,177.03669399998034,128,8085.419724999156,
1288,short,174.82682100126112,128,8085.26403399992,
1289,short,175.7789089988364,128,8084.730503998799,
1290,short,173.10176499995578,128,8081.9775510008185,
1280,short,182.48731899984705,128,8092.067458999736,
1292,short,183.93710600139457,128,8085.376895000081,
1293,short,183.91243000041868,128,8087.267017999693,
1294,short,183.00316800014116,128,8087.318953001159,
1295,short,182.79478900149115,128,8087.297709000268,
1291,short,186.77254999965953,128,8091.099448000023,
1297,short,176.49705499934498,128,8259.622409999793,
1298,short,178.12863600011042,128,8260.050142000182,
1299,short,177.718029000971,128,8260.105228000612,
1300,short,177.05830100021558,128,8260.170137000387,
1301,short,174.90512099902844,128,8261.204271999304,
1302,short,174.8053820010682,128,8261.329771999954,
1303,short,174.70198899900424,128,8261.441714999819,
1304,short,174.37536499892303,128,8261.403450998841,
1305,short,174.75686599937035,128,8260.932821000097,
1306,short,174.37590999907115,128,8267.110761000367,
1307,short,172.25398499977018,128,8267.356046999339,
1308,short,171.6637579993403,128,8266.921078999076,
1309,short,173.15151500042703,128,8267.063367000446,
1310,short,172.99220499990042,128,8267.088009999497,
1311,short,172.93828899892105,128,8267.084082999645,
1312,short,172.6107079994108,128,8266.888570999072,
1296,short,178.37713499829988,128,8273.860212999352,
1314,short,176.10300299929804,128,8261.443687000792,
1315,short,176.57226400115178,128,8262.371386999803,
1316,short,176.4611580001656,128,8262.483222999435,
1317,short,176.11482000029355,128,8262.326699001278,
1318,short,175.8657000009407,128,8262.310907000938,
1319,short,174.88342499927967,128,8261.441761000242,
1320,short,175.66176900072605,128,8262.522906999948,
1321,short,175.41565099963918,128,8262.497576000897,
1322,short,175.22252700109675,128,8262.500719001764,
1313,short,179.91732399968896,128,8267.384003998814,
1323,short,175.09061199962161,128,8262.764883998898,
1324,short,174.92557099831174,128,8262.765912999384,
1325,short,174.71794400080398,128,8262.741563999953,
1326,short,174.46861499956867,128,8262.680576999628,
1327,short,174.2852400002448,128,8262.686691999988,
1329,short,183.97845499930554,128,8263.04293099929,
1330,short,181.62321599993447,128,8262.8192580014,
1331,short,181.21198100016045,128,8263.365072998567,
1328,short,186.34629400003178,128,8271.409291000964,
1332,short,182.2902959993371,128,8269.335744000273,
1333,short,183.79998999989766,128,8269.315722998726,
1334,short,181.87419099922408,128,8269.33776399892,
1335,short,182.79157399956603,128,8269.381571999475,
1336,short,180.10533199958445,128,8269.20646399958,
1337,short,181.86744200102112,128,8268.85607999975,
1338,short,181.63227299919527,128,8268.484678999812,
1340,short,188.22150000050897,128,8263.274630000524,
1341,short,188.28154699986044,128,8266.67076999911,
1342,short,187.4238439995679,128,8266.851338001288,
1343,short,186.75519300086307,128,8266.479494999658,
1339,short,190.991801000564,128,8271.696334000808,
1345,short,182.95223799941596,128,8420.858448000217,
1346,short,186.32605299899296,128,8420.936335998704,
1347,short,183.92972299989196,128,8420.63364400019,
1348,short,183.41939699894283,128,8419.7489879989,
1349,short,179.40293999890855,128,8420.015646999673,
1350,short,179.46170799950778,128,8419.953094999073,
1351,short,179.47975499919266,128,8419.884549999551,
1352,short,178.8166629994521,128,8419.387500000084,
1353,short,174.61133299912035,128,8414.174150999315,
1354,short,174.5114850000391,128,8413.965207999354,
1355,short,170.7755139996152,128,8414.281278999624,
1356,short,170.56476600009773,128,8414.118756998505,
1357,short,173.36099299973284,128,8414.375739999741,
1358,short,173.34737199962547,128,8414.446823000617,
1359,short,173.72227699888754,128,8414.517006998722,
1360,short,173.07837199950882,128,8413.949588999458,
1344,short,187.54056699981447,128,8428.833624000617,
1362,short,175.82278000008955,128,8417.799266000657,
1363,short,176.3646109993715,128,8418.70556700087,
1364,short,176.2544640005217,128,8418.832113999088,
1365,short,175.90136599937978,128,8418.700603000616,
1366,short,175.6520199996885,128,8418.749649999882,
1367,short,174.60213099911925,128,8417.871523999565,
1368,short,175.39518199919257,128,8419.362934000674,
1369,short,175.15286700108845,128,8419.353847999446,
1370,short,174.99012499865785,128,8419.475816999693,
1371,short,174.80884700125898,128,8419.5635770011,
1372,short,174.63224899984198,128,8419.650791000095,
1373,short,174.44732600051793,128,8419.689418999042,
1374,short,174.2341770004714,128,8419.70653700082,
1375,short,174.0201539996633,128,8419.756622000932,
1361,short,179.9327919998177,128,8426.05210199872,
1377,short,185.48907100012002,128,8419.999095000094,
1378,short,183.10864999875776,128,8419.429224999476,
1379,short,177.28480600089824,128,8414.659067000684,
1376,short,188.25168699913775,128,8423.120821000339,
1380,short,180.1143829998182,128,8415.214179000031,
1381,short,178.30371300078696,128,8415.259217999846,
1382,short,179.6692340012669,128,8415.284754000822,
1383,short,177.85562799872423,128,8415.32822299996,
1384,short,178.6064850002731,128,8415.360921999309,
1385,short,176.04644800121605,128,8415.403717001027,
1386,short,177.94658200000413,128,8415.15969700049,
1388,short,189.94144099997357,128,8418.836712000484,
1387,short,194.74280299982638,128,8424.308391000523,
1389,short,190.63004000054207,128,8420.4953389999,
1390,short,188.03153600129008,128,8421.021125001062,
1391,short,186.3361720006651,128,8419.495452000774,
1200,long,201.43051500053843,512,32790.33612999956,
1202,long,192.82205300078203,512,32784.24301800078,
1201,long,201.0460730016348,512,32791.48853600054,
1204,long,201.200481998967,512,32787.30527100015,
1205,long,201.15729600001941,512,32787.87545999876,
1206,long,197.53088899960858,512,32784.610786000485,
1203,long,206.87748599993938,512,32793.051721000666,
1208,long,193.08126299983996,512,32787.876796001,
1209,long,190.64257700119924,512,32785.814561000734,
1207,long,196.2874130003911,512,32791.57425100129,
1211,long,185.59582799935015,512,32783.738213000106,
1210,long,190.19780199960223,512,32788.7686640006,
1213,long,193.76434600053472,512,32787.10514900013,
1214,long,193.44267699852935,512,32787.15469499912,
1215,long,193.37460200040368,512,32787.51193399876,
1212,long,196.09267499981797,512,32790.7179369995,
1216,long,192.2372200006066,512,32786.74360900004,
1217,long,213.41564000067592,512,32789.51739900003,
1218,long,179.5136150012695,512,32792.52198300128,
1220,long,311.2435330003791,512,32913.77582700079,
1221,long,312.21904899939545,512,32914.65030799918,
1222,long,311.5739090007992,512,32914.444293001,
1223,long,311.083778999091,512,32914.30001599838,
1224,long,310.72232500082464,512,32914.280160001,
1225,long,310.3125520010508,512,32914.17030299999,
1226,long,309.08025200005795,512,32913.256015001025,
1227,long,309.19261899907724,512,32913.38969699973,
1228,long,308.5580150000169,512,32913.083800000095,
1229,long,304.7961399988708,512,32909.30448600011,
1230,long,304.17313299949456,512,32909.01186699921,
1231,long,306.17760000131966,512,32909.91186900101,
1232,long,306.4276430013706,512,32910.14310799983,
1219,long,319.26075800038234,512,32923.24756600101,
1233,long,297.2476030008693,512,32919.001873000525,
1234,long,180.09954000081052,512,32802.42579700098,
1236,long,212.98860000024433,512,32853.5779140002,
1237,long,212.07258799950068,512,32852.9717069996,
1238,long,212.14265799972054,512,32852.65425599937,
1235,long,216.75133800090407,512,32858.539380000366,
1239,long,339.2645359999733,512,32961.11140799985,
1240,long,339.098827998896,512,32961.40463499978,
1241,long,338.9681759999803,512,32961.61797000059,
1242,long,338.7080140000762,512,32961.64172299905,
1243,long,338.4515099987766,512,32961.64841399877,
1244,long,337.4264590001985,512,32960.90493200063,
1245,long,337.1888149995357,512,32960.950995999156,
1246,long,336.7250250012148,512,32960.752785000295,
1247,long,336.36737000051653,512,32960.67410899923,
1393,short,183.088948000659,128,8421.913719001168,
1394,short,185.1013449995662,128,8422.193366999636,
1395,short,184.61341300098866,128,8422.307820001151,
1396,short,183.84826200053794,128,8422.312871000031,
1397,short,181.3112829986494,128,8423.367428998972,
1398,short,181.17770999924687,128,8423.460866999449,
1399,short,181.04509499971755,128,8423.53101000117,
1400,short,179.6200940007111,128,8422.399991999555,
1401,short,181.2522340005671,128,8422.925036999004,
1402,short,180.84740599988436,128,8422.744030000104,
1403,short,178.36047600030724,128,8423.495671999262,
1404,short,177.92466699938814,128,8427.006645999427,
1405,short,179.72212699896772,128,8427.196946999175,
1406,short,179.51241500122705,128,8427.144223000141,
1407,short,179.46483499872556,128,8427.102759998888,
1408,short,178.44936700021208,128,8426.207948999945,
1392,short,185.8005129997764,128,8434.429241000544,
1410,short,182.2426889993949,128,8418.424228000731,
1411,short,182.56710499917972,128,8419.245130999116,
1412,short,182.38599399956001,128,8419.560481999724,
1413,short,181.95218499931798,128,8419.441879999795,
1414,short,181.58226600098715,128,8419.852970000647,
1415,short,180.54715400103305,128,8419.100264000008,
1416,short,180.55536300016684,128,8420.43881400059,
1417,short,180.21291900004144,128,8420.420489999742,
1418,short,179.93898799977615,128,8420.603553999172,
1419,short,179.68385399944964,128,8420.74890799995,
1420,short,179.45290100033162,128,8426.805721999699,
1421,short,179.21438499979558,128,8426.81007000101,
1422,short,178.9187630001834,128,8426.711252999667,
1423,short,178.39879000166547,128,8426.398490000793,
1409,short,185.5702820012084,128,8434.191217000262,
1425,short,192.20112999937555,128,8415.94060100033,
1426,short,189.86792999930913,128,8415.71178599952,
1427,short,189.40235499940172,128,8415.964085999804,
1430,short,189.89027200041164,128,8416.456892000497,
1429,short,191.87247999980173,128,8417.09418100072,
1428,short,192.0958150003571,128,8417.661102999773,
1431,short,191.32916600028693,128,8417.164534999756,
1432,short,189.39762999980303,128,8422.299847999966,
1433,short,190.26791400028742,128,8422.382982000272,
1434,short,188.26002400055586,128,8422.363261999635,
1424,short,194.6507099983137,128,8426.89958399933,
1436,short,198.27445800001442,128,8410.099380000247,
1435,short,199.69674900130485,128,8413.84103100063,
1437,short,198.35259100000258,128,8412.311706000764,
1438,short,196.8768580009055,128,8411.712936000185,
1439,short,196.64223899962963,128,8411.695664000945,
1489,short,173.07433200039668,128,8080.981928000256,
1490,short,174.29275900030916,128,8081.954981998933,
1491,short,172.95304099934583,128,8081.632646999424,
1492,short,172.13138599981903,128,8080.664387998695,
1493,short,169.72017800071626,128,8080.840893000641,
1494,short,169.50382300092315,128,8080.741490000946,
1495,short,169.3227529995056,128,8080.619931999536,
1496,short,168.5656769986963,128,8080.05098600006,
1497,short,169.63444800057914,128,8080.066514999999,
1498,short,168.99779499908618,128,8079.26480199967,
1499,short,162.9745999998704,128,8075.814263000211,
1500,short,162.54403499988257,128,8076.326782000251,
1501,short,163.9545990001352,128,8076.551623000341,
1488,short,174.71177900006296,128,8087.493377999635,
1502,short,163.79758400034916,128,8076.756689000831,
1503,short,164.07884900036152,128,8076.826586000607,
1504,short,163.1812279993028,128,8076.092027999039,
1506,short,171.64721100016322,128,8086.979778001478,
1507,short,172.01582200141274,128,8087.744528000258,
1508,short,171.79146900161868,128,8087.736371000574,
1509,short,170.96652100008214,128,8087.073564998718,
1510,short,170.14675800055556,128,8086.518244999752,
1511,short,168.8426550008444,128,8085.381717000928,
1512,short,169.39958799957822,128,8085.602613000447,
1513,short,168.92279000057897,128,8085.31164499982,
1514,short,168.62050199961232,128,8085.7191089999105,
1515,short,162.35530800076958,128,8079.673951000586,
1516,short,162.13566999977047,128,8079.67001399993,
1517,short,161.9481990001077,128,8079.661603000204,
1518,short,161.73680099927878,128,8079.628120000052,
1519,short,161.00407799967797,128,8079.0786189991195,
1505,short,175.80716999873403,128,8094.256100999701,
1521,short,188.50003899933654,128,8088.338053999905,
1522,short,186.24314600128855,128,8088.4013539998705,
1523,short,185.05686599928595,128,8087.561405000088,
1524,short,186.24600299881422,128,8088.614465999854,
1525,short,187.61083300159953,128,8088.545211001474,
1526,short,187.31961699995736,128,8088.439316001313,
1527,short,181.95119300071383,128,8083.2845580007415,
1528,short,179.94180699861317,128,8083.190675999504,
1529,short,180.74386499938555,128,8083.173130000432,
1530,short,177.6959809994878,128,8082.785565000449,
1520,short,191.584285999852,128,8094.133266999052,
1532,short,184.29728800037992,128,8085.55978000004,
1533,short,183.37863700071466,128,8087.0333060011035,
1534,short,183.91305200020724,128,8087.388271000236,
1535,short,182.97246000111045,128,8087.369548000424,
1531,short,186.6594899984193,128,8090.487459998258,
1537,short,178.18662900026538,128,8243.037526999615,
1538,short,179.5445320003637,128,8244.213379999564,
1539,short,179.13212499843212,128,8244.163063998712,
1540,short,178.27110300095228,128,8243.960357000105,
1541,short,176.249126001494,128,8244.270367000354,
1542,short,176.15175299943076,128,8244.299627000146,
1543,short,176.04274099903705,128,8244.298351999532,
1544,short,175.71418700026697,128,8244.14804099979,
1545,short,176.95539000123972,128,8244.289183001456,
1546,short,176.50245500044548,128,8243.94334200042,
1547,short,173.74017300062405,128,8243.365584001367,
1548,short,173.364952999691,128,8243.152476999967,
1536,short,180.67642700043507,128,8250.05856900134,
1549,short,174.78863500036823,128,8244.365223001296,
1550,short,174.61330799960706,128,8244.439431999126,
1551,short,174.36418000033882,128,8244.390760000897,
1552,short,174.52331700042123,128,8244.396861999121,
1554,short,170.3964000007545,128,8240.279192999878,
1555,short,171.03894100000616,128,8241.384118000497,
1556,short,171.16326300129003,128,8241.504247000194,
1557,short,170.8289859998331,128,8241.299475999767,
1558,short,170.8655260008527,128,8241.217905000667,
1559,short,171.31787200014514,128,8241.061138000077,
1553,short,176.10969999986992,128,8244.890436999412,
1560,short,172.70618900147383,128,8241.615462000482,
1561,short,171.94506899977569,128,8240.987671999392,
1562,short,171.92303299998457,128,8241.638413001056,
1563,short,171.84715199982747,128,8241.687956000533,
1564,short,171.72472500169533,128,8241.747540001597,
1565,short,171.60404000060225,128,8241.75641200054,
1566,short,171.45236600117642,128,8241.728248000072,
1567,short,170.99085100016964,128,8241.318577998754,
1569,short,177.88824099989142,128,8242.600895000578,
1570,short,175.15441099931195,128,8243.099908999284,
1571,short,174.02239100010775,128,8242.721975999302,
1572,short,176.48376500073937,128,8243.709864000266,
1573,short,179.74416500146617,128,8243.844119000642,
1574,short,179.58888800058048,128,8243.927212999552,
1575,short,179.4363560002239,128,8244.108998000229,
1576,short,175.77532299947052,128,8244.32346300091,
1577,short,176.95688999992853,128,8244.43795300067,
1578,short,172.38174799967965,128,8243.918613999995,
1568,short,183.8388539999869,128,8254.074407999724,
1580,short,188.34972900003777,128,8244.88198600011,
1581,short,186.3126309999643,128,8246.22408599862,
1582,short,188.68224400102918,128,8246.677404000366,
1583,short,186.13795800047228,128,8246.71214800037,
1579,short,192.06127600045875,128,8250.756158000513,
1585,short,180.52048499885132,128,8416.783266000493,
1586,short,181.8637039996247,128,8417.165673999989,
1587,short,181.46418000105768,128,8417.210579000312,
1588,short,180.50080699867976,128,8417.28414499994,
1589,short,178.57946900039678,128,8418.301494999469,
1590,short,178.47095400065882,128,8418.423228000393,
1591,short,178.3698369999911,128,8418.587116000708,
1592,short,178.0462879996776,128,8418.5631929995,
1593,short,179.1491700005281,128,8419.226399000763,
1594,short,178.84641300042858,128,8419.129408001027,
1595,short,176.99680599980638,128,8419.914737,
1596,short,175.87214600098378,128,8419.089127000916,
1597,short,177.1136090010259,128,8419.921005001015,
1598,short,176.8632160001289,128,8419.92811199998,
1599,short,176.66317600014736,128,8419.924277999598,
1600,short,176.47049600054743,128,8419.909809001183,
1584,short,182.81700700026704,128,8427.902289000485,
1602,short,178.61792099938611,128,8416.277688000264,
1603,short,179.26420799994958,128,8417.105304999495,
1604,short,179.16281299949333,128,8417.44726899924,
1605,short,178.8090669997473,128,8417.393873000037,
1606,short,178.56152100102918,128,8417.845460000535,
1607,short,178.30072200013092,128,8418.25020900069,
1601,short,182.4516840006254,128,8424.572747000639,
1608,short,178.97309299951303,128,8421.332652998899,
1609,short,178.79368499961856,128,8421.345593998922,
1610,short,177.8949970012036,128,8420.632013001523,
1611,short,177.6844699998037,128,8420.6120380004,
1612,short,177.47224400045525,128,8420.587340000566,
1613,short,177.28572000123677,128,8420.65592200015,
1614,short,177.1050679999462,128,8420.663017001061,
1615,short,176.8948740009364,128,8420.632397999725,
1617,short,185.06475999856775,128,8413.247812999543,
1618,short,182.58689499998582,128,8412.674086999687,
1619,short,181.44875600046362,128,8412.665281000955,
1616,short,187.86203099989507,128,8416.300028000478,
1620,short,182.73145199964347,128,8413.05637000005,
1621,short,184.07126599959156,128,8412.952176000545,
1622,short,183.67941500036977,128,8412.73713299961,
1623,short,183.28426600055536,128,8412.550986000497,
1624,short,181.33220499839808,128,8412.462602998858,
1625,short,182.06375599947933,128,8412.34895299931,
1626,short,174.20122299881768,128,8407.271272999424,
1628,short,188.64218099952268,128,8412.944539999444,
1629,short,187.5656939992041,128,8414.168271998278,
1630,short,188.07273099992017,128,8414.491767998697,
1631,short,186.35568200079433,128,8413.672614999086,
1627,short,191.0846720002155,128,8418.161098001292,
1440,long,196.0011459996167,512,32743.37453699991,
1442,long,193.84263599931728,512,32742.224694999095,
1441,long,201.04573099888512,512,32748.768450999705,
1444,long,199.3252330012183,512,32747.897897001167,
1445,long,199.30939699952432,512,32748.243788000764,
1446,long,196.0665919996245,512,32745.540636999067,
1443,long,204.20753700091154,512,32760.00814500003,
1448,long,193.76333099899057,512,32746.28053899869,
1449,long,191.56384999951115,512,32744.631420999212,
1447,long,195.98589499946684,512,32750.30126099955,
1451,long,186.23236999883375,512,32744.8152629986,
1450,long,190.78821499897458,512,32750.115707998702,
1453,long,192.22706100117648,512,32748.160396000458,
1454,long,192.30453400086844,512,32748.197648001224,
1455,long,191.53884899969853,512,32747.81299099959,
1452,long,194.21465800041915,512,32751.120341999922,
1456,long,198.71870199858677,512,32747.605524999017,
1457,long,199.88631999876816,512,32747.877462999895,
1458,long,199.42661699860764,512,32746.495931998652,
1460,long,172.7512140005274,512,32745.748473000276,
1461,long,173.16438499983633,512,32746.56422299995,
1462,long,172.76874399976805,512,32746.57289999959,
1459,long,177.09838100017805,512,32751.768293999703,
1463,long,250.4642829990189,512,32810.25889099874,
1464,long,250.2123850008502,512,32810.37114600076,
1465,long,249.89385200024117,512,32810.33420099993,
1466,long,249.27460300023085,512,32809.98643900057,
1467,long,249.16878700059897,512,32811.170573999334,
1468,long,248.77659199955815,512,32811.090168999726,
1469,long,248.48997899971437,512,32811.08900599975,
1470,long,246.99429999964195,512,32809.86520499937,
1471,long,246.6132280005695,512,32809.820276999744,
1472,long,246.599486001287,512,32809.5682710009,
1474,long,250.90725399968505,512,32811.755413000355,
1473,long,252.02765200083377,512,32813.04228699992,
1476,long,165.93113799899584,512,32736.160480999388,
1477,long,166.15702499984764,512,32736.393478000537,
1475,long,172.09342599926458,512,32740.611495999474,
1478,long,222.0676420001837,512,32812.01288699958,
1480,long,174.23536199930822,512,32754.018538998935,
1479,long,176.83932200088748,512,32757.538732001194,
1481,long,245.2845019997767,512,32819.406349999554,
1482,long,245.1504799992108,512,32819.71370199972,
1483,long,244.88024300080724,512,32819.73629700042,
1484,long,244.59620299967355,512,32819.71941899974,
1485,long,244.2635989991686,512,32819.668011999966,
1486,long,244.0487990006659,512,32820.4451670008,
1487,long,244.27991400079918,512,32820.27738100078,
1633,short,177.88705500061042,128,8389.656794000985,
1634,short,178.8777490000939,128,8390.84221200028,
1635,short,177.66836599912494,128,8390.593031999742,
1636,short,176.65002700050536,128,8389.714078000907,
1637,short,174.76254000030167,128,8389.98927099965,
1638,short,174.49502599993139,128,8389.87176199953,
1639,short,174.30824199982453,128,8389.780765000978,
1640,short,173.46223799904692,128,8389.132890999463,
1641,short,174.2845919998217,128,8389.215509998394,
1642,short,173.40653599967482,128,8388.46455699968,
1643,short,171.54745700099738,128,8388.651418001245,
1644,short,170.52154900011374,128,8387.832886999604,
1645,short,171.60114999933285,128,8388.847253998392,
1646,short,171.40694799854828,128,8388.934822998635,
1647,short,171.217823999541,128,8388.974688999951,
1648,short,169.79946900028153,128,8387.776069999745,
1632,short,179.95583700030693,128,8398.69009100039,
1650,short,176.82921499908844,128,8389.448425999944,
1651,short,177.21158400127024,128,8390.180624001005,
1652,short,177.15936199965654,128,8390.184534000582,
1653,short,176.33310800010804,128,8389.57656599996,
1654,short,175.8224989989685,128,8389.004722999744,
1655,short,172.9666739993263,128,8386.364273999789,
1656,short,173.3525740000914,128,8387.343397000222,
1657,short,173.15220199998294,128,8387.36738499938,
1658,short,172.95906000072137,128,8387.36383200012,
1659,short,172.70655299944337,128,8387.313601999267,
1660,short,172.51523500090116,128,8387.343157000942,
1661,short,172.26591500002542,128,8387.312852000832,
1662,short,172.06986699966365,128,8387.375754000459,
1663,short,171.88334099955682,128,8387.38968799953,
1649,short,180.77343700133497,128,8396.744245001173,
1665,short,189.76427499910642,128,8390.19449099942,
1666,short,186.83983799928683,128,8389.385996000783,
1667,short,186.81142099922,128,8390.020842000013,
1664,short,191.56527800078038,128,8392.373643999235,
1668,short,189.1768219993537,128,8390.400723999846,
1670,short,188.81760200019926,128,8390.306134999264,
1671,short,188.6006759996235,128,8390.291358999093,
1669,short,188.3324549999088,128,8390.925388999676,
1672,short,188.38589200095157,128,8390.462766001292,
1673,short,187.5095039995358,128,8390.496060999794,
1674,short,187.57884300066507,128,8390.53075099946,
1676,short,198.4803280010965,128,8387.56307100084,
1677,short,196.4626139997563,128,8388.556772000811,
1675,short,195.1353639997251,128,8391.285405001327,
1678,short,198.8818009995157,128,8389.729963999343,
1679,short,195.88722700063954,128,8389.395735001017,
1729,short,176.14003499875253,128,8090.0277299988375,
1730,short,177.61584199979552,128,8090.106535999439,
1731,short,176.80675399969914,128,8089.964455999507,
1732,short,176.41635499967379,128,8089.654456000062,
1733,short,173.69256600068184,128,8089.901439001551,
1734,short,173.55848599981982,128,8089.884635000999,
1735,short,173.42194699995161,128,8089.913240999522,
1736,short,173.04290900028718,128,8089.753252001174,
1737,short,174.91351299941016,128,8090.8181839986355,
1738,short,174.49235999993107,128,8090.53155500078,
1739,short,171.80363499937812,128,8090.691847999551,
1740,short,170.55574099867954,128,8089.602907999506,
1728,short,177.06252700008918,128,8096.1617049997585,
1741,short,172.539182998662,128,8089.855064999938,
1742,short,172.31008999988262,128,8089.843772000677,
1743,short,172.09083799934888,128,8089.807632000884,
1744,short,170.86140499850444,128,8088.75481099858,
1746,short,172.03084600078,128,8087.626571001238,
1747,short,172.47648900047352,128,8088.490218000516,
1748,short,172.33186500016018,128,8088.561333999678,
1749,short,171.97204799958854,128,8088.385160999678,
1750,short,171.71383899949433,128,8088.3507919988915,
1751,short,170.75730999931693,128,8087.502095999298,
1752,short,171.52601400084677,128,8088.482904000557,
1753,short,171.34546000124828,128,8088.519226999779,
1754,short,171.1511920002522,128,8088.5074399993755,
1755,short,170.8974670000316,128,8088.434878000044,
1756,short,170.76093099967693,128,8088.464567999836,
1757,short,170.53342800136306,128,8088.425399000698,
1758,short,170.34369599969068,128,8088.444580998839,
1759,short,169.76668999996036,128,8088.042235998728,
1745,short,176.21719899943855,128,8094.862018999265,
1761,short,179.09571700147353,128,8091.288592000637,
1762,short,176.83819500052778,128,8090.731596999831,
1763,short,176.6929719997279,128,8091.722410001239,
1764,short,179.0789019996737,128,8091.625525999916,
1765,short,178.81605100046727,128,8091.646708000553,
1766,short,178.67165299867338,128,8091.73171600014,
1767,short,178.49316600040765,128,8091.734227000416,
1768,short,176.59936400013976,128,8091.741333000755,
1769,short,178.0927640011214,128,8091.74564299974,
1770,short,176.17880399848218,128,8091.712775998531,
1760,short,181.560458999229,128,8096.220761999575,
1772,short,181.06874400109518,128,8091.559378000966,
1771,short,182.20337999991898,128,8094.884329999331,
1773,short,180.4214139992837,128,8093.34287099955,
1774,short,176.93745200085687,128,8092.430038999737,
1775,short,179.72395299875643,128,8092.681160998836,
1777,short,179.123787998833,128,8268.006782998782,
1778,short,180.24087699996016,128,8268.200357999376,
1779,short,179.4977919998928,128,8268.128834999516,
1780,short,179.2066549987794,128,8267.926452999745,
1781,short,176.90156800017576,128,8268.228380999062,
1782,short,176.73585299962724,128,8268.173036998633,
1783,short,176.59315899982175,128,8268.129017998945,
1784,short,175.30115900081,128,8267.023472000801,
1785,short,176.80594100056624,128,8267.12069200039,
1786,short,176.48313799872994,128,8266.904752999835,
1787,short,174.2189389988198,128,8267.10164099859,
1788,short,174.03491000004578,128,8267.07167799941,
1789,short,173.91731400130084,128,8266.987574999803,
1776,short,180.06472600063717,128,8272.196767000423,
1790,short,175.40632900090714,128,8267.259432999708,
1791,short,175.2238450008008,128,8267.248608000955,
1792,short,175.04722000012407,128,8267.242484000235,
1794,short,175.99457899996196,128,8264.376586999788,
1795,short,176.58197300079337,128,8265.617924000253,
1796,short,176.48231999919517,128,8265.765383999678,
1797,short,176.1394620007195,128,8265.61958000093,
1798,short,175.89759900147328,128,8267.769392001355,
1799,short,174.97195900068618,128,8267.032538000421,
1793,short,179.63532999965537,128,8271.230135000224,
1800,short,175.73356299908482,128,8267.53105500029,
1801,short,175.5514750002476,128,8267.550922000737,
1802,short,175.36947400003555,128,8267.547998000737,
1803,short,175.1241990004928,128,8267.479297001046,
1804,short,174.97098300009384,128,8267.522785999972,
1805,short,174.78697600017767,128,8267.528160000438,
1806,short,174.61057800028357,128,8267.563870000231,
1807,short,173.9505890000146,128,8267.083473998355,
1809,short,182.53292499866802,128,8265.093594998689,
1810,short,179.72412500057544,128,8264.359805001732,
1811,short,179.475225000715,128,8265.209904000585,
1812,short,181.69444100021792,128,8265.206100000796,
1813,short,181.7282880001585,128,8265.232809000736,
1814,short,181.6024119998474,128,8265.320787999372,
1815,short,181.42278800041822,128,8265.320492999308,
1816,short,179.8744829993666,128,8265.282729000319,
1817,short,181.00717300148972,128,8265.313046000301,
1818,short,178.7609879993397,128,8264.578821999748,
1808,short,184.80659700071556,128,8270.272544999898,
1820,short,182.99961499906203,128,8264.164121999784,
1821,short,182.2974280003109,128,8265.62271200055,
1822,short,182.10808000003453,128,8265.685652000684,
1823,short,179.15893600002164,128,8265.373645999716,
1819,short,185.13201099995058,128,8269.130632001179,
1825,short,176.59392800123896,128,8422.15189200033,
1826,short,177.78660200019658,128,8423.262870001054,
1827,short,176.41088600066723,128,8423.257532000207,
1828,short,176.7768290010281,128,8423.064546001115,
1829,short,174.3709710008261,128,8423.552743000982,
1830,short,174.26731799969275,128,8423.577393999949,
1831,short,174.1562730003352,128,8423.57450000054,
1832,short,173.8333989997045,128,8423.43281400099,
1833,short,175.49060300007113,128,8423.594485999274,
1834,short,175.17286899965256,128,8423.392492999483,
1835,short,172.81951699987985,128,8423.635509001542,
1836,short,172.63865699896996,128,8423.618062999594,
1837,short,172.5173029990401,128,8423.540050000156,
1838,short,174.15489700033504,128,8424.411067999245,
1839,short,173.98437299925718,128,8424.446692999481,
1840,short,173.81514199951198,128,8424.45894499906,
1824,short,177.32518800039543,128,8429.667446000167,
1842,short,177.21120299938775,128,8427.582918000553,
1843,short,177.65886400047748,128,8428.377489000923,
1844,short,177.53912199987099,128,8428.70092299927,
1845,short,175.0144249999721,128,8426.476367998475,
1846,short,174.67771399969934,128,8426.87240899977,
1847,short,174.44529599924863,128,8427.295190000223,
1841,short,181.0563250000996,128,8434.226475001196,
1848,short,175.1838170002884,128,8428.661972000555,
1849,short,174.99433099874295,128,8428.761020999445,
1850,short,174.8168819995044,128,8428.870154999458,
1851,short,174.64027000096394,128,8428.978510000888,
1852,short,174.38126600063697,128,8429.00806599937,
1853,short,174.24091100110672,128,8429.797924000013,
1854,short,174.05538200000592,128,8429.82936000044,
1855,short,173.87766600040777,128,8429.866046000825,
1857,short,183.89347799893585,128,8430.843830999947,
1856,short,186.1048769987974,128,8431.855479999285,
1858,short,181.51251299968862,128,8430.411780000213,
1859,short,181.27955599993584,128,8431.26480599858,
1860,short,183.789106000404,128,8431.299374000446,
1861,short,183.54142400130513,128,8431.360821001363,
1862,short,183.4513899993908,128,8431.460368999979,
1863,short,183.27650900027948,128,8431.46716299998,
1864,short,181.30418500004453,128,8431.438436000462,
1865,short,182.83906599936017,128,8431.450549000147,
1866,short,179.95393599994713,128,8430.484664000687,
1868,short,191.40868199974648,128,8434.01760300003,
1869,short,189.69468099930964,128,8435.509417000503,
1870,short,189.562471001409,128,8435.590643000978,
1871,short,184.95239299954847,128,8434.823156998391,
1867,short,194.76458200006164,128,8439.479687998755,
1680,long,198.44243599982292,512,32812.79097799961,
1682,long,195.36560699998518,512,32807.13856699913,
1681,long,202.76045099853945,512,32819.81107399952,
1684,long,197.8458520006825,512,32807.33192200023,
1685,long,197.59496000006038,512,32807.76440400041,
1686,long,187.887137000871,512,32798.402313001134,
1683,long,202.98794799964526,512,32813.04769499911,
1688,long,194.81774399901042,512,32807.12745399978,
1689,long,192.3927250009001,512,32805.10768300155,
1687,long,197.9951829998754,512,32810.822896999525,
1691,long,185.06587000047148,512,32813.265787999626,
1690,long,190.63896899933752,512,32821.147491000374,
1693,long,194.5080980003695,512,32802.39460000121,
1694,long,194.25855400004366,512,32803.34764999861,
1695,long,193.4525050000957,512,32802.91261499951,
1692,long,196.37298099951295,512,32806.27057099991,
1696,long,200.58520100064925,512,32805.089298000894,
1697,long,202.47793899943645,512,32804.15979099962,
1698,long,195.94658499954676,512,32799.65741399974,
1700,long,192.7219099998183,512,32799.44361099842,
1701,long,193.02523800070048,512,32800.46660800144,
1702,long,190.39145599890617,512,32798.2798719986,
1699,long,196.96972100064158,512,32805.0852840006,
1704,long,255.17166299869132,512,32863.99548999907,
1705,long,254.94537499980652,512,32864.234874999966,
1706,long,254.67570900036662,512,32864.31401899972,
1707,long,253.134857999612,512,32863.112463001016,
1708,long,253.05373300034262,512,32863.41137400086,
1709,long,252.72188100097992,512,32863.413615001264,
1710,long,252.50118900112284,512,32863.53918600071,
1711,long,251.92543999946793,512,32863.29288699926,
1703,long,257.6528999998118,512,32869.76128599963,
1712,long,300.0251009998465,512,32922.405909999725,
1713,long,248.11016300009214,512,32871.693860999585,
1714,long,247.59612299931177,512,32871.576326999275,
1716,long,191.80360199970892,512,32801.08125799961,
1717,long,188.79714099966804,512,32798.5433319991,
1715,long,198.10827600122138,512,32805.25821100127,
1718,long,167.3966609996569,512,32782.3276600011,
1719,long,181.34068399922398,512,32812.281040000016,
1720,long,178.96113799906743,512,32811.27456399918,
1722,long,175.24461099856126,512,32796.853464999,
1721,long,177.51128899908508,512,32799.425741999585,
1723,long,244.5859430008568,512,32857.372767000925,
1724,long,244.32058800084633,512,32857.49849700005,
1725,long,244.04066399984004,512,32857.589051000105,
1726,long,242.9954010003712,512,32857.63884900007,
1727,long,242.74840100042638,512,32857.74719600158,
1873,short,188.91355300002033,128,8394.03810300064,
1874,short,189.39719400077593,128,8394.339741000294,
1875,short,189.11964899962186,128,8394.484703998387,
1872,short,191.2273500001902,128,8397.035658001187,
1876,short,188.64021899935324,128,8394.736285999898,
1877,short,186.37307999961195,128,8395.839746999627,
1878,short,186.26400900029694,128,8395.976896999855,
1879,short,186.1614589997771,128,8396.094592000736,
1880,short,185.82094100020186,128,8396.068197000204,
1881,short,187.31642100101453,128,8396.652147001078,
1882,short,186.9611440015433,128,8396.539542000028,
1883,short,184.7505639998417,128,8398.625637000805,
1884,short,184.5613850000518,128,8398.637061000045,
1885,short,183.69136000001163,128,8397.794827000325,
1886,short,185.0403610005742,128,8397.88981700076,
1887,short,184.92652900022222,128,8397.877301000335,
1888,short,184.10892899919418,128,8398.728613999992,
1890,short,183.91735099976358,128,8386.655921998681,
1891,short,184.0230560010241,128,8387.75030800025,
1892,short,183.7816989991552,128,8387.807125998734,
1893,short,182.91987300108303,128,8387.183300001197,
1894,short,182.08379700081423,128,8386.707640000168,
1895,short,180.99692599935224,128,8385.890212000959,
1896,short,181.4013969997177,128,8386.110956000266,
1897,short,181.1047139999573,128,8386.095453999587,
1898,short,180.81100000017614,128,8386.070278998886,
1899,short,180.51757600005658,128,8386.018233000868,
1900,short,180.22229000052903,128,8385.95847400029,
1901,short,179.2098559999431,128,8385.826809999344,
1902,short,178.99440700057312,128,8385.90084200041,
1903,short,178.78740500054846,128,8385.952739999993,
1889,short,187.08460600100807,128,8394.839095999487,
1905,short,189.6822840008099,128,8381.381552000676,
1904,short,191.45744200068293,128,8382.863634000387,
1906,short,190.7185539985221,128,8382.447123998645,
1907,short,187.22495099973457,128,8381.509828999697,
1908,short,186.9523900004424,128,8381.526484999995,
1909,short,188.8397269995039,128,8382.354052000665,
1910,short,188.56698799936567,128,8382.616847000463,
1913,short,186.71762800113356,128,8382.245913000588,
1912,short,188.21885000033944,128,8382.727608001005,
1911,short,188.40826099949481,128,8383.175449000191,
1914,short,187.78801500047848,128,8382.766955999614,
1916,short,193.73797200023546,128,8374.444934999701,
1915,short,193.8453689999733,128,8378.224304000469,
1918,short,192.7800550001848,128,8376.256259998627,
1917,short,192.26523299948894,128,8376.724219999232,
1919,short,188.51596800050174,128,8375.27607300035,
1969,short,171.0586940007488,128,8139.447540999754,
1970,short,170.97833499974513,128,8140.308519001337,
1971,short,170.81505699934496,128,8139.96300799954,
1972,short,170.67857400070352,128,8139.936603000024,
1973,short,169.4085119997908,128,8138.818982000885,
1974,short,166.68199999912758,128,8138.984990999234,
1975,short,166.4700700002868,128,8138.87781899939,
1976,short,166.2284459998773,128,8138.731528999415,
1977,short,165.46542499963834,128,8138.148919000741,
1978,short,167.16135299975576,128,8138.164853999115,
1979,short,164.94598500139546,128,8136.0724800015305,
1980,short,162.3723280008562,128,8137.131892999605,
1981,short,162.2009929997148,128,8137.157134999143,
1968,short,170.47891999936837,128,8145.588007999322,
1982,short,162.33425500104204,128,8137.241938000443,
1983,short,163.75710499960405,128,8137.355550999928,
1984,short,162.19370199905825,128,8135.866239999814,
1986,short,170.94296300092537,128,8141.645043000608,
1987,short,171.3007819998893,128,8142.530650999106,
1988,short,171.16076800084556,128,8142.594026001461,
1989,short,170.72550099874206,128,8142.3649589996785,
1990,short,170.37032999905932,128,8142.29228899967,
1991,short,170.01473699929193,128,8142.1418900008575,
1985,short,174.4228830011707,128,8146.401859999969,
1992,short,170.43641199961712,128,8143.242319998535,
1993,short,170.13450999911583,128,8143.191700999523,
1994,short,169.9105999996391,128,8143.14227199975,
1995,short,169.66707100073108,128,8143.084885999997,
1996,short,168.79432599853317,128,8142.396301998815,
1997,short,168.47334299927752,128,8142.258865998883,
1998,short,168.2319869996718,128,8142.229569999472,
1999,short,167.56499700022687,128,8141.762551000284,
2001,short,179.60942299941962,128,8147.123820999695,
2002,short,180.42834399966523,128,8147.241171000132,
2003,short,180.20284100020945,128,8147.25923199876,
2004,short,177.52910800118116,128,8147.081680001065,
2005,short,176.4606079996156,128,8147.1850689995335,
2006,short,178.09264899915433,128,8146.981670999594,
2007,short,177.8427079989342,128,8147.047803999158,
2008,short,176.51495000063733,128,8147.080320000896,
2009,short,177.4141320001945,128,8147.042950000468,
2010,short,177.18762599906768,128,8147.004668999216,
2000,short,181.92264400022395,128,8152.300064000883,
2012,short,181.21428199992806,128,8146.52039000066,
2011,short,183.40744099987205,128,8150.334142999782,
2013,short,179.78161899918632,128,8148.329457999353,
2014,short,180.36557599953085,128,8148.366387000351,
2015,short,180.14181799844664,128,8148.373880998406,
2016,short,179.9402389988245,128,8310.097719999249,
2017,short,178.67567800021789,128,8310.014311000486,
2018,short,178.76668100143434,128,8310.083616001066,
2019,short,178.48478299856652,128,8309.991796999384,
2020,short,178.39742100113654,128,8310.117160001028,
2021,short,177.93246200017165,128,8309.83318700055,
2022,short,175.8400980015722,128,8310.1177740009,
2023,short,175.73464099950797,128,8310.12422599997,
2024,short,175.62833699957991,128,8310.126246000436,
2025,short,175.30371400061995,128,8309.979514999213,
2026,short,176.68662600044627,128,8310.11952299923,
2027,short,175.411203999829,128,8309.003063999626,
2028,short,173.3437579987367,128,8309.986233998643,
2029,short,173.18666100072733,128,8310.017316000085,
2030,short,173.03205999996862,128,8310.019259999535,
2031,short,173.39064000043436,128,8309.901254999204,
2032,short,174.1245640005218,128,8310.07794099969,
2034,short,178.03877300138993,128,8314.12235300013,
2035,short,178.71513899990532,128,8315.205887000047,
2036,short,178.61355199966056,128,8315.298729999995,
2037,short,178.25331399944844,128,8315.128146999996,
2038,short,178.00237299888977,128,8315.117017999,
2039,short,177.7535519995581,128,8314.990970999133,
2033,short,181.71477499890898,128,8318.56359899939,
2040,short,177.75873099890305,128,8314.789537000252,
2041,short,177.57631600034074,128,8314.772399000503,
2042,short,177.34539000048244,128,8314.817861000847,
2043,short,177.19218199999887,128,8314.833902999453,
2044,short,177.01648799993563,128,8314.8364209992,
2045,short,176.84081900006277,128,8314.839558999665,
2046,short,176.601617000415,128,8314.777003999552,
2047,short,176.44509700039634,128,8315.27344099959,
2049,short,184.2821650006954,128,8313.308393000625,
2048,short,186.58037700151908,128,8314.170476000072,
2050,short,185.90315400069812,128,8313.762261999727,
2051,short,185.71508700006234,128,8313.801655998759,
2052,short,181.21005799912382,128,8313.507048998872,
2053,short,180.95820300004561,128,8313.606083000195,
2054,short,183.75528199976543,128,8313.556581999364,
2055,short,183.53926400050113,128,8313.603773000068,
2056,short,181.54391499956546,128,8313.660498999525,
2057,short,183.20497400054592,128,8313.661750000392,
2058,short,182.59665600089647,128,8313.229692999812,
2060,short,188.23924999924202,128,8315.806089000034,
2061,short,188.17597599991132,128,8317.34741299988,
2062,short,186.0158469989983,128,8317.369603999396,
2063,short,187.00696399901062,128,8317.371765000644,
2059,short,190.3641669996432,128,8320.568969000306,
2065,short,186.0170689997176,128,8462.954014001298,
2066,short,185.7106660008867,128,8462.987081000392,
2067,short,186.68909599909966,128,8464.186466000683,
2068,short,185.66841200117778,128,8464.101561001371,
2069,short,185.56906699996034,128,8464.25606000048,
2070,short,185.11876800039317,128,8463.982276000024,
2071,short,183.1603829996311,128,8464.278401999763,
2072,short,183.05439699906856,128,8464.28276000006,
2073,short,182.94982599945797,128,8464.281868000398,
2074,short,182.62544100070954,128,8464.132918999894,
2075,short,183.87424999855284,128,8464.271763999932,
2076,short,182.70219300029567,128,8463.251295999726,
2077,short,180.76787799873273,128,8463.437393998902,
2078,short,180.6133360005333,128,8463.437567001165,
2079,short,180.45083899960446,128,8463.45356799975,
2080,short,180.72801400012395,128,8463.340471000265,
2064,short,187.200757998653,128,8469.793995000146,
2082,short,182.26802600111114,128,8463.475062000725,
2083,short,182.79332899874134,128,8464.649079998708,
2084,short,182.70773599942913,128,8464.76679800071,
2085,short,182.34173800010467,128,8464.590452000266,
2086,short,182.07798699950217,128,8464.557145000072,
2087,short,182.61464900024293,128,8464.507434000552,
2081,short,186.15041600060067,128,8468.13126899906,
2088,short,182.7909740004543,128,8464.944654000647,
2089,short,182.61167200034834,128,8464.941471000202,
2090,short,182.40488799892773,128,8464.886342999307,
2091,short,182.16611100069713,128,8464.872044000003,
2092,short,182.0100850000017,128,8464.870722000342,
2093,short,181.83086499993806,128,8464.865637999537,
2094,short,181.65405199943052,128,8464.8611169996,
2095,short,180.94640100025572,128,8464.32582899979,
2096,short,191.8857989985554,128,8470.15004899913,
2097,short,189.87610899966967,128,8470.0971630009,
2098,short,191.23188100093103,128,8470.104617999823,
2099,short,191.00323700149602,128,8470.129454000926,
2100,short,190.02933900083008,128,8469.374356000117,
2101,short,186.56407100024808,128,8469.95147600137,
2102,short,186.36249899827817,128,8470.116614998915,
2103,short,189.00200100142683,128,8470.113503000903,
2104,short,188.78555400078767,128,8470.17471899926,
2105,short,187.00455599901034,128,8470.238236999649,
2106,short,188.4548320012982,128,8470.244100000855,
2108,short,190.85418899885553,128,8462.14931599934,
2107,short,192.8763110008731,128,8465.702809000504,
2109,short,190.774844999396,128,8463.906217999465,
2110,short,188.73623000035877,128,8463.906651999423,
2111,short,189.32972999937192,128,8463.603697000508,
1920,long,199.22082699849852,512,32916.82234499967,
1922,long,186.49304099926667,512,32909.140383000704,
1921,long,200.2057360004983,512,32921.83154200029,
1924,long,201.71283399940876,512,32915.79459499917,
1925,long,201.78043600026285,512,32916.37788499975,
1926,long,198.43836099971668,512,32913.27910000109,
1923,long,212.9670829999668,512,32921.475516999635,
1928,long,191.21082299898262,512,32920.26351700042,
1929,long,189.06667800001742,512,32918.63292600101,
1927,long,193.40822300000582,512,32923.900809999395,
1931,long,172.60808700120833,512,32905.275249000624,
1930,long,179.01455799983523,512,32912.50480399867,
1933,long,192.01675200019963,512,32921.10628699993,
1934,long,192.14569999894593,512,32921.14813399894,
1935,long,191.23308300004283,512,32920.71714700069,
1932,long,194.76761600162718,512,32924.80634000094,
1936,long,192.1992349998618,512,32921.39527099971,
1937,long,193.86600200050452,512,32922.44270300034,
1938,long,197.8361630008294,512,32924.991014000625,
1940,long,188.8982689997647,512,32924.6533860005,
1941,long,189.4397989999561,512,32925.53843099995,
1942,long,187.15602600059356,512,32923.6511600011,
1939,long,193.87983699925826,512,32930.2493539999,
1943,long,172.57118199995602,512,32930.64995300119,
1944,long,251.81744400106254,512,32994.52332400142,
1945,long,251.49990700083436,512,32994.67899699994,
1946,long,251.1525680001796,512,32994.69161600064,
1947,long,250.51368799904594,512,32994.36477299969,
1948,long,250.74380799924256,512,32994.61152299955,
1949,long,250.35631399987324,512,32994.545138999456,
1950,long,250.08779000017967,512,32994.61661699934,
1951,long,247.94987099994614,512,32993.81757400079,
1953,long,189.71011200119392,512,32935.397530000046,
1954,long,189.38675400022476,512,32935.60118000096,
1952,long,191.65114700081176,512,32938.30641000022,
1956,long,187.65725099910924,512,32934.68951899922,
1957,long,184.96097200113581,512,32932.44010000126,
1955,long,191.7097459991055,512,32939.46332399901,
1958,long,194.1497529987828,512,32940.35274899943,
1960,long,170.82973800097534,512,32907.424245000584,
1959,long,174.00929299947165,512,32911.37084699949,
1961,long,187.33407699983218,512,32928.51264900128,
1962,long,186.47812499875727,512,32927.280294999946,
1964,long,192.08750300094835,512,32928.36495099982,
1965,long,191.72485600029177,512,32928.33871000039,
1966,long,190.63820100018347,512,32927.604951999456,
1967,long,190.23311100136198,512,32927.49613900014,
1963,long,194.08264599951508,512,32931.162945000324,
2113,short,186.83135900027992,128,8379.726569999548,
2114,short,185.44978899990383,128,8379.561648000163,
2115,short,186.23780199959583,128,8379.610113001036,
2116,short,185.49030299982405,128,8379.543049000858,
2117,short,185.37499500052945,128,8379.638401000193,
2118,short,184.91684400032682,128,8379.343268999946,
2119,short,182.6065440000093,128,8379.63481999941,
2120,short,182.50352200084308,128,8379.643091999242,
2121,short,182.70421700071893,128,8379.660446000344,
2122,short,182.84776300060912,128,8379.513858000792,
2123,short,183.68941500011715,128,8379.68329099931,
2124,short,183.3171480011515,128,8379.481571000724,
2125,short,181.05884199940192,128,8380.524712998522,
2126,short,180.88256000010006,128,8380.547340999328,
2127,short,180.65813500106742,128,8380.48426000023,
2128,short,181.34619100055716,128,8380.4769569997,
2112,short,187.5304139994114,128,8387.061213999914,
2130,short,180.8263340008125,128,8373.656695001046,
2131,short,181.57735000022512,128,8374.36395900113,
2132,short,181.51249900074617,128,8374.686020000809,
2133,short,181.15825799941376,128,8374.635841999407,
2134,short,180.90933400162612,128,8375.087676000476,
2135,short,180.7550520006771,128,8375.583587001529,
2129,short,184.27740600054676,128,8379.677582999648,
2136,short,180.88744299893733,128,8376.836112000092,
2137,short,180.7106099986413,128,8376.956864998647,
2138,short,180.53568899995298,128,8377.098459999615,
2139,short,180.37934199855954,128,8377.20841800001,
2140,short,180.15751100028865,128,8377.337441001146,
2141,short,180.004949999784,128,8377.461174999553,
2142,short,179.8327150008845,128,8380.746345999796,
2143,short,179.96746899916616,128,8380.7946550005,
2145,short,188.05045599947334,128,8366.432345999783,
2146,short,186.69653800134256,128,8366.51507500028,
2147,short,187.52749300074356,128,8366.75018599999,
2148,short,187.29839300067397,128,8367.029082000954,
2149,short,186.30992299949867,128,8366.440767000313,
2150,short,181.16757400093775,128,8366.296172000148,
2151,short,181.13292799898773,128,8366.749175998848,
2152,short,185.23235000066052,128,8366.749062000963,
2153,short,185.01386999923852,128,8367.625638999016,
2154,short,183.78291400040325,128,8368.008051000288,
2144,short,188.32739999925252,128,8376.118203999795,
2156,short,193.94735600144486,128,8368.224842000927,
2155,short,195.8052329991915,128,8371.731717999864,
2157,short,193.7647670001752,128,8369.982569998683,
2158,short,193.53076399966085,128,8369.98799200046,
2159,short,192.58780800009845,128,8369.96247999923,
2209,short,175.929578999785,128,8128.843484000754,
2210,short,175.64433500047016,128,8128.8931270009925,
2211,short,175.6616579987167,128,8129.914384999211,
2212,short,175.370398999803,128,8129.871596000157,
2213,short,175.59635600082402,128,8129.971889000444,
2214,short,175.14551199928974,128,8129.683836999902,
2215,short,172.7804929996637,128,8129.976996999176,
2216,short,172.67581700070878,128,8129.983480001101,
2217,short,173.55829699954484,128,8129.9904369989235,
2218,short,173.21671199897537,128,8129.83401999918,
2219,short,173.85474799993972,128,8129.981743000826,
2220,short,172.65619700083334,128,8128.955060001317,
2221,short,170.31421499996213,128,8129.152020001129,
2222,short,170.15687200000684,128,8129.177496999546,
2223,short,170.00830199867778,128,8129.193555998427,
2224,short,170.14584400021704,128,8128.419488000873,
2208,short,177.48506200041447,128,8137.053066999215,
2226,short,174.8004380006023,128,8129.131911000513,
2227,short,175.275937999686,128,8130.11063399972,
2228,short,175.61608300093212,128,8130.119507000927,
2229,short,174.83049600014056,128,8129.464630999792,
2230,short,174.39695800021582,128,8129.039859999466,
2231,short,174.66287500064936,128,8128.606285999922,
2232,short,175.00987600033113,128,8128.385555999557,
2233,short,174.93213000125252,128,8128.419160000703,
2234,short,174.67110799952934,128,8128.2974160003505,
2235,short,174.4274899992888,128,8128.196015999492,
2236,short,174.1775709997455,128,8128.069734999372,
2237,short,173.94245399918873,128,8127.959597000881,
2238,short,170.53944600047544,128,8124.678558999221,
2239,short,170.37588099992718,128,8124.68616499973,
2225,short,181.66932700114558,128,8136.406180999984,
2241,short,184.1313259992603,128,8136.114594999526,
2242,short,181.56735499906063,128,8135.91761600037,
2243,short,183.14110500068637,128,8135.673726001187,
2244,short,182.743802000914,128,8135.524072000408,
2245,short,182.45217000003322,128,8136.190167000677,
2246,short,178.2826960006787,128,8135.673524000595,
2247,short,178.05581700122275,128,8135.75775100071,
2248,short,180.2369599990925,128,8134.906862000207,
2249,short,179.69960499976878,128,8134.636226999646,
2250,short,173.31253199881758,128,8130.746212000304,
2240,short,183.73091300054512,128,8141.223090000494,
2252,short,183.68366899994726,128,8132.163975000367,
2253,short,183.56492099883326,128,8135.75284199942,
2254,short,183.33536300087871,128,8135.815792000358,
2255,short,183.11809000078938,128,8135.800210000525,
2251,short,185.31430099938007,128,8139.486206999209,
2257,short,182.57843899846193,128,8290.647759999047,
2258,short,181.28412999976717,128,8289.804275000279,
2259,short,181.29267000040272,128,8290.09333400063,
2260,short,181.00687399964954,128,8290.109326000675,
2261,short,180.89005399997404,128,8290.507056999559,
2262,short,180.42388299909362,128,8290.317487999346,
2263,short,178.6208280009305,128,8291.366178000317,
2264,short,178.52391499945952,128,8291.513438000038,
2265,short,179.21523599943612,128,8291.619098999945,
2266,short,178.87660000087635,128,8291.578586000469,
2256,short,182.79753899878415,128,8296.05660499874,
2267,short,179.12063299991132,128,8292.34918200018,
2268,short,178.73491200043645,128,8292.272235001292,
2269,short,176.95845199887117,128,8295.610660999955,
2270,short,176.80026500056556,128,8295.637474000614,
2271,short,176.64620899995498,128,8295.643137000297,
2272,short,175.91888600145467,128,8294.178706000821,
2274,short,177.36126699855959,128,8292.374605000077,
2275,short,177.72031999993487,128,8293.099225998958,
2276,short,177.63273600030516,128,8293.454786000439,
2277,short,177.1495920002053,128,8293.283985000016,
2278,short,176.89373299981526,128,8293.74431999895,
2279,short,178.179041000476,128,8294.198859999597,
2280,short,178.11712700131466,128,8294.771767001293,
2281,short,177.97157099994365,128,8295.074947998728,
2282,short,177.77472400121042,128,8295.175302000644,
2283,short,177.59560800004692,128,8295.281643000635,
2284,short,177.41726599888352,128,8295.400108998365,
2285,short,177.24030099998345,128,8295.553935000498,
2286,short,177.01397000018915,128,8295.615225000802,
2287,short,175.8105250009976,128,8295.544450000307,
2273,short,182.23819700142485,128,8302.482881001197,
2289,short,183.89151900009892,128,8290.353570000661,
2290,short,181.97465599951101,128,8290.425040000628,
2291,short,183.3829440001864,128,8290.459432000716,
2292,short,182.42226499933167,128,8289.763901000697,
2293,short,182.19301700082724,128,8289.754198000082,
2294,short,178.7032279989944,128,8290.373095998802,
2295,short,178.50324000028195,128,8290.535469999668,
2296,short,181.20223000005353,128,8290.52157300066,
2297,short,180.78555400097684,128,8290.380418000495,
2298,short,178.02915699940058,128,8289.490793998993,
2288,short,184.51515900051163,128,8294.857730999865,
2300,short,183.786694000446,128,8291.501797999445,
2301,short,183.6621260008542,128,8293.0539150002,
2302,short,183.46341899996332,128,8293.135956000697,
2303,short,182.35946000095282,128,8292.226864999975,
2299,short,187.52543200025684,128,8299.887592000232,
2305,short,184.82828500054893,128,8451.587163999648,
2306,short,184.29854700116266,128,8451.414111999838,
2307,short,184.24968399995123,128,8451.453625000795,
2308,short,183.67632800072897,128,8451.11694300067,
2309,short,183.45181500080798,128,8451.153236001119,
2310,short,182.52860299980966,128,8450.14674900085,
2311,short,180.27909200100112,128,8450.511770999583,
2312,short,180.0548829996842,128,8451.70022899947,
2313,short,180.64378499911982,128,8451.68007599932,
2314,short,180.17149299885205,128,8451.444356000138,
2315,short,179.69572299989522,128,8451.263569999355,
2316,short,179.80901899863966,128,8451.230001999647,
2317,short,176.28094900101132,128,8447.90359200124,
2318,short,174.48136300117767,128,8448.177283000405,
2319,short,174.32429299879004,128,8448.215852999056,
2320,short,174.17186599959678,128,8448.251052999694,
2304,short,187.3612570016121,128,8459.061908000876,
2322,short,180.29940000087663,128,8453.584179000245,
2323,short,180.69530700086034,128,8454.478854000627,
2324,short,180.48932800047623,128,8454.482147999443,
2325,short,179.64846100039722,128,8453.833904999556,
2326,short,178.94781900031376,128,8453.358357999605,
2327,short,178.3321960010653,128,8452.799288999813,
2321,short,183.72729099974094,128,8457.78396300011,
2328,short,178.6564570011251,128,8452.959161000763,
2329,short,178.41158999908657,128,8452.91829099915,
2330,short,178.12718100140046,128,8452.854206001575,
2331,short,177.8302939983405,128,8452.744999998686,
2332,short,177.49978299980285,128,8452.632975000597,
2333,short,177.21256999902835,128,8452.533223999126,
2334,short,176.07862299882981,128,8451.578745000006,
2335,short,175.39811200003896,128,8451.075334000052,
2337,short,194.6207080000022,128,8458.09007400021,
2338,short,190.85842999993474,128,8458.122219999495,
2339,short,194.09789699966495,128,8458.125223000025,
2340,short,193.87971200012544,128,8458.154756001022,
2341,short,192.87502499901166,128,8457.37387400004,
2342,short,186.45647700031986,128,8457.935985999939,
2343,short,186.44523600050888,128,8458.10733899998,
2344,short,191.8197049999435,128,8458.081583999956,
2345,short,191.60555800044676,128,8458.173203000115,
2346,short,188.00496999938332,128,8457.819848999861,
2336,short,195.2594729991688,128,8462.60011800041,
2348,short,185.48901400026807,128,8453.847679000319,
2349,short,185.3210779991059,128,8455.115251999814,
2350,short,185.119678000774,128,8455.173805999948,
2351,short,183.0121839993808,128,8453.266980999615,
2347,short,187.549845999456,128,8458.850080000047,
2160,long,196.718557001077,512,32859.82084100033,
2162,long,195.02277900028275,512,32853.32091700002,
2161,long,202.63977899958263,512,32859.76276200017,
2164,long,199.07889699970838,512,32856.64347999955,
2165,long,199.08898699941346,512,32857.22066299968,
2166,long,195.9083149995422,512,32854.434639999454,
2163,long,204.2578400014463,512,32862.398664001375,
2168,long,193.96520299960684,512,32860.0879429996,
2169,long,191.87414000043646,512,32858.54157200083,
2167,long,196.32305600134714,512,32863.9350579997,
2171,long,186.47363300078723,512,32862.064582999665,
2170,long,190.15021399900434,512,32869.54271799914,
2173,long,191.68099200032884,512,32854.95848900064,
2174,long,191.23472499995842,512,32855.064509998556,
2175,long,190.47974500062992,512,32854.835688000094,
2172,long,193.05250700017496,512,32858.28559000038,
2176,long,194.35256299948378,512,32858.894513999985,
2177,long,196.39692700002342,512,32859.387264999896,
2178,long,199.22692799991637,512,32857.69646500012,
2180,long,195.78461899982358,512,32859.521588999996,
2181,long,196.35511600063182,512,32860.408417000144,
2182,long,194.1522149991215,512,32858.57443100031,
2179,long,205.0435009987268,512,32865.53906900008,
2183,long,180.18461499923433,512,32853.818124998725,
2184,long,166.9585889994778,512,32862.32512500101,
2185,long,234.65015699912328,512,32920.753745000184,
2186,long,234.32805700031167,512,32920.89703499914,
2187,long,234.01848299909034,512,32920.894013999714,
2188,long,233.404167000117,512,32920.56148300071,
2189,long,233.65863100116258,512,32920.79510199983,
2190,long,233.26357400037523,512,32921.598565999375,
2191,long,232.38101100105268,512,32920.62587500004,
2192,long,231.74568399917916,512,32920.255234999786,
2193,long,231.96871700019983,512,32920.08962299951,
2194,long,231.57488699871465,512,32920.12684600013,
2196,long,241.12635999881604,512,32931.34087699946,
2197,long,237.86638399906224,512,32928.95279599907,
2198,long,181.09505599932163,512,32873.09916999948,
2195,long,246.81944199983263,512,32939.242598999044,
2200,long,186.24901300063357,512,32891.07486600005,
2199,long,190.1967230005539,512,32900.092408001,
2202,long,175.31920700093906,512,32858.89268500068,
2201,long,177.3653549989831,512,32867.30102399997,
2203,long,181.56103399996937,512,32851.05067100085,
2204,long,181.93351899935806,512,32851.215798998965,
2205,long,181.57086199971673,512,32851.14366099879,
2206,long,181.26577100156283,512,32851.107370001046,
2207,long,179.9771670011978,512,32850.07163500086,
2353,short,188.2018859996606,128,8370.645777999016,
2354,short,187.85197299985157,128,8371.559760998935,
2355,short,188.54717899921525,128,8371.627788999831,
2356,short,188.2167310013756,128,8371.514673001002,
2357,short,188.06807900000422,128,8371.615255000506,
2358,short,187.39762799850723,128,8371.119800000088,
2359,short,183.68097999882593,128,8370.10307699893,
2360,short,183.47442500089528,128,8370.00732100023,
2361,short,184.0456150002865,128,8369.955038999251,
2362,short,183.75233200094954,128,8369.832130001669,
2363,short,183.4570069986512,128,8369.77171899889,
2364,short,184.35231600051338,128,8369.789517000754,
2365,short,183.8875960002042,128,8369.479652001246,
2366,short,181.4855360007641,128,8371.910578000097,
2367,short,181.258020000314,128,8371.874837999712,
2368,short,180.65960300009465,128,8371.434398999554,
2352,short,189.9634410001454,128,8378.92464200013,
2370,short,187.96473200018227,128,8362.6196289988,
2371,short,188.3469469994452,128,8363.287115000276,
2372,short,188.2106869998097,128,8363.366395000412,
2373,short,187.84862499887822,128,8363.196992999292,
2374,short,187.56493499859062,128,8363.176913999268,
2375,short,187.39082100000815,128,8363.228108999465,
2376,short,187.65851900025154,128,8364.08801899961,
2377,short,187.41319500077225,128,8364.075850000518,
2378,short,187.21733799975482,128,8364.131270000144,
2379,short,187.023655998928,128,8364.126319998832,
2380,short,186.79594399873167,128,8364.080695999291,
2381,short,186.6009169989411,128,8364.078073998826,
2382,short,186.41385400042054,128,8364.071662999777,
2383,short,186.2279260003561,128,8364.066911000918,
2369,short,191.28007099971,128,8369.315977999577,
2385,short,187.292320000779,128,8358.01848600022,
2386,short,185.84134400043695,128,8358.062929999505,
2387,short,186.75162900035502,128,8358.07171200031,
2388,short,186.5301140005613,128,8358.776753999337,
2389,short,185.52604499927838,128,8358.038189999206,
2390,short,182.79679599982046,128,8357.77838300055,
2391,short,182.59589899935236,128,8357.828783999139,
2392,short,184.41597200035176,128,8357.67923200001,
2393,short,184.16871199951856,128,8357.830984999964,
2394,short,182.4332369997137,128,8357.559322999805,
2384,short,187.5456479992863,128,8362.975258000006,
2396,short,190.9396149985696,128,8354.77386599996,
2397,short,190.78838800123776,128,8355.99319100038,
2398,short,190.58969300022,128,8356.04520599918,
2399,short,189.49751900072442,128,8355.215390000012,
2395,short,192.67293300072197,128,8358.831688001374,
2449,short,172.57195400088676,128,8113.986338999894,
2450,short,172.2736169995187,128,8114.968073999989,
2451,short,173.3334679993277,128,8115.057250999598,
2452,short,172.61951000000408,128,8114.915091000512,
2453,short,172.49455500132171,128,8115.004602001136,
2454,short,172.04488999959722,128,8114.721906000341,
2455,short,169.65552900001057,128,8115.010483001242,
2456,short,169.5485309992364,128,8115.019451999615,
2457,short,170.20534000039333,128,8115.021302999594,
2458,short,169.9707629995828,128,8114.959507000094,
2459,short,169.7302310003579,128,8114.957231000517,
2460,short,170.62470800010487,128,8115.019202999974,
2461,short,167.9935320007644,128,8112.600136000765,
2448,short,172.7756260006572,128,8120.742933999281,
2462,short,165.63005300122313,128,8113.791010000568,
2463,short,165.47462999915297,128,8113.841946000321,
2464,short,165.02650800066476,128,8113.573561000521,
2466,short,173.07320300096762,128,8117.649088999315,
2467,short,173.66127300010703,128,8118.7124509997375,
2468,short,173.57925600117596,128,8118.816757001696,
2469,short,173.24360800012073,128,8118.670715000917,
2470,short,172.96500699922035,128,8118.619274999219,
2471,short,172.14318999867828,128,8117.82489899997,
2472,short,172.7128000002267,128,8117.906178000339,
2473,short,172.4630740009161,128,8117.88524000076,
2474,short,172.33135500100616,128,8117.956441001297,
2475,short,172.14825899827702,128,8117.956048999986,
2476,short,171.97341100109043,128,8117.959397000959,
2477,short,171.8005050006468,128,8117.996228000266,
2478,short,171.6282589986804,128,8118.0079629994,
2479,short,171.42292999960773,128,8117.980302999058,
2465,short,176.6811580000649,128,8123.973470999772,
2481,short,182.22313299884263,128,8120.746046999557,
2482,short,180.1910960002715,128,8120.788428001106,
2483,short,181.03958800020337,128,8120.137158000944,
2484,short,180.7838479999191,128,8120.135203000245,
2485,short,180.59716600146203,128,8120.165669000926,
2486,short,177.10412399901543,128,8120.019949999914,
2487,short,176.99291799908679,128,8121.101536999049,
2488,short,179.63554000016302,128,8121.026949000225,
2489,short,179.3593120000878,128,8121.013691999906,
2490,short,176.38030200032517,128,8120.013124000252,
2480,short,182.4776239991479,128,8125.565685999391,
2492,short,185.51720200048294,128,8119.713622001655,
2493,short,185.4399089988874,128,8120.988622998993,
2494,short,185.18698099978792,128,8120.977381999182,
2495,short,184.73762700159568,128,8120.720085000357,
2491,short,186.8149509991781,128,8124.614203999954,
2497,short,178.46207699949446,128,8285.65847199934,
2498,short,178.15676299869665,128,8286.802235999858,
2499,short,179.31431499891914,128,8286.974972999815,
2500,short,178.34362699977646,128,8286.924637000993,
2501,short,178.23366599986912,128,8287.0846170008,
2502,short,177.77150700021593,128,8286.825769999268,
2503,short,175.6836069998826,128,8287.271412000337,
2504,short,175.5787819984107,128,8287.32007599865,
2505,short,176.16989799898874,128,8287.35575599967,
2506,short,175.9338329993625,128,8287.33692700007,
2507,short,175.68477699933283,128,8287.374437000835,
2508,short,176.30214800010435,128,8287.513143999604,
2509,short,175.15863399967202,128,8286.574394000127,
2510,short,173.04018600043491,128,8287.767765999888,
2511,short,172.83289399892965,128,8287.774384998556,
2512,short,172.6556370012986,128,8287.796997999976,
2496,short,180.46544199933123,128,8295.104030999937,
2514,short,177.4782000011328,128,8287.966556001265,
2515,short,178.07317299957504,128,8288.232490000155,
2516,short,177.9885079995438,128,8289.50041799908,
2517,short,177.63828100032697,128,8289.394583000103,
2518,short,177.4195880007028,128,8289.471233001677,
2519,short,177.40401499941072,128,8289.545716999783,
2513,short,181.08442000084324,128,8292.930804000207,
2520,short,177.8709579994029,128,8289.939565000168,
2521,short,177.64790900037042,128,8289.95649100034,
2522,short,177.5340940002934,128,8290.073326999845,
2523,short,177.35865999929956,128,8290.33339200032,
2524,short,177.1507630000997,128,8290.367281999352,
2525,short,176.96928300028958,128,8290.4166240005,
2526,short,176.79352699997253,128,8290.46651599856,
2527,short,176.05679000007513,128,8289.952256998731,
2529,short,185.3361590001441,128,8288.261326999418,
2530,short,183.46152099911706,128,8288.34178299985,
2531,short,184.81776200133027,128,8288.416926001446,
2532,short,184.60155999855488,128,8288.50850299932,
2533,short,184.4202120009868,128,8289.421199000572,
2534,short,180.11079099960625,128,8288.397906999307,
2535,short,179.86968600052933,128,8288.512578999871,
2536,short,182.48941599995305,128,8288.54909599977,
2537,short,182.26948699884815,128,8288.633718999336,
2538,short,179.7697829988465,128,8288.012824999896,
2528,short,185.5870170002163,128,8293.950850998954,
2540,short,190.39656600034505,128,8290.075343000353,
2541,short,190.31798600008187,128,8291.644805000033,
2542,short,190.1280920010322,128,8291.727961001016,
2543,short,188.75306300105876,128,8290.670706001038,
2539,short,191.78872800148383,128,8296.163147000698,
2545,short,183.46209300034388,128,8442.934159000288,
2546,short,183.1469040007505,128,8442.90794600056,
2547,short,183.44607000108226,128,8444.023427000502,
2548,short,183.55695900027058,128,8444.014832000903,
2549,short,183.4931659996073,128,8444.074903998626,
2550,short,182.88834400118503,128,8443.64232100088,
2551,short,180.04301299879444,128,8443.92388399865,
2552,short,179.91647599956195,128,8443.918457000109,
2553,short,180.68610600130341,128,8443.952528001319,
2554,short,180.40624800050864,128,8443.861637999362,
2555,short,180.04914300036035,128,8443.772235999859,
2556,short,181.12499800008663,128,8443.791489000432,
2557,short,179.7481699995842,128,8442.561994999778,
2558,short,176.88732399983564,128,8442.693875998884,
2559,short,176.6829719999805,128,8442.689045999941,
2560,short,175.62532699957956,128,8441.783220998332,
2544,short,186.46896199970797,128,8451.189481000256,
2562,short,179.55441599951882,128,8442.883824998717,
2563,short,178.75851900134876,128,8442.88031400174,
2564,short,178.57352000100946,128,8443.014399001186,
2565,short,178.145988000324,128,8442.790916000376,
2566,short,177.84357500022452,128,8442.748597999525,
2567,short,177.62948500057973,128,8442.701932001,
2568,short,177.93321700082743,128,8442.846870000722,
2569,short,177.66651299825753,128,8442.775013998471,
2570,short,177.37578800006304,128,8442.686030000914,
2571,short,176.95848399853276,128,8442.500220999136,
2572,short,176.7094239985454,128,8442.44253099896,
2573,short,176.46945300111838,128,8442.38888200016,
2574,short,176.23590199946193,128,8442.338349999773,
2575,short,176.00551600116887,128,8442.290918001163,
2561,short,182.08729899924947,128,8449.438456998905,
2577,short,188.75709799976903,128,8445.38095200005,
2578,short,187.4078670007293,128,8445.370008999816,
2579,short,188.1082170002628,128,8445.34356999975,
2580,short,187.00655700013158,128,8444.499338000242,
2581,short,186.7530790004821,128,8445.231965999483,
2582,short,183.73477900058788,128,8445.023047001087,
2583,short,183.82555600146588,128,8445.085806000861,
2584,short,185.60314199930872,128,8445.033759999205,
2585,short,185.3103520006698,128,8445.005428000513,
2586,short,182.88661800033879,128,8443.829612000627,
2576,short,189.0434360011568,128,8450.30016200144,
2588,short,194.19362999906298,128,8445.603172998744,
2589,short,194.08664999900793,128,8447.035197999867,
2590,short,193.77054500000668,128,8446.968983998886,
2591,short,191.70805099929566,128,8445.097683999848,
2587,short,195.8637079987966,128,8450.96242299951,
2400,long,195.1323860012053,512,32808.30237800001,
2402,long,199.2547129993909,512,32804.92111300009,
2401,long,205.9225070006505,512,32811.18771799993,
2404,long,204.8743370014563,512,32808.62750900087,
2405,long,204.8204570000962,512,32809.253145000184,
2406,long,201.6743080002925,512,32806.40633999974,
2403,long,216.0900139988371,512,32814.83458099865,
2408,long,188.50996699984535,512,32803.79591500059,
2409,long,186.26318700080446,512,32802.12546800067,
2407,long,190.89965900093375,512,32807.87349599996,
2411,long,178.1520360000286,512,32797.217695000654,
2410,long,184.7203540000919,512,32805.13383200014,
2413,long,203.72918599969125,512,32808.36043899944,
2414,long,203.73174700034724,512,32808.468938999795,
2415,long,202.64609699916036,512,32807.79547900056,
2412,long,205.7287619991257,512,32811.355993999314,
2416,long,193.04292800006806,512,32809.231203998934,
2417,long,199.3037970005389,512,32804.9889089998,
2418,long,202.39932500044233,512,32814.011939999546,
2420,long,195.48642200061295,512,32801.23426400132,
2421,long,195.83853000040108,512,32802.26092799967,
2422,long,193.0351339997287,512,32799.89659400053,
2419,long,200.89603499945952,512,32807.36682799943,
2423,long,202.90631300122186,512,32802.404395999474,
2424,long,202.14222899994638,512,32797.94908200165,
2425,long,181.09117400126706,512,32799.459191001006,
2436,long,239.68285800037847,512,32866.918642999735,
2437,long,235.05453699908685,512,32862.348408998514,
2426,long,304.80308500045794,512,32932.863762000125,
2427,long,304.7344040005555,512,32932.96891400132,
2428,long,304.5166510000854,512,32933.007203999296,
2429,long,303.98484599936637,512,32932.72499200066,
2430,long,303.5442429991235,512,32932.15835999945,
2431,long,303.28825200012943,512,32932.11798599987,
2432,long,303.20640799982357,512,32932.22667900045,
2433,long,302.78496900064056,512,32932.018292000066,
2434,long,302.7672280004481,512,32932.91767700066,
2435,long,245.89660600031493,512,32875.59324100039,
2438,long,239.14655199951085,512,32868.818662000194,
2440,long,207.24348400108283,512,32843.85574599946,
2442,long,170.6931929984421,512,32807.68236499898,
2439,long,219.72405899941805,512,32854.495829998996,
2441,long,183.2361109991325,512,32818.198734999896,
2444,long,251.70226899899717,512,32873.44343099903,
2445,long,252.32315799985372,512,32873.69704199955,
2446,long,252.0638930000132,512,32873.72901600065,
2447,long,251.81028699989838,512,32873.74762699983,
2443,long,253.90582499858283,512,32876.67560299997,
2593,short,187.2812130004604,128,8305.774095000743,
2594,short,185.91643299987481,128,8304.742861000705,
2595,short,185.87655699957395,128,8305.708533998768,
2596,short,185.59273900064,128,8305.683471999146,
2597,short,185.46720299855224,128,8305.763505999494,
2598,short,184.98210399957316,128,8305.438499999582,
2599,short,183.2451440004661,128,8305.761544999768,
2600,short,183.06158300038078,128,8305.735386000379,
2601,short,183.64324400135956,128,8305.735302999892,
2602,short,183.37141499978316,128,8305.683534001219,
2603,short,183.1272400013404,128,8305.718681000144,
2604,short,183.40916799934348,128,8305.782913999792,
2605,short,183.060639001269,128,8305.598918999749,
2606,short,181.2968570011435,128,8305.743689001247,
2607,short,181.13037500006612,128,8305.728197999997,
2608,short,179.91654199977347,128,8304.66197900023,
2592,short,188.95364799936942,128,8318.020704999071,
2610,short,183.75835199913126,128,8300.172754999949,
2611,short,184.38701900049637,128,8300.876088000223,
2612,short,184.6233090000169,128,8300.977529999727,
2613,short,184.32649499845866,128,8300.808472999051,
2614,short,184.4138850010495,128,8300.773471999491,
2615,short,185.148937998747,128,8300.784158998795,
2616,short,185.66931399982423,128,8301.726982999753,
2617,short,185.5170389990235,128,8301.728650998484,
2618,short,185.40192600084993,128,8301.654213000802,
2619,short,185.50077799955034,128,8301.73978699895,
2620,short,185.38365600034012,128,8301.740086000791,
2621,short,185.26508099967032,128,8301.750115999312,
2622,short,185.14892200073518,128,8301.752704001046,
2623,short,184.57959400075197,128,8300.745575999827,
2609,short,190.5877760000294,128,8306.951460001073,
2625,short,193.44230600108858,128,8297.568537000188,
2626,short,191.4705689996481,128,8297.595168000043,
2627,short,192.90605600144772,128,8297.685971001556,
2628,short,191.9355549998727,128,8297.680093999588,
2629,short,191.70220600062748,128,8297.699136001029,
2630,short,187.96122999992804,128,8297.498183999778,
2631,short,187.91750899981707,128,8297.548119999192,
2632,short,190.7226620005531,128,8297.476227000516,
2633,short,190.5028000001039,128,8297.632013000111,
2634,short,187.75442500009376,128,8296.85328800042,
2624,short,194.0305799998896,128,8301.808298998367,
2636,short,194.97725700057345,128,8310.139295999761,
2637,short,194.89815499946417,128,8311.527375000878,
2638,short,194.70813699990686,128,8311.625008998817,
2639,short,193.396512999243,128,8310.550309999599,
2635,short,196.4540789995226,128,8315.489746999447,
2689,short,193.05196000095748,128,8125.538054000572,
2690,short,191.76224100010586,128,8125.429801999417,
2691,short,192.17971000034595,128,8125.4824999996345,
2692,short,191.91029200010234,128,8125.395224999011,
2693,short,191.80705600047077,128,8125.520419000168,
2694,short,191.27395000032266,128,8125.160635001521,
2695,short,189.02995999997074,128,8125.435342999481,
2696,short,188.92383000093105,128,8125.442476000899,
2697,short,189.5609120001609,128,8125.400625000111,
2698,short,189.28324899934523,128,8125.2972679994855,
2699,short,189.0445049994014,128,8125.298830998872,
2700,short,189.7261449994403,128,8125.353735000317,
2701,short,189.37305599865795,128,8125.170110999534,
2702,short,187.1674689991778,128,8126.186666999274,
2703,short,187.019846000112,128,8126.270404000024,
2704,short,180.49012900155503,128,8119.898358001592,
2688,short,192.42941399897973,128,8132.654852999622,
2706,short,180.75369200050773,128,8125.870195999596,
2707,short,181.48557300082757,128,8127.039025999693,
2708,short,181.81659400033823,128,8127.169593999497,
2709,short,181.5233220004302,128,8127.0103360002395,
2710,short,181.63049899885664,128,8127.0091559999855,
2711,short,181.53125800017733,128,8126.261399000214,
2712,short,182.02046300029906,128,8126.398143998813,
2713,short,181.8983240009402,128,8126.410098000633,
2714,short,181.76907700035372,128,8126.3550219991885,
2715,short,181.82227599936596,128,8126.408113999787,
2716,short,181.7042210004729,128,8126.413066000168,
2717,short,181.58234200018342,128,8126.414048001607,
2718,short,181.46299100044416,128,8126.4138459991955,
2719,short,181.31034500038368,128,8126.383049000651,
2705,short,186.7821850009932,128,8131.942902000446,
2721,short,181.51510700045037,128,8129.673131001255,
2722,short,179.4242439991649,128,8129.653877998862,
2723,short,180.20366600103443,128,8128.970114999902,
2724,short,179.95441099992604,128,8128.978583999924,
2725,short,179.77903999963019,128,8129.011512999568,
2726,short,176.2867779998487,128,8129.718554000647,
2727,short,176.1613850012509,128,8129.961495000316,
2728,short,178.8077509991126,128,8129.841095998927,
2729,short,178.52126199977647,128,8129.8026149997895,
2730,short,176.4096499991865,128,8129.632426998796,
2720,short,181.6868150017399,128,8134.426486001757,
2732,short,164.6833129998413,128,8113.73039099999,
2733,short,164.56784299953142,128,8115.174220998597,
2734,short,164.34198699971603,128,8115.202618999319,
2735,short,162.95844799969927,128,8114.023453001209,
2731,short,166.63062699990405,128,8118.355753998912,
2737,short,181.7467079999915,128,8287.785204000102,
2738,short,181.44274299993413,128,8287.914366999757,
2739,short,182.64954000005673,128,8288.236189999225,
2740,short,181.43477800003893,128,8288.238700000875,
2741,short,181.63965600069787,128,8288.63662799995,
2742,short,181.17702400013513,128,8288.451383999927,
2743,short,178.82141299924115,128,8295.466662999388,
2744,short,178.74537199895713,128,8295.534254999438,
2745,short,178.56662499980303,128,8295.550282999102,
2746,short,179.15947399887955,128,8295.490040000004,
2747,short,178.91229199994996,128,8295.480130000215,
2748,short,179.42047999895294,128,8295.544567999968,
2749,short,178.5610059996543,128,8294.527919000757,
2750,short,176.14169899934495,128,8294.641747999776,
2751,short,175.9820019997278,128,8294.637102000706,
2752,short,175.19222200098739,128,8293.970350001473,
2736,short,184.22296599965193,128,8301.313785001184,
2754,short,176.72585299987986,128,8289.801480999813,
2755,short,177.60915599865257,128,8290.754987998298,
2756,short,177.53465400164714,128,8290.870945000279,
2757,short,177.17839499891852,128,8290.702409000005,
2758,short,176.9211920000089,128,8290.667428000233,
2759,short,176.87728999953833,128,8290.669144000276,
2760,short,176.88142599945422,128,8290.799016000165,
2761,short,176.66850500063447,128,8290.78225199919,
2762,short,176.4524980007991,128,8290.750108000793,
2763,short,176.3221399996837,128,8291.485993999231,
2764,short,176.14505599885888,128,8291.527217999828,
2765,short,175.96916899856296,128,8291.535244999977,
2766,short,175.7926079990284,128,8291.5369250004,
2767,short,175.55353700117848,128,8291.474536999885,
2753,short,180.97592099911708,128,8297.001068998725,
2769,short,185.75082100142026,128,8291.894521000359,
2770,short,183.86719499903847,128,8291.892310999174,
2771,short,185.21692099966458,128,8291.905931999281,
2772,short,184.999445998983,128,8291.933393998988,
2773,short,183.96223200034,128,8291.865458999382,
2774,short,180.35780699938186,128,8291.649044000224,
2775,short,180.1658510012203,128,8291.75130099975,
2776,short,182.92276700049115,128,8291.746028000489,
2777,short,182.7316819999396,128,8291.797157000474,
2778,short,180.28303800019785,128,8291.123786999378,
2768,short,186.02177600041614,128,8296.822038000755,
2780,short,184.11061100050574,128,8288.161286000104,
2781,short,184.01006700150901,128,8289.392522001435,
2782,short,183.8046619996021,128,8289.449042998967,
2783,short,183.11839700072596,128,8288.958594999713,
2779,short,185.66514099984488,128,8294.07068099863,
2785,short,183.11152800015407,128,8450.062552999952,
2786,short,182.60217799979728,128,8449.882573999275,
2787,short,184.48682300004293,128,8450.759939998534,
2788,short,182.4554539998644,128,8450.45933000074,
2789,short,182.21735199949762,128,8450.437700999828,
2790,short,175.03057900103158,128,8443.43655800003,
2791,short,172.80134999964503,128,8443.684144000144,
2792,short,172.67988200001128,128,8443.692721999469,
2793,short,172.49587200058158,128,8443.735560000277,
2794,short,173.01769600089756,128,8443.68363400099,
2795,short,172.7787090003403,128,8443.683612998939,
2796,short,173.52980800023943,128,8443.742147999728,
2797,short,173.18120399977488,128,8443.547432998457,
2798,short,171.0176569995383,128,8443.735827999262,
2799,short,170.86486100015463,128,8443.740437000088,
2800,short,170.327219999308,128,8443.351628000528,
2784,short,184.3678559998807,128,8457.313715000055,
2802,short,181.20376799924998,128,8450.606598999002,
2803,short,181.8299360002129,128,8451.669506999679,
2804,short,181.74811099925137,128,8451.789259999714,
2805,short,181.40031800066936,128,8451.62751099997,
2806,short,181.17998399975477,128,8451.63175900052,
2807,short,181.14570199941227,128,8451.648496000416,
2808,short,181.1518739996245,128,8451.785021999967,
2809,short,180.9427999996842,128,8451.75659599954,
2810,short,180.04637699959858,128,8451.049003000662,
2811,short,180.28351000066323,128,8451.069142000051,
2812,short,180.10409099952085,128,8451.068821001172,
2813,short,179.92609800057835,128,8451.082124000095,
2814,short,179.74988899914024,128,8451.083329999165,
2815,short,179.2115449989069,128,8451.28472399847,
2801,short,184.947147999992,128,8457.232712000405,
2817,short,188.15809599982458,128,8454.732131000128,
2818,short,186.150120000093,128,8454.767856001126,
2819,short,187.64964000001783,128,8454.788893001023,
2820,short,186.67858200024057,128,8454.81805000054,
2821,short,186.45943500087014,128,8454.864147999615,
2822,short,182.98721199971624,128,8454.666645000543,
2823,short,182.79040000015812,128,8454.811540001174,
2824,short,185.49908900058654,128,8454.830021999442,
2825,short,185.3135530000145,128,8454.888606000168,
2816,short,188.64820599992527,128,8458.401341998979,
2826,short,182.35030400137475,128,8454.05421200121,
2828,short,193.0532040005346,128,8453.371326000706,
2829,short,192.9612210005871,128,8454.534577000231,
2830,short,192.76783399982378,128,8454.58183899973,
2831,short,190.63669100069092,128,8452.639716000704,
2827,short,194.40587900135142,128,8458.473967000828,
2640,long,197.30344399977184,512,32774.44204599851,
2642,long,195.8633739996003,512,32773.697231999904,
2641,long,203.12799900057144,512,32783.75377500015,
2644,long,198.50393300112046,512,32776.40936500029,
2645,long,198.39727500038862,512,32776.74102700075,
2646,long,194.79406000027666,512,32773.47264300079,
2643,long,203.1364880003821,512,32781.623488999685,
2648,long,194.24380199961888,512,32776.54722599982,
2649,long,191.93221500063373,512,32774.67988799981,
2647,long,197.3601650006458,512,32780.651998000394,
2651,long,186.66554100127541,512,32770.248119000826,
2650,long,192.05505500030995,512,32775.256464999984,
2653,long,191.87764699927357,512,32776.68739999899,
2654,long,191.53657300012128,512,32777.57584000028,
2655,long,190.79650000094261,512,32777.276353999696,
2652,long,193.32373100041877,512,32780.25832599997,
2656,long,189.0820579992578,512,32774.03941800003,
2657,long,195.56651699895156,512,32777.994051999485,
2658,long,190.50899400099297,512,32769.07714400113,
2660,long,191.28959299996495,512,32776.89269400071,
2661,long,191.5744009984337,512,32777.720286998374,
2662,long,188.7908359985886,512,32775.35263400023,
2659,long,195.9463599996525,512,32783.134399998744,
2663,long,193.59528799941472,512,32779.42313499989,
2664,long,200.6737379997503,512,32782.27180700014,
2665,long,191.87371600128245,512,32779.28763999989,
2666,long,171.65294400001585,512,32778.358481000396,
2667,long,303.91180200058443,512,32907.29126200131,
2668,long,302.79941499975394,512,32906.18646800067,
2680,long,247.57276400123374,512,32851.84100200058,
2669,long,303.37531700024556,512,32907.709443001295,
2670,long,303.3066059997509,512,32907.746611999755,
2671,long,303.05601399959414,512,32907.707979000406,
2672,long,302.44823200155224,512,32907.30948100099,
2681,long,246.26021699987177,512,32851.322861999506,
2673,long,302.96594300125435,512,32907.753379000496,
2674,long,302.69572399993194,512,32907.64820599907,
2675,long,302.56318200008536,512,32907.65176700006,
2676,long,301.1709330003214,512,32906.40576799888,
2677,long,301.24548000094364,512,32907.11039600137,
2678,long,301.9161730007909,512,32907.26876000008,
2679,long,253.90821900145966,512,32859.233166000195,
2682,long,250.16663699898345,512,32861.18025799988,
2684,long,244.01688599937188,512,32846.69906099953,
2685,long,244.28835899925616,512,32846.93806500036,
2686,long,244.07717399844842,512,32846.97088499888,
2687,long,242.61374900015653,512,32845.73212000032,
2683,long,248.34200099940063,512,32849.57179699995,
2833,short,187.4820169996383,128,8310.476971999378,
2834,short,186.28382499991858,128,8310.656190000373,
2835,short,186.84443599886436,128,8310.755638000046,
2836,short,186.55931499961298,128,8310.70992199966,
2837,short,186.4265370004432,128,8310.775960000683,
2838,short,185.9533549995831,128,8310.461091999969,
2839,short,183.70196599971678,128,8310.73196000034,
2840,short,183.5472739985562,128,8310.68836599843,
2841,short,183.35547000060615,128,8310.687466000672,
2842,short,183.85880800087762,128,8310.619836000114,
2843,short,183.62621100095566,128,8310.619391999353,
2844,short,184.4650940001884,128,8310.693331999573,
2845,short,184.11974499940698,128,8310.508938999192,
2846,short,181.88855900007184,128,8310.695579999447,
2847,short,181.72807399969315,128,8310.689952999383,
2848,short,180.13969399908092,128,8309.296260998963,
2832,short,189.0514169990638,128,8317.234447998999,
2850,short,183.67879499965056,128,8304.960204999588,
2851,short,184.37153899867553,128,8305.788542998926,
2852,short,184.58155999906012,128,8305.928361998667,
2853,short,184.28890699942713,128,8305.785073000152,
2854,short,184.41132599946286,128,8305.822334999903,
2855,short,185.149236000143,128,8305.857397999716,
2856,short,185.7098929995118,128,8305.99452000024,
2857,short,185.55549499978952,128,8305.992106999838,
2858,short,185.45618500138517,128,8305.944916000954,
2859,short,185.52029600141395,128,8306.701602999965,
2860,short,185.38522199924046,128,8306.713546000537,
2861,short,185.26476000079128,128,8306.728600000497,
2862,short,184.5779589984886,128,8306.162533999668,
2863,short,184.4225530003314,128,8306.12546300108,
2849,short,190.5129949991533,128,8312.139391000528,
2865,short,232.1193090010638,128,8298.611853000693,
2866,short,228.52939799849992,128,8298.646346998794,
2867,short,230.95132100024784,128,8297.897263000777,
2868,short,230.75355800028774,128,8297.891760999846,
2869,short,230.62592999849585,128,8297.921849998602,
2870,short,224.26513699974748,128,8298.555691000729,
2871,short,224.26788699885947,128,8298.659527999916,
2872,short,229.66692199952377,128,8298.579299998892,
2873,short,229.62143199947604,128,8298.793514999488,
2874,short,229.46603200034588,128,8298.765445000754,
2864,short,232.0260340002278,128,8303.158492000875,
2876,short,204.57630899909418,128,8294.940314999621,
2875,short,202.54433099944436,128,8298.59580899938,
2878,short,204.32676000018546,128,8297.041783000168,
2877,short,204.51455199872726,128,8301.121860999046,
2879,short,202.66488200104504,128,8299.48074999993,
2929,short,176.79811000016343,128,8083.562658999654,
2930,short,176.42240599889192,128,8084.452250999675,
2931,short,176.4569480001228,128,8084.518779000064,
2932,short,176.18459400000575,128,8084.4351230007305,
2933,short,176.07695299921033,128,8084.519902000466,
2934,short,175.62770000040473,128,8084.225152000727,
2935,short,169.57408800044504,128,8084.496821000357,
2936,short,169.6911769995495,128,8084.500273998856,
2937,short,169.57056200044462,128,8084.5132150006975,
2938,short,174.1826219986251,128,8084.460124999168,
2939,short,173.9359120001609,128,8084.443417999864,
2940,short,174.19416600023396,128,8084.498222000548,
2941,short,173.85146000015084,128,8084.321963999173,
2942,short,167.7274280009442,128,8085.286941000959,
2943,short,167.67155499837827,128,8085.312745999545,
2944,short,166.67950600094628,128,8084.366797000257,
2928,short,178.48981899987848,128,8091.86845899967,
2946,short,171.5872760014463,128,8086.185359999945,
2947,short,172.10089999935008,128,8086.923875998764,
2948,short,171.9932890009659,128,8087.237800000366,
2949,short,171.60746999979892,128,8087.266090000412,
2950,short,171.3888810008939,128,8087.787792001109,
2951,short,172.24824799995986,128,8088.839777999965,
2952,short,172.2337110004446,128,8088.99176200066,
2953,short,172.0443920003163,128,8088.993198998651,
2954,short,171.12954999902286,128,8088.272318998861,
2955,short,170.96735599989188,128,8088.305651001065,
2956,short,170.78773499997624,128,8088.348455001324,
2957,short,170.61135499898228,128,8088.368032998915,
2958,short,170.4381920008018,128,8088.374093000311,
2959,short,169.77661000055377,128,8087.905473999854,
2945,short,175.5905989994062,128,8093.932529000085,
2961,short,186.78179699963948,128,8088.852401999247,
2962,short,183.25675200139813,128,8088.95161700093,
2963,short,186.38893100069254,128,8089.0547030012385,
2964,short,186.23880399900372,128,8089.110830998834,
2965,short,185.24091499966744,128,8089.112179000949,
2966,short,179.03049400047166,128,8088.958554999408,
2967,short,179.09160399904067,128,8089.15729599903,
2968,short,184.2875059992366,128,8089.038064999841,
2969,short,184.27290199906565,128,8089.125450998836,
2970,short,183.55851100022846,128,8088.565678001032,
2960,short,188.01340999925742,128,8093.388764000338,
2972,short,190.47669500105258,128,8087.005033001333,
2973,short,186.68705500022043,128,8088.978253999812,
2974,short,186.92351499885262,128,8085.473156999797,
2975,short,186.75180900027044,128,8085.539085999699,
2971,short,191.92698999904678,128,8094.021122000413,
2977,short,177.83924700052012,128,8257.661621999432,
2978,short,177.53842300044198,128,8258.57911499952,
2979,short,178.0674750007165,128,8258.695753000211,
2980,short,177.80306799977552,128,8258.616957000413,
2981,short,177.7016910000384,128,8258.725474999665,
2982,short,177.25901400081057,128,8258.444414999758,
2983,short,174.1194739988714,128,8258.749180999075,
2984,short,174.23330800011172,128,8258.748138001465,
2985,short,174.10401000051934,128,8258.744401000513,
2986,short,175.35899500035157,128,8258.68721400002,
2987,short,175.113720999434,128,8258.730238998396,
2988,short,175.82858399873658,128,8258.809730999928,
2989,short,174.676485999953,128,8257.823619000192,
2990,short,171.4463070002239,128,8258.81807100086,
2991,short,171.40214499886497,128,8258.855766000124,
2992,short,170.471165998606,128,8257.963723999637,
2976,short,179.0082320003421,128,8265.839626999878,
2994,short,173.54319900005066,128,8259.333706000689,
2995,short,173.79307800001698,128,8260.140242000489,
2996,short,173.4757409994927,128,8260.066464999909,
2997,short,172.59984199881728,128,8259.407964000275,
2998,short,171.39862600015476,128,8258.427782000581,
2999,short,171.98345900033019,128,8258.425260999502,
3000,short,171.98466100126097,128,8258.556582000892,
3001,short,171.76667000057932,128,8258.532050000213,
3002,short,171.5461209987552,128,8258.496786998876,
3003,short,171.36998400019365,128,8258.513979000782,
3004,short,171.17497099934553,128,8258.499386998665,
3005,short,170.9953539993876,128,8258.501180998792,
3006,short,170.80100899875106,128,8258.48644799953,
3007,short,170.58740699940245,128,8258.45068199851,
2993,short,179.70861899993906,128,8266.350586000044,
3009,short,184.88820899983693,128,8260.21320199834,
3010,short,181.33066200061876,128,8260.148658000617,
3011,short,184.38565999895218,128,8260.156147998714,
3012,short,183.38323199895967,128,8259.349523999845,
3013,short,183.21129900141386,128,8259.335169001133,
3014,short,177.03675599841517,128,8259.90341799843,
3015,short,177.01024699999834,128,8260.04967299923,
3016,short,182.6962849991105,128,8260.06055399921,
3017,short,182.51725399932184,128,8260.115794999365,
3018,short,181.9247200000973,128,8259.70059700012,
3008,short,184.85700100063696,128,8264.832746001048,
3020,short,189.65350100006617,128,8260.64799300002,
3021,short,186.2494830002106,128,8261.894238999957,
3022,short,189.6197160003794,128,8261.843418000353,
3023,short,187.9062129992235,128,8260.262818999763,
3019,short,192.94723299935868,128,8265.677458999562,
3025,short,180.59584699949482,128,8412.605823999911,
3026,short,180.29830299929017,128,8412.756530999104,
3027,short,180.56149699987145,128,8413.072386998465,
3028,short,180.29321100038942,128,8413.104086001113,
3029,short,180.5145199996332,128,8413.490692999403,
3030,short,180.05049000021245,128,8413.307434000671,
3031,short,177.8320449993771,128,8414.41612699964,
3032,short,177.74566400112235,128,8414.589738000359,
3033,short,177.5703090006573,128,8414.713732001474,
3034,short,178.01892300121835,128,8414.709714999844,
3035,short,177.76677799884055,128,8414.927197998622,
3036,short,178.5499389989127,128,8415.223799998785,
3037,short,177.36391199832724,128,8414.311447999353,
3038,short,175.11697600093612,128,8415.848884000297,
3039,short,174.9569209987385,128,8415.883507999752,
3040,short,174.0486319995398,128,8415.114087998518,
3024,short,182.99521600056323,128,8422.557408001012,
3042,short,179.81972800043877,128,8416.00912099966,
3043,short,180.42830500053242,128,8416.209134000383,
3044,short,180.31754799994815,128,8416.261091999331,
3045,short,179.92727299861144,128,8416.054487999645,
3046,short,179.69901000105892,128,8416.042088001632,
3047,short,179.6562700001232,128,8416.057185999307,
3048,short,179.6819699993648,128,8416.197067999747,
3049,short,179.91687399990042,128,8416.166348000843,
3050,short,179.7100630010391,128,8416.13639299976,
3051,short,179.58092000117176,128,8416.194307999831,
3052,short,179.40101800013508,128,8418.811648001792,
3053,short,179.23432099996717,128,8418.864915000086,
3054,short,179.0565980008978,128,8418.875258999833,
3055,short,177.76230700110318,128,8417.767327000547,
3041,short,183.91609299942502,128,8424.382606001018,
3057,short,189.12422199900902,128,8415.639421000378,
3058,short,187.17281599856506,128,8415.755433999948,
3059,short,188.6017079996236,128,8416.017393999937,
3060,short,188.3906430011848,128,8416.964421001467,
3061,short,187.4344759999076,128,8416.272190999734,
3062,short,183.9326670014998,128,8416.14699100137,
3063,short,183.7222300000576,128,8416.256495998823,
3064,short,186.42129699946963,128,8416.259173000071,
3065,short,186.2652159998106,128,8416.567849000785,
3066,short,185.37729799936642,128,8415.876894998291,
3056,short,189.80404600006295,128,8421.300668000185,
3068,short,192.271278001499,128,8414.802016000976,
3069,short,190.52429700059292,128,8416.211527999621,
3070,short,192.30786400112265,128,8416.318864999994,
3071,short,191.71511400054442,128,8415.921370000433,
3067,short,193.67139099995256,128,8420.026317999145,
2880,long,202.3058390004735,512,32665.451688000758,
2882,long,192.55523699939658,512,32655.379265999727,
2881,long,203.10803599932115,512,32665.19291199984,
2884,long,194.37826099965605,512,32661.648520999734,
2885,long,194.34969799840474,512,32662.389112998426,
2886,long,191.4341190004052,512,32659.88796000056,
2883,long,198.8495450004848,512,32667.33457600094,
2888,long,192.85893500091333,512,32658.65895800016,
2889,long,190.49050900139264,512,32656.663641000705,
2887,long,195.22351500017976,512,32661.830365999776,
2891,long,188.32310699872323,512,32662.077905999467,
2890,long,193.19707800059405,512,32666.60137800136,
2893,long,194.7199010010081,512,32660.37805400083,
2894,long,194.42954399892187,512,32660.488633999194,
2895,long,193.94816599924525,512,32660.306530000526,
2892,long,197.29765100055374,512,32664.51568999946,
2896,long,194.62169500002346,512,32667.489421000937,
2897,long,195.57370800066565,512,32664.443432000553,
2898,long,199.81791300051555,512,32665.53928600115,
2900,long,194.37323499914783,512,32663.867172999744,
2901,long,194.72760200005723,512,32664.732540999466,
2902,long,191.76579800114268,512,32662.1629830006,
2899,long,199.6303199994145,512,32672.154054998828,
2903,long,194.80257400027767,512,32659.33420699912,
2904,long,189.1369120003219,512,32655.425938000917,
2905,long,195.9237810006016,512,32660.60555399963,
2906,long,182.52401599966106,512,32664.40006099947,
2907,long,170.56303099889192,512,32663.00113899888,
2908,long,362.17102000046,512,32866.22320400056,
2909,long,361.0022419998131,512,32865.486344999226,
2910,long,361.1422619997029,512,32866.069294001136,
2911,long,360.9462039985374,512,32866.257356999995,
2912,long,360.7295330002671,512,32866.325125,
2913,long,360.46487300154695,512,32866.32734600062,
2914,long,360.2040669993585,512,32866.32979899878,
2915,long,359.6905539998261,512,32866.092183001456,
2916,long,359.6059800001967,512,32866.303247999895,
2917,long,359.27611000079196,512,32866.255105000164,
2924,long,255.3152870004851,512,32762.55677900008,
2918,long,359.8285850002867,512,32866.565239999545,
2919,long,358.50853500051016,512,32866.431423000904,
2925,long,255.94799799910106,512,32764.241505999962,
2926,long,255.6686030002311,512,32764.25587199992,
2927,long,254.5537690002675,512,32763.44221999898,
2920,long,358.1603430011455,512,32867.355768999914,
2921,long,358.0540379989543,512,32867.543422999006,
2922,long,351.9477209993056,512,32861.77868300001,
2923,long,257.74553999872296,512,32767.8626909983,
3073,short,184.0521060003084,128,8296.706962000826,
3074,short,183.5422229996766,128,8296.5338469985,
3075,short,183.5702010012028,128,8297.419811000509,
3076,short,183.00076100058504,128,8297.109546001593,
3077,short,183.13552499967045,128,8297.08422099975,
3078,short,181.86388999856717,128,8295.967121999638,
3079,short,179.53398000099696,128,8296.132191000652,
3080,short,179.3079810013296,128,8296.036322000873,
3081,short,179.01888499909546,128,8295.941602998937,
3082,short,179.3483590008691,128,8295.643834000657,
3083,short,178.86564199943678,128,8295.3971980005,
3084,short,179.43716300032975,128,8295.33770800117,
3085,short,177.71565700059,128,8293.792213000415,
3086,short,175.52112999874225,128,8294.756067998605,
3087,short,175.35320800016052,128,8294.777421999243,
3088,short,174.85295400001633,128,8294.476098000814,
3072,short,184.8766670009354,128,8304.278617000818,
3090,short,178.01049000081548,128,8289.352116000373,
3091,short,178.5096950006846,128,8290.168683000957,
3092,short,178.42578799900366,128,8290.512139999919,
3093,short,178.081681000549,128,8290.470359999745,
3094,short,177.85962000016298,128,8290.968844999952,
3095,short,178.55604800024594,128,8291.478682000161,
3096,short,178.5702670003957,128,8292.040202999488,
3097,short,178.36018600064563,128,8292.132442000366,
3098,short,178.14781599918206,128,8292.181724998954,
3099,short,175.39558200041938,128,8292.724991999421,
3100,short,175.1688770000328,128,8292.73440200086,
3101,short,174.97952700068709,128,8292.75316500025,
3102,short,174.79299099977652,128,8292.751663999297,
3103,short,174.13167399899976,128,8292.271296999388,
3089,short,181.17315800009237,128,8299.492218999148,
3105,short,191.5861749985197,128,8289.161932998468,
3106,short,189.37235599878477,128,8288.978288999715,
3107,short,189.9070590006886,128,8288.078540001152,
3108,short,189.65789200046856,128,8288.079366000602,
3109,short,189.36621099965123,128,8288.003779000064,
3110,short,185.82822600001236,128,8288.654525998936,
3111,short,185.6305789988255,128,8288.828913999168,
3112,short,188.1704309998895,128,8288.54883799977,
3113,short,187.99795300037658,128,8288.767817999542,
3114,short,186.82846699994116,128,8287.787552999362,
3104,short,192.2327669999504,128,8293.46171799989,
3116,short,195.57685399922775,128,8284.731752999505,
3117,short,193.60027099901345,128,8286.01933400023,
3118,short,195.69912400038447,128,8286.082919999899,
3119,short,194.35592700028792,128,8284.890138000264,
3115,short,198.4638640005869,128,8289.154114001576,
3169,short,173.32254299981287,128,8103.121692000059,
3170,short,172.13113499929023,128,8102.252570999553,
3171,short,172.79896000036388,128,8102.259322000464,
3172,short,172.52344699954847,128,8102.206330999252,
3173,short,172.42063800040341,128,8102.368910000223,
3174,short,171.92317199987883,128,8102.046783000333,
3175,short,169.52383399984683,128,8102.316110000174,
3176,short,169.41685000165307,128,8102.32714400081,
3177,short,169.24072300025728,128,8102.330636000261,
3178,short,169.78399199979322,128,8102.266179999788,
3179,short,169.54821400031506,128,8102.264525001374,
3180,short,170.44584699942789,128,8103.245746999164,
3181,short,169.2880430000514,128,8102.301556000384,
3182,short,166.88811799940595,128,8102.460926998901,
3183,short,166.6896500009898,128,8102.420253999298,
3184,short,165.6421780007804,128,8101.5217780004605,
3168,short,173.83246200006397,128,8109.574875999897,
3186,short,173.2585999998264,128,8105.350313999224,
3187,short,173.77471399959177,128,8105.76215799847,
3188,short,173.86284399981378,128,8106.5582649989665,
3189,short,173.073652000312,128,8105.9666969995305,
3190,short,172.73820000082196,128,8105.5006830010825,
3191,short,173.06632200052263,128,8105.11022799983,
3192,short,173.5371260001557,128,8105.1279910007,
3193,short,173.30734900133393,128,8105.021144001512,
3194,short,170.14538500006893,128,8101.884092999171,
3195,short,170.15332899973146,128,8101.896281001245,
3196,short,170.01508500106866,128,8101.886975000525,
3197,short,169.88592999950924,128,8101.88074799953,
3198,short,169.76187599902914,128,8101.915935998477,
3199,short,169.63656599909882,128,8101.9226769985835,
3185,short,180.07116499939002,128,8112.6986700001,
3201,short,184.4559710007161,128,8106.490594000206,
3202,short,180.78880199936975,128,8106.539148999218,
3203,short,184.04815099893312,128,8106.557727000109,
3204,short,183.886999000606,128,8106.61446999984,
3205,short,182.89794500014978,128,8106.5522530007,
3206,short,176.45442800130695,128,8106.335346001288,
3207,short,176.49285299921758,128,8106.508087999828,
3208,short,181.8393390003621,128,8106.366750000234,
3209,short,181.78620800063072,128,8106.448720000117,
3210,short,181.5760389999923,128,8106.333801999426,
3200,short,184.32335600118677,128,8111.583414000052,
3212,short,188.12031999914325,128,8108.296521999364,
3213,short,184.8977859990555,128,8110.401939999065,
3214,short,188.26631299998553,128,8110.556184001325,
3211,short,190.52402499983145,128,8112.978073999329,
3215,short,187.6999039996008,128,8110.6455019998975,
3217,short,181.36879399935424,128,8265.017493000414,
3218,short,181.1685819993727,128,8265.124349998587,
3219,short,181.3735280011315,128,8266.224544000579,
3220,short,181.57656699986546,128,8266.111560000354,
3221,short,181.77335700056574,128,8266.212126000028,
3222,short,181.42751499908627,128,8265.914890998829,
3223,short,177.20396200093091,128,8266.198068000449,
3224,short,177.32870500003628,128,8266.208831000768,
3225,short,177.20802599978924,128,8266.212962998907,
3226,short,178.57223899954988,128,8266.155527000592,
3227,short,177.4327010007255,128,8265.187946000879,
3228,short,178.8181900010386,128,8265.204878000077,
3229,short,178.59144800058857,128,8265.027724999527,
3230,short,174.37585499828856,128,8265.214761999232,
3231,short,174.34226700061117,128,8265.219671000523,
3232,short,173.54847300157417,128,8264.463389001321,
3216,short,182.73793600019417,128,8272.248989998843,
3234,short,174.48424599933787,128,8264.732765999725,
3235,short,174.1622509998706,128,8264.908429999196,
3236,short,174.00609200012696,128,8264.970554000683,
3237,short,173.6417860010988,128,8264.794958000493,
3238,short,173.41438000039489,128,8264.792990999922,
3239,short,174.06965199916158,128,8265.775920999658,
3240,short,174.10369800018088,128,8265.956258001097,
3241,short,173.89329300021927,128,8265.942918000292,
3242,short,173.6610620009742,128,8265.895565000392,
3243,short,173.52287599896954,128,8265.94948499951,
3244,short,173.3432119999634,128,8265.94870000008,
3245,short,173.12752299949352,128,8265.91180899959,
3246,short,172.94062099972507,128,8265.904723999483,
3247,short,171.761781000896,128,8264.903287999914,
3233,short,178.20443400160002,128,8271.88046000083,
3249,short,184.6005059996969,128,8267.084516000978,
3250,short,182.6069130001997,128,8267.151484000351,
3251,short,184.06016799963254,128,8267.1625210005,
3252,short,183.0766990005941,128,8266.44110900088,
3253,short,182.8520880008,128,8266.442424999696,
3254,short,179.38297299951955,128,8266.246336999757,
3255,short,179.1778599999816,128,8267.260659000385,
3256,short,181.88163199920382,128,8267.313931999524,
3257,short,181.7260770003486,128,8267.412278000847,
3258,short,180.40265400122735,128,8266.235787999904,
3248,short,185.25597199914046,128,8271.470427998793,
3260,short,184.74227200022142,128,8267.668025000603,
3261,short,182.65598700054397,128,8269.022234999284,
3262,short,184.22307400032878,128,8268.989156998941,
3263,short,183.83073500081082,128,8268.7941639997,
3259,short,186.9098799998028,128,8273.574445998747,
3265,short,184.51913799981412,128,8426.37903799914,
3266,short,183.19530699955067,128,8425.38535499989,
3267,short,183.06119400040188,128,8425.412257000062,
3268,short,182.9025269998965,128,8425.313862000621,
3269,short,182.78941300013685,128,8425.449104001018,
3270,short,182.6742600005673,128,8425.159333999545,
3271,short,180.64572799994494,128,8425.45688700011,
3272,short,180.53925999993226,128,8425.465635000364,
3273,short,180.3596909994667,128,8425.509124999735,
3274,short,180.9234339998511,128,8425.485531000959,
3275,short,180.68638000113424,128,8425.50373800077,
3276,short,180.89717300063057,128,8426.458232001096,
3277,short,180.8851540008618,128,8426.300762999745,
3278,short,178.8704480004526,128,8426.491135000106,
3279,short,178.71678399933444,128,8426.536704000682,
3280,short,177.06786000053398,128,8425.045474999934,
3264,short,184.7984699998051,128,8433.961105998605,
3282,short,180.44257899964578,128,8424.66917299862,
3283,short,181.01631399986218,128,8425.492903001214,
3284,short,180.93162200057122,128,8425.591498000358,
3285,short,180.58253299932403,128,8425.48440199971,
3286,short,179.40319799890858,128,8424.527945999216,
3287,short,179.3245949993434,128,8424.505208000483,
3288,short,179.89097600002424,128,8424.634012999377,
3289,short,179.68190600004164,128,8424.60441500043,
3290,short,179.46925700016436,128,8425.250443999175,
3291,short,179.34028099989519,128,8425.342440999884,
3292,short,179.16219499966246,128,8425.358626000161,
3293,short,178.98304499976803,128,8425.358431999484,
3294,short,178.80590499953541,128,8425.356738998744,
3295,short,178.08084299940674,128,8424.806430999524,
3281,short,184.56963599965093,128,8431.741123999018,
3297,short,190.48036800086265,128,8430.441656000767,
3298,short,188.53220399978454,128,8430.492379999123,
3299,short,189.93788300031156,128,8430.498360001366,
3300,short,189.7131799996714,128,8430.52236299991,
3301,short,189.52804100081266,128,8430.567990999407,
3302,short,185.08115599979647,128,8429.456268999274,
3303,short,184.83584400019026,128,8430.41294899922,
3304,short,187.59193700134347,128,8430.46002400115,
3305,short,187.43290699967474,128,8430.54975800078,
3306,short,186.97639399943,128,8430.277850999119,
3296,short,191.08853800025827,128,8434.843618000741,
3308,short,190.01684000068053,128,8426.29631500131,
3309,short,188.14418200054206,128,8427.573644999939,
3310,short,189.7241299993766,128,8427.636906999396,
3311,short,188.45948899979703,128,8426.582867999969,
3307,short,192.011867000474,128,8430.561180999575,
3120,long,196.53463699978602,512,32702.61590299924,
3122,long,193.63177499872108,512,32702.004446999126,
3121,long,200.49293200099783,512,32710.11781800007,
3124,long,195.7431130012992,512,32700.362531000792,
3125,long,195.7463020007708,512,32700.836807000087,
3126,long,192.5154359996668,512,32697.94268899932,
3123,long,200.3946740005631,512,32705.80649099975,
3128,long,198.66268899932038,512,32705.47698900009,
3129,long,197.15598500079068,512,32705.064503999893,
3127,long,201.5912759998173,512,32712.498769000376,
3131,long,191.3614149998466,512,32704.349255000125,
3130,long,195.0504610013013,512,32708.954359000927,
3133,long,197.8372080011468,512,32701.636277000944,
3134,long,197.603552000146,512,32702.47500699952,
3135,long,196.40249000076437,512,32702.130155001214,
3132,long,199.68294000136666,512,32707.732409000528,
3136,long,195.41958599984355,512,32704.28877499944,
3137,long,197.30642700051249,512,32705.734350000057,
3138,long,201.7182750005304,512,32697.408858000927,
3140,long,185.33462899904407,512,32698.55686399933,
3141,long,185.55953699979,512,32699.34342399938,
3142,long,180.40526699951442,512,32694.565252999382,
3139,long,189.33448999996472,512,32704.466040000625,
3143,long,195.47658800001955,512,32706.827040999997,
3144,long,198.85132600029465,512,32704.229127999497,
3145,long,198.984050000945,512,32701.195050000024,
3146,long,196.42995800131757,512,32698.852520999935,
3147,long,213.24227200057067,512,32696.09166400005,
3149,long,300.3656660002889,512,32816.1678689994,
3150,long,299.38542600029905,512,32816.09416700121,
3151,long,299.6461910006474,512,32816.184032999445,
3152,long,299.46990700045717,512,32816.999031001615,
3153,long,299.2502150009386,512,32817.33766100115,
3154,long,298.9896340004634,512,32817.46454499989,
3155,long,298.71198199907667,512,32817.57835499957,
3156,long,298.1966960014688,512,32817.47431800068,
3157,long,298.1128539995552,512,32819.689817000835,
3158,long,297.87615700115566,512,32819.76040600057,
3159,long,297.5554500008002,512,32819.70275099957,
3160,long,296.38099200019496,512,32818.802854999376,
3161,long,296.0070689987333,512,32818.70985400019,
3162,long,295.73976900064736,512,32818.7104940007,
3163,long,295.43775800084404,512,32818.667040000946,
3164,long,294.9502820010821,512,32818.44897400151,
3165,long,295.18991199984157,512,32818.373878000784,
3148,long,304.0185290010413,512,32827.51712600111,
3166,long,295.0462200005859,512,32818.83321799978,
3167,long,294.71541099883325,512,32818.800166000074,
3313,short,185.63100900064455,128,8258.45228900107,
3314,short,185.36597400088795,128,8258.536152001398,
3315,short,185.6100780005363,128,8259.553543999573,
3316,short,185.66450199978135,128,8259.519928000373,
3317,short,185.5618190002133,128,8259.647250999478,
3318,short,185.0995860004332,128,8259.350252999866,
3319,short,182.84459500137018,128,8259.657727001468,
3320,short,182.6924750002945,128,8259.6271780003,
3321,short,182.4737120005011,128,8259.604310000213,
3322,short,183.00169900066976,128,8259.525704001135,
3323,short,181.85418100074457,128,8258.612715000709,
3324,short,182.63536400081648,128,8258.64157199976,
3325,short,182.29127299855463,128,8258.447651000097,
3326,short,180.00058600046032,128,8258.648191000248,
3327,short,179.83019600069383,128,8258.6527020012,
3328,short,177.85633399944345,128,8257.571688998723,
3312,short,187.15769499976886,128,8265.311278999434,
3330,short,184.7018910011684,128,8254.457978000573,
3331,short,185.23611199998413,128,8255.54316400121,
3332,short,185.09796699981962,128,8255.609650999759,
3333,short,184.75091099935526,128,8255.44960300067,
3334,short,184.53140999918105,128,8255.453484998725,
3335,short,185.22721699991962,128,8255.489109000337,
3336,short,185.24996199994348,128,8255.63621100082,
3337,short,184.3632849995629,128,8254.932497999107,
3338,short,184.13104899991595,128,8254.842942000323,
3339,short,183.98721199991996,128,8254.914131000987,
3340,short,183.80981300106214,128,8254.915699000776,
3341,short,183.6339620003855,128,8254.96222000038,
3342,short,183.45877700085111,128,8255.55519199952,
3343,short,182.7378990001307,128,8255.04376400022,
3329,short,188.755928998944,128,8261.39849900028,
3345,short,189.90372999905958,128,8248.432275999221,
3346,short,187.9624370012607,128,8248.50847000016,
3347,short,189.38064400026633,128,8248.570945999745,
3348,short,189.1632570004731,128,8248.674014999779,
3349,short,188.98303999958443,128,8249.601503999656,
3350,short,184.55814299886697,128,8248.592472999007,
3351,short,184.3077009998524,128,8248.649549999755,
3352,short,187.06375600049796,128,8248.601412000426,
3353,short,186.90394800069043,128,8248.864274999505,
3354,short,186.39827900005912,128,8248.5941369996,
3344,short,190.55828700038546,128,8253.341885001646,
3356,short,245.22862099911436,128,8247.405541998887,
3357,short,225.5742580000515,128,8248.764593001397,
3358,short,245.33367799995176,128,8248.815658998865,
3359,short,244.89128599998367,128,8248.595501001546,
3355,short,247.46328499895753,128,8251.663663999352,
3409,short,175.87263800123765,128,8167.798594000487,
3410,short,174.64854100035154,128,8167.830782000237,
3411,short,174.96332800146774,128,8167.87933500018,
3412,short,174.65020199961145,128,8167.753187999551,
3413,short,174.89003099944966,128,8167.851901998802,
3414,short,174.41739399873768,128,8167.538245999822,
3415,short,172.02302499936195,128,8167.81640499903,
3416,short,171.91185299998324,128,8167.822851999517,
3417,short,171.7352910000045,128,8167.823306999708,
3418,short,172.28118599996378,128,8167.777784999998,
3419,short,172.04810399925918,128,8167.780940999364,
3420,short,172.9830360000051,128,8167.901979000817,
3421,short,172.58144299921696,128,8167.680515000029,
3422,short,170.19398000047659,128,8168.75631000039,
3423,short,169.29983199952403,128,8168.05524099982,
3424,short,168.79603000052157,128,8167.708967999715,
3408,short,175.17386700092175,128,8175.035629999911,
3426,short,173.0751209997834,128,8169.325176999337,
3427,short,173.7613679997594,128,8170.357805000094,
3428,short,173.95736000071338,128,8170.465970000805,
3429,short,173.66514900095353,128,8170.304848999876,
3430,short,173.77643999861903,128,8170.319087999815,
3431,short,174.55100899860554,128,8170.343856998443,
3432,short,175.06076999961806,128,8170.482163999623,
3433,short,174.93847500008997,128,8170.486066001104,
3434,short,174.80913200051873,128,8170.483605001209,
3435,short,174.83460699986608,128,8170.584161000079,
3436,short,174.71927599945047,128,8170.566982998935,
3437,short,174.0075909983716,128,8169.978201998674,
3438,short,173.85590599951684,128,8169.948323000426,
3439,short,173.35304399966844,128,8170.095649000359,
3425,short,179.20772599973134,128,8176.153215999875,
3441,short,182.82683999859728,128,8173.098137000125,
3442,short,180.77163899943116,128,8173.088703999383,
3443,short,182.1857689992612,128,8173.03487099889,
3444,short,181.07830999906582,128,8172.175259998767,
3445,short,180.81028899905505,128,8172.887924998577,
3446,short,177.28749700108892,128,8172.742779001055,
3447,short,177.13345900119748,128,8172.899978000714,
3448,short,179.71125400072196,128,8172.725749000165,
3449,short,179.50139800086617,128,8172.736509999595,
3450,short,178.8176870013558,128,8172.23466500036,
3440,short,183.42122099966218,128,8177.0349990001705,
3452,short,190.7877779995033,128,8171.138899000653,
3453,short,187.38223199943604,128,8172.455253999942,
3454,short,191.03511100001924,128,8172.467219999817,
3455,short,190.58739299907757,128,8172.153915998933,
3451,short,193.61063299948,128,8175.456328999644,
3457,short,179.46207800014236,128,8337.949155000388,
3458,short,179.15470899970387,128,8338.079543998901,
3459,short,180.2689480009576,128,8338.399778000166,
3460,short,179.14193000069645,128,8338.415535001332,
3461,short,179.38250100087316,128,8338.81310400102,
3462,short,178.9229919995705,128,8338.63236400066,
3463,short,176.71681799947692,128,8339.706038999793,
3464,short,176.61161099931633,128,8339.845511998647,
3465,short,176.41773499963165,128,8339.946173999124,
3466,short,176.91712099986034,128,8339.998585999638,
3467,short,176.61168100130453,128,8340.204632000678,
3468,short,177.40230199888174,128,8340.591435999158,
3469,short,176.1531880001712,128,8339.534337001169,
3470,short,173.91908799982048,128,8340.814881999904,
3471,short,173.7615670008381,128,8340.851595999993,
3472,short,172.98456600110512,128,8340.232694001315,
3456,short,181.24234399874695,128,8349.560836999444,
3474,short,178.15289400095935,128,8338.681189999988,
3475,short,178.74836200098798,128,8339.845966000212,
3476,short,178.6611539992009,128,8339.97786100008,
3477,short,178.29433500082814,128,8339.836336001099,
3478,short,178.06786299843225,128,8339.850487000149,
3479,short,178.03027899935842,128,8339.885228999265,
3480,short,178.56559999927413,128,8340.028650000022,
3481,short,178.30077300095581,128,8339.997177999976,
3482,short,178.03435399946466,128,8339.923289999206,
3483,short,177.89251700014574,128,8339.974649999931,
3484,short,177.71326399997633,128,8339.977374000227,
3485,short,177.54561999936413,128,8339.975613998831,
3486,short,176.80175100031192,128,8339.493610999853,
3487,short,176.58407000089937,128,8339.459628999975,
3473,short,182.18653500116488,128,8345.986529000584,
3489,short,187.11559799885435,128,8341.585644999213,
3490,short,185.19987800027593,128,8341.725694999695,
3491,short,186.61363499995787,128,8342.031196998505,
3492,short,185.6390739994822,128,8341.553231000944,
3493,short,185.40704299994104,128,8341.743865999888,
3494,short,181.8239000003814,128,8341.656510001485,
3495,short,181.62538100114034,128,8342.31392699985,
3496,short,184.46208699970157,128,8342.647001998557,
3497,short,184.30485799945018,128,8342.944754998825,
3498,short,184.07184699935897,128,8343.046284999218,
3488,short,187.29736900058924,128,8348.939938001422,
3500,short,188.23888800034183,128,8339.270428999953,
3499,short,190.01116300023568,128,8342.520088999663,
3501,short,186.3790519983013,128,8340.947293998397,
3502,short,187.98115699974005,128,8340.95047899973,
3503,short,187.3926999996911,128,8340.58250399903,
3505,short,182.21464400085097,128,8484.176485999342,
3506,short,181.712024999797,128,8484.030780000467,
3507,short,181.67924000044877,128,8483.996748998834,
3508,short,181.10952499955602,128,8483.609240000078,
3509,short,181.1948200011102,128,8483.575022000878,
3510,short,179.96037500051898,128,8482.49201300132,
3511,short,177.59839900099905,128,8482.643889999963,
3512,short,177.3789819999365,128,8482.58678000093,
3513,short,177.08475800100132,128,8482.473887999731,
3514,short,177.53769500086491,128,8482.133855000939,
3515,short,176.9614550012193,128,8481.800681000095,
3516,short,177.21138399974734,128,8482.72981899936,
3517,short,176.0537390000536,128,8481.450160999884,
3518,short,173.79111899936106,128,8481.59968300024,
3519,short,173.63349900006142,128,8481.598876000135,
3520,short,171.21455800042895,128,8479.330730999209,
3504,short,182.97769600030733,128,8490.69976500141,
3522,short,180.49558799975784,128,8483.10756399951,
3523,short,180.48316400017939,128,8483.97622000084,
3524,short,181.11058399881586,128,8484.061821000068,
3525,short,180.74730599983013,128,8483.89008599952,
3526,short,180.54783399929875,128,8483.885794999878,
3527,short,180.5111070007115,128,8483.902134001255,
3528,short,180.4851979995874,128,8484.001435001119,
3529,short,180.26610600099957,128,8483.961964000628,
3530,short,180.0473929997679,128,8484.636086001046,
3531,short,179.91501799951948,128,8484.72423900057,
3532,short,179.7390700012329,128,8484.728616000211,
3533,short,179.47612199895957,128,8484.640251999735,
3534,short,179.29251299938187,128,8484.630561999438,
3535,short,178.21680100132653,128,8483.728647001044,
3521,short,184.65271100103564,128,8490.388635000272,
3537,short,187.5873760000104,128,8480.919354000434,
3538,short,185.38449600055174,128,8480.668513999262,
3539,short,186.53171000005386,128,8480.42847600118,
3540,short,186.1082619998342,128,8480.295123999895,
3541,short,185.81285500113154,128,8480.270728001415,
3542,short,181.75500399956945,128,8480.438976001096,
3543,short,181.26772100004018,128,8480.273639999723,
3544,short,183.77898300059314,128,8480.069152001306,
3536,short,188.1474439996964,128,8484.650757000054,
3545,short,183.46626600032323,128,8480.180098000346,
3546,short,181.17197399988072,128,8478.063935999671,
3548,short,194.1146529989055,128,8483.161484999073,
3549,short,194.0344409995305,128,8484.277951998592,
3550,short,191.94410199997947,128,8484.302902999843,
3551,short,193.59833400085336,128,8484.269856000537,
3547,short,195.50744600019243,128,8488.106602000698,
3360,long,201.34034600050654,512,32866.850063999664,
3362,long,192.57094299973687,512,32860.67858299975,
3361,long,203.42107000033138,512,32869.19268899874,
3364,long,200.1856280003267,512,32867.192109000825,
3365,long,200.21053299933556,512,32867.72465099966,
3366,long,197.39993599978334,512,32865.12649100041,
3363,long,207.37006200033647,512,32872.503201000654,
3368,long,194.90549600050144,512,32865.839594000136,
3369,long,190.83046599916997,512,32861.657682999066,
3367,long,200.00403699850722,512,32869.98268499883,
3371,long,186.3854610000999,512,32865.50395700033,
3370,long,192.98643200090737,512,32870.54195100063,
3373,long,198.0272810014867,512,32866.93469900092,
3372,long,200.33462299943494,512,32869.55975099954,
3374,long,198.02425200032303,512,32867.73401699975,
3375,long,195.92456799909996,512,32865.85412900058,
3376,long,189.3180669994763,512,32859.010423000655,
3377,long,192.8704470010416,512,32859.185803999935,
3378,long,201.7169760001707,512,32866.828619000444,
3380,long,189.95203300073626,512,32863.20811800033,
3381,long,190.23698099954345,512,32864.14994400002,
3382,long,187.33252200036077,512,32861.67019700042,
3379,long,193.68853599917202,512,32869.064264999906,
3383,long,188.30913100100588,512,32858.11067400027,
3384,long,192.0859689998906,512,32862.62242999874,
3385,long,197.6752660011698,512,32863.521653000134,
3386,long,189.3830530007108,512,32862.463377001404,
3387,long,200.07710700156167,512,32864.3789329999,
3389,long,407.9116670000076,512,33128.63065199963,
3390,long,407.9128749999654,512,33128.58573499943,
3391,long,407.1546000013768,512,33128.627967000284,
3392,long,407.1677649990306,512,33128.59053200009,
3393,long,407.00760599975183,512,33128.54602900006,
3394,long,406.6760419991624,512,33128.42477399863,
3395,long,406.3225699992472,512,33128.274302000136,
3396,long,403.85545499884756,512,33126.01187099972,
3397,long,404.3116019984154,512,33126.19001999883,
3398,long,404.21973199954664,512,33126.26847999854,
3399,long,403.9431370001694,512,33126.20386399976,
3400,long,403.868979001345,512,33126.24754600074,
3401,long,403.7140599994018,512,33126.2596259985,
3402,long,403.5922240000218,512,33127.145443999325,
3403,long,403.3807539999543,512,33127.164272998925,
3404,long,402.8928770003404,512,33126.922924999235,
3405,long,402.9236749993288,512,33126.818404000005,
3406,long,403.54063300037524,512,33127.076208998915,
3407,long,403.2734590000473,512,33126.96594500085,
3388,long,415.5811619984888,512,33138.996050998685,
3553,short,181.9705559992144,128,8276.366911999503,
3554,short,181.69349200070428,128,8277.407985000536,
3555,short,182.27777499851072,128,8277.51195899873,
3556,short,182.01018099898647,128,8277.522222000698,
3557,short,181.90142399907927,128,8277.626200999293,
3558,short,181.45604100027413,128,8277.338047999365,
3559,short,179.25572700005432,128,8277.579842000705,
3560,short,179.14848899999924,128,8277.587435999521,
3561,short,178.97137999898405,128,8277.639859999908,
3562,short,179.45804599912663,128,8277.569320998737,
3563,short,178.31443500108435,128,8276.664804001484,
3564,short,179.03857300007076,128,8276.753922000353,
3565,short,178.69588299981842,128,8276.583585999106,
3566,short,176.54757300078927,128,8277.589350000198,
3567,short,176.38435300068522,128,8277.626184999463,
3568,short,175.40148100124497,128,8276.801425001395,
3552,short,182.24075700163667,128,8283.791559000747,
3570,short,181.277671999851,128,8274.116241000229,
3571,short,181.8234799993661,128,8274.99635499953,
3572,short,181.7303930001799,128,8275.090966999414,
3573,short,181.37586600096256,128,8274.925016001362,
3574,short,181.1424090010405,128,8274.933175000115,
3575,short,181.09912399995665,128,8274.965472000986,
3576,short,181.63252100021055,128,8275.145562000034,
3577,short,180.7135079998261,128,8274.422941000012,
3578,short,180.4711849999876,128,8274.333663001016,
3579,short,180.3403320009238,128,8274.452462999761,
3580,short,180.16649200035317,128,8275.05063299941,
3581,short,179.99309500009986,128,8275.096458999542,
3582,short,179.8198449996562,128,8275.103863999902,
3583,short,179.12315200010198,128,8274.584855000285,
3569,short,185.21032100034063,128,8281.142757999987,
3585,short,195.38922600077058,128,8272.992132999207,
3586,short,194.14966499971342,128,8273.011695000605,
3587,short,194.82543900085147,128,8272.977850001553,
3588,short,194.57574400075828,128,8272.966165999605,
3589,short,193.47785699937958,128,8272.888190998856,
3590,short,188.53885200041987,128,8272.709642000336,
3591,short,188.5410579998279,128,8272.76278499994,
3592,short,192.53467499947874,128,8272.733194000466,
3593,short,192.32461899991904,128,8272.881348000737,
3594,short,192.14638499943248,128,8272.920538000108,
3584,short,195.97528200029046,128,8277.09210499961,
3596,short,196.53454199942644,128,8268.18918599929,
3595,short,198.0020439987129,128,8272.277246998783,
3597,short,196.40851500116696,128,8270.929726000759,
3599,short,194.74837699999625,128,8269.472789999782,
3598,short,195.53394200011098,128,8271.141937999346,
3649,short,175.42894599864667,128,8102.003631998741,
3650,short,175.1475599994592,128,8102.072642999701,
3651,short,175.12155500116933,128,8103.3032739997,
3652,short,175.2110259985784,128,8103.306868999425,
3653,short,175.11580099926505,128,8103.491911999299,
3654,short,174.6604669988301,128,8103.245014999629,
3655,short,171.7464609992021,128,8103.568570000789,
3656,short,172.2345830003178,128,8103.645144001348,
3657,short,173.03409300075145,128,8103.68649100019,
3658,short,172.79606999909447,128,8103.668349000145,
3659,short,172.4915550003061,128,8103.61821999868,
3660,short,173.10724200069671,128,8103.724181000871,
3661,short,171.94038100024045,128,8102.771847999975,
3662,short,169.02327299976605,128,8103.014000998883,
3663,short,168.86720599904947,128,8103.068716998678,
3664,short,167.98597399974824,128,8102.386646000014,
3648,short,176.59431700121786,128,8111.246080001365,
3666,short,171.27192599946284,128,8103.064394999819,
3667,short,171.85898900061147,128,8103.27493099976,
3668,short,171.78305699962948,128,8104.947269999684,
3669,short,171.42275500009418,128,8104.825759999585,
3670,short,171.19616200034216,128,8104.902746999869,
3671,short,171.17465699993772,128,8104.971793998629,
3672,short,171.67381900071632,128,8105.156751000322,
3673,short,171.4982699995744,128,8105.204845000117,
3674,short,171.22652200123412,128,8105.168717000197,
3675,short,170.49052900074457,128,8104.672834000667,
3676,short,170.28558300080476,128,8104.694988000119,
3677,short,170.11383099998056,128,8104.735367998728,
3678,short,169.9373999999807,128,8104.781481000828,
3679,short,169.20209499949124,128,8104.279977998885,
3665,short,175.23291900033655,128,8110.897454000224,
3681,short,180.2088320000621,128,8102.856711000641,
3682,short,178.42807400120364,128,8102.848758000619,
3683,short,179.69667299985304,128,8102.896242000497,
3684,short,178.70032700011507,128,8102.8723399995215,
3685,short,178.47857100059628,128,8102.923184000247,
3686,short,174.8233230009646,128,8102.815087000636,
3687,short,174.97968499992567,128,8103.152772999238,
3688,short,177.56407900014892,128,8103.172876000826,
3689,short,177.34670800018648,128,8106.6010239992465,
3690,short,176.9314060002216,128,8106.446489000518,
3680,short,180.84915899999032,128,8111.336388999916,
3692,short,181.79426700044132,128,8102.167724000537,
3693,short,181.65908999981184,128,8103.3042639992345,
3694,short,181.4890400000877,128,8103.36461299994,
3695,short,181.30659800044668,128,8103.409807999924,
3691,short,184.77909099965473,128,8108.261459999994,
3697,short,177.1869570002309,128,8261.970106999797,
3698,short,175.68618200130004,128,8260.925090000455,
3699,short,175.94789000031597,128,8261.155697000504,
3700,short,175.59638199963956,128,8261.096591999376,
3701,short,175.45959500057506,128,8261.450104000687,
3702,short,174.94740199981607,128,8261.229961000936,
3703,short,172.071164000954,128,8262.202687999888,
3704,short,171.93440400114923,128,8262.293779000174,
3705,short,172.52475299937942,128,8262.380371999825,
3696,short,176.69574600040505,128,8266.91140299954,
3706,short,172.30645899871888,128,8262.734513999021,
3707,short,172.00037200018414,128,8262.813296998502,
3708,short,173.2093509999686,128,8266.017989999455,
3709,short,172.77698799989594,128,8265.782643999046,
3710,short,169.93889500008663,128,8265.91744399957,
3711,short,169.74025900162815,128,8265.87234300132,
3712,short,167.97307200067735,128,8264.247737000915,
3714,short,176.03122199943755,128,8263.55625100041,
3715,short,174.8316409994004,128,8263.143505999324,
3716,short,174.6478439999919,128,8263.215912000305,
3717,short,174.20795600082783,128,8262.974176999705,
3718,short,173.84429099911358,128,8262.887085998955,
3719,short,173.64990500027488,128,8262.826071000745,
3720,short,173.99556300006225,128,8262.918898000862,
3721,short,173.7246539996704,128,8262.850325998443,
3722,short,173.44167299961555,128,8262.772039999618,
3723,short,173.2383069993375,128,8262.780909999492,
3724,short,173.00923600123497,128,8262.735346001136,
3725,short,172.77776099945186,128,8262.684012001046,
3726,short,172.5356839997403,128,8262.62569499886,
3727,short,171.74782900110586,128,8262.020751000819,
3713,short,178.49013399973046,128,8269.875939000485,
3729,short,185.15419499999552,128,8267.444691999117,
3730,short,183.65903399899253,128,8267.477811999925,
3731,short,183.84530500043184,128,8266.743678999774,
3732,short,183.55997900107468,128,8266.735749000873,
3733,short,183.33221099965158,128,8266.73883499825,
3734,short,180.48978799924953,128,8267.231260999324,
3735,short,180.1893289994041,128,8267.286763999437,
3736,short,178.73352300011902,128,8264.08389000062,
3737,short,178.46651800027757,128,8264.080925000599,
3738,short,177.35431900109688,128,8263.197819000197,
3728,short,185.56857899966417,128,8271.676129999832,
3740,short,186.48763000055624,128,8269.009499001186,
3741,short,186.30094599939184,128,8270.33393199963,
3742,short,186.08802200105856,128,8270.364642999994,
3743,short,184.64183300056902,128,8269.118453999909,
3739,short,188.1092109997553,128,8273.186370000985,
3745,short,184.5726570008992,128,8412.958733000778,
3746,short,184.06098000014026,128,8412.91561899925,
3747,short,185.117856000943,128,8413.14382100063,
3748,short,183.6498169996048,128,8412.870463000218,
3749,short,183.77731799955654,128,8413.143880999996,
3750,short,182.5552760001301,128,8412.21071900145,
3751,short,180.17648500062933,128,8413.270069999271,
3752,short,179.9183550010639,128,8413.314135001201,
3753,short,180.323161999695,128,8413.332476000505,
3754,short,180.04193500019028,128,8413.340686000083,
3755,short,179.68701400059217,128,8413.244109999141,
3756,short,176.25434699948528,128,8410.209273999499,
3757,short,177.0577620009135,128,8410.745664001297,
3758,short,176.71227500068198,128,8411.517520000416,
3759,short,174.4548480000958,128,8411.769750999156,
3760,short,174.31505800050218,128,8411.79039599956,
3744,short,185.5781729991577,128,8425.190113999633,
3762,short,179.29251400164503,128,8413.335212000675,
3763,short,179.86461000145937,128,8414.153521000117,
3764,short,179.78016499910154,128,8414.50310899927,
3765,short,179.43637700045656,128,8414.467497999794,
3766,short,179.24450900136435,128,8415.232455001387,
3767,short,179.2818529993383,128,8415.291127999808,
3761,short,183.13256900000852,128,8419.501938000394,
3768,short,179.88092199993844,128,8416.470488000414,
3769,short,179.66868600160524,128,8416.447713001617,
3770,short,179.45881599916902,128,8416.430285999013,
3771,short,179.3352650001907,128,8416.502756001137,
3772,short,179.16325799888,128,8416.51453799932,
3773,short,178.9894199991977,128,8416.5223279997,
3774,short,178.81651999960013,128,8416.527768000378,
3775,short,177.60217899922282,128,8415.493821999917,
3777,short,188.70151699957205,128,8415.420765999443,
3778,short,186.61533900012728,128,8415.51740199975,
3779,short,188.17164000029152,128,8415.532721999625,
3780,short,187.9483929988055,128,8415.568417998657,
3781,short,186.93291100134957,128,8414.783918000467,
3782,short,183.2444800002122,128,8414.58260699983,
3783,short,182.87407999923744,128,8415.409489000012,
3784,short,185.7580819996656,128,8415.478991999407,
3785,short,185.5392130000837,128,8415.477810000084,
3786,short,185.26705200019933,128,8415.42157100048,
3776,short,189.2320999995718,128,8419.654974000878,
3788,short,189.81858000006469,128,8411.313275000794,
3789,short,189.6807359989907,128,8412.790903999849,
3790,short,189.51223399926675,128,8412.899236000158,
3791,short,188.85573599982308,128,8412.471980998816,
3787,short,191.62805899941304,128,8415.503074000299,
3600,long,196.82614500015916,512,32650.40661600142,
3602,long,195.79470400094579,512,32649.39542600041,
3601,long,203.562298000179,512,32658.761801001674,
3604,long,200.80926999980875,512,32651.16539600058,
3605,long,200.82911600002262,512,32651.584661000015,
3606,long,197.81795900053112,512,32649.182916000427,
3603,long,205.57785799974226,512,32658.676570999887,
3608,long,195.06735599861713,512,32650.633921999543,
3609,long,193.38559099924169,512,32650.116532999164,
3607,long,197.68013099928794,512,32656.32621899931,
3611,long,180.4975450013444,512,32640.03043500088,
3610,long,184.2214550015342,512,32644.51566900061,
3613,long,189.87876800019876,512,32643.169230999774,
3614,long,189.39127399971767,512,32643.90468500096,
3615,long,188.40009899940924,512,32643.27606400002,
3612,long,191.78625600034138,512,32647.269457998846,
3616,long,198.38684599926637,512,32648.10886899977,
3617,long,203.5269909993076,512,32649.884103999284,
3618,long,199.8701529992104,512,32650.36929800044,
3620,long,187.90915499994298,512,32646.87878099903,
3621,long,188.24544300150592,512,32647.849060000226,
3622,long,185.46793599853117,512,32645.509424999545,
3619,long,191.87105799937854,512,32652.637732000585,
3623,long,194.2480390007404,512,32654.85550899939,
3624,long,191.41436600148154,512,32654.391299000054,
3625,long,194.1973560005863,512,32653.084487999877,
3626,long,193.8882949998515,512,32650.573162,
3627,long,195.87737300025765,512,32650.803471999097,
3628,long,156.9740360009746,512,32639.581297000404,
3629,long,353.6931730013748,512,32837.05240500058,
3630,long,352.66684599992004,512,32836.492218000785,
3631,long,352.8712839997752,512,32837.26838899929,
3632,long,352.6927090006211,512,32837.52155699949,
3633,long,352.4769859996013,512,32837.64883599906,
3634,long,352.21619100047974,512,32837.7151579989,
3635,long,351.9578859995818,512,32837.766605998695,
3636,long,351.45014000045194,512,32837.55288000066,
3637,long,351.32645500016224,512,32837.8051969994,
3638,long,351.0804369998368,512,32837.88911699958,
3639,long,350.7309990000067,512,32837.84257099978,
3640,long,350.48616800122545,512,32837.92543100026,
3641,long,349.3651669996325,512,32838.29094800058,
3642,long,349.1038190004474,512,32838.365632000205,
3643,long,348.81083899927035,512,32838.380511999276,
3644,long,348.33147499921324,512,32838.24044799985,
3645,long,348.67157400003634,512,32838.16063099948,
3646,long,348.6429530003079,512,32838.46950299994,
3647,long,348.16582500025106,512,32838.34520200071,
3793,short,184.5938920014305,128,8267.45694300007,
3794,short,184.0604989993153,128,8267.263375999391,
3795,short,184.09297400103242,128,8268.194960000983,
3796,short,183.5021400002006,128,8267.88670300084,
3797,short,183.6769750007079,128,8267.855906000477,
3798,short,182.34255499919527,128,8266.673592999723,
3799,short,179.58725599964964,128,8266.827015999297,
3800,short,179.33156300023256,128,8266.709118999643,
3801,short,179.8570060000202,128,8266.612028999589,
3802,short,179.86628399921756,128,8266.499991999808,
3803,short,179.4775929993193,128,8266.278798000712,
3804,short,178.72233199886978,128,8265.730428000097,
3805,short,178.51224599871784,128,8264.830409998467,
3806,short,178.1263279990526,128,8264.579519000108,
3807,short,175.52083400005358,128,8264.753612000277,
3808,short,171.98210999958974,128,8261.368551000487,
3792,short,185.44117499914137,128,8275.017627000125,
3810,short,179.9070449997089,128,8261.503497000376,
3811,short,180.03154500001983,128,8262.408126998707,
3812,short,179.7818359991652,128,8262.394408999171,
3813,short,178.6875969992252,128,8261.499408999953,
3814,short,178.37343999963196,128,8261.471871999674,
3815,short,177.88803499934147,128,8260.671997999452,
3816,short,177.7852229988639,128,8260.772805999295,
3817,short,177.59793100049137,128,8260.767390000183,
3818,short,177.37241800023185,128,8260.727901000791,
3819,short,177.13561399978062,128,8260.656911001206,
3820,short,176.9764619984926,128,8260.73986999836,
3821,short,176.78585300018312,128,8260.763083000711,
3822,short,176.59826099952625,128,8260.765484999865,
3823,short,176.40966500039212,128,8260.761870000351,
3809,short,183.03094399925612,128,8268.514491001042,
3825,short,193.26715699935448,128,8260.266948000208,
3826,short,191.12007700096,128,8260.31096999941,
3827,short,192.71949799986032,128,8260.276090000843,
3828,short,192.50042500061681,128,8260.30838800034,
3829,short,192.27000799946836,128,8261.138141000629,
3830,short,187.62048200005665,128,8260.076067999762,
3831,short,187.37815900021815,128,8260.089895999045,
3832,short,190.41185999958543,128,8260.054910999315,
3833,short,190.19692599977134,128,8260.190132999924,
3834,short,189.92653300119855,128,8260.135591999642,
3824,short,193.4690670004784,128,8264.725572000316,
3836,short,198.0040190010186,128,8257.935343999634,
3837,short,197.82459199996083,128,8259.124473999691,
3839,short,197.35668599969358,128,8258.865191999575,
3835,short,199.91273500090756,128,8261.67720200101,
3838,short,197.61722200018994,128,8259.640221000154,
3889,short,176.1339999993652,128,8146.656447999703,
3890,short,174.89697899873136,128,8145.760354998856,
3891,short,175.35410999880696,128,8146.8525789987325,
3892,short,175.07149300035962,128,8146.809056001075,
3893,short,174.95817300005,128,8146.901254998738,
3894,short,174.47269600052095,128,8146.57608699963,
3895,short,171.98873899906175,128,8146.854536998944,
3896,short,171.8491579995316,128,8146.854136000911,
3897,short,172.7339610006311,128,8146.855121000044,
3898,short,172.56052300035662,128,8146.868118999919,
3899,short,172.34847799954878,128,8146.839565999471,
3900,short,172.10574599994288,128,8146.805381999002,
3901,short,172.84215000108816,128,8146.8816160013375,
3902,short,172.48714700144774,128,8146.683511000447,
3903,short,170.02393099937763,128,8146.873162999327,
3904,short,168.15792199849966,128,8145.245243998943,
3888,short,173.7562850012182,128,8153.756424000676,
3906,short,171.7146130013134,128,8148.722887000986,
3907,short,172.26377199949638,128,8149.970467999083,
3908,short,172.17656499997247,128,8150.110898001003,
3909,short,171.8200599989359,128,8149.95204799925,
3910,short,171.62487899986445,128,8149.990181998874,
3911,short,172.2167759999138,128,8150.001822999911,
3912,short,172.226963999492,128,8150.146305999442,
3913,short,172.04810400107817,128,8150.151009000183,
3914,short,171.8831019989011,128,8150.153616999887,
3915,short,171.63261300083832,128,8150.090251001529,
3916,short,171.4900189999753,128,8150.135145000604,
3917,short,171.30814399934025,128,8150.133736999123,
3918,short,171.13057200003823,128,8150.135571999272,
3919,short,169.8783640003967,128,8149.059501000011,
3905,short,176.03206599960686,128,8156.218363999869,
3921,short,181.93173500003468,128,8150.843284000075,
3922,short,179.8667300008674,128,8151.054490999741,
3923,short,181.44933099938498,128,8151.069498000652,
3924,short,180.3877910006122,128,8150.260813999921,
3925,short,180.1770679994661,128,8150.26671600026,
3926,short,176.51881399979175,128,8150.115503000052,
3927,short,176.40913499963062,128,8151.214764000542,
3928,short,179.2636099999072,128,8151.1824110002635,
3929,short,179.04812199958542,128,8151.27141999983,
3930,short,178.35987000034947,128,8150.808828000663,
3920,short,182.5052569984109,128,8155.683465000038,
3932,short,183.7244329999521,128,8149.028318001001,
3933,short,183.6039890004031,128,8150.446773001022,
3934,short,183.41371299902676,128,8150.519634999,
3935,short,183.1545320001169,128,8150.45733900115,
3931,short,184.98093500056711,128,8153.635402999498,
3937,short,179.5854119991418,128,8317.459010000675,
3938,short,178.20947899963357,128,8317.476444999556,
3939,short,178.2728420002968,128,8317.619480001667,
3940,short,177.99378299969248,128,8317.572215999462,
3941,short,178.11698200057435,128,8317.734675001702,
3942,short,177.66453200056276,128,8317.506826000681,
3943,short,175.61798700080544,128,8317.916453999715,
3944,short,175.4881410015514,128,8317.957911000121,
3945,short,176.14210400097363,128,8317.987558000823,
3946,short,175.960110998858,128,8318.016727000213,
3947,short,175.7385000000795,128,8318.004831000508,
3948,short,175.49647300074867,128,8318.017633000636,
3949,short,175.79128599936666,128,8318.130030000248,
3950,short,175.6753440004104,128,8317.971574000694,
3951,short,173.55769099958707,128,8319.065936000698,
3952,short,172.1600410000974,128,8317.878730000302,
3936,short,179.71934899833286,128,8325.602605998938,
3954,short,174.97239200019976,128,8316.39440500112,
3955,short,175.63404500106117,128,8317.304752999917,
3956,short,175.54751100033172,128,8317.49745200068,
3957,short,175.18878999908338,128,8317.373744999713,
3958,short,174.98841599990556,128,8317.469906998667,
3959,short,174.9989159998222,128,8317.536578999352,
3960,short,175.49644199971226,128,8318.661672999951,
3961,short,175.3242760005378,128,8318.730724000488,
3962,short,175.1151279986516,128,8318.74396999956,
3963,short,174.9043410000013,128,8318.764278999879,
3964,short,174.77991699888662,128,8318.887224999344,
3965,short,174.6016929992038,128,8318.936812000175,
3966,short,174.42636000123457,128,8318.983136001407,
3967,short,173.15090899865027,128,8317.93322500016,
3953,short,179.3699790014216,128,8324.444609001148,
3969,short,184.13237100139668,128,8320.46525900114,
3970,short,182.0666120001988,128,8320.532951000132,
3971,short,183.6191170004895,128,8320.568856001046,
3972,short,183.40389799959667,128,8320.656963000147,
3973,short,183.22337700010394,128,8321.57093800015,
3974,short,178.4113769990654,128,8320.514731000003,
3975,short,178.45885200040357,128,8320.638073000737,
3976,short,181.2733320002735,128,8320.664193999619,
3977,short,181.06077599986747,128,8320.73080599912,
3978,short,180.26814599943464,128,8320.202995000727,
3968,short,184.919577999608,128,8325.46883699979,
3980,short,188.75484400086862,128,8320.332228000552,
3981,short,188.61521599865227,128,8321.84232399959,
3982,short,188.44408999939333,128,8321.902460000274,
3983,short,187.55198500002734,128,8321.23191699975,
3979,short,190.73195200144255,128,8325.179372001003,
3985,short,182.8987410008267,128,8463.50967500075,
3986,short,182.52808900069795,128,8463.489404000939,
3987,short,183.27815299926442,128,8464.664248998815,
3988,short,182.95797600148944,128,8464.58972900109,
3989,short,182.82992800050124,128,8464.660069999809,
3990,short,182.26769200009585,128,8464.289989999088,
3991,short,179.58921399986139,128,8464.622620998853,
3992,short,179.4297539981926,128,8464.62517099826,
3993,short,179.97984100111353,128,8464.625200000228,
3994,short,179.88717300067947,128,8464.632074001202,
3995,short,179.63745599990943,128,8464.587096999821,
3996,short,179.34955500095384,128,8464.541376000852,
3997,short,180.3494169998885,128,8464.626708999276,
3998,short,179.05415399945923,128,8463.543128998936,
3999,short,176.363405000302,128,8464.752507999947,
4000,short,175.42472199966141,128,8464.023923999775,
3984,short,185.52410699885513,128,8472.403005998785,
4002,short,180.8374400006869,128,8464.025715000389,
4003,short,181.17675299981784,128,8465.05701299975,
4004,short,181.00196700106608,128,8465.170405001118,
4005,short,180.56626099860296,128,8464.970941999127,
4006,short,180.24776600032055,128,8465.00959200057,
4007,short,179.12580799929856,128,8464.088235999952,
4008,short,179.44161699961114,128,8464.243735001219,
4009,short,179.20851500093704,128,8464.248076999866,
4010,short,178.93929700039735,128,8464.208009001595,
4011,short,178.65511099989817,128,8465.023171000212,
4012,short,178.4499870009313,128,8465.101316000073,
4013,short,178.21927800105186,128,8465.105749999566,
4014,short,177.98585400123557,128,8465.102178999587,
4015,short,177.48695099908218,128,8464.818503998686,
4001,short,184.12775700016937,128,8472.115824000866,
4017,short,187.15811599940935,128,8464.276123000673,
4018,short,185.7101679997868,128,8464.342418999877,
4016,short,187.5289250001515,128,8465.327664000142,
4019,short,186.56556099995214,128,8464.594376000605,
4020,short,185.46401999992668,128,8463.803521000955,
4021,short,185.2268840011675,128,8463.852820999819,
4022,short,182.4957769986213,128,8464.551702998506,
4023,short,182.2422290006216,128,8464.700029000596,
4024,short,184.11195399858116,128,8464.753915999609,
4025,short,183.8385119990562,128,8464.763054998912,
4026,short,183.0903579993901,128,8464.311288998942,
4028,short,191.66495300123643,128,8465.936501001124,
4029,short,191.4785730004951,128,8467.405593000876,
4030,short,191.26364200019452,128,8467.499050999322,
4031,short,190.42489800085605,128,8466.900684999928,
4027,short,193.64638699880743,128,8470.883472999049,
3840,long,199.6780879999278,512,32821.96915699933,
3842,long,191.777379000996,512,32821.50086300135,
3841,long,203.4891309995146,512,32831.080271000246,
3844,long,191.56489300075918,512,32826.32086600097,
3845,long,191.3249570006883,512,32826.64498900158,
3846,long,186.2604990001273,512,32821.92088800002,
3843,long,196.6633650008589,512,32831.952000000456,
3848,long,185.7606189987564,512,32825.85130299958,
3849,long,182.48809199940297,512,32823.137850999046,
3847,long,188.42520999896806,512,32829.99331700012,
3851,long,187.09616400155937,512,32833.52428600119,
3850,long,190.0543640003889,512,32837.603293999564,
3853,long,194.48429300064163,512,32834.211530000175,
3854,long,194.2478069995559,512,32835.09745400079,
3855,long,193.20643799983372,512,32834.73529799994,
3852,long,196.19080899974506,512,32838.559754000016,
3856,long,193.39870500152756,512,32833.81040400127,
3857,long,194.95681800071907,512,32831.82349600065,
3858,long,197.6467570002569,512,32830.807581000045,
3860,long,192.93662900054187,512,32828.94565599963,
3861,long,193.37246999930358,512,32829.86978200097,
3862,long,190.92690300021786,512,32827.81247499952,
3859,long,198.54793500053347,512,32835.99990100083,
3863,long,191.3206720000744,512,32828.341618000195,
3864,long,187.57385699973383,512,32826.947536999796,
3865,long,191.61067200002435,512,32827.124088000346,
3866,long,192.22410499969556,512,32840.08079100022,
3867,long,192.8544080001302,512,32832.51048300008,
3868,long,209.01008699911472,512,32839.0872229993,
3870,long,220.2431030000298,512,32897.57452400045,
3871,long,219.07919099976425,512,32896.846955998626,
3872,long,219.24090900029114,512,32896.610874000544,
3873,long,219.01655600049708,512,32897.66769400012,
3874,long,218.7424359999568,512,32897.71875099905,
3875,long,218.43284199894697,512,32897.680443000354,
3876,long,218.1380279998848,512,32897.65067699955,
3869,long,224.03602200029127,512,32904.23621199989,
3877,long,287.6206330001878,512,32956.69629099939,
3878,long,287.49600700029987,512,32957.72440099972,
3879,long,287.2189049994631,512,32958.01793099963,
3880,long,286.7998669989902,512,32958.01366500018,
3881,long,285.38015100093617,512,32957.187914000315,
3882,long,285.0445310014038,512,32957.36221900006,
3883,long,284.75172400067095,512,32957.5407680004,
3884,long,284.41461300099036,512,32957.60768299988,
3885,long,283.92212099970493,512,32957.51412500067,
3886,long,284.13216000080865,512,32960.15232100035,
3887,long,284.03056699971785,512,32960.37061500101,
4033,short,186.75497900039773,128,8247.184277000997,
4034,short,185.34610000097018,128,8246.12124000123,
4035,short,186.6973850010254,128,8246.162350000304,
4036,short,185.31511800028966,128,8246.099498001058,
4037,short,185.59353300042858,128,8246.222521998789,
4038,short,185.08583399852796,128,8245.89859599837,
4039,short,182.40875099945697,128,8246.27666699962,
4040,short,182.2512889993959,128,8246.302784000363,
4041,short,182.86544599868648,128,8246.31053899975,
4042,short,182.7362690000882,128,8246.309150999878,
4043,short,182.49560199910775,128,8247.429368000667,
4044,short,182.19502399915655,128,8247.402416000114,
4045,short,182.7226300010807,128,8247.428930999376,
4046,short,181.72339999910037,128,8246.21660899902,
4047,short,179.02308799966704,128,8246.415329000229,
4048,short,178.4887300000264,128,8246.081870000125,
4032,short,187.72999399880064,128,8254.652309999074,
4050,short,190.3911280005559,128,8242.484653999782,
4051,short,191.00151599923265,128,8243.850982000367,
4052,short,190.87862100059283,128,8243.992096000511,
4053,short,190.44678499994916,128,8243.800468999325,
4054,short,190.17422499928216,128,8243.839542999922,
4055,short,190.10396500016213,128,8243.823937998968,
4056,short,190.04484100150876,128,8243.97859200144,
4057,short,190.3132050010754,128,8243.980888000806,
4058,short,189.20416100081638,128,8243.079689000297,
4059,short,188.92857599894342,128,8242.99217800035,
4060,short,188.75698299962096,128,8243.094338000446,
4061,short,188.53775600109657,128,8243.114083999899,
4062,short,188.3147779990395,128,8243.111537000004,
4049,short,194.39611000052537,128,8249.489327999981,
4063,short,187.60601700159896,128,8242.909663000319,
4065,short,199.02889499826415,128,8239.517308998984,
4066,short,197.04271299997345,128,8239.563834000364,
4067,short,198.47667300018657,128,8239.638302000458,
4068,short,198.16162800088932,128,8239.565023000978,
4069,short,197.89466700058256,128,8239.598510001088,
4070,short,196.75479000034102,128,8239.594085000135,
4071,short,193.1185989997175,128,8239.354620000086,
4072,short,192.8494439998758,128,8239.409873000113,
4073,short,195.61302200054342,128,8239.524845001142,
4074,short,195.35675499901117,128,8239.708674998838,
4064,short,199.59890300015104,128,8244.374771000366,
4076,short,200.03777400052059,128,8235.070505999829,
4075,short,201.91752800019458,128,8238.753764999274,
4077,short,199.87039800071216,128,8237.023232000865,
4078,short,199.66290400043363,128,8237.012977999257,
4079,short,198.84712400016724,128,8237.240180000299,
4129,short,177.27849899893044,128,8141.495464999025,
4130,short,176.98436299906461,128,8141.537267998501,
4131,short,177.05304300034186,128,8142.623767000259,
4132,short,176.71271200015326,128,8142.524036000395,
4133,short,176.57163200055948,128,8142.5776810010575,
4134,short,175.99990400049137,128,8142.16241000031,
4135,short,172.8959339998255,128,8142.45716899859,
4136,short,173.05618499995035,128,8142.4552550015505,
4137,short,174.44348400022136,128,8142.448132000936,
4138,short,173.15616400082945,128,8141.261417000351,
4139,short,172.88385100073356,128,8141.16081300017,
4140,short,172.58829599995806,128,8141.070599998784,
4141,short,172.8980829993816,128,8141.094135999083,
4142,short,172.47801499979687,128,8140.823255000214,
4143,short,169.38795300120546,128,8140.9630570015,
4144,short,168.34782799924142,128,8140.0708359997225,
4128,short,178.35060699871974,128,8148.52633999908,
4146,short,176.3621250011056,128,8141.332092000084,
4147,short,176.29191400010313,128,8142.013505999785,
4148,short,176.15361800017126,128,8142.303515000094,
4149,short,175.71643900009803,128,8142.173792999529,
4150,short,175.4774399996677,128,8142.630608999752,
4151,short,175.57633999967948,128,8143.007640999713,
4152,short,175.53841500011913,128,8143.545515000369,
4153,short,175.3233100007492,128,8143.633969000803,
4154,short,175.10557499917923,128,8143.7062849981885,
4155,short,174.7929089997342,128,8143.756716999633,
4156,short,174.61247199935315,128,8144.004684998436,
4157,short,174.39366899998276,128,8144.081629001448,
4158,short,174.09717500049737,128,8144.0754439991,
4159,short,173.87656299979426,128,8145.886115999019,
4145,short,179.90470699987782,128,8152.497836999828,
4161,short,185.6742439995287,128,8146.906285999648,
4162,short,183.13347099865496,128,8146.965485999317,
4163,short,185.10971199975756,128,8146.98523900006,
4164,short,184.80961499881232,128,8146.873222998693,
4165,short,183.67481700079225,128,8145.986301000448,
4166,short,183.4362619993044,128,8145.963682000001,
4167,short,179.34705400148232,128,8145.748179000293,
4168,short,179.0084559997922,128,8146.594955998808,
4169,short,182.13026999910653,128,8146.4849509993655,
4170,short,181.69872399994347,128,8146.275013999912,
4160,short,185.81435899977805,128,8151.6444199987745,
4172,short,186.46342800093407,128,8145.993441999963,
4173,short,186.2450290009292,128,8147.1838770012255,
4174,short,186.02631700014172,128,8147.25135000117,
4171,short,188.56787199911196,128,8149.98609399845,
4175,short,185.01917399953527,128,8146.605427000395,
4177,short,181.9514970011369,128,8301.415780000752,
4178,short,180.59649899987562,128,8300.43308399945,
4179,short,180.62910800108511,128,8301.720631001444,
4180,short,180.7007050010725,128,8301.681685999938,
4181,short,180.59670299953723,128,8301.8903889988,
4182,short,180.07597100040584,128,8301.57010199946,
4183,short,177.74368499885895,128,8301.886592998926,
4184,short,177.87440000029164,128,8301.95545800052,
4185,short,178.41766499986988,128,8301.992581000377,
4186,short,178.24146599923552,128,8302.027977999387,
4187,short,178.02063499948417,128,8302.022136000232,
4188,short,177.7798540006188,128,8302.034778000234,
4189,short,178.41757499991218,128,8302.174730999468,
4190,short,178.0693849996169,128,8302.027234998604,
4191,short,175.76620699946943,128,8302.304609000203,
4192,short,174.44610100028513,128,8301.22694199963,
4176,short,182.08495900034904,128,8309.634912000547,
4194,short,179.8737640001491,128,8301.981807999255,
4195,short,180.35003200020583,128,8302.937204000045,
4196,short,180.433309998989,128,8303.00708499999,
4197,short,179.657117001625,128,8302.407037001103,
4198,short,179.36822899901017,128,8302.073038999879,
4199,short,179.79206199925102,128,8301.690804999453,
4200,short,180.11062299956393,128,8301.770668000245,
4201,short,179.8788100004458,128,8301.71571900064,
4202,short,179.54660299983516,128,8301.565554000263,
4203,short,179.25539200041385,128,8301.337400000193,
4204,short,179.17866399875493,128,8301.34793399884,
4205,short,178.9453239998693,128,8302.001850999659,
4206,short,176.96600799899898,128,8300.204233999466,
4207,short,176.2412719999702,128,8299.652050000077,
4193,short,186.1534110012144,128,8309.527152001465,
4209,short,188.0973469997116,128,8301.805287999741,
4210,short,184.35044500074582,128,8301.892105000661,
4211,short,187.68805000036082,128,8302.003415001309,
4212,short,187.51147399962065,128,8302.01933599892,
4213,short,187.35276100051124,128,8302.118479001365,
4214,short,187.2247100000095,128,8302.202093998858,
4215,short,179.83023200031312,128,8301.153490001525,
4216,short,179.75640300028317,128,8302.280764000898,
4217,short,185.4536589999043,128,8302.403959998628,
4218,short,184.63323499963735,128,8301.787791000606,
4208,short,189.33852999907685,128,8306.987121999555,
4220,short,189.69860799916205,128,8304.771375998826,
4221,short,189.79529699936393,128,8306.660653999643,
4222,short,189.67344899829186,128,8306.923141999505,
4223,short,189.63348299985228,128,8307.040313999096,
4219,short,190.4077800008963,128,8312.05485099963,
4225,short,187.94789300045522,128,8453.17101799992,
4226,short,186.48028200004774,128,8452.006748999338,
4227,short,187.20156500057783,128,8453.196967000622,
4228,short,186.87309000051755,128,8453.056081001705,
4229,short,189.10284899902763,128,8453.164849999666,
4230,short,188.62135599920293,128,8452.85974000035,
4231,short,182.3228069988545,128,8453.124371999365,
4232,short,182.7229600003193,128,8453.132024000297,
4233,short,183.4016739994695,128,8453.13163100036,
4234,short,183.5242939996533,128,8453.141050998966,
4235,short,183.3404070002871,128,8453.103136000209,
4236,short,183.0847500004893,128,8453.036730001259,
4237,short,184.46360499910952,128,8453.102821000357,
4238,short,186.21846599853598,128,8452.864998000223,
4239,short,179.81838900050207,128,8453.042985000138,
4240,short,178.27942300027644,128,8451.538168001207,
4224,short,187.49840799864614,128,8461.064478999106,
4242,short,180.17045099986717,128,8453.159912000046,
4243,short,180.47994200060202,128,8454.172015999575,
4244,short,180.30317800003104,128,8454.280748999736,
4245,short,179.86769399976765,128,8454.091732999586,
4246,short,179.55891900055576,128,8454.191499000444,
4247,short,179.40137199911987,128,8454.19462800055,
4248,short,179.736497999329,128,8454.559918998712,
4249,short,179.48823799997626,128,8454.586751000534,
4250,short,179.2291509991628,128,8454.558172999896,
4251,short,178.93075899883115,128,8454.507379999995,
4252,short,178.00967899893294,128,8454.606923000028,
4253,short,177.76477499864995,128,8454.602585999965,
4254,short,177.5299390010332,128,8454.656498000986,
4255,short,177.09214099886594,128,8454.449765999016,
4241,short,183.67590100024245,128,8461.660214999938,
4257,short,188.35796100029256,128,8455.181401999653,
4258,short,186.8625740007701,128,8455.180452001514,
4259,short,187.76229300056002,128,8455.189799000436,
4260,short,187.43927700052154,128,8455.101044999537,
4261,short,187.1642010009964,128,8455.952563999745,
4262,short,186.93686600090587,128,8456.004916999518,
4263,short,183.17806300001394,128,8454.76207700085,
4264,short,182.9139719993691,128,8454.86716599953,
4265,short,184.81369000073755,128,8454.933828999856,
4266,short,184.00766100057808,128,8454.40168999994,
4256,short,188.70079099906434,128,8460.57358500002,
4268,short,186.48148799911723,128,8450.890877000347,
4269,short,186.08550899989496,128,8451.880278000317,
4270,short,185.77704200106382,128,8451.857120000568,
4271,short,183.04804900071758,128,8449.333200000183,
4267,short,188.82920000032755,128,8456.515986999875,
4080,long,199.2020229990885,512,32741.490270000213,
4082,long,194.00066200068977,512,32733.322324000255,
4081,long,201.9523399994796,512,32742.693486999997,
4084,long,199.53155100120057,512,32734.601015001317,
4085,long,199.54322699959448,512,32735.193612999865,
4086,long,196.1495659998036,512,32732.232021999152,
4083,long,204.43757999964873,512,32740.15324299944,
4088,long,195.4908540010365,512,32735.62738000146,
4089,long,193.8062209992495,512,32734.429394999097,
4087,long,198.42389299992647,512,32739.63950399957,
4091,long,184.26651600020705,512,32732.14652199931,
4090,long,187.98224899910565,512,32736.499331998857,
4093,long,193.02049399993848,512,32730.31527999956,
4094,long,193.2182330001524,512,32730.869606999477,
4095,long,192.30824200167262,512,32730.550203001258,
4092,long,195.4560530011804,512,32734.436706999986,
4096,long,193.12856400028977,512,32730.598477000967,
4097,long,196.04604599953745,512,32732.515767000223,
4098,long,196.47547299973667,512,32725.88088700104,
4100,long,190.60807800087787,512,32723.120037000626,
4101,long,190.95382199884625,512,32724.065722999512,
4102,long,187.18080100006773,512,32720.758915998886,
4099,long,195.1394480001909,512,32729.26634599935,
4103,long,191.55949199921452,512,32724.27024100034,
4104,long,200.11954799883824,512,32725.580848999016,
4105,long,196.22225700004492,512,32726.219992999177,
4106,long,193.38832599896705,512,32712.92620299937,
4107,long,203.67864500076394,512,32720.97224999925,
4108,long,193.87074000042048,512,32717.76671800035,
4109,long,167.64839999996184,512,32717.900371000724,
4110,long,283.86315899842884,512,32842.73533099986,
4111,long,283.6707699989347,512,32842.98847100035,
4112,long,283.0059160005476,512,32841.90897100052,
4113,long,282.80269599963503,512,32842.99642800033,
4114,long,282.58149000066624,512,32843.112976001066,
4115,long,282.31756199966185,512,32843.16189999845,
4116,long,279.8099209994689,512,32840.9223109993,
4118,long,348.2980669996323,512,32903.70075700048,
4119,long,347.9525740003737,512,32904.45058899968,
4120,long,347.5562540006649,512,32904.556612000306,
4121,long,346.9249839999975,512,32904.36215199952,
4122,long,346.44307199960167,512,32904.40551399843,
4123,long,345.9731550010474,512,32904.39447800054,
4124,long,345.5945490004524,512,32904.474844001015,
4125,long,345.196076999855,512,32904.4534500008,
4126,long,341.9414779982617,512,32901.58247199906,
4127,long,342.2451300011744,512,32904.39766600139,
4117,long,351.9433469991782,512,32914.51204199984,
4273,short,185.74956900010875,128,8254.720857999928,
4274,short,184.30820799949288,128,8253.604179999456,
4275,short,185.79782499909925,128,8254.570646000502,
4276,short,184.8974399999861,128,8254.511471001024,
4277,short,184.79028799993102,128,8254.594148998876,
4278,short,184.28329299968027,128,8254.248994999216,
4279,short,181.5088069997728,128,8254.49834400024,
4280,short,181.6204189999553,128,8254.47142899975,
4281,short,181.89400099981867,128,8254.437891000634,
4282,short,181.69093200049247,128,8254.396460999487,
4283,short,181.51037200004794,128,8254.318999999668,
4284,short,181.22281200157886,128,8254.238115001499,
4285,short,182.36367799909203,128,8254.254600000422,
4286,short,181.9675280003139,128,8253.985448000094,
4287,short,179.18161899979168,128,8254.135802999372,
4288,short,177.57201399945188,128,8252.687148000405,
4272,short,187.48952300120436,128,8261.459014000138,
4290,short,183.38953199963726,128,8249.161314999583,
4291,short,183.70256399975915,128,8250.375661998987,
4292,short,183.5217379993992,128,8250.441586998932,
4293,short,183.03640900012397,128,8250.151989999722,
4294,short,182.71347699919716,128,8250.152884000272,
4295,short,182.74843200015312,128,8249.907313000222,
4296,short,182.59301299985964,128,8249.978318999638,
4297,short,182.3644409996632,128,8249.947497000903,
4298,short,182.10134000037215,128,8249.873146000027,
4299,short,181.06234399965615,128,8249.004375000368,
4300,short,180.8517989993561,128,8249.04306999997,
4301,short,180.56404100025247,128,8248.956101000658,
4302,short,180.33306200049992,128,8248.910718000843,
4303,short,179.62694100060617,128,8248.930577001374,
4289,short,186.71002200062503,128,8256.593063000764,
4305,short,192.03859600020223,128,8247.286760999486,
4306,short,190.59551899954386,128,8247.353016000488,
4307,short,191.4993919999688,128,8247.36091899831,
4308,short,190.38204299977224,128,8246.459151001545,
4309,short,190.10617599997204,128,8246.441027000401,
4310,short,189.87969000045268,128,8246.439753000232,
4311,short,187.18201699994097,128,8247.098861000268,
4312,short,186.92428200120048,128,8247.15374600055,
4313,short,188.7790499986295,128,8247.081358998912,
4314,short,187.41469699853042,128,8246.08008999894,
4304,short,192.47196600008465,128,8251.429969001038,
4316,short,194.29898399903323,128,8242.572630999348,
4317,short,194.0709529990272,128,8243.947408998793,
4318,short,193.83843499963405,128,8244.018850999055,
4319,short,192.43339900094725,128,8242.855294000037,
4315,short,195.6997119996231,128,8248.021539000547,
4369,short,174.9420950000058,128,8133.119774998704,
4370,short,173.73062499973457,128,8131.94269899941,
4371,short,174.57298500085017,128,8132.82653799979,
4372,short,173.4291390002909,128,8132.548449000751,
4373,short,173.31504100002348,128,8132.471352999346,
4374,short,172.8597989986156,128,8132.01528099853,
4375,short,171.0456279997743,128,8132.127212998967,
4376,short,171.2042470007873,128,8131.967077999434,
4377,short,171.5303959990706,128,8131.808815998738,
4378,short,171.36376300004486,128,8131.651312000031,
4379,short,171.2324809996062,128,8131.457987999966,
4380,short,170.9941869994509,128,8131.2623909998365,
4381,short,171.2646149990178,128,8131.175522999911,
4382,short,170.90001399992616,128,8130.809111000417,
4383,short,169.08972799865296,128,8130.821374999869,
4384,short,167.85778400117124,128,8129.5818950002285,
4368,short,175.60818800120614,128,8137.608818000444,
4386,short,172.91484900124487,128,8134.172156000204,
4387,short,173.5472109994589,128,8135.01852599984,
4388,short,173.4637270001258,128,8134.922881999955,
4389,short,173.06632299914781,128,8134.54918699972,
4390,short,172.84790899975633,128,8134.3882480014145,
4391,short,172.82720199909818,128,8134.207307999532,
4392,short,173.28657200050657,128,8134.172440000839,
4393,short,173.10816400095064,128,8134.0128219999315,
4394,short,172.93139700086613,128,8133.854977000738,
4395,short,172.67685600018012,128,8133.623214000181,
4396,short,172.54517699984717,128,8133.51393099947,
4397,short,172.3687819994666,128,8133.35573599943,
4398,short,171.63521700058482,128,8132.64037999943,
4385,short,177.0061639999767,128,8138.029797000854,
4399,short,171.01115500008746,128,8132.054109999444,
4401,short,180.90565199963748,128,8133.912130000681,
4402,short,179.6464859999105,128,8133.712298000319,
4403,short,180.4353989991796,128,8133.565604999603,
4404,short,180.18398999993224,128,8133.339451000211,
4405,short,179.9686180002027,128,8133.234306000304,
4406,short,179.1776280006161,128,8132.17522999912,
4407,short,175.78858100023353,128,8132.691790000536,
4408,short,175.67133199918317,128,8132.724873999905,
4409,short,178.20838300031028,128,8132.476865999706,
4410,short,177.91266900167102,128,8132.226032001199,
4400,short,181.7526689992519,128,8136.1637440004415,
4412,short,184.64808300086588,128,8129.985405999832,
4413,short,184.4501190007577,128,8130.753188001108,
4414,short,184.18970399943646,128,8130.521896999198,
4411,short,186.4979410001979,128,8132.831144999727,
4415,short,182.54295699989598,128,8128.8975039988145,
4320,long,199.47034699907817,512,30623.51307499921,
4322,long,190.97571300153504,512,30583.24457100025,
4321,long,201.76295800047228,512,30589.52517599937,
4324,long,198.35670700012997,512,30580.50380200075,
4325,long,198.29604599908635,512,30580.232647998855,
4326,long,195.25129300018307,512,30577.750217000357,
4323,long,203.97645900084171,512,30582.440416999816,
4329,long,188.19103599889786,512,30555.80219500007,
4328,long,190.42884200098342,512,30559.35328400119,
4327,long,192.9509230012627,512,30560.28435799999,
4331,long,181.12459300027695,512,30537.463431001015,
4330,long,185.61521800074843,512,30540.183769000578,
4333,long,192.33333099873562,512,30529.139456999474,
4334,long,191.94248100029654,512,30529.116906000127,
4335,long,191.04989000152273,512,30528.32847100035,
4332,long,194.05422099953284,512,30531.39709199968,
4336,long,191.415440000128,512,30498.788648999835,
4337,long,187.51738599894452,512,30466.04888299953,
4338,long,195.45156399908592,512,30439.033749999,
4340,long,191.73614699866448,512,30387.919516999318,
4341,long,191.99275500068325,512,30387.911014000565,
4342,long,189.14919599956193,512,30385.20815799893,
4339,long,195.4414909996558,512,30390.261806000126,
4343,long,193.14773400037666,512,30354.986857000767,
4344,long,188.5068110004795,512,30332.895970999743,
4345,long,191.97225700008858,512,30319.555264999508,
4346,long,192.31611199938925,512,30282.527781999306,
4347,long,192.68071499936923,512,30246.594635000292,
4348,long,194.2707660000451,512,30069.97754599979,
4349,long,187.7925389999291,512,29990.182771000036,
4350,long,179.56208900068305,512,29953.540100999817,
4354,long,262.66250899971055,512,29996.061693998854,
4355,long,262.386994998451,512,29995.808442999987,
4352,long,264.35055199908675,512,29998.331904000224,
4353,long,262.9535110008874,512,29996.891004000645,
4356,long,262.1104079989891,512,29995.924921999176,
4351,long,264.0935819999868,512,29998.8805590001,
4358,long,232.2161310003139,512,29938.91412099947,
4359,long,231.81609499988554,512,29938.616571998864,
4362,long,230.3503550010646,512,29937.09396000122,
4360,long,231.3971549992857,512,29938.23452200013,
4363,long,229.87303599984443,512,29936.678336000114,
4357,long,233.55917800108728,512,29940.693870999894,
4364,long,229.50411399870063,512,29936.333765999734,
4365,long,229.11200099952111,512,29935.965819999183,
4361,long,230.8109389996389,512,29937.83196500044,
4366,long,282.38223399966955,512,29956.45585499915,
4367,long,281.3415359996725,512,29955.387718000566,
