Timestamp,User Count,Type,Name,Requests/s,Failures/s,50%,66%,75%,80%,90%,95%,98%,99%,99.9%,99.99%,100%,Total Request Count,Total Failure Count,Total Median Response Time,Total Average Response Time,Total Min Response Time,Total Max Response Time,Total Average Content Size
1774656568,0,,Aggregated,0.000000,0.000000,N/A,N/A,N/A,N/A,N/A,N/A,N/A,N/A,N/A,N/A,N/A,0,0,0,0.0,0,0,0
1774656569,3,,Aggregated,0.000000,0.000000,160,160,170,170,170,170,170,170,170,170,170,3,0,160.0,152.343498000846,131.32167300136643,165.83640400131117,0.0
1774656570,6,,Aggregated,0.000000,0.000000,160,160,160,160,170,170,170,170,170,170,170,6,0,150.0,153.7651270009519,131.32167300136643,165.83640400131117,0.0
1774656571,9,,Aggregated,0.000000,0.000000,160,160,160,160,170,170,170,170,170,170,170,9,0,160.0,157.1404560005855,131.32167300136643,165.83640400131117,0.0
1774656572,12,,Aggregated,3.000000,0.000000,160,160,160,170,170,170,170,170,170,170,170,13,0,160.0,149.3921443848544,33.522894998895936,165.83640400131117,0.0
1774656573,15,,Aggregated,3.000000,0.000000,160,160,160,160,170,170,170,170,170,170,170,17,0,160.0,145.68051617671324,33.522894998895936,165.83640400131117,0.0
1774656574,18,,Aggregated,3.000000,0.000000,160,160,170,170,170,170,170,170,170,170,170,23,0,160.0,141.32214452199506,28.861089998827083,168.9422809977259,0.0
1774656575,21,,Aggregated,3.200000,0.000000,160,160,160,170,170,170,170,170,170,170,170,27,0,160.0,143.1219032966948,28.861089998827083,168.9422809977259,0.0
1774656576,24,,Aggregated,3.000000,0.000000,160,160,160,160,170,170,170,170,170,170,170,32,0,160.0,138.5178120629007,28.861089998827083,168.9422809977259,0.0
1774656577,27,,Aggregated,3.714286,0.000000,160,160,170,170,170,250,250,250,250,250,250,36,0,160.0,147.07358500032166,28.861089998827083,250.90845600061584,0.0
1774656578,30,,Aggregated,3.875000,0.000000,160,160,170,170,180,250,250,250,250,250,250,41,0,160.0,146.21741690280032,22.30843000143068,250.90845600061584,0.0
1774656579,33,,Aggregated,3.555556,0.000000,160,170,170,180,200,250,250,250,250,250,250,44,0,160.0,149.95199675038086,22.30843000143068,250.90845600061584,0.0
1774656580,36,,Aggregated,3.700000,0.000000,160,170,170,180,200,250,250,250,250,250,250,48,0,160.0,151.78754985443751,22.30843000143068,250.90845600061584,0.0
1774656581,39,,Aggregated,3.800000,0.000000,160,170,170,170,200,250,250,250,250,250,250,54,0,160.0,147.66412527798687,11.039010998501908,250.90845600061584,0.0
1774656582,42,,Aggregated,3.900000,0.000000,160,170,170,180,200,250,250,250,250,250,250,60,0,160.0,146.57170083349533,11.039010998501908,250.90845600061584,0.0
1774656583,45,,Aggregated,4.000000,0.000000,160,170,170,180,200,200,250,250,250,250,250,65,0,160.0,146.32059852323997,11.039010998501908,250.90845600061584,0.0
1774656584,48,,Aggregated,4.200000,0.000000,160,170,170,180,200,220,250,250,250,250,250,71,0,160.0,146.58488556356326,11.039010998501908,250.90845600061584,0.0
1774656585,51,,Aggregated,4.400000,0.000000,160,170,180,180,220,230,250,250,250,250,250,76,0,160.0,148.97383672388585,11.039010998501908,250.90845600061584,0.0
1774656586,54,,Aggregated,4.700000,0.000000,160,170,180,200,220,240,250,250,250,250,250,81,0,160.0,151.28853229647194,11.039010998501908,250.90845600061584,0.0
1774656587,57,,Aggregated,4.500000,0.000000,160,170,180,200,230,250,270,270,270,270,270,85,0,160.0,154.7707736001672,11.039010998501908,272.9263350011024,0.0
1774656588,60,,Aggregated,4.700000,0.000000,160,170,180,200,240,250,270,270,270,270,270,93,0,160.0,150.7246412259529,11.039010998501908,272.9263350011024,0.0
1774656589,63,,Aggregated,4.900000,0.000000,160,170,180,200,240,240,250,270,270,270,270,102,0,160.0,150.7124306570796,11.039010998501908,272.9263350011024,0.0
1774656590,66,,Aggregated,4.800000,0.000000,170,180,200,220,240,250,250,270,270,270,270,108,0,160.0,153.97265356498085,11.039010998501908,272.9263350011024,0.0
1774656591,69,,Aggregated,5.300000,0.000000,170,180,200,230,240,250,250,270,270,270,270,115,0,170.0,155.63552080885805,11.039010998501908,272.9263350011024,0.0
1774656592,72,,Aggregated,5.700000,0.000000,170,180,200,220,240,250,250,270,270,270,270,121,0,170.0,155.17465654556872,11.039010998501908,272.9263350011024,0.0
1774656593,75,,Aggregated,5.900000,0.000000,170,180,200,230,240,250,250,270,270,270,270,125,0,170.0,157.53729121611104,11.039010998501908,272.9263350011024,0.0
1774656594,78,,Aggregated,6.100000,0.000000,170,180,200,230,240,250,250,270,270,270,270,131,0,170.0,158.60230053447538,11.039010998501908,272.9263350011024,0.0
1774656595,81,,Aggregated,6.100000,0.000000,170,190,220,230,240,250,250,270,270,270,270,136,0,170.0,159.4856573971864,11.039010998501908,272.9263350011024,0.0
1774656596,84,,Aggregated,6.000000,0.000000,170,190,220,230,240,250,250,270,270,270,270,142,0,170.0,158.6282345494036,11.039010998501908,272.9263350011024,0.0
1774656597,87,,Aggregated,6.000000,0.000000,170,200,220,230,250,250,270,270,270,270,270,150,0,170.0,158.80583758009985,11.039010998501908,272.9263350011024,0.0
1774656598,90,,Aggregated,5.800000,0.000000,170,200,220,230,240,250,260,270,270,270,270,158,0,170.0,159.30220525324677,11.039010998501908,272.9263350011024,0.0
1774656599,93,,Aggregated,6.100000,0.000000,170,200,220,230,240,250,270,270,890,890,890,163,0,170.0,162.90393655225967,11.039010998501908,886.5151099998911,0.0
1774656600,96,,Aggregated,6.500000,0.000000,170,200,220,230,240,250,270,270,890,890,890,165,0,170.0,163.09112616980917,11.039010998501908,886.5151099998911,0.0
1774656601,99,,Aggregated,6.400000,0.000000,170,200,220,230,240,250,270,270,890,890,890,170,0,170.0,160.4082499295413,11.039010998501908,886.5151099998911,0.0
1774656602,100,,Aggregated,6.100000,0.000000,170,200,220,230,240,250,270,890,2100,2100,2100,173,0,170.0,170.22029741054348,11.039010998501908,2114.6496629989997,0.0
1774656603,100,,Aggregated,5.700000,0.000000,170,190,220,230,240,250,270,2100,2600,2600,2600,183,0,170.0,179.09776784169176,11.039010998501908,2619.8210010006733,0.0
1774656604,100,,Aggregated,5.500000,0.000000,170,200,220,230,250,270,2600,4400,5000,5000,5000,193,0,170.0,259.45103320741674,11.039010998501908,5045.415829998092,0.21243523316062177
1774656605,100,,Aggregated,5.400000,0.000000,170,200,220,230,250,890,4400,5000,5000,5000,5000,199,0,170.0,305.0152933971534,11.039010998501908,5045.415829998092,0.6180904522613065
1774656606,100,,Aggregated,6.100000,0.000000,170,200,220,230,250,1300,5000,5000,5000,5000,5000,204,0,170.0,348.01762236287794,11.039010998501908,5045.415829998092,1.0049019607843137
1774656607,100,,Aggregated,6.200000,0.000000,170,200,220,230,250,2100,5000,5000,5000,5000,5000,206,0,170.0,358.6655452913918,11.039010998501908,5045.415829998092,0.9951456310679612
1774656608,100,,Aggregated,6.600000,0.000000,170,200,220,240,260,2900,5000,5000,5000,5000,5000,215,0,170.0,420.93422756289056,11.039010998501908,5045.415829998092,1.3348837209302327
1774656609,100,,Aggregated,6.200000,0.000000,170,200,230,240,270,5000,5000,5000,5000,5000,5000,220,0,170.0,503.30062418192523,11.039010998501908,5045.415829998092,2.05
1774656610,100,,Aggregated,5.700000,0.000000,170,200,230,240,270,5000,5000,5000,5000,5000,5000,223,0,170.0,519.3927359776785,11.039010998501908,5045.415829998092,2.2062780269058297
1774656611,100,,Aggregated,5.700000,0.000000,170,200,230,240,2100,5000,5000,5000,5000,5000,5000,228,0,170.0,573.0516279694106,11.039010998501908,5045.415829998092,2.517543859649123
1774656612,100,,Aggregated,5.700000,0.000000,170,200,230,240,2500,5000,5000,5000,5000,5000,5000,232,0,170.0,628.0382872501236,11.039010998501908,5045.415829998092,3.0043103448275863
1774656613,100,,Aggregated,5.900000,0.000000,170,200,230,240,2900,5000,5000,5000,5000,5000,5000,237,0,170.0,658.0505801899824,11.039010998501908,5045.415829998092,3.2869198312236287
1774656614,100,,Aggregated,5.800000,0.000000,170,210,230,240,2900,5000,5000,5000,5000,5000,5000,241,0,170.0,669.1145077760311,11.039010998501908,5045.415829998092,3.4024896265560165
1774656615,100,,Aggregated,5.700000,0.000000,170,210,230,240,4400,5000,5000,5000,5000,5000,5000,246,0,170.0,718.0216142277333,11.039010998501908,5045.415829998092,3.8333333333333335
1774656616,100,,Aggregated,5.100000,0.000000,170,210,240,250,5000,5000,5000,5000,5000,5000,5000,252,0,170.0,800.5549947024448,11.039010998501908,5045.415829998092,4.555555555555555
1774656617,100,,Aggregated,5.000000,0.000000,180,220,240,250,5000,5000,5000,5000,5000,5000,5000,258,0,170.0,859.370326794644,11.039010998501908,5045.415829998092,4.926356589147287
1774656618,100,,Aggregated,4.500000,0.000000,180,220,240,250,5000,5000,5000,5000,5000,5000,5000,263,0,180.0,901.1009279582645,11.039010998501908,5045.415829998092,5.300380228136882
1774656619,100,,Aggregated,4.800000,0.000000,180,220,240,250,5000,5000,5000,5000,5000,5000,5000,269,0,180.0,913.6485353495466,11.039010998501908,5045.415829998092,5.33457249070632
1774656620,100,,Aggregated,5.100000,0.000000,180,220,240,260,5000,5000,5000,5000,5000,5000,5000,272,0,180.0,940.6054747648127,11.039010998501908,5045.415829998092,5.577205882352941
1774656621,100,,Aggregated,4.800000,0.000000,180,220,240,260,5000,5000,5000,5000,5000,5000,5000,277,0,180.0,960.8572543900021,11.039010998501908,5045.415829998092,5.772563176895307
1774656622,100,,Aggregated,4.900000,0.000000,180,220,250,890,5000,5000,5000,5000,5000,5000,5000,284,0,180.0,1026.1056758029388,11.039010998501908,5045.415829998092,6.352112676056338
1774656623,100,,Aggregated,4.800000,0.000000,180,220,250,2100,5000,5000,5000,5000,5100,5100,5100,290,0,180.0,1075.115143517366,11.039010998501908,5141.613588999462,6.644827586206897
1774656624,100,,Aggregated,4.900000,0.000000,180,230,250,2900,5000,5000,5000,5000,5100,5100,5100,297,0,180.0,1128.2523539765825,11.039010998501908,5141.613588999462,6.902356902356902
1774656625,100,,Aggregated,5.200000,0.000000,180,230,250,3400,5000,5000,5000,5000,5100,5100,5100,301,0,180.0,1163.8222898141025,11.039010998501908,5141.613588999462,7.219269102990033
1774656626,100,,Aggregated,5.400000,0.000000,180,230,250,3400,5000,5000,5000,5000,5100,5100,5100,305,0,180.0,1150.535989006718,11.039010998501908,5141.613588999462,7.1245901639344265
1774656627,100,,Aggregated,5.400000,0.000000,180,230,260,4400,5000,5000,5000,5000,5100,5100,5100,310,0,180.0,1197.1838253098188,11.039010998501908,5141.613588999462,7.538709677419355
1774656628,100,,Aggregated,5.400000,0.000000,180,230,270,4600,5000,5000,5000,5000,5100,5100,5100,316,0,180.0,1235.9178344779973,11.039010998501908,5141.613588999462,7.655063291139241
1774656629,100,,Aggregated,5.300000,0.000000,190,230,2100,5000,5000,5000,5000,5000,5100,5100,5100,324,0,190.0,1296.9515473056886,11.039010998501908,5141.613588999462,7.972222222222222
1774656630,100,,Aggregated,5.200000,0.000000,190,240,2100,5000,5000,5000,5000,5000,5100,5100,5100,330,0,190.0,1320.1691225516595,11.039010998501908,5141.613588999462,8.2
1774656631,100,,Aggregated,5.300000,0.000000,190,230,2100,5000,5000,5000,5000,5000,5100,5100,5100,336,0,190.0,1312.3917275537078,11.039010998501908,5141.613588999462,8.175595238095237
1774656632,100,,Aggregated,5.500000,0.000000,190,230,2100,5000,5000,5000,5000,5000,5100,5100,5100,342,0,190.0,1305.724175169731,11.039010998501908,5141.613588999462,8.152046783625732
1774656633,100,,Aggregated,5.800000,0.000000,190,240,2100,5000,5000,5000,5000,5000,5100,5100,5100,345,0,190.0,1329.1903052639,11.039010998501908,5141.613588999462,8.318840579710145
1774656634,100,,Aggregated,5.900000,0.000000,190,240,3000,5000,5000,5000,5000,5000,5100,5100,5100,357,0,190.0,1371.875549577194,11.039010998501908,5141.613588999462,8.38375350140056
1774656635,100,,Aggregated,5.900000,0.000000,190,240,3300,5000,5000,5000,5000,5000,5100,5100,5100,360,0,190.0,1382.314989558483,11.039010998501908,5141.613588999462,8.427777777777777
1774656636,100,,Aggregated,5.400000,0.000000,190,240,3300,5000,5000,5000,5000,5000,5100,5100,5100,365,0,190.0,1399.2154397672725,11.039010998501908,5141.613588999462,8.536986301369863
1774656637,100,,Aggregated,6.100000,0.000000,190,240,3400,5000,5000,5000,5000,5000,5100,5100,5100,373,0,190.0,1414.8058426837788,11.039010998501908,5141.613588999462,8.57372654155496
1774656638,100,,Aggregated,5.900000,0.000000,190,240,3400,5000,5000,5000,5000,5000,5100,5100,5100,381,0,190.0,1425.8111248006562,11.039010998501908,5141.613588999462,8.608923884514436
1774656640,100,,Aggregated,6.000000,0.000000,200,240,3500,5000,5000,5000,5000,5000,5100,5100,5100,386,0,200.0,1440.030191930183,11.039010998501908,5141.613588999462,8.603626943005182
1774656641,100,,Aggregated,6.300000,0.000000,200,250,4100,5000,5000,5000,5000,5000,5100,5100,5100,392,0,200.0,1466.388409405756,11.039010998501908,5141.613588999462,8.681122448979592
1774656642,100,,Aggregated,6.500000,0.000000,200,250,4200,5000,5000,5000,5000,5000,5100,5100,5100,399,0,200.0,1479.6943865490034,11.039010998501908,5141.613588999462,8.837092731829573
1774656643,100,,Aggregated,6.200000,0.000000,200,250,4200,5000,5000,5000,5000,5000,5100,5100,5100,401,0,200.0,1497.2824050325441,11.039010998501908,5141.613588999462,8.997506234413965
1774656644,100,,Aggregated,6.200000,0.000000,200,250,4400,5000,5000,5000,5000,5000,5400,5400,5400,406,0,200.0,1543.1381363055361,11.039010998501908,5405.804964997515,9.391625615763546
1774656645,100,,Aggregated,6.300000,0.000000,200,250,4400,5000,5000,5000,5000,5000,5400,5400,5400,413,0,200.0,1541.2850873899454,11.039010998501908,5405.804964997515,9.331719128329297
1774656646,100,,Aggregated,5.800000,0.000000,200,250,4400,5000,5000,5000,5000,5000,5400,5400,5400,418,0,200.0,1547.679801892458,11.039010998501908,5405.804964997515,9.416267942583731
1774656647,100,,Aggregated,6.100000,0.000000,200,250,4400,5000,5000,5000,5000,5000,5400,5400,5400,424,0,200.0,1548.1201075944625,11.039010998501908,5405.804964997515,9.379716981132075
1774656648,100,,Aggregated,5.500000,0.000000,200,250,4600,5000,5000,5000,5000,5000,5400,5400,5400,428,0,200.0,1557.5732238809578,11.039010998501908,5405.804964997515,9.483644859813085
1774656649,100,,Aggregated,5.800000,0.000000,200,250,4600,5000,5000,5000,5000,5000,5400,5400,5400,433,0,200.0,1574.7123095797992,11.039010998501908,5405.804964997515,9.658198614318707
1774656650,100,,Aggregated,5.900000,0.000000,200,250,4700,5000,5000,5000,5000,5000,5400,5400,5400,437,0,200.0,1595.1781999223233,11.039010998501908,5405.804964997515,9.851258581235697
1774656651,100,,Aggregated,5.500000,0.000000,200,260,4800,5000,5000,5000,5000,5000,5400,5400,5400,440,0,200.0,1607.102747820575,11.039010998501908,5405.804964997515,9.970454545454546
1774656652,100,,Aggregated,5.200000,0.000000,200,270,5000,5000,5000,5000,5000,5100,5400,5400,5400,447,0,200.0,1638.206390662314,11.039010998501908,5405.804964997515,10.181208053691275
1774656653,100,,Aggregated,5.100000,0.000000,200,270,5000,5000,5000,5000,5000,5100,5400,5400,5400,454,0,200.0,1636.1258322688395,11.039010998501908,5405.804964997515,10.204845814977974
1774656654,100,,Aggregated,4.800000,0.000000,200,270,5000,5000,5000,5000,5000,5100,5400,5400,5400,463,0,200.0,1639.0932651534492,11.039010998501908,5405.804964997515,10.272138228941685
1774656655,100,,Aggregated,4.800000,0.000000,200,270,5000,5000,5000,5000,5000,5100,5400,5400,5400,465,0,200.0,1653.5852868517172,11.039010998501908,5405.804964997515,10.404301075268817
1774656656,100,,Aggregated,5.300000,0.000000,200,890,5000,5000,5000,5000,5000,5100,5400,5400,5400,470,0,200.0,1679.1744759235037,11.039010998501908,5405.804964997515,10.642553191489363
1774656657,100,,Aggregated,5.700000,0.000000,200,1300,5000,5000,5000,5000,5000,5100,5400,5400,5400,472,0,200.0,1693.2923876081506,11.039010998501908,5405.804964997515,10.771186440677965
1774656658,100,,Aggregated,5.200000,0.000000,200,1300,5000,5000,5000,5000,5000,5100,5400,5400,5400,478,0,200.0,1694.3307417155702,11.039010998501908,5405.804964997515,10.721757322175732
1774656659,100,,Aggregated,5.200000,0.000000,200,2000,5000,5000,5000,5000,5000,5100,5400,5400,5400,487,0,200.0,1701.5108782978245,11.039010998501908,5405.804964997515,10.69199178644764
1774656660,100,,Aggregated,4.800000,0.000000,200,2100,5000,5000,5000,5000,5000,5100,5400,5400,5400,498,0,200.0,1711.7653986426467,11.039010998501908,5405.804964997515,10.538152610441767
1774656661,100,,Aggregated,5.000000,0.000000,200,2100,5000,5000,5000,5000,5000,5100,5400,5400,5400,506,0,200.0,1712.9437297135164,11.039010998501908,5405.804964997515,10.533596837944664
1774656662,100,,Aggregated,5.400000,0.000000,200,2500,5000,5000,5000,5000,5000,5100,5400,5400,5400,511,0,200.0,1716.410577583252,11.039010998501908,5405.804964997515,10.590998043052837
1774656663,100,,Aggregated,6.600000,0.000000,200,2100,5000,5000,5000,5000,5000,5100,5400,5400,5400,514,0,200.0,1707.1847726790759,11.039010998501908,5405.804964997515,10.529182879377432
1774656664,100,,Aggregated,6.600000,0.000000,200,2100,5000,5000,5000,5000,5000,5100,5400,5400,5400,520,0,200.0,1700.122521030846,11.039010998501908,5405.804964997515,10.407692307692308
1774656665,100,,Aggregated,5.900000,0.000000,200,2500,5000,5000,5000,5000,5000,5100,5400,5400,5400,531,0,200.0,1704.7641660339655,11.039010998501908,5405.804964997515,10.269303201506592
1774656666,100,,Aggregated,5.900000,0.000000,200,2600,5000,5000,5000,5000,5000,5100,5400,5400,5400,541,0,200.0,1708.5905026193,11.039010998501908,5405.804964997515,10.155268022181145
1774656667,100,,Aggregated,5.700000,0.000000,200,2600,5000,5000,5000,5000,5000,5100,5400,5400,5400,544,0,200.0,1707.9868071434576,11.039010998501908,5405.804964997515,10.099264705882353
1774656668,100,,Aggregated,6.500000,0.000000,200,2600,5000,5000,5000,5000,5000,5100,5400,5400,5400,547,0,200.0,1711.9990213894744,11.039010998501908,5405.804964997515,10.118829981718465
1774656669,100,,Aggregated,7.100000,0.000000,200,2700,5000,5000,5000,5000,5000,5100,5400,5400,5400,549,0,200.0,1720.7772816139181,11.039010998501908,5405.804964997515,10.156648451730419
1774656670,100,,Aggregated,6.900000,0.000000,200,2700,5000,5000,5000,5000,5000,5100,5400,5400,5400,557,0,200.0,1733.0080298061725,11.039010998501908,5405.804964997515,10.010771992818672
1774656671,100,,Aggregated,6.900000,0.000000,210,2800,5000,5000,5000,5000,5000,5100,5400,5400,5400,566,0,210.0,1746.5438161732109,11.039010998501908,5405.804964997515,9.924028268551236
1774656672,100,,Aggregated,5.700000,0.000000,210,2800,5000,5000,5000,5000,5000,5100,5400,5400,5400,572,0,210.0,1772.1667959581061,11.039010998501908,5405.804964997515,10.106643356643357
1774656673,100,,Aggregated,5.700000,0.000000,210,2800,5000,5000,5000,5000,5000,5100,5400,5400,5400,575,0,210.0,1771.7496937461538,11.039010998501908,5405.804964997515,10.125217391304348
1774656674,100,,Aggregated,6.000000,0.000000,210,2800,5000,5000,5000,5000,5000,5100,5400,5400,5400,583,0,210.0,1767.9968035455252,11.039010998501908,5405.804964997515,9.986277873070327
1774656675,100,,Aggregated,6.200000,0.000000,210,2800,5000,5000,5000,5000,5000,5100,5400,5400,5400,585,0,210.0,1770.6120215692974,11.039010998501908,5405.804964997515,10.022222222222222
1774656676,100,,Aggregated,6.200000,0.000000,210,2900,5000,5000,5000,5000,5000,5100,5400,5400,5400,590,0,210.0,1779.6985052983648,11.039010998501908,5405.804964997515,9.93728813559322
1774656677,100,,Aggregated,5.400000,0.000000,210,2900,5000,5000,5000,5000,5000,5100,5400,5400,5400,596,0,210.0,1798.8443114614624,11.039010998501908,5405.804964997515,9.974832214765101
1774656678,100,,Aggregated,5.400000,0.000000,210,2900,5000,5000,5000,5000,5000,5100,5400,5400,5400,599,0,210.0,1809.2774098631598,11.039010998501908,5405.804964997515,9.993322203672788
1774656679,100,,Aggregated,4.600000,0.000000,210,2900,5000,5000,5000,5000,5000,5100,5400,5400,5400,603,0,210.0,1814.5300228889494,11.039010998501908,5405.804964997515,10.06301824212272
1774656680,100,,Aggregated,5.000000,0.000000,210,3000,5000,5000,5000,5000,5000,5100,5400,5400,5400,607,0,210.0,1820.7710913229494,11.039010998501908,5405.804964997515,10.064250411861615
1774656681,100,,Aggregated,5.200000,0.000000,210,3000,5000,5000,5000,5000,5000,5100,5400,5400,5400,609,0,210.0,1823.3203824039879,11.039010998501908,5405.804964997515,10.098522167487685
1774656682,100,,Aggregated,5.400000,0.000000,210,3000,5000,5000,5000,5000,5000,5100,5400,5400,5400,612,0,210.0,1830.7812132745516,11.039010998501908,5405.804964997515,10.183006535947712
1774656683,100,,Aggregated,4.300000,0.000000,210,3100,5000,5000,5000,5000,5000,5100,5400,5400,5400,620,0,210.0,1850.1715285613352,11.039010998501908,5405.804964997515,10.11774193548387
1774656684,100,,Aggregated,4.100000,0.000000,220,3100,5000,5000,5000,5000,5000,5100,5400,5400,5400,628,0,210.0,1855.5842629124538,11.039010998501908,5405.804964997515,10.054140127388536
1774656685,100,,Aggregated,4.400000,0.000000,220,3100,5000,5000,5000,5000,5000,5100,5400,5400,5400,634,0,220.0,1856.7129252445084,11.039010998501908,5405.804964997515,10.023659305993691
1774656686,100,,Aggregated,4.400000,0.000000,220,3100,5000,5000,5000,5000,5000,5100,5400,5400,5400,638,0,220.0,1860.5796747179056,11.039010998501908,5405.804964997515,10.025078369905955
1774656687,100,,Aggregated,4.900000,0.000000,220,3100,5000,5000,5000,5000,5000,5100,5400,5400,5400,641,0,220.0,1855.95241078006,11.039010998501908,5405.804964997515,9.978159126365055
1774656688,100,,Aggregated,5.100000,0.000000,220,3100,5000,5000,5000,5000,5000,5100,5400,5400,5400,645,0,220.0,1857.0135989566168,11.039010998501908,5405.804964997515,9.97984496124031
1774656689,100,,Aggregated,5.100000,0.000000,220,3100,5000,5000,5000,5000,5000,5100,5400,5400,5400,648,0,220.0,1855.0246914645318,11.039010998501908,5405.804964997515,9.933641975308642
1774656690,100,,Aggregated,4.500000,0.000000,220,3000,5000,5000,5000,5000,5000,5100,5400,5400,5400,656,0,220.0,1841.8299220960564,11.039010998501908,5405.804964997515,9.8125
1774656691,100,,Aggregated,4.500000,0.000000,220,3000,5000,5000,5000,5000,5000,5100,5400,5400,5400,662,0,220.0,1842.3489882447345,11.039010998501908,5405.804964997515,9.785498489425981
1774656692,100,,Aggregated,4.500000,0.000000,220,3000,4800,5000,5000,5000,5000,5100,5400,5400,5400,673,0,220.0,1822.0267625928896,11.039010998501908,5405.804964997515,9.62555720653789
1774656693,100,,Aggregated,5.300000,0.000000,220,2900,4800,5000,5000,5000,5000,5100,5400,5400,5400,680,0,220.0,1807.588900863255,11.039010998501908,5405.804964997515,9.526470588235295
1774656694,100,,Aggregated,5.300000,0.000000,220,2900,4700,5000,5000,5000,5000,5100,5400,5400,5400,687,0,220.0,1798.8425241324937,11.039010998501908,5405.804964997515,9.489082969432314
1774656695,100,,Aggregated,5.900000,0.000000,220,2900,4700,5000,5000,5000,5000,5100,5400,5400,5400,689,0,220.0,1796.9866661727492,11.039010998501908,5405.804964997515,9.461538461538462
1774656696,100,,Aggregated,5.900000,0.000000,220,2900,4700,5000,5000,5000,5000,5100,5400,5400,5400,692,0,220.0,1798.0722120693952,11.039010998501908,5405.804964997515,9.420520231213873
1774656697,100,,Aggregated,5.600000,0.000000,220,2900,4700,5000,5000,5000,5000,5100,5400,5400,5400,695,0,220.0,1804.6812825669363,11.039010998501908,5405.804964997515,9.43884892086331
1774656698,100,,Aggregated,5.400000,0.000000,220,2900,4600,5000,5000,5000,5000,5000,5400,5400,5400,711,0,220.0,1815.6829174965203,11.039010998501908,5405.804964997515,9.226441631504922
1774656699,100,,Aggregated,5.300000,0.000000,220,2900,4600,5000,5000,5000,5000,5000,5400,5400,5400,715,0,220.0,1806.769911179053,11.039010998501908,5405.804964997515,9.174825174825175
1774656700,100,,Aggregated,6.300000,0.000000,220,2800,4600,5000,5000,5000,5000,5000,5400,5400,5400,727,0,220.0,1786.32668627789,11.039010998501908,5405.804964997515,9.023383768913343
1774656701,100,,Aggregated,6.600000,0.000000,220,2800,4600,5000,5000,5000,5000,5000,5400,5400,5400,732,0,220.0,1778.8682201598679,11.039010998501908,5405.804964997515,8.96174863387978
1774656702,100,,Aggregated,6.600000,0.000000,220,2800,4600,5000,5000,5000,5000,5000,5400,5400,5400,734,0,220.0,1778.7233875477166,11.039010998501908,5405.804964997515,8.93732970027248
1774656703,100,,Aggregated,6.900000,0.000000,220,2800,4400,5000,5000,5000,5000,5000,5400,5400,5400,741,0,220.0,1771.9839448758753,11.039010998501908,5405.804964997515,8.852901484480432
1774656704,100,,Aggregated,6.300000,0.000000,220,2800,4400,5000,5000,5000,5000,5000,5400,5400,5400,745,0,220.0,1774.859378677883,11.039010998501908,5405.804964997515,8.805369127516778
1774656705,100,,Aggregated,6.200000,0.000000,220,2800,4400,5000,5000,5000,5000,5000,5400,5400,5400,751,0,220.0,1773.09842948605,11.039010998501908,5405.804964997515,8.789613848202396
1774656706,100,,Aggregated,5.700000,0.000000,220,2700,4400,5000,5000,5000,5000,5000,5400,5400,5400,770,0,220.0,1760.6415764389744,11.039010998501908,5405.804964997515,8.625974025974026
1774656707,100,,Aggregated,6.100000,0.000000,220,2600,4400,5000,5000,5000,5000,5000,5400,5400,5400,779,0,220.0,1744.5296769101603,11.039010998501908,5405.804964997515,8.526315789473685
1774656708,100,,Aggregated,7.000000,0.000000,220,2600,4400,5000,5000,5000,5000,5000,5400,5400,5400,786,0,220.0,1736.5258710814471,11.039010998501908,5405.804964997515,8.450381679389313
1774656709,100,,Aggregated,8.400000,0.000000,220,2500,4200,5000,5000,5000,5000,5000,5400,5400,5400,801,0,220.0,1723.5721644831667,11.039010998501908,5405.804964997515,8.292134831460674
1774656710,100,,Aggregated,7.700000,0.000000,220,2400,4200,5000,5000,5000,5000,5000,5400,5400,5400,807,0,220.0,1717.4597184919646,11.039010998501908,5405.804964997515,8.230483271375464
1774656711,100,,Aggregated,8.400000,0.000000,220,2400,4200,5000,5000,5000,5000,5000,5400,5400,5400,813,0,220.0,1709.1996381574604,11.039010998501908,5405.804964997515,8.169741697416974
1774656712,100,,Aggregated,7.900000,0.000000,220,2300,4200,5000,5000,5000,5000,5000,5400,5400,5400,820,0,220.0,1697.2345906500072,11.039010998501908,5405.804964997515,8.1
1774656713,100,,Aggregated,8.000000,0.000000,220,2300,4100,5000,5000,5000,5000,5000,5400,5400,5400,827,0,220.0,1686.644905931091,11.039010998501908,5405.804964997515,8.031438935912938
1774656714,100,,Aggregated,8.400000,0.000000,220,2300,4100,5000,5000,5000,5000,5000,5400,5400,5400,836,0,220.0,1675.3362742631707,11.039010998501908,5405.804964997515,7.944976076555024
1774656715,100,,Aggregated,8.600000,0.000000,220,2200,4000,5000,5000,5000,5000,5000,5400,5400,5400,840,0,220.0,1668.1077451881117,11.039010998501908,5405.804964997515,7.9071428571428575
1774656716,100,,Aggregated,8.900000,0.000000,220,2200,4000,5000,5000,5000,5000,5000,5400,5400,5400,842,0,220.0,1666.106792741112,11.039010998501908,5405.804964997515,7.888361045130641
1774656717,100,,Aggregated,8.900000,0.000000,220,2200,4000,5000,5000,5000,5000,5000,5400,5400,5400,849,0,220.0,1660.8011548657448,11.039010998501908,5405.804964997515,7.871613663133098
1774656718,100,,Aggregated,8.900000,0.000000,220,2200,4000,5000,5000,5000,5000,5000,5400,5400,5400,851,0,220.0,1663.0126186545472,11.039010998501908,5405.804964997515,7.901292596944771
1774656719,100,,Aggregated,7.200000,0.000000,220,2200,4000,5000,5000,5000,5000,5000,5400,5400,5400,860,0,220.0,1657.5255696511906,11.039010998501908,5405.804964997515,7.866279069767442
1774656720,100,,Aggregated,6.700000,0.000000,220,2200,4000,5000,5000,5000,5000,5000,5400,5400,5400,867,0,220.0,1662.2918718339401,11.039010998501908,5405.804964997515,7.897347174163783
1774656721,100,,Aggregated,5.900000,0.000000,220,2200,4000,5000,5000,5000,5000,5000,5400,5400,5400,874,0,220.0,1660.6994126693671,11.039010998501908,5405.804964997515,7.834096109839817
1774656722,100,,Aggregated,5.900000,0.000000,220,2100,4000,4900,5000,5000,5000,5000,5400,5400,5400,879,0,220.0,1654.5195348430339,11.039010998501908,5405.804964997515,7.789533560864619
1774656723,100,,Aggregated,6.100000,0.000000,220,2100,4000,4900,5000,5000,5000,5000,5400,5400,5400,882,0,220.0,1655.6538674251988,11.039010998501908,5405.804964997515,7.809523809523809
1774656724,100,,Aggregated,6.100000,0.000000,220,2200,3900,4900,5000,5000,5000,5000,5400,5400,5400,889,0,220.0,1656.652037905548,11.039010998501908,5405.804964997515,7.748031496062992
1774656725,100,,Aggregated,5.500000,0.000000,220,2200,3900,4800,5000,5000,5000,5000,5400,5400,5400,896,0,220.0,1658.5412558739174,11.039010998501908,5405.804964997515,7.733258928571429
1774656726,100,,Aggregated,5.500000,0.000000,220,2200,3900,4800,5000,5000,5000,5000,5400,5400,5400,897,0,220.0,1656.7207620145284,11.039010998501908,5405.804964997515,7.72463768115942
1774656727,100,,Aggregated,5.600000,0.000000,220,2200,3900,4900,5000,5000,5000,5000,5400,5400,5400,902,0,220.0,1659.1533570100175,11.039010998501908,5405.804964997515,7.7727272727272725
1774656728,100,,Aggregated,5.600000,0.000000,220,2200,4000,4900,5000,5000,5000,5000,5400,5400,5400,908,0,220.0,1667.0763184802186,11.039010998501908,5405.804964997515,7.766519823788546
1774656729,100,,Aggregated,5.200000,0.000000,220,2200,4000,4900,5000,5000,5000,5000,5400,5400,5400,912,0,220.0,1671.662871776356,11.039010998501908,5405.804964997515,7.777412280701754
1774656730,100,,Aggregated,5.700000,0.000000,220,2200,4000,4900,5000,5000,5000,5000,5400,5400,5400,914,0,220.0,1673.9642763523398,11.039010998501908,5405.804964997515,7.805251641137856
1774656731,100,,Aggregated,5.300000,0.000000,220,2200,4000,4900,5000,5000,5000,5000,5400,5400,5400,917,0,220.0,1674.1641669716835,11.039010998501908,5405.804964997515,7.824427480916031
1774656732,100,,Aggregated,4.800000,0.000000,220,2200,4000,5000,5000,5000,5000,5000,5400,5400,5400,922,0,220.0,1676.4255000434173,11.039010998501908,5405.804964997515,7.870932754880694
1774656733,100,,Aggregated,4.800000,0.000000,220,2200,4000,5000,5000,5000,5000,5000,5400,5400,5400,925,0,220.0,1671.23899141733,11.039010998501908,5405.804964997515,7.845405405405406
1774656734,100,,Aggregated,4.400000,0.000000,220,2200,4000,5000,5000,5000,5000,5000,5400,5400,5400,932,0,220.0,1680.1331117242803,11.039010998501908,5405.804964997515,7.918454935622318
1774656735,100,,Aggregated,4.400000,0.000000,220,2300,4100,5000,5000,5000,5000,5000,5400,5400,5400,935,0,220.0,1685.9641555615308,11.039010998501908,5405.804964997515,7.980748663101604
1774656736,100,,Aggregated,4.300000,0.000000,220,2200,4000,5000,5000,5000,5000,5000,5400,5400,5400,941,0,220.0,1681.67464743149,11.039010998501908,5405.804964997515,7.973432518597237
1774656737,100,,Aggregated,3.900000,0.000000,220,2200,4000,5000,5000,5000,5000,5000,5400,5400,5400,949,0,220.0,1677.0024672740064,10.859151996555738,5405.804964997515,7.906217070600632
1774656738,100,,Aggregated,4.000000,0.000000,220,2200,4000,5000,5000,5000,5000,5000,5400,5400,5400,954,0,220.0,1673.9863889958385,10.859151996555738,5405.804964997515,7.9077568134171905
1774656739,100,,Aggregated,4.700000,0.000000,220,2200,4000,5000,5000,5000,5000,5000,5400,5400,5400,959,0,220.0,1676.9293996402755,10.859151996555738,5405.804964997515,7.9520333680917625
1774656740,100,,Aggregated,4.400000,0.000000,220,2300,4000,5000,5000,5000,5000,5000,5400,5400,5400,965,0,220.0,1688.9461141793024,10.859151996555738,5405.804964997515,7.9875647668393785
1774656741,100,,Aggregated,4.700000,0.000000,220,2300,4000,5000,5000,5000,5000,5000,5400,5400,5400,967,0,220.0,1685.6850994519398,10.859151996555738,5405.804964997515,7.971044467425026
1774656742,100,,Aggregated,4.700000,0.000000,220,2300,4000,5000,5000,5000,5000,5000,5400,5400,5400,973,0,220.0,1687.8725764851313,10.859151996555738,5405.804964997515,7.921891058581706
1774656743,100,,Aggregated,5.000000,0.000000,220,2300,4000,5000,5000,5000,5000,5000,5400,5400,5400,981,0,220.0,1683.873176512778,10.859151996555738,5405.804964997515,7.857288481141692
1774656744,100,,Aggregated,5.300000,0.000000,220,2300,4000,5000,5000,5000,5000,5000,5400,5400,5400,987,0,220.0,1689.5049062462351,10.859151996555738,5405.804964997515,7.892603850050659
1774656745,100,,Aggregated,5.300000,0.000000,220,2300,4000,5000,5000,5000,5000,5000,5400,5400,5400,990,0,220.0,1688.5207430565995,10.859151996555738,5405.804964997515,7.8686868686868685
1774656746,100,,Aggregated,5.300000,0.000000,220,2300,4100,5000,5000,5000,5000,5000,5400,5400,5400,996,0,220.0,1698.680203442803,10.859151996555738,5405.804964997515,7.985943775100401
1774656747,100,,Aggregated,5.300000,0.000000,220,2300,4100,5000,5000,5000,5000,5000,5400,5400,5400,996,0,220.0,1698.680203442803,10.859151996555738,5405.804964997515,7.985943775100401
1774656748,100,,Aggregated,5.600000,0.000000,220,2300,4100,5000,5000,5000,5000,5000,5400,5400,5400,998,0,220.0,1695.3194828126593,10.859151996555738,5405.804964997515,7.969939879759519
1774656749,100,,Aggregated,4.800000,0.000000,220,2300,4100,5000,5000,5000,5000,5000,5400,5400,5400,1000,0,220.0,1696.9596066970319,10.859151996555738,5405.804964997515,7.995
1774656750,100,,Aggregated,4.600000,0.000000,220,2300,4200,5000,5000,5000,5000,5000,5300,5400,5400,1009,0,220.0,1716.1254025619767,10.859151996555738,5405.804964997515,8.126858275520318
1774656751,100,,Aggregated,4.200000,0.000000,220,2300,4200,5000,5000,5000,5000,5000,5300,5400,5400,1014,0,220.0,1714.1262042505264,10.859151996555738,5405.804964997515,8.127218934911243
1774656752,100,,Aggregated,4.200000,0.000000,230,2300,4200,5000,5000,5000,5000,5000,5300,5400,5400,1019,0,230.0,1717.7671328714762,10.859151996555738,5405.804964997515,8.127576054955838
1774656753,100,,Aggregated,4.500000,0.000000,230,2300,4200,5000,5000,5000,5000,5000,5300,5400,5400,1022,0,230.0,1722.7511542925995,10.859151996555738,5405.804964997515,8.183953033268102
1774656754,100,,Aggregated,4.500000,0.000000,230,2300,4200,5000,5000,5000,5000,5000,5300,5400,5400,1026,0,230.0,1727.073341441557,10.859151996555738,5405.804964997515,8.192007797270955
1774656755,100,,Aggregated,4.500000,0.000000,230,2300,4200,5000,5000,5000,5000,5000,5300,5400,5400,1028,0,230.0,1733.1169151333058,10.859151996555738,5405.804964997515,8.215953307392995
1774656756,100,,Aggregated,4.000000,0.000000,230,2400,4200,5000,5000,5000,5000,5000,5300,5400,5400,1035,0,230.0,1736.5560375865082,10.859151996555738,5405.804964997515,8.279227053140097
1774656757,100,,Aggregated,3.800000,0.000000,230,2400,4300,5000,5000,5000,5000,5000,5300,5400,5400,1041,0,230.0,1749.9595213458542,10.859151996555738,5405.804964997515,8.389048991354468
1774656758,100,,Aggregated,3.600000,0.000000,230,2400,4300,5000,5000,5000,5000,5000,5300,5400,5400,1046,0,230.0,1746.829746984736,10.859151996555738,5405.804964997515,8.388145315487572
1774656759,100,,Aggregated,4.400000,0.000000,230,2400,4300,5000,5000,5000,5000,5000,5300,5400,5400,1049,0,230.0,1756.1468613546567,10.859151996555738,5405.804964997515,8.48141086749285
1774656760,100,,Aggregated,4.500000,0.000000,230,2400,4300,5000,5000,5000,5000,5000,5300,5400,5400,1054,0,230.0,1753.18010663286,10.859151996555738,5405.804964997515,8.441176470588236
1774656761,100,,Aggregated,4.800000,0.000000,230,2400,4300,5000,5000,5000,5000,5000,5300,5400,5400,1059,0,230.0,1756.873990800785,10.859151996555738,5405.804964997515,8.440037771482531
1774656762,100,,Aggregated,4.500000,0.000000,230,2500,4300,5000,5000,5000,5000,5000,5300,5400,5400,1064,0,230.0,1759.682186782916,10.859151996555738,5405.804964997515,8.438909774436091
1774656763,100,,Aggregated,4.600000,0.000000,230,2500,4300,5000,5000,5000,5000,5000,5300,5400,5400,1072,0,230.0,1765.672251389946,10.859151996555738,5405.804964997515,8.528917910447761
1774656764,100,,Aggregated,4.500000,0.000000,230,2400,4300,5000,5000,5000,5000,5000,5300,5400,5400,1077,0,230.0,1759.7621333714212,10.859151996555738,5405.804964997515,8.489322191272052
1774656765,100,,Aggregated,4.900000,0.000000,230,2500,4300,5000,5000,5000,5000,5000,5300,5400,5400,1080,0,230.0,1764.374778812061,10.859151996555738,5405.804964997515,8.541666666666666
1774656766,100,,Aggregated,4.900000,0.000000,230,2500,4300,5000,5000,5000,5000,5000,5300,5400,5400,1086,0,230.0,1769.4117974309565,10.859151996555738,5405.804964997515,8.569981583793739
1774656767,100,,Aggregated,5.100000,0.000000,230,2500,4300,5000,5000,5000,5000,5000,5300,5400,5400,1092,0,230.0,1771.812890463385,10.859151996555738,5405.804964997515,8.56043956043956
1774656768,100,,Aggregated,5.200000,0.000000,230,2500,4300,5000,5000,5000,5000,5000,5300,5400,5400,1094,0,230.0,1776.9126738693026,10.859151996555738,5405.804964997515,8.582266910420476
1774656769,100,,Aggregated,5.000000,0.000000,230,2600,4400,5000,5000,5000,5000,5000,5300,5400,5400,1099,0,230.0,1781.5128023084756,10.859151996555738,5405.804964997515,8.617834394904458
1774656770,100,,Aggregated,4.900000,0.000000,230,2600,4400,5000,5000,5000,5000,5000,5300,5400,5400,1108,0,230.0,1786.0792732166171,10.859151996555738,5405.804964997515,8.621841155234657
1774656771,100,,Aggregated,4.900000,0.000000,230,2600,4400,5000,5000,5000,5000,5000,5300,5400,5400,1110,0,230.0,1787.5430038648747,10.859151996555738,5405.804964997515,8.643243243243242
1774656772,100,,Aggregated,5.100000,0.000000,230,2700,4400,5000,5000,5000,5000,5000,5300,5400,5400,1117,0,230.0,1799.7731259033267,10.859151996555738,5405.804964997515,8.699194270367055
1774656773,100,,Aggregated,5.200000,0.000000,230,2700,4400,5000,5000,5000,5000,5000,5300,5400,5400,1122,0,230.0,1803.5553202495676,10.859151996555738,5405.804964997515,8.696969696969697
1774656774,100,,Aggregated,4.900000,0.000000,230,2700,4300,5000,5000,5000,5000,5000,5300,5400,5400,1133,0,230.0,1797.6587262047824,10.859151996555738,5405.804964997515,8.61253309796999
1774656775,100,,Aggregated,4.800000,0.000000,230,2700,4400,5000,5000,5000,5000,5000,5300,5400,5400,1138,0,230.0,1799.840546369084,10.859151996555738,5405.804964997515,8.610720562390158
1774656776,100,,Aggregated,5.000000,0.000000,230,2700,4400,5000,5000,5000,5000,5000,5300,5400,5400,1142,0,230.0,1799.4298978327688,10.859151996555738,5405.804964997515,8.61646234676007
1774656777,100,,Aggregated,5.800000,0.000000,230,2700,4400,5000,5000,5000,5000,5000,5300,5400,5400,1146,0,230.0,1802.8909651719207,10.859151996555738,5405.804964997515,8.622164048865619
1774656778,100,,Aggregated,5.800000,0.000000,230,2700,4300,5000,5000,5000,5000,5000,5300,5400,5400,1154,0,230.0,1802.800794909899,10.859151996555738,5405.804964997515,8.59792027729636
1774656779,100,,Aggregated,5.300000,0.000000,230,2700,4300,5000,5000,5000,5000,5000,5300,5400,5400,1158,0,230.0,1800.478936925755,10.859151996555738,5405.804964997515,8.568221070811745
1774656780,100,,Aggregated,6.100000,0.000000,230,2700,4300,5000,5000,5000,5000,5000,5300,5400,5400,1164,0,230.0,1803.4454098694364,10.859151996555738,5405.804964997515,8.52405498281787
1774656781,100,,Aggregated,5.900000,0.000000,230,2700,4400,5000,5000,5000,5000,5000,5300,5400,5400,1168,0,230.0,1810.3039545265624,10.859151996555738,5405.804964997515,8.600171232876713
1774656782,100,,Aggregated,5.900000,0.000000,230,2700,4400,5000,5000,5000,5000,5000,5300,5400,5400,1168,0,230.0,1810.3039545265624,10.859151996555738,5405.804964997515,8.600171232876713
1774656783,100,,Aggregated,5.800000,0.000000,230,2700,4400,5000,5000,5000,5000,5000,5300,5400,5400,1172,0,230.0,1817.9214647346662,10.859151996555738,5405.804964997515,8.60580204778157
1774656784,100,,Aggregated,5.600000,0.000000,230,2700,4400,5000,5000,5000,5000,5000,5300,5400,5400,1177,0,230.0,1818.7098717697738,10.859151996555738,5405.804964997515,8.604078164825829
1774656785,100,,Aggregated,5.400000,0.000000,230,2800,4400,5000,5000,5000,5000,5000,5300,5400,5400,1184,0,230.0,1825.4479730211374,10.859151996555738,5405.804964997515,8.691722972972974
1774656786,100,,Aggregated,5.100000,0.000000,230,2800,4400,5000,5000,5000,5000,5000,5300,5400,5400,1190,0,230.0,1828.6259396731302,10.859151996555738,5405.804964997515,8.716806722689075
1774656787,100,,Aggregated,4.400000,0.000000,230,2800,4400,5000,5000,5000,5000,5000,5300,5400,5400,1197,0,230.0,1830.8371697510604,10.859151996555738,5405.804964997515,8.734335839598998
1774656788,100,,Aggregated,4.700000,0.000000,230,2800,4400,5000,5000,5000,5000,5000,5300,5400,5400,1204,0,230.0,1829.5962551005152,10.859151996555738,5405.804964997515,8.717607973421927
1774656789,100,,Aggregated,5.100000,0.000000,230,2800,4400,5000,5000,5000,5000,5000,5300,5400,5400,1209,0,230.0,1830.0542251340116,10.859151996555738,5405.804964997515,8.68155500413565
1774656790,100,,Aggregated,4.600000,0.000000,230,2800,4400,5000,5000,5000,5000,5000,5300,5400,5400,1213,0,230.0,1828.3864703075162,10.859151996555738,5405.804964997515,8.686727122835944
1774656791,100,,Aggregated,5.200000,0.000000,230,2800,4400,5000,5000,5000,5000,5000,5300,5400,5400,1218,0,230.0,1829.0164164228377,10.859151996555738,5405.804964997515,8.68472906403941
1774656792,100,,Aggregated,4.900000,0.000000,230,2800,4400,5000,5000,5000,5000,5000,5300,5400,5400,1226,0,230.0,1830.6869626052353,10.859151996555738,5405.804964997515,8.661500815660686
1774656793,100,,Aggregated,4.900000,0.000000,230,2800,4400,5000,5000,5000,5000,5000,5300,5400,5400,1230,0,230.0,1828.3739608276571,10.859151996555738,5405.804964997515,8.633333333333333
1774656794,100,,Aggregated,5.600000,0.000000,230,2800,4400,5000,5000,5000,5000,5000,5300,5400,5400,1236,0,230.0,1825.5356366043834,10.859151996555738,5405.804964997515,8.624595469255663
1774656795,100,,Aggregated,5.700000,0.000000,230,2800,4400,5000,5000,5000,5000,5000,5300,5400,5400,1245,0,230.0,1828.1243812369592,10.859151996555738,5405.804964997515,8.595180722891566
1774656796,100,,Aggregated,5.700000,0.000000,230,2800,4400,5000,5000,5000,5000,5000,5300,5400,5400,1252,0,230.0,1826.1635410663025,10.859151996555738,5405.804964997515,8.579872204472844
1774656797,100,,Aggregated,5.800000,0.000000,230,2800,4400,5000,5000,5000,5000,5000,5300,5400,5400,1259,0,230.0,1827.8364703479047,10.859151996555738,5405.804964997515,8.564733915806196
1774656798,100,,Aggregated,6.100000,0.000000,230,2800,4400,5000,5000,5000,5000,5000,5300,5400,5400,1265,0,230.0,1830.6660180822275,10.859151996555738,5405.804964997515,8.588932806324111
1774656799,100,,Aggregated,6.200000,0.000000,230,2700,4400,5000,5000,5000,5000,5000,5300,5400,5400,1269,0,230.0,1827.2178967636023,10.859151996555738,5405.804964997515,8.561859732072499
1774656800,100,,Aggregated,6.400000,0.000000,230,2700,4300,5000,5000,5000,5000,5000,5300,5400,5400,1278,0,230.0,1824.4821080954725,10.859151996555738,5405.804964997515,8.501564945226917
1774656801,100,,Aggregated,6.000000,0.000000,230,2800,4300,5000,5000,5000,5000,5000,5300,5400,5400,1281,0,230.0,1829.8945605206964,10.859151996555738,5405.804964997515,8.513661202185792
1774656802,100,,Aggregated,6.400000,0.000000,240,2800,4400,5000,5000,5000,5000,5000,5300,5400,5400,1284,0,230.0,1833.5980943333416,10.859151996555738,5405.804964997515,8.557632398753894
1774656803,100,,Aggregated,6.500000,0.000000,240,2800,4300,5000,5000,5000,5000,5000,5300,5400,5400,1289,0,240.0,1833.9375919092408,10.859151996555738,5405.804964997515,8.5244375484872
1774656804,100,,Aggregated,5.900000,0.000000,240,2800,4300,5000,5000,5000,5000,5000,5300,5400,5400,1292,0,240.0,1833.147251673383,10.859151996555738,5405.804964997515,8.504643962848297
1774656805,100,,Aggregated,5.500000,0.000000,240,2800,4300,5000,5000,5000,5000,5000,5300,5400,5400,1297,0,240.0,1833.1356291025488,10.859151996555738,5405.804964997515,8.471858134155744
1774656806,100,,Aggregated,5.800000,0.000000,240,2800,4300,5000,5000,5000,5000,5000,5300,5400,5400,1307,0,240.0,1831.8199808905983,10.859151996555738,5405.804964997515,8.469778117827085
1774656807,100,,Aggregated,5.700000,0.000000,240,2700,4300,5000,5000,5000,5000,5000,5300,5400,5400,1313,0,240.0,1824.6888714790668,10.859151996555738,5405.804964997515,8.43107387661843
1774656808,100,,Aggregated,5.600000,0.000000,240,2700,4300,5000,5000,5000,5000,5000,5300,5400,5400,1321,0,240.0,1821.9651541415667,10.859151996555738,5405.804964997515,8.38001514004542
1774656809,100,,Aggregated,5.500000,0.000000,240,2700,4300,5000,5000,5000,5000,5000,5300,5400,5400,1326,0,240.0,1821.794765066372,10.859151996555738,5405.804964997515,8.34841628959276
1774656810,100,,Aggregated,5.300000,0.000000,240,2700,4300,5000,5000,5000,5000,5000,5300,5400,5400,1332,0,240.0,1825.787795732741,10.859151996555738,5405.804964997515,8.341591591591591
1774656811,100,,Aggregated,5.500000,0.000000,240,2700,4300,5000,5000,5000,5000,5000,5300,5400,5400,1335,0,240.0,1830.546484470418,10.859151996555738,5405.804964997515,8.384269662921348
1774656812,100,,Aggregated,5.600000,0.000000,240,2700,4300,5000,5000,5000,5000,5000,5300,5400,5400,1341,0,240.0,1827.0201077091835,10.859151996555738,5405.804964997515,8.34675615212528
1774656813,100,,Aggregated,5.300000,0.000000,240,2700,4300,5000,5000,5000,5000,5000,5300,5400,5400,1351,0,240.0,1827.2316954404307,10.859151996555738,5405.804964997515,8.315321983715766
1774656814,100,,Aggregated,5.400000,0.000000,240,2700,4200,5000,5000,5000,5000,5000,5300,5400,5400,1358,0,240.0,1828.9404810581905,10.859151996555738,5405.804964997515,8.302650957290133
1774656815,100,,Aggregated,6.200000,0.000000,240,2700,4200,5000,5000,5000,5000,5000,5300,5400,5400,1362,0,240.0,1830.1695000682982,10.859151996555738,5405.804964997515,8.308370044052863
1774656816,100,,Aggregated,6.500000,0.000000,240,2700,4200,5000,5000,5000,5000,5000,5300,5400,5400,1367,0,240.0,1830.886138921012,10.859151996555738,5405.804964997515,8.307973664959766
1774656817,100,,Aggregated,6.400000,0.000000,240,2700,4200,5000,5000,5000,5000,5000,5300,5400,5400,1370,0,240.0,1827.1727435657115,10.859151996555738,5405.804964997515,8.28978102189781
1774656818,100,,Aggregated,6.100000,0.000000,240,2700,4200,5000,5000,5000,5000,5000,5300,5400,5400,1375,0,240.0,1826.8984149905639,10.859151996555738,5405.804964997515,8.259636363636364
1774656819,100,,Aggregated,5.600000,0.000000,240,2800,4300,5000,5000,5000,5000,5000,5300,5400,5400,1381,0,240.0,1840.38983577265,10.859151996555738,5405.804964997515,8.372194062273715
1774656820,100,,Aggregated,5.600000,0.000000,240,2800,4300,5000,5000,5000,5000,5000,5300,5400,5400,1386,0,240.0,1841.2900618990163,10.859151996555738,5405.804964997515,8.4011544011544
1774656821,100,,Aggregated,5.300000,0.000000,240,2800,4300,5000,5000,5000,5000,5000,5300,5400,5400,1390,0,240.0,1840.7864331424714,10.859151996555738,5405.804964997515,8.406474820143885
1774656822,100,,Aggregated,5.300000,0.000000,240,2800,4300,5000,5000,5000,5000,5000,5300,5400,5400,1399,0,240.0,1838.0599123774423,10.859151996555738,5405.804964997515,8.411007862759114
1774656823,100,,Aggregated,5.500000,0.000000,240,2700,4300,5000,5000,5000,5000,5000,5300,5400,5400,1406,0,240.0,1836.6559527141126,10.859151996555738,5405.804964997515,8.369132290184922
1774656824,100,,Aggregated,5.700000,0.000000,250,2700,4200,5000,5000,5000,5000,5000,5300,5400,5400,1419,0,250.0,1838.6465658724812,10.859151996555738,5405.804964997515,8.321353065539112
1774656825,100,,Aggregated,5.600000,0.000000,250,2700,4200,5000,5000,5000,5000,5000,5300,5400,5400,1422,0,250.0,1835.1224605415287,10.859151996555738,5405.804964997515,8.30379746835443
1774656826,100,,Aggregated,5.500000,0.000000,250,2700,4200,5000,5000,5000,5000,5000,5300,5400,5400,1426,0,250.0,1833.6596063043842,10.859151996555738,5405.804964997515,8.309256661991585
1774656827,100,,Aggregated,5.900000,0.000000,250,2700,4200,5000,5000,5000,5000,5000,5300,5400,5400,1432,0,250.0,1835.4505789769917,10.859151996555738,5405.804964997515,8.303072625698324
1774656828,100,,Aggregated,5.800000,0.000000,250,2700,4200,5000,5000,5000,5000,5000,5300,5400,5400,1436,0,250.0,1835.7004215543543,10.859151996555738,5405.804964997515,8.30849582172702
1774656829,100,,Aggregated,5.900000,0.000000,250,2700,4200,5000,5000,5000,5000,5000,5300,5400,5400,1440,0,250.0,1836.4238323465643,10.859151996555738,5405.804964997515,8.313888888888888
1774656830,100,,Aggregated,6.200000,0.000000,250,2700,4200,5000,5000,5000,5000,5000,5300,5400,5400,1448,0,250.0,1838.6562376029365,10.859151996555738,5405.804964997515,8.352900552486188
1774656831,100,,Aggregated,6.200000,0.000000,250,2700,4200,5000,5000,5000,5000,5000,5300,5400,5400,1452,0,250.0,1835.3471031281356,10.859151996555738,5405.804964997515,8.329889807162534
1774656832,100,,Aggregated,6.100000,0.000000,250,2700,4200,5000,5000,5000,5000,5000,5300,5400,5400,1461,0,250.0,1841.900051319681,10.859151996555738,5405.804964997515,8.306639288158795
1774656833,100,,Aggregated,6.200000,0.000000,250,2700,4200,5000,5000,5000,5000,5000,5300,5400,5400,1466,0,250.0,1840.2090592340035,10.859151996555738,5405.804964997515,8.306275579809004
1774656834,100,,Aggregated,6.000000,0.000000,250,2700,4200,5000,5000,5000,5000,5000,5300,5400,5400,1474,0,250.0,1841.4640678290725,10.859151996555738,5405.804964997515,8.289009497964722
1774656835,100,,Aggregated,6.000000,0.000000,250,2700,4200,5000,5000,5000,5000,5000,5300,5400,5400,1483,0,250.0,1840.976846176699,10.859151996555738,5405.804964997515,8.266351989211058
1774656836,100,,Aggregated,6.100000,0.000000,250,2700,4200,5000,5000,5000,5000,5000,5300,5400,5400,1494,0,250.0,1836.3991635736595,10.859151996555738,5405.804964997515,8.205488621151272
1774656837,100,,Aggregated,5.900000,0.000000,260,2700,4200,5000,5000,5000,5000,5000,5300,5400,5400,1497,0,260.0,1839.4379169566118,10.859151996555738,5405.804964997515,8.216432865731463
1774656838,100,,Aggregated,6.500000,0.000000,260,2700,4200,5000,5000,5000,5000,5000,5300,5400,5400,1502,0,250.0,1835.6485176045599,10.859151996555738,5405.804964997515,8.18908122503329
1774656839,100,,Aggregated,6.800000,0.000000,260,2700,4200,5000,5000,5000,5000,5000,5300,5400,5400,1505,0,260.0,1839.5168574332522,10.859151996555738,5405.804964997515,8.2
1774656840,100,,Aggregated,6.500000,0.000000,260,2700,4200,5000,5000,5000,5000,5000,5300,5400,5400,1515,0,260.0,1839.4001543056402,10.859151996555738,5405.804964997515,8.145874587458746
1774656841,100,,Aggregated,6.500000,0.000000,260,2700,4200,5000,5000,5000,5000,5000,5300,5400,5400,1525,0,260.0,1840.957353314783,10.859151996555738,5405.804964997515,8.119344262295082
1774656842,100,,Aggregated,6.500000,0.000000,260,2700,4200,5000,5000,5000,5000,5000,5300,5400,5400,1529,0,260.0,1841.378011629198,10.859151996555738,5405.804964997515,8.124918247220405
1774656843,100,,Aggregated,6.600000,0.000000,260,2700,4200,5000,5000,5000,5000,5000,5300,5400,5400,1536,0,260.0,1837.215993192737,10.859151996555738,5405.804964997515,8.087890625
1774656844,100,,Aggregated,7.400000,0.000000,260,2700,4200,5000,5000,5000,5000,5000,5300,5400,5400,1540,0,260.0,1835.4681234766533,10.859151996555738,5405.804964997515,8.066883116883117
1774656845,100,,Aggregated,6.800000,0.000000,260,2700,4100,5000,5000,5000,5000,5000,5300,5400,5400,1547,0,260.0,1833.7441542139907,10.859151996555738,5405.804964997515,8.03038138332256
1774656846,100,,Aggregated,6.500000,0.000000,260,2600,4100,5000,5000,5000,5000,5000,5300,5400,5400,1552,0,260.0,1830.4500033943602,10.859151996555738,5405.804964997515,8.00451030927835
1774656847,100,,Aggregated,6.500000,0.000000,270,2600,4100,5000,5000,5000,5000,5000,5300,5400,5400,1561,0,270.0,1831.0138542716463,10.859151996555738,5405.804964997515,7.958360025624599
1774656848,100,,Aggregated,6.100000,0.000000,270,2600,4100,5000,5000,5000,5000,5000,5300,5400,5400,1565,0,270.0,1830.0222768945955,10.859151996555738,5405.804964997515,7.938019169329073
1774656849,100,,Aggregated,5.900000,0.000000,270,2600,4100,5000,5000,5000,5000,5000,5300,5400,5400,1568,0,270.0,1827.3856792340812,10.859151996555738,5405.804964997515,7.922831632653061
1774656850,100,,Aggregated,6.200000,0.000000,270,2600,4100,5000,5000,5000,5000,5000,5300,5400,5400,1572,0,270.0,1830.4103104968433,10.859151996555738,5405.804964997515,7.954834605597965
1774656851,100,,Aggregated,6.400000,0.000000,270,2600,4100,5000,5000,5000,5000,5000,5300,5400,5400,1574,0,270.0,1828.1036960629194,10.859151996555738,5405.804964997515,7.944726810673443
1774656852,100,,Aggregated,6.200000,0.000000,270,2600,4100,5000,5000,5000,5000,5000,5300,5400,5400,1581,0,270.0,1828.3395806432839,10.859151996555738,5405.804964997515,7.935483870967742
1774656853,100,,Aggregated,5.600000,0.000000,270,2600,4100,5000,5000,5000,5000,5000,5300,5400,5400,1592,0,270.0,1826.9878377908537,10.859151996555738,5405.804964997515,7.90640703517588
1774656854,100,,Aggregated,4.700000,0.000000,270,2600,4100,5000,5000,5000,5000,5000,5300,5400,5400,1598,0,270.0,1826.6645192371975,10.859151996555738,5405.804964997515,7.902377972465582
1774656855,100,,Aggregated,5.300000,0.000000,270,2600,4100,5000,5000,5000,5000,5000,5300,5400,5400,1603,0,270.0,1823.7454537660917,10.859151996555738,5405.804964997515,7.877729257641922
1774656856,100,,Aggregated,5.700000,0.000000,270,2600,4100,5000,5000,5000,5000,5000,5300,5400,5400,1607,0,270.0,1830.0793765507415,10.859151996555738,5405.804964997515,7.934660858742999
1774656857,100,,Aggregated,5.600000,0.000000,270,2600,4100,5000,5000,5000,5000,5000,5300,5400,5400,1613,0,270.0,1830.826181009325,10.859151996555738,5405.804964997515,7.955982641041538
1774656858,100,,Aggregated,5.500000,0.000000,270,2700,4100,5000,5000,5000,5000,5000,5300,5400,5400,1620,0,270.0,1835.7600556969423,10.859151996555738,5405.804964997515,7.972222222222222
1774656859,100,,Aggregated,5.400000,0.000000,270,2700,4100,5000,5000,5000,5000,5000,5300,5400,5400,1628,0,270.0,1835.622727399905,10.859151996555738,5405.804964997515,7.958230958230958
1774656860,100,,Aggregated,5.300000,0.000000,270,2700,4100,5000,5000,5000,5000,5000,5300,5400,5400,1632,0,270.0,1834.4374565711078,10.859151996555738,5405.804964997515,7.963848039215686
1774656861,100,,Aggregated,5.400000,0.000000,270,2700,4100,5000,5000,5000,5000,5000,5300,5400,5400,1637,0,270.0,1835.8656644080934,10.859151996555738,5405.804964997515,7.9896151496640195
1774656862,100,,Aggregated,5.900000,0.000000,270,2700,4100,5000,5000,5000,5000,5000,5300,5400,5400,1640,0,270.0,1835.901429800642,10.859151996555738,5405.804964997515,7.975
1774656863,100,,Aggregated,6.100000,0.000000,310,2700,4100,5000,5000,5000,5000,5000,5300,5400,5400,1646,0,280.0,1843.376816224818,10.859151996555738,5405.804964997515,8.020656136087485
1774656864,100,,Aggregated,6.200000,0.000000,350,2700,4200,5000,5000,5000,5000,5000,5300,5400,5400,1650,0,330.0,1847.7782843382117,10.859151996555738,5405.804964997515,8.05090909090909
1774656865,100,,Aggregated,5.700000,0.000000,310,2700,4200,5000,5000,5000,5000,5000,5300,5400,5400,1655,0,310.0,1845.5127503740443,10.859151996555738,5405.804964997515,8.051359516616314
1774656866,100,,Aggregated,5.400000,0.000000,330,2700,4100,5000,5000,5000,5000,5000,5300,5400,5400,1663,0,330.0,1845.7375316308185,10.859151996555738,5405.804964997515,8.037282020444978
1774656867,100,,Aggregated,5.100000,0.000000,350,2700,4200,5000,5000,5000,5000,5000,5300,5400,5400,1670,0,330.0,1848.3000138383552,10.859151996555738,5405.804964997515,8.077245508982037
1774656868,100,,Aggregated,5.100000,0.000000,350,2700,4200,5000,5000,5000,5000,5000,5300,5400,5400,1674,0,330.0,1848.9383939707589,10.859151996555738,5405.804964997515,8.082437275985663
1774656869,100,,Aggregated,5.600000,0.000000,370,2700,4200,5000,5000,5000,5000,5000,5300,5400,5400,1679,0,370.0,1853.2095345414216,10.859151996555738,5405.804964997515,8.107206670637284
1774656870,100,,Aggregated,5.600000,0.000000,430,2700,4200,5000,5000,5000,5000,5000,5300,5400,5400,1688,0,400.0,1856.137109643985,10.859151996555738,5405.804964997515,8.112559241706162
1774656871,100,,Aggregated,5.600000,0.000000,430,2700,4200,5000,5000,5000,5000,5000,5300,5400,5400,1691,0,430.0,1858.8853325860705,10.859151996555738,5405.804964997515,8.146658781785925
1774656872,100,,Aggregated,5.100000,0.000000,400,2700,4200,5000,5000,5000,5000,5000,5300,5400,5400,1693,0,400.0,1856.708888034877,10.859151996555738,5405.804964997515,8.137034849379798
1774656873,100,,Aggregated,5.500000,0.000000,430,2700,4200,5000,5000,5000,5000,5000,5300,5400,5400,1694,0,400.0,1858.5706055218695,10.859151996555738,5405.804964997515,8.156434474616292
1774656874,100,,Aggregated,5.400000,0.000000,430,2700,4200,5000,5000,5000,5000,5000,5300,5400,5400,1698,0,400.0,1860.2328036184012,10.859151996555738,5405.804964997515,8.185512367491166
1774656875,100,,Aggregated,5.300000,0.000000,440,2700,4200,5000,5000,5000,5000,5000,5300,5400,5400,1707,0,440.0,1866.1973766456017,10.859151996555738,5405.804964997515,8.214411247803163
1774656876,100,,Aggregated,4.900000,0.000000,450,2800,4200,5000,5000,5000,5000,5000,5300,5400,5400,1711,0,450.0,1868.8220776382489,10.859151996555738,5405.804964997515,8.24313267095266
1774656877,100,,Aggregated,4.900000,0.000000,480,2800,4200,5000,5000,5000,5000,5000,5300,5400,5400,1722,0,450.0,1872.1041070801602,10.859151996555738,5405.804964997515,8.285714285714286
1774656878,100,,Aggregated,5.200000,0.000000,480,2800,4200,5000,5000,5000,5000,5000,5300,5400,5400,1724,0,450.0,1872.8513672854046,10.859151996555738,5405.804964997515,8.276102088167054
1774656879,100,,Aggregated,4.900000,0.000000,480,2800,4200,5000,5000,5000,5000,5000,5300,5400,5400,1727,0,480.0,1875.4084926572295,10.859151996555738,5405.804964997515,8.30920671685003
1774656880,100,,Aggregated,5.200000,0.000000,450,2800,4200,5000,5000,5000,5000,5000,5300,5400,5400,1732,0,440.0,1873.2897860727733,10.859151996555738,5405.804964997515,8.308891454965359
1774656881,100,,Aggregated,4.800000,0.000000,520,2800,4300,5000,5000,5000,5000,5000,5300,5400,5400,1736,0,480.0,1879.0596310916171,10.859151996555738,5405.804964997515,8.336981566820276
1774656882,100,,Aggregated,4.700000,0.000000,520,2800,4300,5000,5000,5000,5000,5000,5300,5400,5400,1739,0,520.0,1881.378811715383,10.859151996555738,5405.804964997515,8.34617596319724
1774656883,100,,Aggregated,4.400000,0.000000,520,2800,4300,5000,5000,5000,5000,5000,5300,5400,5400,1745,0,520.0,1882.7828556109177,10.859151996555738,5405.804964997515,8.364469914040114
1774656884,100,,Aggregated,4.500000,0.000000,570,2800,4300,5000,5000,5000,5000,5000,5300,5400,5400,1756,0,540.0,1885.02005296757,10.859151996555738,5405.804964997515,8.35876993166287
1774656885,100,,Aggregated,4.600000,0.000000,520,2800,4300,5000,5000,5000,5000,5000,5300,5400,5400,1763,0,520.0,1880.065750155451,10.859151996555738,5405.804964997515,8.325581395348838
1774656886,100,,Aggregated,5.000000,0.000000,520,2800,4300,5000,5000,5000,5000,5000,5300,5400,5400,1766,0,480.0,1879.8413505005988,10.859151996555738,5405.804964997515,8.334654586636466
1774656887,100,,Aggregated,5.700000,0.000000,520,2800,4200,5000,5000,5000,5000,5000,5300,5400,5400,1769,0,520.0,1880.2857033228133,10.859151996555738,5405.804964997515,8.320520067834934
1774656888,100,,Aggregated,5.600000,0.000000,480,2800,4200,5000,5000,5000,5000,5000,5300,5400,5400,1773,0,480.0,1879.0738517501732,10.859151996555738,5405.804964997515,8.3248730964467
1774656889,100,,Aggregated,5.400000,0.000000,450,2800,4300,5000,5000,5000,5000,5000,5300,5400,5400,1780,0,440.0,1877.4523565685763,10.859151996555738,5405.804964997515,8.338202247191012
1774656890,100,,Aggregated,4.700000,0.000000,480,2800,4300,5000,5000,5000,5000,5000,5300,5400,5400,1787,0,480.0,1882.1607764510732,10.859151996555738,5405.804964997515,8.397313933967544
1774656891,100,,Aggregated,4.900000,0.000000,440,2800,4300,5000,5000,5000,5000,5000,5300,5400,5400,1795,0,440.0,1878.5525321348584,10.859151996555738,5405.804964997515,8.382729805013927
1774656892,100,,Aggregated,5.300000,0.000000,520,2800,4300,5000,5000,5000,5000,5000,5300,5400,5400,1807,0,520.0,1881.5270404881403,10.859151996555738,5405.804964997515,8.372440509131156
1774656893,100,,Aggregated,5.600000,0.000000,480,2800,4300,5000,5000,5000,5000,5000,5300,5400,5400,1810,0,450.0,1878.6625748050128,10.859151996555738,5405.804964997515,8.358563535911602
1774656894,100,,Aggregated,6.000000,0.000000,450,2800,4300,5000,5000,5000,5000,5000,5300,5400,5400,1813,0,450.0,1878.3319786492398,10.859151996555738,5405.804964997515,8.36734693877551
1774656895,100,,Aggregated,6.800000,0.000000,480,2800,4300,5000,5000,5000,5000,5000,5300,5400,5400,1814,0,450.0,1880.054427883171,10.859151996555738,5405.804964997515,8.385336273428887
1774656896,100,,Aggregated,6.400000,0.000000,520,2800,4300,5000,5000,5000,5000,5000,5300,5400,5400,1821,0,520.0,1885.365453176861,10.859151996555738,5405.804964997515,8.42064799560681
1774656897,100,,Aggregated,5.700000,0.000000,570,2800,4300,5000,5000,5000,5000,5000,5300,5400,5400,1826,0,540.0,1889.2988365865601,10.859151996555738,5405.804964997515,8.44249726177437
1774656898,100,,Aggregated,5.100000,0.000000,540,2800,4300,5000,5000,5000,5000,5000,5300,5400,5400,1835,0,540.0,1891.1254384305441,10.859151996555738,5405.804964997515,8.445776566757493
1774656899,100,,Aggregated,5.600000,0.000000,520,2800,4300,5000,5000,5000,5000,5000,5300,5400,5400,1841,0,520.0,1890.5263614378339,10.859151996555738,5405.804964997515,8.46279196089082
1774656901,100,,Aggregated,5.700000,0.000000,540,2800,4300,5000,5000,5000,5000,5000,5300,5400,5400,1845,0,540.0,1894.6594503181893,10.859151996555738,5405.804964997515,8.511111111111111
1774656902,100,,Aggregated,6.200000,0.000000,570,2800,4300,5000,5000,5000,5000,5000,5300,5400,5400,1849,0,570.0,1898.251199597109,10.859151996555738,5405.804964997515,8.514872904272579
1774656903,100,,Aggregated,5.700000,0.000000,570,2800,4300,5000,5000,5000,5000,5000,5300,5400,5400,1854,0,570.0,1899.9135629299112,10.859151996555738,5405.804964997515,8.536138079827401
1774656904,100,,Aggregated,5.700000,0.000000,580,2800,4300,5000,5000,5000,5000,5000,5300,5400,5400,1860,0,570.0,1902.5950597070223,10.859151996555738,5405.804964997515,8.55268817204301
1774656905,100,,Aggregated,5.300000,0.000000,610,2800,4300,5000,5000,5000,5000,5000,5300,5400,5400,1863,0,610.0,1906.9466225147967,10.859151996555738,5405.804964997515,8.560923242082662
1774656906,100,,Aggregated,4.600000,0.000000,620,2800,4300,5000,5000,5000,5000,5000,5300,5400,5400,1868,0,610.0,1908.891142856566,10.859151996555738,5405.804964997515,8.538008565310493
1774656907,100,,Aggregated,5.000000,0.000000,630,2800,4300,5000,5000,5000,5000,5000,5300,5400,5400,1878,0,620.0,1908.2817553456168,10.859151996555738,5405.804964997515,8.514376996805112
1774656908,100,,Aggregated,5.000000,0.000000,630,2900,4300,5000,5000,5000,5000,5000,5300,5400,5400,1884,0,620.0,1909.1564016491866,10.859151996555738,5405.804964997515,8.509023354564755
1774656909,100,,Aggregated,5.400000,0.000000,620,2900,4300,5000,5000,5000,5000,5000,5300,5400,5400,1887,0,620.0,1908.4202474526062,10.859151996555738,5405.804964997515,8.495495495495495
1774656910,100,,Aggregated,5.600000,0.000000,610,2800,4300,5000,5000,5000,5000,5000,5300,5400,5400,1889,0,610.0,1906.5047369216868,10.859151996555738,5405.804964997515,8.486500794070936
1774656911,100,,Aggregated,5.800000,0.000000,630,2900,4300,5000,5000,5000,5000,5000,5300,5400,5400,1894,0,620.0,1911.8102285069017,10.859151996555738,5405.804964997515,8.50739176346357
1774656912,100,,Aggregated,4.800000,0.000000,610,2900,4300,5000,5000,5000,5000,5000,5300,5400,5400,1899,0,610.0,1909.5547962364762,10.859151996555738,5405.804964997515,8.506582411795682
1774656913,100,,Aggregated,4.900000,0.000000,610,2900,4300,5000,5000,5000,5000,5000,5300,5400,5400,1907,0,610.0,1907.9839176875032,10.859151996555738,5405.804964997515,8.492396434189827
1774656914,100,,Aggregated,4.900000,0.000000,620,2900,4300,5000,5000,5000,5000,5000,5300,5400,5400,1912,0,610.0,1909.5797200586112,10.859151996555738,5405.804964997515,8.49163179916318
1774656915,100,,Aggregated,4.900000,0.000000,620,2900,4300,5000,5000,5000,5000,5000,5300,5400,5400,1917,0,620.0,1911.7563734637747,10.859151996555738,5405.804964997515,8.51225873761085
1774656916,100,,Aggregated,5.200000,0.000000,610,2900,4300,5000,5000,5000,5000,5000,5300,5400,5400,1921,0,610.0,1908.9409050786346,10.859151996555738,5405.804964997515,8.494534096824571
1774656917,100,,Aggregated,5.200000,0.000000,630,2900,4300,5000,5000,5000,5000,5000,5300,5400,5400,1933,0,630.0,1910.764771005724,10.859151996555738,5405.804964997515,8.46301086394206
1774656918,100,,Aggregated,5.400000,0.000000,630,2900,4300,5000,5000,5000,5000,5000,5300,5400,5400,1939,0,630.0,1911.5526192635716,10.859151996555738,5405.804964997515,8.479112944816915
1774656919,100,,Aggregated,5.500000,0.000000,630,2800,4300,5000,5000,5000,5000,5000,5300,5400,5400,1947,0,630.0,1909.2818510786126,10.859151996555738,5405.804964997515,8.44427324088341
1774656920,100,,Aggregated,5.500000,0.000000,640,2800,4300,5000,5000,5000,5000,5000,5300,5400,5400,1957,0,640.0,1911.0629341461727,10.859151996555738,5405.804964997515,8.443025038323965
1774656921,100,,Aggregated,5.500000,0.000000,660,2900,4300,5000,5000,5000,5000,5000,5300,5400,5400,1963,0,660.0,1914.2485145517364,10.859151996555738,5405.804964997515,8.458991339786042
1774656922,100,,Aggregated,5.900000,0.000000,660,2800,4300,5000,5000,5000,5000,5000,5300,5400,5400,1965,0,660.0,1912.503321647867,10.859151996555738,5405.804964997515,8.450381679389313
1774656923,100,,Aggregated,6.900000,0.000000,640,2800,4300,5000,5000,5000,5000,5000,5300,5400,5400,1972,0,630.0,1909.5917372358265,10.859151996555738,5405.804964997515,8.441176470588236
1774656924,100,,Aggregated,6.900000,0.000000,660,2800,4300,5000,5000,5000,5000,5000,5300,5400,5400,1976,0,640.0,1910.33666658808,10.859151996555738,5405.804964997515,8.42408906882591
1774656925,100,,Aggregated,6.500000,0.000000,660,2800,4300,5000,5000,5000,5000,5000,5300,5400,5400,1989,0,660.0,1910.0819605596,10.859151996555738,5405.804964997515,8.43086978381096
1774656926,100,,Aggregated,6.500000,0.000000,640,2800,4300,5000,5000,5000,5000,5000,5300,5400,5400,1995,0,640.0,1909.6852323995201,10.859151996555738,5405.804964997515,8.446616541353384
1774656927,100,,Aggregated,7.000000,0.000000,640,2800,4300,5000,5000,5000,5000,5000,5300,5400,5400,2000,0,630.0,1907.1358854955186,10.859151996555738,5405.804964997515,8.4255
1774656928,100,,Aggregated,7.000000,0.000000,630,2800,4300,5000,5000,5000,5000,5000,5300,5400,5400,2003,0,630.0,1904.3035616560362,10.859151996555738,5405.804964997515,8.412880678981528
1774656929,100,,Aggregated,7.500000,0.000000,630,2800,4300,5000,5000,5000,5000,5000,5300,5400,5400,2007,0,630.0,1902.4109308719694,10.859151996555738,5405.804964997515,8.39611360239163
1774656930,100,,Aggregated,6.400000,0.000000,660,2800,4300,5000,5000,5000,5000,5000,5300,5400,5400,2021,0,660.0,1907.8835384493025,10.859151996555738,5405.804964997515,8.378525482434439
1774656931,100,,Aggregated,6.400000,0.000000,710,2800,4300,5000,5000,5000,5000,5000,5300,5400,5400,2028,0,710.0,1911.9877998131392,10.859151996555738,5405.804964997515,8.3698224852071
1774656932,100,,Aggregated,6.100000,0.000000,670,2800,4300,5000,5000,5000,5000,5000,5300,5400,5400,2041,0,670.0,1907.236845633044,10.859151996555738,5405.804964997515,8.336599706026458
1774656933,100,,Aggregated,6.100000,0.000000,670,2800,4300,5000,5000,5000,5000,5000,5300,5400,5400,2042,0,660.0,1906.3927881851341,10.859151996555738,5405.804964997515,8.332517140058766
1774656934,100,,Aggregated,7.400000,0.000000,710,2800,4300,5000,5000,5000,5000,5000,5300,5400,5400,2048,0,670.0,1906.8431844555867,10.859151996555738,5405.804964997515,8.328125
1774656935,100,,Aggregated,7.400000,0.000000,710,2800,4300,5000,5000,5000,5000,5000,5300,5400,5400,2052,0,670.0,1906.3040654732151,10.859151996555738,5405.804964997515,8.311890838206628
1774656936,100,,Aggregated,7.100000,0.000000,710,2800,4300,5000,5000,5000,5000,5000,5300,5400,5400,2061,0,710.0,1907.8866030771633,10.859151996555738,5405.804964997515,8.295487627365357
1774656937,100,,Aggregated,6.500000,0.000000,740,2800,4300,5000,5000,5000,5000,5000,5300,5400,5400,2068,0,730.0,1911.723111523229,10.859151996555738,5405.804964997515,8.30705996131528
1774656938,100,,Aggregated,6.400000,0.000000,750,2900,4300,5000,5000,5000,5000,5000,5300,5400,5400,2076,0,740.0,1912.377073333351,10.859151996555738,5405.804964997515,8.294797687861271
1774656939,100,,Aggregated,6.800000,0.000000,730,2800,4300,5000,5000,5000,5000,5000,5300,5400,5400,2083,0,730.0,1907.9130325170586,10.859151996555738,5405.804964997515,8.26692270763322
1774656940,100,,Aggregated,6.800000,0.000000,740,2800,4300,5000,5000,5000,5000,5000,5300,5400,5400,2084,0,730.0,1907.4079320139324,10.859151996555738,5405.804964997515,8.26295585412668
1774656941,100,,Aggregated,7.100000,0.000000,750,2800,4300,5000,5000,5000,5000,5000,5300,5400,5400,2086,0,740.0,1909.3976930354913,10.859151996555738,5405.804964997515,8.25503355704698
1774656942,100,,Aggregated,6.600000,0.000000,750,2800,4300,5000,5000,5000,5000,5000,5300,5400,5400,2092,0,740.0,1908.1749504823306,10.859151996555738,5405.804964997515,8.231357552581262
1774656943,100,,Aggregated,6.600000,0.000000,750,2800,4300,5000,5000,5000,5000,5000,5300,5400,5400,2096,0,750.0,1909.9238604127067,10.859151996555738,5405.804964997515,8.235209923664122
1774656944,100,,Aggregated,5.200000,0.000000,760,2900,4300,5000,5000,5000,5000,5000,5300,5400,5400,2101,0,760.0,1914.918307663984,10.859151996555738,5405.804964997515,8.293669681104236
1774656945,100,,Aggregated,5.400000,0.000000,780,2900,4300,5000,5000,5000,5000,5000,5300,5400,5400,2110,0,780.0,1921.5693231701598,10.859151996555738,5405.804964997515,8.297156398104265
1774656946,100,,Aggregated,5.200000,0.000000,780,2900,4300,5000,5000,5000,5000,5000,5300,5400,5400,2117,0,780.0,1919.6082193528737,10.859151996555738,5405.804964997515,8.269721303731696
1774656947,100,,Aggregated,5.300000,0.000000,780,2900,4300,5000,5000,5000,5000,5000,5300,5400,5400,2120,0,780.0,1919.1868084717134,10.859151996555738,5405.804964997515,8.258018867924529
1774656948,100,,Aggregated,5.700000,0.000000,780,2900,4300,5000,5000,5000,5000,5000,5300,5400,5400,2124,0,780.0,1918.8126450376815,10.859151996555738,5405.804964997515,8.261770244821092
1774656949,100,,Aggregated,5.200000,0.000000,780,2900,4300,5000,5000,5000,5000,5000,5300,5400,5400,2127,0,780.0,1918.454888771529,10.859151996555738,5405.804964997515,8.250117536436296
1774656950,100,,Aggregated,5.200000,0.000000,810,2900,4300,5000,5000,5000,5000,5000,5300,5400,5400,2134,0,810.0,1923.7952846148278,10.859151996555738,5405.804964997515,8.242268041237113
1774656951,100,,Aggregated,4.400000,0.000000,840,2900,4300,5000,5000,5000,5000,5000,5300,5400,5400,2150,0,840.0,1928.6483689865313,10.859151996555738,5405.804964997515,8.2
1774656952,100,,Aggregated,5.000000,0.000000,830,2900,4300,5000,5000,5000,5000,5000,5300,5400,5400,2154,0,820.0,1925.28738639649,10.859151996555738,5405.804964997515,8.18477251624884
1774656953,100,,Aggregated,5.000000,0.000000,830,2900,4300,5000,5000,5000,5000,5000,5300,5400,5400,2157,0,830.0,1924.9871369086857,10.859151996555738,5405.804964997515,8.173388966156699
1774656954,100,,Aggregated,5.900000,0.000000,840,2900,4300,5000,5000,5000,5000,5000,5300,5400,5400,2161,0,840.0,1927.9312936108458,10.859151996555738,5405.804964997515,8.158260064784821
1774656955,100,,Aggregated,6.200000,0.000000,840,2900,4300,5000,5000,5000,5000,5000,5300,5400,5400,2163,0,840.0,1928.4719243583168,10.859151996555738,5405.804964997515,8.169671752196024
1774656956,100,,Aggregated,6.100000,0.000000,840,2900,4300,5000,5000,5000,5000,5000,5300,5400,5400,2165,0,840.0,1928.5094519519814,10.859151996555738,5405.804964997515,8.162124711316396
1774656957,100,,Aggregated,5.800000,0.000000,860,2900,4300,5000,5000,5000,5000,5000,5400,6100,6100,2177,0,860.0,1934.352112871401,10.859151996555738,6143.628945999808,8.192466697289849
1774656958,100,,Aggregated,4.900000,0.000000,860,2900,4300,5000,5000,5000,5000,5000,5400,6100,6100,2182,0,860.0,1936.9809795105548,10.859151996555738,6143.628945999808,8.211274060494958
1774656959,100,,Aggregated,4.900000,0.000000,860,2900,4300,5000,5000,5000,5000,5000,5400,6100,6100,2186,0,860.0,1938.1453282616765,10.859151996555738,6143.628945999808,8.233760292772187
1774656960,100,,Aggregated,5.900000,0.000000,910,2900,4300,5000,5000,5000,5000,5000,5400,6100,6100,2196,0,910.0,1937.3526368738726,10.859151996555738,6143.628945999808,8.196265938069217
1774656961,100,,Aggregated,6.000000,0.000000,890,2900,4300,5000,5000,5000,5000,5000,5400,6100,6100,2199,0,890.0,1934.8967896762256,10.859151996555738,6143.628945999808,8.185084129149613
1774656962,100,,Aggregated,5.500000,0.000000,910,2900,4300,5000,5000,5000,5000,5000,5400,6100,6100,2202,0,890.0,1934.6207066117254,10.859151996555738,6143.628945999808,8.173932788374206
1774656963,100,,Aggregated,5.500000,0.000000,910,2900,4300,5000,5000,5000,5000,5000,5400,6100,6100,2204,0,890.0,1935.2358901442929,10.859151996555738,6143.628945999808,8.185117967332124
1774656964,100,,Aggregated,5.300000,0.000000,910,2900,4300,5000,5000,5000,5000,5000,5400,6100,6100,2210,0,910.0,1937.8077990968434,10.859151996555738,6143.628945999808,8.2
1774656965,100,,Aggregated,4.700000,0.000000,910,2900,4300,5000,5000,5000,5000,5000,5400,6100,6100,2217,0,910.0,1936.9455623328913,10.859151996555738,6143.628945999808,8.192602616147948
1774656966,100,,Aggregated,4.900000,0.000000,950,2900,4300,5000,5000,5000,5000,5000,5400,6100,6100,2226,0,950.0,1937.6435973890475,10.859151996555738,6143.628945999808,8.177897574123989
1774656967,100,,Aggregated,5.100000,0.000000,950,2900,4300,5000,5000,5000,5000,5000,5400,6100,6100,2231,0,950.0,1937.5230190699315,10.859151996555738,6143.628945999808,8.159569699686239
1774656968,100,,Aggregated,5.700000,0.000000,970,2900,4300,5000,5000,5000,5000,5000,5400,6100,6100,2238,0,950.0,1937.1124712158253,10.859151996555738,6143.628945999808,8.15236818588025
1774656969,100,,Aggregated,6.000000,0.000000,950,2900,4300,5000,5000,5000,5000,5000,5400,6100,6100,2242,0,920.0,1934.0062526503202,10.859151996555738,6143.628945999808,8.137823371989295
1774656970,100,,Aggregated,5.400000,0.000000,950,2900,4200,5000,5000,5000,5000,5000,5400,6100,6100,2250,0,950.0,1934.4087134635622,10.859151996555738,6143.628945999808,8.108888888888888
1774656971,100,,Aggregated,5.400000,0.000000,950,2900,4200,5000,5000,5000,5000,5000,5400,6100,6100,2254,0,920.0,1931.9318773979655,10.859151996555738,6143.628945999808,8.09449866903283
1774656972,100,,Aggregated,5.800000,0.000000,970,2900,4200,5000,5000,5000,5000,5000,5400,6100,6100,2268,0,950.0,1934.0465539589986,10.859151996555738,6143.628945999808,8.098765432098766
1774656973,100,,Aggregated,5.400000,0.000000,970,2900,4200,5000,5000,5000,5000,5000,5400,6100,6100,2271,0,970.0,1934.9517702738935,10.859151996555738,6143.628945999808,8.106120651695289
1774656974,100,,Aggregated,6.400000,0.000000,970,2900,4200,5000,5000,5000,5000,5000,5400,6100,6100,2273,0,970.0,1935.464481892219,10.859151996555738,6143.628945999808,8.117025956885174
1774656975,100,,Aggregated,6.400000,0.000000,950,2900,4200,5000,5000,5000,5000,5000,5400,6100,6100,2277,0,950.0,1932.888484116827,10.859151996555738,6143.628945999808,8.102766798418973
1774656976,100,,Aggregated,6.200000,0.000000,980,2900,4200,5000,5000,5000,5000,5000,5400,6100,6100,2284,0,970.0,1932.3351634991325,10.859151996555738,6143.628945999808,8.077933450087565
1774656977,100,,Aggregated,6.300000,0.000000,970,2900,4200,5000,5000,5000,5000,5000,5400,6100,6100,2289,0,970.0,1932.5935716308513,10.859151996555738,6143.628945999808,8.096111839231105
1774656978,100,,Aggregated,5.600000,0.000000,1000,2900,4200,5000,5000,5000,5000,5000,5400,6100,6100,2297,0,1000.0,1937.5953911915633,10.859151996555738,6143.628945999808,8.103613408794079
1774656979,100,,Aggregated,5.600000,0.000000,1000,2900,4200,5000,5000,5000,5000,5000,5400,6100,6100,2302,0,1000.0,1940.098915416167,10.859151996555738,6143.628945999808,8.139443961772372
1774656980,100,,Aggregated,5.600000,0.000000,1000,2900,4300,5000,5000,5000,5000,5000,5400,6100,6100,2303,0,1000.0,1941.4339517690032,10.859151996555738,6143.628945999808,8.153712548849327
1774656981,100,,Aggregated,6.100000,0.000000,1000,2900,4200,5000,5000,5000,5000,5000,5400,6100,6100,2309,0,1000.0,1941.5486379766191,10.859151996555738,6143.628945999808,8.15028150714595
1774656982,100,,Aggregated,5.600000,0.000000,1000,2900,4300,5000,5000,5000,5000,5000,5400,6100,6100,2321,0,1000.0,1947.4397147048742,10.859151996555738,6143.628945999808,8.178802240413615
1774656983,100,,Aggregated,5.400000,0.000000,1000,2900,4300,5000,5000,5000,5000,5000,5400,6100,6100,2327,0,1000.0,1948.8188492866393,10.859151996555738,6143.628945999808,8.19295229909755
1774656984,100,,Aggregated,5.100000,0.000000,1000,2900,4300,5000,5000,5000,5000,5000,5400,6100,6100,2329,0,1000.0,1948.4913401786225,10.859151996555738,6143.628945999808,8.185916702447402
1774656985,100,,Aggregated,5.400000,0.000000,1100,2900,4300,5000,5000,5000,5000,5000,5400,6100,6100,2332,0,1000.0,1952.4381735634684,10.859151996555738,6143.628945999808,8.228130360205832
1774656986,100,,Aggregated,5.600000,0.000000,1100,2900,4300,5000,5000,5000,5000,5000,5400,6100,6100,2333,0,1100.0,1953.746380312476,10.859151996555738,6143.628945999808,8.24217745392199
1774656987,100,,Aggregated,5.400000,0.000000,1000,2900,4300,5000,5000,5000,5000,5000,5400,6100,6100,2343,0,1000.0,1953.4940683879674,10.859151996555738,6143.628945999808,8.241997439180539
1774656988,100,,Aggregated,5.400000,0.000000,1100,2900,4300,5000,5000,5000,5000,5000,5400,6100,6100,2354,0,1100.0,1961.5665697672111,10.859151996555738,6143.628945999808,8.238317757009346
1774656989,100,,Aggregated,5.200000,0.000000,1100,3000,4300,5000,5000,5000,5000,5000,5400,6100,6100,2364,0,1100.0,1966.8841547127802,10.859151996555738,6143.628945999808,8.290186125211505
1774656990,100,,Aggregated,5.700000,0.000000,1100,3000,4300,5000,5000,5000,5000,5000,5400,6100,6100,2366,0,1100.0,1967.4287845122617,10.859151996555738,6143.628945999808,8.30050718512257
1774656991,100,,Aggregated,5.700000,0.000000,1100,3000,4300,5000,5000,5000,5000,5000,5400,6100,6100,2369,0,1100.0,1967.3454684896628,10.859151996555738,6143.628945999808,8.289995778809624
1774656992,100,,Aggregated,6.200000,0.000000,1100,2900,4300,5000,5000,5000,5000,5000,5400,6100,6100,2377,0,1100.0,1965.5850355645796,10.859151996555738,6143.628945999808,8.279343710559528
1774656993,100,,Aggregated,6.300000,0.000000,1100,3000,4300,5000,5000,5000,5000,5000,5400,6100,6100,2382,0,1100.0,1967.2702835692705,10.859151996555738,6143.628945999808,8.296389588581023
1774656994,100,,Aggregated,5.500000,0.000000,1100,3000,4300,5000,5000,5000,5000,5000,5400,6100,6100,2393,0,1100.0,1977.992949304644,10.859151996555738,6143.628945999808,8.34391976598412
1774656995,100,,Aggregated,5.400000,0.000000,1100,3000,4400,5000,5000,5000,5000,5000,5400,6100,6100,2400,0,1100.0,1980.8154979466706,10.859151996555738,6143.628945999808,8.370833333333334
1774656996,100,,Aggregated,6.000000,0.000000,1100,3000,4400,5000,5000,5000,5000,5000,5400,6100,6100,2409,0,1100.0,1981.4351000597812,10.859151996555738,6143.628945999808,8.356579493565794
1774656997,100,,Aggregated,6.500000,0.000000,1100,3000,4400,5000,5000,5000,5000,5000,5400,6100,6100,2414,0,1100.0,1979.683528031074,10.859151996555738,6143.628945999808,8.33927091963546
1774656998,100,,Aggregated,7.000000,0.000000,1100,3000,4300,5000,5000,5000,5000,5000,5400,6100,6100,2421,0,1100.0,1980.4445054291662,10.859151996555738,6143.628945999808,8.332094175960346
1774656999,100,,Aggregated,7.400000,0.000000,1200,3000,4400,5000,5000,5000,5000,5000,5400,6100,6100,2426,0,1100.0,1982.7098735935735,10.859151996555738,6143.628945999808,8.348722176422093
1774657000,100,,Aggregated,7.000000,0.000000,1200,3000,4400,5000,5000,5000,5000,5000,5400,6100,6100,2433,0,1200.0,1984.6466588331318,10.859151996555738,6143.628945999808,8.375256884504727
1774657001,100,,Aggregated,6.100000,0.000000,1200,3000,4400,5000,5000,5000,5000,5000,5400,6100,6100,2439,0,1200.0,1986.0184411008645,10.859151996555738,6143.628945999808,8.40508405084051
1774657002,100,,Aggregated,6.300000,0.000000,1200,3000,4400,5000,5000,5000,5000,5000,5400,6100,6100,2443,0,1200.0,1986.9451906078652,10.859151996555738,6143.628945999808,8.424887433483422
1774657003,100,,Aggregated,6.600000,0.000000,1200,3000,4400,5000,5000,5000,5000,5000,5400,6100,6100,2448,0,1200.0,1988.1209936102987,10.859151996555738,6143.628945999808,8.441176470588236
1774657004,100,,Aggregated,7.100000,0.000000,1100,3000,4400,5000,5000,5000,5000,5000,5400,6100,6100,2457,0,1100.0,1987.0193959898286,10.859151996555738,6143.628945999808,8.443630443630443
1774657005,100,,Aggregated,6.900000,0.000000,1100,3000,4400,5000,5000,5000,5000,5000,5400,6100,6100,2461,0,1100.0,1988.021497734259,10.859151996555738,6143.628945999808,8.463226330759854
1774657006,100,,Aggregated,6.600000,0.000000,1100,3000,4400,5000,5000,5000,5000,5000,5400,6100,6100,2465,0,1100.0,1988.8696491862129,10.859151996555738,6143.628945999808,8.482758620689655
1774657007,100,,Aggregated,6.200000,0.000000,1200,3000,4400,5000,5000,5000,5000,5000,5400,6100,6100,2472,0,1200.0,1995.2659380813147,10.859151996555738,6143.628945999808,8.525080906148867
1774657008,100,,Aggregated,6.100000,0.000000,1100,3000,4400,5000,5000,5000,5000,5000,5400,6100,6100,2481,0,1100.0,1992.471118461512,10.859151996555738,6143.628945999808,8.52720677146312
1774657009,100,,Aggregated,5.800000,0.000000,1200,3000,4400,5000,5000,5000,5000,5000,5400,6100,6100,2493,0,1200.0,1995.7419071351849,10.859151996555738,6143.628945999808,8.51905334937826
1774657010,100,,Aggregated,6.100000,0.000000,1200,3000,4400,5000,5000,5000,5000,5000,5400,6100,6100,2500,0,1200.0,1994.6774638204056,10.859151996555738,6143.628945999808,8.5116
1774657011,100,,Aggregated,6.300000,0.000000,1100,3000,4400,5000,5000,5000,5000,5000,5400,6100,6100,2503,0,1100.0,1992.4722398525823,10.859151996555738,6143.628945999808,8.501398322013584
1774657012,100,,Aggregated,6.700000,0.000000,1200,3000,4400,5000,5000,5000,5000,5000,5400,6100,6100,2506,0,1200.0,1995.2618214186016,10.859151996555738,6143.628945999808,8.523942537909019
1774657013,100,,Aggregated,6.700000,0.000000,1200,3000,4400,5000,5000,5000,5000,5000,5400,6100,6100,2507,0,1200.0,1996.4617404663013,10.859151996555738,6143.628945999808,8.536896689270044
1774657014,100,,Aggregated,6.300000,0.000000,1200,3000,4400,5000,5000,5000,5000,5000,5400,6100,6100,2511,0,1200.0,1995.3021478924807,10.859151996555738,6143.628945999808,8.539625647152528
1774657015,100,,Aggregated,5.900000,0.000000,1200,3000,4400,5000,5000,5000,5000,5000,5400,6100,6100,2520,0,1200.0,1998.151090965487,10.859151996555738,6143.628945999808,8.541666666666666
1774657016,100,,Aggregated,5.500000,0.000000,1200,3000,4400,5000,5000,5000,5000,5000,5400,6100,6100,2523,0,1200.0,1997.8529461490416,10.859151996555738,6143.628945999808,8.547760602457393
1774657017,100,,Aggregated,6.000000,0.000000,1200,3100,4500,5000,5000,5000,5000,5000,5400,6100,6100,2529,0,1200.0,2003.01842349863,10.859151996555738,6143.628945999808,8.608540925266905
1774657018,100,,Aggregated,5.900000,0.000000,1200,3100,4500,5000,5000,5000,5000,5000,5400,6100,6100,2536,0,1200.0,2003.5323312673645,10.859151996555738,6143.628945999808,8.600946372239747
1774657019,100,,Aggregated,5.600000,0.000000,1200,3100,4500,5000,5000,5000,5000,5000,5400,6100,6100,2546,0,1200.0,2006.198622490587,10.859151996555738,6143.628945999808,8.59937156323645
1774657020,100,,Aggregated,5.400000,0.000000,1200,3100,4500,5000,5000,5000,5000,5000,5400,6100,6100,2552,0,1200.0,2004.476579581128,10.859151996555738,6143.628945999808,8.595219435736677
1774657021,100,,Aggregated,5.500000,0.000000,1200,3100,4500,5000,5000,5000,5000,5000,5400,6100,6100,2554,0,1200.0,2004.8772453469226,10.859151996555738,6143.628945999808,8.604541895066562
1774657022,100,,Aggregated,5.500000,0.000000,1200,3100,4500,5000,5000,5000,5000,5000,5400,6100,6100,2559,0,1200.0,2009.953566061757,10.859151996555738,6143.628945999808,8.6357952325127
1774657023,100,,Aggregated,5.000000,0.000000,1200,3100,4500,5000,5000,5000,5000,5000,5400,6100,6100,2565,0,1200.0,2011.5768000491398,10.859151996555738,6143.628945999808,8.647563352826511
1774657024,100,,Aggregated,5.200000,0.000000,1200,3100,4500,5000,5000,5000,5000,5000,5400,6100,6100,2572,0,1200.0,2012.5399125229555,10.859151996555738,6143.628945999808,8.639968895800934
1774657025,100,,Aggregated,5.800000,0.000000,1200,3100,4500,5000,5000,5000,5000,5000,5400,6100,6100,2580,0,1200.0,2011.089639091876,10.859151996555738,6143.628945999808,8.644961240310078
1774657026,100,,Aggregated,6.000000,0.000000,1200,3100,4500,5000,5000,5000,5000,5000,5400,6100,6100,2587,0,1200.0,2010.227215838441,10.859151996555738,6143.628945999808,8.637417858523387
1774657027,100,,Aggregated,5.900000,0.000000,1200,3100,4500,5000,5000,5000,5000,5000,5400,6100,6100,2599,0,1200.0,2013.354889546382,10.859151996555738,6143.628945999808,8.629088110811852
1774657028,100,,Aggregated,6.100000,0.000000,1200,3100,4500,5000,5000,5000,5000,5000,5400,6100,6100,2608,0,1200.0,2013.13455955715,10.859151996555738,6143.628945999808,8.615030674846626
1774657029,100,,Aggregated,6.700000,0.000000,1200,3100,4500,5000,5000,5000,5000,5000,5400,6100,6100,2611,0,1200.0,2010.9158329873794,10.859151996555738,6143.628945999808,8.605132133282268
1774657030,100,,Aggregated,6.800000,0.000000,1200,3100,4500,5000,5000,5000,5000,5000,5400,6100,6100,2617,0,1200.0,2013.3142661937513,10.859151996555738,6143.628945999808,8.601069927397784
1774657031,100,,Aggregated,6.800000,0.000000,1200,3100,4500,5000,5000,5000,5000,5000,5400,6100,6100,2623,0,1200.0,2013.115637040047,10.859151996555738,6143.628945999808,8.597026305756767
1774657032,100,,Aggregated,6.200000,0.000000,1200,3100,4400,5000,5000,5000,5000,5000,5400,6100,6100,2631,0,1200.0,2010.651543486524,10.859151996555738,6143.628945999808,8.570885594830862
1774657033,100,,Aggregated,6.700000,0.000000,1200,3100,4400,5000,5000,5000,5000,5000,5400,6100,6100,2634,0,1200.0,2008.537732299941,10.859151996555738,6143.628945999808,8.561123766135156
1774657034,100,,Aggregated,6.800000,0.000000,1200,3000,4400,5000,5000,5000,5000,5000,5400,6100,6100,2640,0,1200.0,2006.4007842359986,10.859151996555738,6143.628945999808,8.541666666666666
1774657035,100,,Aggregated,6.900000,0.000000,1200,3000,4400,5000,5000,5000,5000,5000,5400,6100,6100,2643,0,1200.0,2004.232277404099,10.859151996555738,6143.628945999808,8.531971244797578
1774657036,100,,Aggregated,6.700000,0.000000,1200,3000,4400,5000,5000,5000,5000,5000,5400,6100,6100,2649,0,1200.0,2003.7044754296098,10.859151996555738,6143.628945999808,8.512646281615703
1774657037,100,,Aggregated,6.500000,0.000000,1200,3000,4400,5000,5000,5000,5000,5000,5400,6100,6100,2652,0,1200.0,2005.4653873808604,10.859151996555738,6143.628945999808,8.518476621417799
1774657038,100,,Aggregated,6.300000,0.000000,1200,3000,4400,5000,5000,5000,5000,5000,5400,6100,6100,2658,0,1200.0,2004.6142129100988,10.859151996555738,6143.628945999808,8.499247554552294
1774657039,100,,Aggregated,5.900000,0.000000,1200,3000,4400,5000,5000,5000,5000,5000,5400,6100,6100,2663,0,1200.0,2003.5875026751949,10.859151996555738,6143.628945999808,8.498685692827639
1774657040,100,,Aggregated,5.500000,0.000000,1200,3000,4400,5000,5000,5000,5000,5000,5400,6100,6100,2668,0,1200.0,2000.0000745359978,10.859151996555738,6143.628945999808,8.482758620689655
1774657041,100,,Aggregated,5.000000,0.000000,1200,3000,4400,5000,5000,5000,5000,5000,5400,6100,6100,2677,0,1200.0,2001.252282042977,10.859151996555738,6143.628945999808,8.469555472543892
1774657042,100,,Aggregated,5.200000,0.000000,1200,3000,4400,5000,5000,5000,5000,5000,5400,6100,6100,2686,0,1200.0,2003.2848065852768,10.859151996555738,6143.628945999808,8.45644080416977
1774657043,100,,Aggregated,5.100000,0.000000,1200,3000,4400,5000,5000,5000,5000,5000,5400,6100,6100,2690,0,1200.0,2001.2257954163765,10.859151996555738,6143.628945999808,8.443866171003718
1774657044,100,,Aggregated,5.500000,0.000000,1200,3000,4400,5000,5000,5000,5000,5000,5400,6100,6100,2691,0,1200.0,2001.1249746960434,10.859151996555738,6143.628945999808,8.440728353771831
1774657045,100,,Aggregated,5.600000,0.000000,1300,3000,4400,5000,5000,5000,5000,5000,5400,6100,6100,2703,0,1300.0,2002.7657094195556,10.859151996555738,6143.628945999808,8.403255641879394
1774657046,100,,Aggregated,5.400000,0.000000,1300,3000,4400,5000,5000,5000,5000,5000,5400,6100,6100,2709,0,1300.0,2003.5586314348707,10.859151996555738,6143.628945999808,8.399778516057586
1774657047,100,,Aggregated,5.500000,0.000000,1300,3000,4400,5000,5000,5000,5000,5000,5400,6100,6100,2715,0,1300.0,2003.951928440909,10.859151996555738,6143.628945999808,8.38121546961326
1774657048,100,,Aggregated,6.200000,0.000000,1300,3000,4400,5000,5000,5000,5000,5000,5400,6100,6100,2721,0,1300.0,2001.147912936078,10.859151996555738,6143.628945999808,8.362734288864388
1774657049,100,,Aggregated,5.900000,0.000000,1300,3000,4400,5000,5000,5000,5000,5000,5400,6100,6100,2725,0,1300.0,1999.1333105974556,10.859151996555738,6143.628945999808,8.35045871559633
1774657050,100,,Aggregated,6.500000,0.000000,1300,3000,4400,5000,5000,5000,5000,5000,5400,6100,6100,2728,0,1300.0,1998.2863542786179,10.859151996555738,6143.628945999808,8.341275659824047
1774657051,100,,Aggregated,6.300000,0.000000,1300,3000,4400,5000,5000,5000,5000,5000,5400,6100,6100,2735,0,1300.0,2000.152061471325,10.859151996555738,6143.628945999808,8.33491773308958
1774657052,100,,Aggregated,6.200000,0.000000,1300,3000,4400,5000,5000,5000,5000,5000,5400,6100,6100,2739,0,1300.0,1998.0435364826849,10.859151996555738,6143.628945999808,8.322745527564805
1774657053,100,,Aggregated,6.100000,0.000000,1300,3000,4300,5000,5000,5000,5000,5000,5400,6100,6100,2747,0,1300.0,1995.909955398643,10.859151996555738,6143.628945999808,8.298507462686567
1774657054,100,,Aggregated,5.500000,0.000000,1300,3000,4300,5000,5000,5000,5000,5000,5400,6100,6100,2752,0,1300.0,1997.2764483292433,10.859151996555738,6143.628945999808,8.298328488372093
1774657055,100,,Aggregated,5.200000,0.000000,1300,3000,4300,5000,5000,5000,5000,5000,5400,6100,6100,2761,0,1300.0,1994.6478422807252,10.859151996555738,6143.628945999808,8.271278522274539
1774657056,100,,Aggregated,6.000000,0.000000,1300,3000,4300,5000,5000,5000,5000,5000,5400,6100,6100,2769,0,1300.0,1993.4218110607,10.859151996555738,6143.628945999808,8.247381726254966
1774657057,100,,Aggregated,5.800000,0.000000,1300,3000,4300,5000,5000,5000,5000,5000,5400,6100,6100,2776,0,1200.0,1992.3878208732256,10.859151996555738,6143.628945999808,8.24135446685879
1774657058,100,,Aggregated,5.700000,0.000000,1200,3000,4300,5000,5000,5000,5000,5000,5400,6100,6100,2783,0,1200.0,1991.2594519134295,10.859151996555738,6143.628945999808,8.235357527847647
1774657059,100,,Aggregated,6.200000,0.000000,1300,3000,4300,5000,5000,5000,5000,5000,5400,6100,6100,2789,0,1300.0,1990.2598180444877,10.77907599756145,6143.628945999808,8.217640731444963
1774657060,100,,Aggregated,5.600000,0.000000,1300,3000,4300,5000,5000,5000,5000,5000,5400,6100,6100,2792,0,1300.0,1990.0620150379934,10.77907599756145,6143.628945999808,8.208810888252149
1774657061,100,,Aggregated,6.300000,0.000000,1300,3000,4300,5000,5000,5000,5000,5000,5400,6100,6100,2797,0,1300.0,1988.3367697837239,10.77907599756145,6143.628945999808,8.19413657490168
1774657062,100,,Aggregated,6.400000,0.000000,1300,3000,4300,5000,5000,5000,5000,5000,5400,6100,6100,2802,0,1300.0,1988.3715800396426,10.77907599756145,6143.628945999808,8.194147037830122
1774657063,100,,Aggregated,6.200000,0.000000,1200,3000,4300,5000,5000,5000,5000,5000,5400,6100,6100,2811,0,1200.0,1985.7606649921995,10.77907599756145,6143.628945999808,8.16791177516898
1774657064,100,,Aggregated,6.500000,0.000000,1300,3000,4300,5000,5000,5000,5000,5000,5400,6100,6100,2822,0,1300.0,1987.1573136364566,10.77907599756145,6143.628945999808,8.13607370659107
1774657065,100,,Aggregated,6.300000,0.000000,1300,3000,4300,5000,5000,5000,5000,5000,5400,6100,6100,2824,0,1300.0,1986.6112800750986,10.77907599756145,6143.628945999808,8.130311614730878
1774657066,100,,Aggregated,6.500000,0.000000,1300,3000,4300,5000,5000,5000,5000,5000,5400,6100,6100,2827,0,1300.0,1987.2788954793348,10.77907599756145,6143.628945999808,8.136186770428015
1774657067,100,,Aggregated,6.700000,0.000000,1300,3000,4300,5000,5000,5000,5000,5000,5400,6100,6100,2831,0,1300.0,1989.2229514790097,10.77907599756145,6143.628945999808,8.124690921935711
1774657068,100,,Aggregated,5.900000,0.000000,1300,3000,4300,5000,5000,5000,5000,5000,5400,6100,6100,2839,0,1300.0,1989.3604361106322,10.77907599756145,6143.628945999808,8.10179640718563
1774657069,100,,Aggregated,5.500000,0.000000,1300,3000,4300,5000,5000,5000,5000,5000,5400,6100,6100,2846,0,1300.0,1989.2335484438115,10.77907599756145,6143.628945999808,8.110681658468025
1774657070,100,,Aggregated,5.500000,0.000000,1300,3000,4300,5000,5000,5000,5000,5000,5400,6100,6100,2850,0,1300.0,1989.1750011466984,10.77907599756145,6143.628945999808,8.113684210526316
1774657071,100,,Aggregated,5.500000,0.000000,1300,3000,4300,5000,5000,5000,5000,5000,5400,6100,6100,2859,0,1300.0,1988.181895250468,10.77907599756145,6143.628945999808,8.088142707240294
1774657072,100,,Aggregated,5.700000,0.000000,1300,3000,4300,5000,5000,5000,5000,5000,5400,6100,6100,2864,0,1300.0,1988.8609272025462,10.77907599756145,6143.628945999808,8.102653631284916
1774657073,100,,Aggregated,6.000000,0.000000,1300,3000,4300,5000,5000,5000,5000,5000,5400,6100,6100,2872,0,1300.0,1988.8369340303225,10.77907599756145,6143.628945999808,8.094359331476323
1774657074,100,,Aggregated,6.000000,0.000000,1300,3000,4300,5000,5000,5000,5000,5000,5400,6100,6100,2879,0,1300.0,1988.1764687120835,10.77907599756145,6143.628945999808,8.088919763806878
1774657075,100,,Aggregated,6.400000,0.000000,1300,3000,4300,5000,5000,5000,5000,5000,5400,6100,6100,2881,0,1300.0,1988.5978950781287,10.77907599756145,6143.628945999808,8.097535577924331
1774657076,100,,Aggregated,5.800000,0.000000,1300,3000,4300,5000,5000,5000,5000,5000,5400,6100,6100,2888,0,1300.0,1990.682805831746,10.77907599756145,6143.628945999808,8.092105263157896
1774657077,100,,Aggregated,5.700000,0.000000,1300,3000,4300,5000,5000,5000,5000,5000,5400,6100,6100,2893,0,1300.0,1990.9431731168634,10.77907599756145,6143.628945999808,8.078119599032146
1774657078,100,,Aggregated,5.700000,0.000000,1300,3000,4300,5000,5000,5000,5000,5000,5400,6100,6100,2896,0,1300.0,1991.0502032783456,10.77907599756145,6143.628945999808,8.083908839779005
1774657079,100,,Aggregated,6.500000,0.000000,1300,3000,4300,5000,5000,5000,5000,5000,5400,6100,6100,2908,0,1300.0,1991.9545495302891,10.77907599756145,6143.628945999808,8.0646492434663
1774657080,100,,Aggregated,6.300000,0.000000,1300,3000,4300,5000,5000,5000,5000,5000,5400,6100,6100,2919,0,1300.0,1991.002670723564,10.77907599756145,6143.628945999808,8.034258307639602
1774657081,100,,Aggregated,5.900000,0.000000,1300,3000,4300,5000,5000,5000,5000,5000,5400,6100,6100,2923,0,1300.0,1988.7884483441967,10.77907599756145,6143.628945999808,8.023263770099213
1774657082,100,,Aggregated,6.400000,0.000000,1300,3000,4300,5000,5000,5000,5000,5000,5400,6100,6100,2924,0,1300.0,1989.8197958974301,10.77907599756145,6143.628945999808,8.03454172366621
1774657083,100,,Aggregated,6.700000,0.000000,1300,3000,4300,5000,5000,5000,5000,5000,5400,6100,6100,2932,0,1300.0,1989.4197931668075,10.77907599756145,6143.628945999808,8.026603001364256
1774657084,100,,Aggregated,6.300000,0.000000,1300,2900,4200,5000,5000,5000,5000,5000,5400,6100,6100,2942,0,1300.0,1991.243472175759,10.77907599756145,6143.628945999808,7.999320190346703
1774657085,100,,Aggregated,5.800000,0.000000,1300,3000,4300,5000,5000,5000,5000,5000,5400,6100,6100,2950,0,1300.0,1993.3087438966359,10.77907599756145,6143.628945999808,8.033220338983051
1774657086,100,,Aggregated,6.300000,0.000000,1300,2900,4300,5000,5000,5000,5000,5000,5400,6100,6100,2955,0,1300.0,1992.1372734155923,10.77907599756145,6143.628945999808,8.033502538071065
1774657087,100,,Aggregated,6.400000,0.000000,1300,2900,4300,5000,5000,5000,5000,5000,5400,6100,6100,2958,0,1300.0,1992.1708547461374,10.77907599756145,6143.628945999808,8.025354969574037
1774657088,100,,Aggregated,7.000000,0.000000,1300,2900,4200,5000,5000,5000,5000,5000,5400,6100,6100,2965,0,1300.0,1990.1257588523001,10.77907599756145,6143.628945999808,8.020236087689714
1774657089,100,,Aggregated,6.400000,0.000000,1300,2900,4200,5000,5000,5000,5000,5000,5400,6100,6100,2969,0,1300.0,1990.0591121657358,10.77907599756145,6143.628945999808,8.009430784776018
1774657090,100,,Aggregated,6.700000,0.000000,1300,2900,4200,5000,5000,5000,5000,5000,5400,6100,6100,2973,0,1300.0,1989.7682482021783,10.77907599756145,6143.628945999808,8.012445341405988
1774657091,100,,Aggregated,6.700000,0.000000,1300,2900,4300,5000,5000,5000,5000,5000,5400,6100,6100,2977,0,1300.0,1990.4699416375797,10.77907599756145,6143.628945999808,8.029224051058112
1774657092,100,,Aggregated,5.800000,0.000000,1300,2900,4300,5000,5000,5000,5000,5000,5400,6100,6100,2981,0,1300.0,1991.1743666326997,10.77907599756145,6143.628945999808,8.03220395840322
1774657093,100,,Aggregated,5.300000,0.000000,1300,2900,4200,5000,5000,5000,5000,5000,5400,6100,6100,2994,0,1300.0,1989.7046712388387,10.77907599756145,6143.628945999808,7.997327989311957
1774657094,100,,Aggregated,5.400000,0.000000,1300,2900,4200,5000,5000,5000,5000,5000,5400,6100,6100,2998,0,1300.0,1989.1911645150378,10.77907599756145,6143.628945999808,7.986657771847899
1774657095,100,,Aggregated,5.900000,0.000000,1300,2900,4200,5000,5000,5000,5000,5000,5300,6100,6100,3005,0,1300.0,1986.9251971467831,10.77907599756145,6143.628945999808,7.968053244592346
1774657096,100,,Aggregated,5.900000,0.000000,1300,2900,4200,5000,5000,5000,5000,5000,5300,6100,6100,3009,0,1300.0,1986.9944067916513,10.77907599756145,6143.628945999808,7.971086739780658
1774657097,100,,Aggregated,5.500000,0.000000,1300,2900,4200,5000,5000,5000,5000,5000,5300,6100,6100,3014,0,1300.0,1988.3963419051372,10.77907599756145,6143.628945999808,7.971466489714665
1774657098,100,,Aggregated,5.500000,0.000000,1300,2900,4200,5000,5000,5000,5000,5000,5300,6100,6100,3018,0,1300.0,1989.7155040460846,10.77907599756145,6143.628945999808,7.974486414844268
1774657099,100,,Aggregated,5.300000,0.000000,1300,2900,4200,5000,5000,5000,5000,5000,5300,6100,6100,3026,0,1300.0,1989.9940007991027,10.77907599756145,6143.628945999808,7.966953073364177
1774657100,100,,Aggregated,5.400000,0.000000,1300,2900,4200,5000,5000,5000,5000,5000,5300,6100,6100,3033,0,1300.0,1989.4746947972558,10.77907599756145,6143.628945999808,7.948565776458952
1774657101,100,,Aggregated,5.300000,0.000000,1300,2900,4200,5000,5000,5000,5000,5000,5300,6100,6100,3039,0,1300.0,1989.7591772306944,10.77907599756145,6143.628945999808,7.959855215531425
1774657102,100,,Aggregated,5.700000,0.000000,1300,2900,4200,5000,5000,5000,5000,5000,5300,6100,6100,3044,0,1300.0,1989.4104992956898,10.77907599756145,6143.628945999808,7.960249671484888
1774657103,100,,Aggregated,6.000000,0.000000,1300,2900,4200,5000,5000,5000,5000,5000,5300,6100,6100,3047,0,1300.0,1989.9450965326812,10.77907599756145,6143.628945999808,7.965868066951099
1774657104,100,,Aggregated,6.200000,0.000000,1300,2900,4200,5000,5000,5000,5000,5000,5300,6100,6100,3050,0,1300.0,1989.058650315108,10.77907599756145,6143.628945999808,7.958032786885246
1774657105,100,,Aggregated,5.900000,0.000000,1300,2900,4200,5000,5000,5000,5000,5000,5300,6100,6100,3057,0,1300.0,1989.099612577391,10.77907599756145,6143.628945999808,7.939810271508015
1774657106,100,,Aggregated,5.200000,0.000000,1300,2900,4200,5000,5000,5000,5000,5000,5300,6100,6100,3061,0,1300.0,1990.3407734057769,10.77907599756145,6143.628945999808,7.956223456386802
1774657107,100,,Aggregated,5.200000,0.000000,1300,2900,4200,5000,5000,5000,5000,5000,5300,6100,6100,3072,0,1300.0,1994.1457843275005,10.77907599756145,6143.628945999808,7.954427083333333
1774657108,100,,Aggregated,5.100000,0.000000,1300,2900,4200,5000,5000,5000,5000,5000,5300,6100,6100,3083,0,1300.0,1991.1030018939625,10.77907599756145,6143.628945999808,7.926046059033409
1774657109,100,,Aggregated,5.200000,0.000000,1300,2900,4200,5000,5000,5000,5000,5000,5300,6100,6100,3087,0,1300.0,1991.9113736679901,10.77907599756145,6143.628945999808,7.915775834143181
1774657110,100,,Aggregated,5.900000,0.000000,1300,2900,4200,5000,5000,5000,5000,5000,5300,6100,6100,3091,0,1300.0,1990.7170988699718,10.77907599756145,6143.628945999808,7.9055321902296996
1774657111,100,,Aggregated,6.400000,0.000000,1300,2900,4200,5000,5000,5000,5000,5000,5300,6100,6100,3096,0,1300.0,1989.058412673799,10.77907599756145,6143.628945999808,7.892764857881137
1774657112,100,,Aggregated,6.100000,0.000000,1300,2900,4200,5000,5000,5000,5000,5000,5300,6100,6100,3099,0,1300.0,1988.652238586022,10.77907599756145,6143.628945999808,7.88512423362375
1774657113,100,,Aggregated,5.800000,0.000000,1300,2900,4200,5000,5000,5000,5000,5000,5300,6100,6100,3106,0,1300.0,1989.5080128329316,10.77907599756145,6143.628945999808,7.8937540244687705
1774657114,100,,Aggregated,5.700000,0.000000,1300,2900,4200,5000,5000,5000,5000,5000,5300,6100,6100,3115,0,1300.0,1989.0834683595783,10.77907599756145,6143.628945999808,7.8841091492776885
1774657115,100,,Aggregated,5.500000,0.000000,1300,2900,4200,5000,5000,5000,5000,5000,5300,6100,6100,3120,0,1300.0,1988.1398361872064,10.77907599756145,6143.628945999808,7.884615384615385
1774657116,100,,Aggregated,6.000000,0.000000,1300,2900,4200,5000,5000,5000,5000,5000,5300,6100,6100,3125,0,1300.0,1988.2346292909065,10.77907599756145,6143.628945999808,7.89824
1774657117,100,,Aggregated,6.500000,0.000000,1300,2900,4200,5000,5000,5000,5000,5000,5300,6100,6100,3130,0,1300.0,1989.1406486620083,10.77907599756145,6143.628945999808,7.91182108626198
1774657118,100,,Aggregated,6.300000,0.000000,1300,2900,4200,5000,5000,5000,5000,5000,5300,6100,6100,3135,0,1300.0,1987.0934877119887,10.77907599756145,6143.628945999808,7.899202551834131
1774657119,100,,Aggregated,6.400000,0.000000,1300,2900,4200,5000,5000,5000,5000,5000,5300,6100,6100,3140,0,1300.0,1987.8387033834663,10.77907599756145,6143.628945999808,7.912738853503185
1774657120,100,,Aggregated,5.600000,0.000000,1300,2900,4200,5000,5000,5000,5000,5000,5300,6100,6100,3144,0,1300.0,1989.257533941501,10.77907599756145,6143.628945999808,7.928753180661578
1774657122,100,,Aggregated,5.200000,0.000000,1300,2900,4200,5000,5000,5000,5000,5000,5300,6100,6100,3153,0,1300.0,1992.1727367212416,10.77907599756145,6143.628945999808,7.971138598160482
1774657123,100,,Aggregated,5.300000,0.000000,1300,2900,4200,5000,5000,5000,5000,5000,5300,6100,6100,3156,0,1300.0,1990.6625271102898,10.77907599756145,6143.628945999808,7.9635614702154625
1774657124,100,,Aggregated,5.300000,0.000000,1300,2900,4200,5000,5000,5000,5000,5000,5300,6100,6100,3166,0,1300.0,1992.784435800087,10.77907599756145,6143.628945999808,7.990208464939987
1774657125,100,,Aggregated,5.700000,0.000000,1300,2900,4200,5000,5000,5000,5000,5000,5300,6100,6100,3170,0,1300.0,1993.1220362116956,10.77907599756145,6143.628945999808,7.9801261829653
1774657126,100,,Aggregated,5.600000,0.000000,1300,2900,4200,5000,5000,5000,5000,5000,5300,6100,6100,3179,0,1300.0,1992.0392836974158,10.77907599756145,6143.628945999808,7.970430953129915
1774657127,100,,Aggregated,5.500000,0.000000,1300,2900,4200,5000,5000,5000,5000,5000,5300,6100,6100,3183,0,1300.0,1994.0726834360926,10.77907599756145,6143.628945999808,7.986176562990889
1774657128,100,,Aggregated,5.500000,0.000000,1400,2900,4200,5000,5000,5000,5000,5000,5300,6100,6100,3188,0,1300.0,1995.2296058328375,10.77907599756145,6143.628945999808,7.999372647427855
1774657129,100,,Aggregated,5.900000,0.000000,1400,2900,4200,5000,5000,5000,5000,5000,5300,6100,6100,3192,0,1300.0,1994.3373631663812,10.77907599756145,6143.628945999808,7.989348370927318
1774657130,100,,Aggregated,5.700000,0.000000,1400,2900,4300,5000,5000,5000,5000,5000,5300,6100,6100,3196,0,1400.0,1998.1065987437698,10.77907599756145,6143.628945999808,8.030663329161452
1774657131,100,,Aggregated,5.800000,0.000000,1400,2900,4200,5000,5000,5000,5000,5000,5300,6100,6100,3199,0,1400.0,1997.982775667423,10.77907599756145,6143.628945999808,8.023132228821506
1774657132,100,,Aggregated,5.700000,0.000000,1400,2900,4300,5000,5000,5000,5000,5000,5300,6100,6100,3205,0,1400.0,2000.5697646299802,10.77907599756145,6143.628945999808,8.059282371294852
1774657133,100,,Aggregated,5.600000,0.000000,1400,2900,4300,5000,5000,5000,5000,5000,5300,6100,6100,3208,0,1400.0,2000.8257419124334,10.77907599756145,6143.628945999808,8.051745635910224
1774657134,100,,Aggregated,5.200000,0.000000,1400,2900,4300,5000,5000,5000,5000,5000,5300,6100,6100,3214,0,1400.0,2001.8313681938648,10.77907599756145,6143.628945999808,8.074984443061606
1774657135,100,,Aggregated,5.300000,0.000000,1400,3000,4300,5000,5000,5000,5000,5000,5300,6100,6100,3218,0,1400.0,2004.6197189024501,10.77907599756145,6143.628945999808,8.090428837787446
1774657136,100,,Aggregated,5.300000,0.000000,1400,3000,4300,5000,5000,5000,5000,5000,5300,6100,6100,3223,0,1400.0,2008.9821165820929,10.77907599756145,6143.628945999808,8.1160409556314
1774657137,100,,Aggregated,4.700000,0.000000,1400,3000,4300,5000,5000,5000,5000,5000,5300,6100,6100,3226,0,1400.0,2010.7528017523505,10.77907599756145,6143.628945999808,8.12120272783633
1774657138,100,,Aggregated,4.700000,0.000000,1400,3000,4300,5000,5000,5000,5000,5000,5300,6100,6100,3231,0,1400.0,2012.976249610675,10.77907599756145,6143.628945999808,8.12132466728567
1774657139,100,,Aggregated,4.300000,0.000000,1400,3000,4300,5000,5000,5000,5000,5000,5300,6100,6100,3240,0,1400.0,2014.0710453873753,10.77907599756145,6143.628945999808,8.098765432098766
1774657140,100,,Aggregated,4.300000,0.000000,1400,3000,4300,5000,5000,5000,5000,5000,5300,6100,6100,3243,0,1400.0,2015.362008821182,10.77907599756145,6143.628945999808,8.116558741905642
1774657141,100,,Aggregated,4.300000,0.000000,1400,3000,4300,5000,5000,5000,5000,5000,5300,6100,6100,3246,0,1400.0,2015.7529693949762,10.77907599756145,6143.628945999808,8.121688231669747
1774657142,100,,Aggregated,4.600000,0.000000,1400,3000,4300,5000,5000,5000,5000,5000,5300,6100,6100,3253,0,1400.0,2020.033759023699,10.77907599756145,6143.628945999808,8.154626498616661
1774657143,100,,Aggregated,4.700000,0.000000,1400,3000,4300,5000,5000,5000,5000,5000,5300,6100,6100,3257,0,1400.0,2022.2286305139983,10.77907599756145,6143.628945999808,8.182376420018421
1774657144,100,,Aggregated,4.700000,0.000000,1400,3000,4300,5000,5000,5000,5000,5000,5300,6100,6100,3261,0,1400.0,2025.257568074853,10.77907599756145,6143.628945999808,8.197485433915977
1774657145,100,,Aggregated,4.700000,0.000000,1400,3000,4300,5000,5000,5000,5000,5000,5300,6100,6100,3262,0,1400.0,2026.1711283991706,10.77907599756145,6143.628945999808,8.207541385652974
1774657146,100,,Aggregated,4.800000,0.000000,1400,3000,4300,5000,5000,5000,5000,5000,5300,6100,6100,3265,0,1400.0,2028.9137107252977,10.77907599756145,6143.628945999808,8.237672281776417
1774657147,100,,Aggregated,4.800000,0.000000,1400,3000,4300,5000,5000,5000,5000,5000,5300,6100,6100,3270,0,1400.0,2030.7416988082866,10.77907599756145,6143.628945999808,8.237614678899083
1774657148,100,,Aggregated,4.500000,0.000000,1400,3000,4300,5000,5000,5000,5000,5000,5300,6100,6100,3283,0,1400.0,2036.2199582686887,10.77907599756145,6143.628945999808,8.229972586049344
1774657149,100,,Aggregated,4.200000,0.000000,1400,3000,4300,5000,5000,5000,5000,5000,5300,6100,6100,3290,0,1400.0,2035.1199918942568,10.77907599756145,6143.628945999808,8.237386018237082
1774657150,100,,Aggregated,4.500000,0.000000,1400,3000,4300,5000,5000,5000,5000,5000,5300,6100,6100,3295,0,1400.0,2034.4236522385752,10.77907599756145,6143.628945999808,8.237329286798179
1774657151,100,,Aggregated,5.100000,0.000000,1400,3000,4300,5000,5000,5000,5000,5000,5300,6100,6100,3300,0,1400.0,2034.8061282879112,10.77907599756145,6143.628945999808,8.237272727272726
1774657152,100,,Aggregated,5.100000,0.000000,1400,3000,4300,5000,5000,5000,5000,5000,5300,6100,6100,3306,0,1400.0,2035.9958147347595,10.77907599756145,6143.628945999808,8.24712643678161
1774657153,100,,Aggregated,5.300000,0.000000,1400,3000,4300,5000,5000,5000,5000,5000,5300,6100,6100,3310,0,1400.0,2037.979923181,10.77907599756145,6143.628945999808,8.261933534743202
1774657154,100,,Aggregated,5.300000,0.000000,1400,3000,4300,5000,5000,5000,5000,5000,5300,6100,6100,3313,0,1400.0,2038.5409512366748,10.77907599756145,6143.628945999808,8.254452158164804
1774657155,100,,Aggregated,5.300000,0.000000,1400,3000,4300,5000,5000,5000,5000,5000,5300,6100,6100,3322,0,1400.0,2036.7069301764307,10.77907599756145,6143.628945999808,8.244431065623118
1774657156,100,,Aggregated,5.300000,0.000000,1400,3000,4300,5000,5000,5000,5000,5000,5300,6100,6100,3328,0,1400.0,2036.8662675210649,10.77907599756145,6143.628945999808,8.25420673076923
1774657157,100,,Aggregated,5.800000,0.000000,1400,3000,4300,5000,5000,5000,5000,5000,5300,6100,6100,3332,0,1400.0,2037.3966586299848,10.77907599756145,6143.628945999808,8.244297719087635
1774657158,100,,Aggregated,5.800000,0.000000,1400,3000,4300,5000,5000,5000,5000,5000,5300,6100,6100,3337,0,1400.0,2036.221122148971,10.77907599756145,6143.628945999808,8.244231345519928
1774657159,100,,Aggregated,6.300000,0.000000,1400,3000,4300,5000,5000,5000,5000,5000,5300,6100,6100,3342,0,1400.0,2037.1372638812436,10.77907599756145,6143.628945999808,8.244165170556553
1774657160,100,,Aggregated,5.400000,0.000000,1400,3000,4300,5000,5000,5000,5000,5000,5300,6100,6100,3348,0,1400.0,2039.00638881276,10.77907599756145,6143.628945999808,8.253882915173238
1774657161,100,,Aggregated,5.200000,0.000000,1500,3000,4300,5000,5000,5000,5000,5000,5300,6100,6100,3360,0,1500.0,2040.97987122593,10.77907599756145,6143.628945999808,8.236607142857142
1774657162,100,,Aggregated,5.200000,0.000000,1500,3000,4300,5000,5000,5000,5000,5000,5300,6100,6100,3367,0,1500.0,2041.4163536394792,10.77907599756145,6143.628945999808,8.243837243837245
1774657163,100,,Aggregated,5.200000,0.000000,1500,3000,4300,5000,5000,5000,5000,5000,5300,6100,6100,3374,0,1500.0,2041.8330713479938,10.77907599756145,6143.628945999808,8.226733847065796
1774657164,100,,Aggregated,5.800000,0.000000,1500,3000,4300,5000,5000,5000,5000,5000,5300,6100,6100,3380,0,1500.0,2040.2713310133506,10.77907599756145,6143.628945999808,8.212130177514792
1774657165,100,,Aggregated,6.500000,0.000000,1500,3000,4300,5000,5000,5000,5000,5000,5300,6100,6100,3381,0,1500.0,2039.6770447853069,10.77907599756145,6143.628945999808,8.209701271813072
1774657166,100,,Aggregated,6.600000,0.000000,1500,3000,4300,5000,5000,5000,5000,5000,5300,6100,6100,3384,0,1400.0,2038.9381107639263,10.77907599756145,6143.628945999808,8.2024231678487
