Timestamp,User Count,Type,Name,Requests/s,Failures/s,50%,66%,75%,80%,90%,95%,98%,99%,99.9%,99.99%,100%,Total Request Count,Total Failure Count,Total Median Response Time,Total Average Response Time,Total Min Response Time,Total Max Response Time,Total Average Content Size
1774655197,0,,Aggregated,0.000000,0.000000,N/A,N/A,N/A,N/A,N/A,N/A,N/A,N/A,N/A,N/A,N/A,0,0,0,0.0,0,0,0
1774655198,5,,Aggregated,0.000000,0.000000,330,330,330,340,340,340,340,340,340,340,340,5,0,330.0,326.90344840011676,293.43883500041557,340.5289479997009,0.0
1774655199,10,,Aggregated,0.000000,0.000000,470,470,470,470,470,470,470,470,470,470,470,10,0,340.0,397.06128790094226,293.43883500041557,468.8790740001423,0.0
1774655200,15,,Aggregated,0.000000,0.000000,330,340,470,470,470,470,470,470,470,470,470,15,0,330.0,326.6641768005987,184.7552299987001,468.8790740001423,0.0
1774655201,20,,Aggregated,2.500000,0.000000,200,330,340,470,470,470,470,470,470,470,470,22,0,200.0,276.07328054562623,88.32964499742957,468.8790740001423,0.0
1774655202,25,,Aggregated,3.333333,0.000000,290,310,330,340,470,470,470,470,470,470,470,30,0,200.0,263.1642167332757,20.756522000738187,468.8790740001423,0.0
1774655203,30,,Aggregated,3.750000,0.000000,200,310,310,330,470,470,470,470,470,470,470,38,0,200.0,238.47690973678638,20.756522000738187,468.8790740001423,0.0
1774655204,35,,Aggregated,4.600000,0.000000,200,230,310,310,470,470,470,470,470,470,470,47,0,200.0,224.87409134029147,15.283998000086285,468.8790740001423,0.0
1774655205,40,,Aggregated,5.166667,0.000000,200,240,310,310,340,470,470,470,470,470,470,53,0,200.0,224.7738348490219,15.283998000086285,468.8790740001423,0.0
1774655206,45,,Aggregated,5.428571,0.000000,220,240,290,310,340,470,470,470,470,470,470,60,0,200.0,224.10138121667842,15.283998000086285,468.8790740001423,0.0
1774655207,50,,Aggregated,5.875000,0.000000,230,270,270,310,330,470,470,470,470,470,470,65,0,230.0,227.421191600073,15.283998000086285,468.8790740001423,0.0
1774655208,55,,Aggregated,6.000000,0.000000,230,250,270,290,330,470,470,470,470,470,470,74,0,230.0,221.48888094602012,15.283998000086285,468.8790740001423,0.0
1774655209,60,,Aggregated,6.000000,0.000000,230,270,270,310,370,470,470,470,470,470,470,81,0,230.0,228.63323519759658,15.283998000086285,468.8790740001423,0.0
1774655210,65,,Aggregated,6.600000,0.000000,240,270,310,320,370,470,470,470,470,470,470,87,0,240.0,233.24888691961954,15.283998000086285,468.8790740001423,0.0
1774655211,70,,Aggregated,6.900000,0.000000,230,270,290,310,370,470,470,470,470,470,470,93,0,230.0,230.9732470000776,15.283998000086285,468.8790740001423,0.0
1774655212,75,,Aggregated,7.100000,0.000000,230,270,300,310,370,470,470,470,470,470,470,100,0,230.0,232.3857401400528,15.283998000086285,468.8790740001423,0.0
1774655213,80,,Aggregated,7.200000,0.000000,240,270,300,310,340,370,470,470,470,470,470,107,0,240.0,232.8828668973431,15.283998000086285,468.8790740001423,0.0
1774655214,85,,Aggregated,7.000000,0.000000,240,270,300,320,370,380,470,470,470,470,470,115,0,240.0,234.54088866966904,15.283998000086285,468.8790740001423,0.0
1774655215,90,,Aggregated,6.900000,0.000000,240,290,300,310,360,370,470,470,470,470,470,126,0,240.0,232.74572155559514,15.283998000086285,468.8790740001423,0.0
1774655216,95,,Aggregated,6.900000,0.000000,240,290,310,310,360,370,470,470,470,470,470,136,0,240.0,232.24534521328036,15.283998000086285,468.8790740001423,0.0
1774655217,100,,Aggregated,6.800000,0.000000,240,290,300,310,360,370,470,470,470,470,470,145,0,240.0,232.04115426899455,15.283998000086285,468.8790740001423,0.0
1774655218,105,,Aggregated,7.200000,0.000000,240,290,310,320,370,470,510,520,520,520,520,153,0,240.0,234.52851621571907,15.283998000086285,515.9544519992778,0.0
1774655219,110,,Aggregated,7.700000,0.000000,230,290,310,320,370,470,520,520,1000,1000,1000,159,0,230.0,235.61014520756606,15.283998000086285,1014.8807229998056,0.0
1774655220,115,,Aggregated,7.900000,0.000000,230,290,310,320,370,470,520,1000,1100,1100,1100,163,0,230.0,240.51339925768352,15.283998000086285,1056.8413629989664,0.0
1774655221,120,,Aggregated,7.900000,0.000000,230,290,300,310,370,470,520,1000,1100,1100,1100,168,0,230.0,236.0969498273724,15.283998000086285,1056.8413629989664,0.0
1774655222,125,,Aggregated,8.000000,0.000000,230,290,310,320,370,520,1800,2400,2400,2400,2400,180,0,230.0,274.3981572999676,15.283998000086285,2429.5072790009726,0.0
1774655223,130,,Aggregated,7.700000,0.000000,230,290,300,320,370,520,2200,2400,5100,5100,5100,188,0,230.0,295.9310643190815,15.283998000086285,5060.729410000931,0.21808510638297873
1774655224,135,,Aggregated,7.500000,0.000000,230,290,310,320,470,2200,4700,5100,5100,5100,5100,205,0,230.0,418.7307434438525,15.283998000086285,5084.262295997178,0.8
1774655225,140,,Aggregated,8.100000,0.000000,230,290,310,320,470,2500,5000,5100,5100,5100,5100,211,0,230.0,480.37666525112155,15.283998000086285,5084.262295997178,1.3601895734597156
1774655226,145,,Aggregated,8.200000,0.000000,230,290,310,320,520,4700,5100,5100,5100,5100,5100,217,0,230.0,538.9074217280488,15.283998000086285,5084.262295997178,1.8894009216589862
1774655227,150,,Aggregated,9.100000,0.000000,230,290,310,330,1000,5000,5100,5100,5100,5100,5100,225,0,230.0,588.6946791110354,15.283998000086285,5084.262295997178,2.368888888888889
1774655228,155,,Aggregated,8.800000,0.000000,230,300,320,360,2400,5000,5100,5100,5100,5100,5100,242,0,230.0,707.9590916569446,15.283998000086285,5084.262295997178,3.049586776859504
1774655229,160,,Aggregated,8.100000,0.000000,230,290,320,370,3700,5000,5100,5100,5100,5100,5100,257,0,230.0,745.1094659454151,2.6755790022434667,5084.262295997178,4.089494163424124
1774655230,165,,Aggregated,8.200000,0.000000,220,290,320,370,4700,5000,5100,5100,5100,5100,5100,292,0,220.0,835.6805767293549,2.3392030016111676,5084.262295997178,7.065068493150685
1774655231,170,,Aggregated,9.000000,0.000000,220,290,320,380,5000,5000,5100,5100,5100,5100,5100,330,0,220.0,878.0620395030181,2.3392030016111676,5084.262295997178,9.663636363636364
1774655232,175,,Aggregated,10.800000,0.000000,210,270,320,470,5000,5000,5000,5100,5100,5100,5100,369,0,210.0,910.4936114416903,2.191519997722935,5084.262295997178,11.796747967479675
1774655233,180,,Aggregated,13.800000,0.000000,200,270,310,370,5000,5000,5000,5100,5100,5100,5100,417,0,200.0,905.751786738571,2.191519997722935,5084.262295997178,14.232613908872901
1774655234,185,,Aggregated,17.200000,0.000000,190,270,310,370,5000,5000,5000,5100,5100,5100,5100,451,0,190.0,919.5068111795435,2.191519997722935,5084.262295997178,15.221729490022174
1774655235,190,,Aggregated,19.800000,0.000000,180,250,310,370,5000,5000,5000,5100,5100,5100,5100,490,0,180.0,869.1182587693346,2.191519997722935,5084.262295997178,16.187755102040818
1774655236,195,,Aggregated,23.400000,0.000000,180,250,300,360,5000,5000,5000,5100,5100,5100,5100,523,0,180.0,857.4655369559999,2.191519997722935,5084.262295997178,16.78776290630975
1774655237,200,,Aggregated,25.400000,0.000000,150,240,300,340,5000,5000,5000,5100,5100,5100,5100,569,0,150.0,859.3220427486721,2.191519997722935,5084.262295997178,17.799648506151144
1774655238,200,,Aggregated,27.600000,0.000000,96,240,300,330,5000,5000,5000,5100,5100,5100,5100,620,0,96,863.6013173435317,2.191519997722935,5084.262295997178,18.887096774193548
1774655239,200,,Aggregated,30.500000,0.000000,110,240,300,370,5000,5000,5000,5100,5100,5100,5100,656,0,100.0,947.3880742698334,2.191519997722935,5084.262295997178,19.429878048780488
1774655240,200,,Aggregated,34.400000,0.000000,85,230,300,370,5000,5000,5000,5000,5100,5100,5100,703,0,85,922.2732876970134,2.191519997722935,5084.262295997178,19.877667140825036
1774655241,200,,Aggregated,38.000000,0.000000,70,230,290,360,5000,5000,5000,5000,5100,5100,5100,737,0,70,908.7145072931163,2.191519997722935,5084.262295997178,20.265943012211668
1774655242,200,,Aggregated,38.700000,0.000000,60,220,290,330,5000,5000,5000,5000,5100,5100,5100,785,0,60,885.8173627554382,2.191519997722935,5084.262295997178,20.58343949044586
1774655243,200,,Aggregated,40.200000,0.000000,55,220,280,320,5000,5000,5000,5000,5100,5100,5100,823,0,55,871.1068922515295,2.191519997722935,5084.262295997178,21.03280680437424
1774655244,200,,Aggregated,39.700000,0.000000,49,220,280,360,5000,5000,5000,5000,5100,5100,5100,868,0,48,912.0483258548333,2.191519997722935,5084.262295997178,21.650921658986174
1774655246,200,,Aggregated,40.600000,0.000000,43,220,280,360,5000,5000,5000,5000,5100,5100,5100,918,0,43,923.8589099716522,2.191519997722935,5084.262295997178,22.035947712418302
1774655247,200,,Aggregated,40.800000,0.000000,39,220,280,340,5000,5000,5000,5000,5100,5100,5100,968,0,38,918.9892706848857,2.191519997722935,5084.262295997178,22.051652892561982
1774655248,200,,Aggregated,40.800000,0.000000,37,220,280,360,5000,5000,5000,5000,5100,5100,5100,1009,0,37,929.5670601872764,2.191519997722935,5084.262295997178,22.38453914767096
1774655249,200,,Aggregated,42.800000,0.000000,34,210,270,320,5000,5000,5000,5000,5100,5100,5100,1052,0,34,901.0852799695633,2.191519997722935,5084.262295997178,22.517110266159698
1774655250,200,,Aggregated,43.800000,0.000000,32,210,270,320,5000,5000,5000,5000,5100,5100,5100,1090,0,32,890.9954377440238,2.191519997722935,5084.262295997178,22.577064220183487
1774655251,200,,Aggregated,43.800000,0.000000,31,210,270,320,5000,5000,5000,5000,5100,5100,5100,1131,0,31,899.2968050459698,2.191519997722935,5084.262295997178,22.821396993810787
1774655252,200,,Aggregated,43.300000,0.000000,31,210,270,320,5000,5000,5000,5000,5100,5100,5100,1186,0,31,902.5550238794124,2.191519997722935,5084.262295997178,23.19814502529511
1774655253,200,,Aggregated,43.300000,0.000000,31,210,270,330,5000,5000,5000,5000,5100,5100,5100,1233,0,31,916.7147448621135,2.191519997722935,5084.262295997178,23.445255474452555
1774655254,200,,Aggregated,44.800000,0.000000,29,210,270,320,5000,5000,5000,5000,5100,5100,5100,1282,0,29,910.5141992012416,2.191519997722935,5084.262295997178,23.721528861154447
1774655255,200,,Aggregated,44.800000,0.000000,29,210,270,330,5000,5000,5000,5000,5100,5100,5100,1333,0,29,916.3867401072683,2.191519997722935,5084.262295997178,23.85821455363841
1774655256,200,,Aggregated,44.800000,0.000000,29,200,270,320,5000,5000,5000,5000,5100,5100,5100,1366,0,29,906.2329666998492,2.191519997722935,5084.262295997178,23.98389458272328
1774655257,200,,Aggregated,45.600000,0.000000,28,200,270,320,5000,5000,5000,5000,5100,5100,5100,1406,0,27,892.8082997603082,2.191519997722935,5084.262295997178,24.08534850640114
1774655258,200,,Aggregated,44.800000,0.000000,27,200,260,320,5000,5000,5000,5000,5100,5100,5100,1448,0,26,891.8868637734796,2.191519997722935,5084.262295997178,24.293508287292816
1774655259,200,,Aggregated,43.900000,0.000000,26,200,260,320,5000,5000,5000,5000,5100,5100,5100,1492,0,26,896.1423632292285,2.191519997722935,5084.262295997178,24.45911528150134
1774655260,200,,Aggregated,43.700000,0.000000,25,200,260,320,5000,5000,5000,5000,5100,5100,5100,1535,0,25,894.9145059166198,2.191519997722935,5089.361383001233,24.654071661237786
1774655261,200,,Aggregated,43.800000,0.000000,26,200,270,330,5000,5000,5000,5000,5100,5100,5100,1594,0,26,919.8976364190728,2.191519997722935,5098.547776000487,24.44792973651192
1774655262,200,,Aggregated,44.300000,0.000000,25,200,260,320,5000,5000,5000,5000,5100,5100,5100,1635,0,25,913.3356910379161,2.191519997722935,5098.547776000487,24.541284403669724
1774655263,200,,Aggregated,46.100000,0.000000,24,190,260,310,5000,5000,5000,5000,5100,5100,5100,1677,0,24,896.9602278747778,2.191519997722935,5098.547776000487,24.74597495527728
1774655264,200,,Aggregated,44.600000,0.000000,24,190,260,320,5000,5000,5000,5000,5100,5100,5100,1714,0,24,899.5564242497073,2.191519997722935,5098.547776000487,24.774795799299884
1774655265,200,,Aggregated,44.300000,0.000000,24,190,260,310,5000,5000,5000,5000,5100,5100,5100,1748,0,24,891.2287537002247,2.191519997722935,5098.547776000487,24.79633867276888
1774655266,200,,Aggregated,42.900000,0.000000,23,190,260,320,5000,5000,5000,5100,5100,5100,5100,1798,0,23,916.999650752505,2.191519997722935,5098.547776000487,25.128476084538377
1774655267,200,,Aggregated,41.400000,0.000000,24,190,260,320,5000,5000,5000,5000,5100,5100,5100,1843,0,24,914.7373300038018,2.191519997722935,5098.547776000487,25.16549104720564
1774655268,200,,Aggregated,42.600000,0.000000,23,190,250,320,5000,5000,5000,5000,5100,5100,5100,1889,0,23,908.2140288184379,2.191519997722935,5098.547776000487,25.20275277924828
1774655269,200,,Aggregated,43.400000,0.000000,23,190,250,320,5000,5000,5000,5000,5100,5100,5100,1935,0,23,913.1870695276538,2.191519997722935,5098.547776000487,25.32609819121447
1774655270,200,,Aggregated,43.900000,0.000000,22,180,250,310,5000,5000,5000,5000,5100,5100,5100,1981,0,22,900.2482678187807,2.191519997722935,5098.547776000487,25.47147905098435
1774655271,200,,Aggregated,44.300000,0.000000,22,180,250,310,5000,5000,5000,5000,5100,5100,5100,2028,0,22,893.0710219930914,2.191519997722935,5098.547776000487,25.52268244575937
1774655272,200,,Aggregated,44.600000,0.000000,22,180,250,310,5000,5000,5000,5000,5100,5100,5100,2085,0,22,900.5522938378845,2.191519997722935,5098.547776000487,25.642685851318944
1774655273,200,,Aggregated,43.300000,0.000000,21,180,250,310,5000,5000,5000,5000,5100,5100,5100,2120,0,21,895.7169144221632,2.191519997722935,5098.547776000487,25.67311320754717
1774655274,200,,Aggregated,44.900000,0.000000,21,180,250,310,5000,5000,5000,5000,5100,5100,5100,2171,0,21,893.1011493528305,2.191519997722935,5098.547776000487,25.76093965914325
1774655275,200,,Aggregated,44.000000,0.000000,21,180,250,310,5000,5000,5000,5000,5100,5100,5100,2206,0,21,890.370863209426,2.191519997722935,5098.547776000487,25.702175883952854
1774655276,200,,Aggregated,46.000000,0.000000,21,180,250,310,5000,5000,5000,5000,5100,5100,5100,2246,0,21,886.8809830071218,2.191519997722935,5098.547776000487,25.70525378450579
1774655277,200,,Aggregated,45.400000,0.000000,21,180,250,300,5000,5000,5000,5000,5100,5100,5100,2286,0,21,882.6627171579127,2.191519997722935,5098.547776000487,25.709536307961503
1774655278,200,,Aggregated,45.200000,0.000000,22,180,250,310,5000,5000,5000,5000,5100,5100,5100,2330,0,21,894.2310157467751,2.191519997722935,5098.547776000487,25.71115879828326
1774655279,200,,Aggregated,43.900000,0.000000,22,180,250,310,5000,5000,5000,5000,5100,5100,5100,2362,0,22,903.6296073810257,2.191519997722935,5098.547776000487,25.760372565622355
1774655280,200,,Aggregated,43.500000,0.000000,21,180,250,310,5000,5000,5000,5000,5100,5100,5100,2421,0,21,904.9228488901247,2.191519997722935,5098.547776000487,25.89838909541512
1774655281,200,,Aggregated,42.500000,0.000000,21,180,250,310,5000,5000,5000,5000,5100,5200,5200,2465,0,21,905.5881495833667,2.191519997722935,5221.305680999649,25.889249492900607
1774655282,200,,Aggregated,42.500000,0.000000,21,180,250,310,5000,5000,5000,5000,5100,5200,5200,2471,0,21,904.8763065054628,2.191519997722935,5221.305680999649,25.857142857142858
1774655283,200,,Aggregated,43.500000,0.000000,22,180,250,320,5000,5000,5000,5000,5100,5400,5400,2519,0,22,904.1293243672093,2.191519997722935,5351.296483000624,25.79158396188964
1774655284,200,,Aggregated,39.100000,0.000000,22,180,260,320,5000,5000,5000,5000,5100,5400,5400,2560,0,22,910.8224462582126,2.191519997722935,5351.296483000624,25.7578125
1774655285,200,,Aggregated,40.100000,0.000000,21,180,250,320,5000,5000,5000,5000,5100,5400,5400,2600,0,21,904.3864096250092,2.191519997722935,5351.296483000624,25.803461538461537
1774655286,200,,Aggregated,38.000000,0.000000,21,180,260,320,5000,5000,5000,5000,5100,5400,5400,2642,0,21,920.1068824209033,2.191519997722935,5351.296483000624,25.868281604844814
1774655287,200,,Aggregated,38.900000,0.000000,21,180,250,320,5000,5000,5000,5000,5400,5700,5700,2688,0,21,919.3076452157828,2.191519997722935,5700.470689997019,25.969494047619047
1774655288,200,,Aggregated,39.200000,0.000000,21,180,260,330,5000,5000,5000,5100,5700,5800,5800,2744,0,21,934.1709663021238,2.191519997722935,5772.105444000772,26.010932944606413
1774655289,200,,Aggregated,39.900000,0.000000,21,180,250,320,5000,5000,5000,5100,5700,5800,5800,2789,0,21,924.4221867085035,2.191519997722935,5772.105444000772,26.09537468626748
1774655290,200,,Aggregated,41.600000,0.000000,21,180,250,320,5000,5000,5000,5100,5700,5800,5800,2830,0,21,920.3964761777385,2.191519997722935,5772.105444000772,26.068551236749116
1774655291,200,,Aggregated,42.200000,0.000000,21,180,250,320,5000,5000,5000,5100,5700,5800,5800,2869,0,21,923.0882974698526,2.191519997722935,5772.105444000772,26.079121645172535
1774655292,200,,Aggregated,40.700000,0.000000,21,180,250,320,5000,5000,5000,5100,5700,5800,5800,2898,0,21,920.0726754223618,2.191519997722935,5772.105444000772,26.133885438233264
1774655293,200,,Aggregated,40.500000,0.000000,21,180,250,320,5000,5000,5000,5100,5700,5800,5800,2937,0,21,921.2931789611831,2.191519997722935,5772.105444000772,26.15423901940756
1774655294,200,,Aggregated,42.400000,0.000000,21,180,250,330,5000,5000,5000,5100,5700,5800,5800,2988,0,21,927.7812217074953,2.191519997722935,5772.105444000772,26.204149933065597
1774655295,200,,Aggregated,41.200000,0.000000,21,180,250,330,5000,5000,5000,5100,5700,5800,5800,3034,0,21,929.1727175688852,2.191519997722935,5772.105444000772,26.26664469347396
1774655296,200,,Aggregated,43.600000,0.000000,21,180,250,330,5000,5000,5000,5100,5700,5800,5800,3077,0,21,934.4567097471548,2.191519997722935,5772.105444000772,26.291192720181996
1774655297,200,,Aggregated,43.000000,0.000000,21,180,250,330,5000,5000,5000,5100,5700,5800,5800,3116,0,21,931.0600330333762,2.191519997722935,5772.105444000772,26.293324775353017
1774655298,200,,Aggregated,42.800000,0.000000,21,150,250,320,5000,5000,5000,5100,5700,5800,5800,3160,0,21,924.8378032028463,2.191519997722935,5772.105444000772,26.362974683544305
1774655299,200,,Aggregated,43.100000,0.000000,21,160,250,330,5000,5000,5000,5100,5700,5800,5800,3191,0,21,931.2854083719818,2.191519997722935,5772.105444000772,26.411156377311187
1774655300,200,,Aggregated,41.600000,0.000000,21,130,250,320,5000,5000,5000,5100,5700,5800,5800,3227,0,21,923.639178253794,2.191519997722935,5772.105444000772,26.399132321041215
1774655301,200,,Aggregated,40.200000,0.000000,21,120,250,330,5000,5000,5000,5100,5700,5800,5800,3283,0,21,927.9138142059039,2.191519997722935,5772.105444000772,26.537618032287543
1774655302,200,,Aggregated,39.900000,0.000000,21,120,250,340,5000,5000,5000,5100,5700,5800,5800,3328,0,21,936.1989422941698,2.191519997722935,5772.105444000772,26.494290865384617
1774655303,200,,Aggregated,40.400000,0.000000,21,110,250,330,5000,5000,5000,5100,5700,5800,5800,3367,0,21,932.1395334131239,2.191519997722935,5772.105444000772,26.46005346005346
1774655304,200,,Aggregated,42.100000,0.000000,21,120,250,330,5000,5000,5000,5100,5700,5800,5800,3406,0,21,933.5683272636475,2.191519997722935,5772.105444000772,26.384615384615383
1774655305,200,,Aggregated,43.300000,0.000000,21,120,250,330,5000,5000,5000,5100,5700,5800,5800,3437,0,21,932.2712421792185,2.191519997722935,5772.105444000772,26.381437299970905
1774655306,200,,Aggregated,41.600000,0.000000,21,120,250,340,5000,5000,5000,5100,5700,5800,5800,3465,0,21,932.8716232161544,2.191519997722935,5772.105444000772,26.356421356421357
1774655307,200,,Aggregated,40.900000,0.000000,21,150,260,360,5000,5000,5000,5100,5700,5800,5800,3496,0,21,944.3354192903203,2.191519997722935,5772.105444000772,26.33953089244851
1774655308,200,,Aggregated,39.600000,0.000000,21,170,260,370,5000,5000,5000,5000,5700,5800,5800,3535,0,21,950.0746367182339,2.191519997722935,5772.105444000772,26.356718528995756
1774655309,200,,Aggregated,38.000000,0.000000,21,150,260,370,5000,5000,5000,5000,5700,5800,5800,3559,0,21,950.7496328471344,2.191519997722935,5772.105444000772,26.439449283506605
1774655310,200,,Aggregated,37.000000,0.000000,21,170,260,740,5000,5000,5000,5100,5800,6000,6000,3722,0,21,967.6879092925736,2.191519997722935,5975.0436180002,25.55185384202042
1774655311,200,,Aggregated,36.900000,0.000000,23,190,280,2200,5000,5000,5000,5100,5800,6000,6000,3831,0,23,992.5354560997041,2.191519997722935,5975.0436180002,24.82484990864004
1774655312,200,,Aggregated,36.900000,0.000000,23,190,280,2200,5000,5000,5000,5100,5800,6000,6000,3838,0,23,991.9751112897268,2.191519997722935,5975.0436180002,24.779572694111515
1774655313,200,,Aggregated,49.800000,0.000000,24,210,300,1900,5000,5000,5000,5100,5800,6000,6000,3961,0,24,994.573895273663,2.191519997722935,5975.0436180002,24.13481444079778
1774655314,200,,Aggregated,49.800000,0.000000,24,210,300,1900,5000,5000,5000,5100,5800,6000,6000,3961,0,24,994.573895273663,2.191519997722935,5975.0436180002,24.13481444079778
1774655315,200,,Aggregated,49.800000,0.000000,24,210,300,1900,5000,5000,5000,5100,5800,6000,6000,3961,0,24,994.573895273663,2.191519997722935,5975.0436180002,24.13481444079778
1774655316,200,,Aggregated,49.800000,0.000000,24,210,300,1900,5000,5000,5000,5100,5800,6000,6000,3961,0,24,994.573895273663,2.191519997722935,5975.0436180002,24.13481444079778
1774655317,200,,Aggregated,49.800000,0.000000,24,210,300,1900,5000,5000,5000,5100,5800,6000,6000,3961,0,24,994.573895273663,2.191519997722935,5975.0436180002,24.13481444079778
1774655318,200,,Aggregated,49.800000,0.000000,24,210,300,1900,5000,5000,5000,5100,5800,6000,6000,3961,0,24,994.573895273663,2.191519997722935,5975.0436180002,24.13481444079778
1774655319,200,,Aggregated,49.800000,0.000000,24,210,300,1900,5000,5000,5000,5100,5800,6000,6000,3961,0,24,994.573895273663,2.191519997722935,5975.0436180002,24.13481444079778
1774655320,200,,Aggregated,49.800000,0.000000,24,210,300,1900,5000,5000,5000,5100,5800,6000,6000,3961,0,24,994.573895273663,2.191519997722935,5975.0436180002,24.13481444079778
1774655321,200,,Aggregated,49.800000,0.000000,24,210,300,1900,5000,5000,5000,5100,5800,6000,6000,3961,0,24,994.573895273663,2.191519997722935,5975.0436180002,24.13481444079778
1774655322,200,,Aggregated,49.800000,0.000000,24,210,300,1900,5000,5000,5000,5100,5800,6000,6000,3961,0,24,994.573895273663,2.191519997722935,5975.0436180002,24.13481444079778
1774655323,200,,Aggregated,49.800000,0.000000,24,210,300,1900,5000,5000,5000,5100,5800,6000,6000,3961,0,24,994.573895273663,2.191519997722935,5975.0436180002,24.13481444079778
1774655324,200,,Aggregated,49.800000,0.000000,24,210,300,1900,5000,5000,5000,5100,5800,6000,6000,3961,0,24,994.573895273663,2.191519997722935,5975.0436180002,24.13481444079778
1774655325,200,,Aggregated,49.800000,0.000000,24,210,300,1900,5000,5000,5000,5100,5800,6000,6000,3961,0,24,994.573895273663,2.191519997722935,5975.0436180002,24.13481444079778
1774655326,200,,Aggregated,49.800000,0.000000,24,210,300,1900,5000,5000,5000,5100,5800,6000,6000,3961,0,24,994.573895273663,2.191519997722935,5975.0436180002,24.13481444079778
1774655327,200,,Aggregated,49.800000,0.000000,24,210,300,1900,5000,5000,5000,5100,5800,6000,6000,3961,0,24,994.573895273663,2.191519997722935,5975.0436180002,24.13481444079778
1774655328,200,,Aggregated,49.800000,0.000000,24,210,300,1900,5000,5000,5000,5100,5800,6000,6000,3961,0,24,994.573895273663,2.191519997722935,5975.0436180002,24.13481444079778
1774655329,200,,Aggregated,49.800000,0.000000,24,210,300,1900,5000,5000,5000,5100,5800,6000,6000,3961,0,24,994.573895273663,2.191519997722935,5975.0436180002,24.13481444079778
1774655330,200,,Aggregated,49.800000,0.000000,24,210,300,1900,5000,5000,5000,5100,5800,6000,6000,3961,0,24,994.573895273663,2.191519997722935,5975.0436180002,24.13481444079778
1774655331,200,,Aggregated,49.800000,0.000000,24,210,300,1900,5000,5000,5000,5100,5800,6000,6000,3961,0,24,994.573895273663,2.191519997722935,5975.0436180002,24.13481444079778
1774655332,200,,Aggregated,49.800000,0.000000,24,210,300,1900,5000,5000,5000,5100,5800,6000,6000,3961,0,24,994.573895273663,2.191519997722935,5975.0436180002,24.13481444079778
1774655333,200,,Aggregated,49.800000,0.000000,24,210,300,1900,5000,5000,5000,5100,5800,6000,6000,3961,0,24,994.573895273663,2.191519997722935,5975.0436180002,24.13481444079778
1774655334,200,,Aggregated,49.800000,0.000000,24,210,300,1900,5000,5000,5000,5100,5800,6000,6000,3961,0,24,994.573895273663,2.191519997722935,5975.0436180002,24.13481444079778
1774655335,200,,Aggregated,49.800000,0.000000,24,210,300,1900,5000,5000,5000,5100,5800,6000,6000,3961,0,24,994.573895273663,2.191519997722935,5975.0436180002,24.13481444079778
1774655336,200,,Aggregated,49.800000,0.000000,24,210,300,1900,5000,5000,5000,5100,5800,6000,6000,3961,0,24,994.573895273663,2.191519997722935,5975.0436180002,24.13481444079778
1774655337,200,,Aggregated,49.800000,0.000000,24,210,300,1900,5000,5000,5000,5100,5800,6000,6000,3961,0,24,994.573895273663,2.191519997722935,5975.0436180002,24.13481444079778
1774655338,200,,Aggregated,49.800000,0.000000,24,210,300,1900,5000,5000,5000,5100,5800,6000,6000,3961,0,24,994.573895273663,2.191519997722935,5975.0436180002,24.13481444079778
1774655339,200,,Aggregated,49.800000,0.000000,24,210,300,1900,5000,5000,5000,5100,5800,6000,6000,3961,0,24,994.573895273663,2.191519997722935,5975.0436180002,24.13481444079778
1774655340,200,,Aggregated,49.800000,0.000000,24,210,300,1900,5000,5000,5000,5100,5800,6000,6000,3961,0,24,994.573895273663,2.191519997722935,5975.0436180002,24.13481444079778
1774655341,200,,Aggregated,49.800000,0.000000,24,210,300,1900,5000,5000,5000,5100,5800,6000,6000,3961,0,24,994.573895273663,2.191519997722935,5975.0436180002,24.13481444079778
1774655342,200,,Aggregated,49.800000,0.000000,24,210,300,1900,5000,5000,5000,5100,5800,6000,6000,3961,0,24,994.573895273663,2.191519997722935,5975.0436180002,24.13481444079778
1774655343,200,,Aggregated,49.800000,0.000000,24,210,300,1900,5000,5000,5000,5100,5800,6000,6000,3961,0,24,994.573895273663,2.191519997722935,5975.0436180002,24.13481444079778
1774655344,200,,Aggregated,49.800000,0.000000,24,210,300,1900,5000,5000,5000,5100,5800,6000,6000,3961,0,24,994.573895273663,2.191519997722935,5975.0436180002,24.13481444079778
1774655345,200,,Aggregated,49.800000,0.000000,24,210,300,1900,5000,5000,5000,5100,5800,6000,6000,3961,0,24,994.573895273663,2.191519997722935,5975.0436180002,24.13481444079778
1774655346,200,,Aggregated,49.800000,0.000000,24,210,300,1900,5000,5000,5000,5100,5800,6000,6000,3961,0,24,994.573895273663,2.191519997722935,5975.0436180002,24.13481444079778
1774655347,200,,Aggregated,49.800000,0.000000,24,210,300,1900,5000,5000,5000,5100,5800,6000,6000,3961,0,24,994.573895273663,2.191519997722935,5975.0436180002,24.13481444079778
1774655348,200,,Aggregated,49.800000,0.000000,24,210,300,1900,5000,5000,5000,5100,5800,6000,6000,3961,0,24,994.573895273663,2.191519997722935,5975.0436180002,24.13481444079778
1774655349,200,,Aggregated,49.800000,0.000000,24,210,300,1900,5000,5000,5000,5100,5800,6000,6000,3961,0,24,994.573895273663,2.191519997722935,5975.0436180002,24.13481444079778
1774655350,200,,Aggregated,49.800000,0.000000,24,210,300,1900,5000,5000,5000,5100,5800,6000,6000,3961,0,24,994.573895273663,2.191519997722935,5975.0436180002,24.13481444079778
1774655351,200,,Aggregated,49.800000,0.000000,24,210,300,1900,5000,5000,5000,5100,5800,6000,6000,3961,0,24,994.573895273663,2.191519997722935,5975.0436180002,24.13481444079778
1774655352,200,,Aggregated,49.800000,0.000000,24,210,300,1900,5000,5000,5000,5100,5800,6000,6000,3961,0,24,994.573895273663,2.191519997722935,5975.0436180002,24.13481444079778
1774655353,200,,Aggregated,49.800000,0.000000,24,210,300,1900,5000,5000,5000,5100,5800,6000,6000,3961,0,24,994.573895273663,2.191519997722935,5975.0436180002,24.13481444079778
1774655354,200,,Aggregated,49.800000,0.000000,24,210,300,1900,5000,5000,5000,5100,5800,6000,6000,3961,0,24,994.573895273663,2.191519997722935,5975.0436180002,24.13481444079778
1774655355,200,,Aggregated,49.800000,0.000000,24,210,300,1900,5000,5000,5000,5100,5800,6000,6000,3961,0,24,994.573895273663,2.191519997722935,5975.0436180002,24.13481444079778
1774655356,200,,Aggregated,49.800000,0.000000,24,210,300,1900,5000,5000,5000,5100,5800,6000,6000,3961,0,24,994.573895273663,2.191519997722935,5975.0436180002,24.13481444079778
1774655357,200,,Aggregated,49.800000,0.000000,24,210,300,1900,5000,5000,5000,5100,5800,6000,6000,3961,0,24,994.573895273663,2.191519997722935,5975.0436180002,24.13481444079778
1774655358,200,,Aggregated,49.800000,0.000000,24,210,300,1900,5000,5000,5000,5100,5800,6000,6000,3961,0,24,994.573895273663,2.191519997722935,5975.0436180002,24.13481444079778
1774655359,200,,Aggregated,49.800000,0.000000,24,210,300,1900,5000,5000,5000,5100,5800,6000,6000,3961,0,24,994.573895273663,2.191519997722935,5975.0436180002,24.13481444079778
1774655360,200,,Aggregated,49.800000,0.000000,24,210,300,1900,5000,5000,5000,5100,5800,6000,6000,3961,0,24,994.573895273663,2.191519997722935,5975.0436180002,24.13481444079778
1774655361,200,,Aggregated,49.800000,0.000000,24,210,300,1900,5000,5000,5000,5100,5800,6000,6000,3961,0,24,994.573895273663,2.191519997722935,5975.0436180002,24.13481444079778
1774655362,200,,Aggregated,49.800000,0.000000,24,210,300,1900,5000,5000,5000,5100,5800,6000,6000,3961,0,24,994.573895273663,2.191519997722935,5975.0436180002,24.13481444079778
1774655363,200,,Aggregated,49.800000,0.000000,24,210,300,1900,5000,5000,5000,5100,5800,6000,6000,3961,0,24,994.573895273663,2.191519997722935,5975.0436180002,24.13481444079778
1774655364,200,,Aggregated,49.800000,0.000000,24,210,300,1900,5000,5000,5000,5100,5800,6000,6000,3961,0,24,994.573895273663,2.191519997722935,5975.0436180002,24.13481444079778
1774655365,200,,Aggregated,49.800000,0.000000,24,210,300,1900,5000,5000,5000,5100,5800,6000,6000,3961,0,24,994.573895273663,2.191519997722935,5975.0436180002,24.13481444079778
1774655366,200,,Aggregated,49.800000,0.000000,24,210,300,1900,5000,5000,5000,5100,5800,6000,6000,3961,0,24,994.573895273663,2.191519997722935,5975.0436180002,24.13481444079778
1774655367,200,,Aggregated,49.800000,0.000000,24,210,300,1900,5000,5000,5000,5100,5800,6000,6000,3961,0,24,994.573895273663,2.191519997722935,5975.0436180002,24.13481444079778
1774655368,200,,Aggregated,49.800000,0.000000,24,210,300,1900,5000,5000,5000,5100,5800,6000,6000,3961,0,24,994.573895273663,2.191519997722935,5975.0436180002,24.13481444079778
1774655369,200,,Aggregated,49.800000,0.000000,24,210,300,1900,5000,5000,5000,5100,5800,6000,6000,3961,0,24,994.573895273663,2.191519997722935,5975.0436180002,24.13481444079778
1774655370,200,,Aggregated,49.800000,0.000000,24,210,300,1900,5000,5000,5000,5100,5800,6000,6000,3961,0,24,994.573895273663,2.191519997722935,5975.0436180002,24.13481444079778
1774655371,200,,Aggregated,49.800000,0.000000,24,210,300,1900,5000,5000,5000,5100,5800,6000,6000,3961,0,24,994.573895273663,2.191519997722935,5975.0436180002,24.13481444079778
1774655372,200,,Aggregated,49.800000,0.000000,24,210,300,1900,5000,5000,5000,5100,5800,6000,6000,3961,0,24,994.573895273663,2.191519997722935,5975.0436180002,24.13481444079778
1774655373,200,,Aggregated,49.800000,0.000000,24,210,300,1900,5000,5000,5000,5100,5800,6000,6000,3961,0,24,994.573895273663,2.191519997722935,5975.0436180002,24.13481444079778
1774655374,200,,Aggregated,49.800000,0.000000,24,210,300,1900,5000,5000,5000,5100,5800,6000,6000,3961,0,24,994.573895273663,2.191519997722935,5975.0436180002,24.13481444079778
1774655375,200,,Aggregated,49.800000,0.000000,24,210,300,1900,5000,5000,5000,5100,5800,6000,6000,3961,0,24,994.573895273663,2.191519997722935,5975.0436180002,24.13481444079778
1774655376,200,,Aggregated,49.800000,0.000000,24,210,300,1900,5000,5000,5000,5100,5800,6000,6000,3961,0,24,994.573895273663,2.191519997722935,5975.0436180002,24.13481444079778
1774655377,200,,Aggregated,49.800000,0.000000,24,210,300,1900,5000,5000,5000,5100,5800,6000,6000,3961,0,24,994.573895273663,2.191519997722935,5975.0436180002,24.13481444079778
1774655378,200,,Aggregated,49.800000,0.000000,24,210,300,1900,5000,5000,5000,5100,5800,6000,6000,3961,0,24,994.573895273663,2.191519997722935,5975.0436180002,24.13481444079778
1774655379,200,,Aggregated,49.800000,0.000000,24,210,300,1900,5000,5000,5000,5100,5800,6000,6000,3961,0,24,994.573895273663,2.191519997722935,5975.0436180002,24.13481444079778
1774655380,200,,Aggregated,49.800000,0.000000,24,210,300,1900,5000,5000,5000,5100,5800,6000,6000,3961,0,24,994.573895273663,2.191519997722935,5975.0436180002,24.13481444079778
1774655381,200,,Aggregated,49.800000,0.000000,24,210,300,1900,5000,5000,5000,5100,5800,6000,6000,3961,0,24,994.573895273663,2.191519997722935,5975.0436180002,24.13481444079778
1774655382,200,,Aggregated,49.800000,0.000000,24,210,300,1900,5000,5000,5000,5100,5800,6000,6000,3961,0,24,994.573895273663,2.191519997722935,5975.0436180002,24.13481444079778
1774655383,200,,Aggregated,49.800000,0.000000,24,210,300,1900,5000,5000,5000,5100,5800,6000,6000,3961,0,24,994.573895273663,2.191519997722935,5975.0436180002,24.13481444079778
1774655384,200,,Aggregated,49.800000,0.000000,24,210,300,1900,5000,5000,5000,5100,5800,6000,6000,3961,0,24,994.573895273663,2.191519997722935,5975.0436180002,24.13481444079778
1774655385,200,,Aggregated,49.800000,0.000000,24,210,300,1900,5000,5000,5000,5100,5800,6000,6000,3961,0,24,994.573895273663,2.191519997722935,5975.0436180002,24.13481444079778
1774655386,200,,Aggregated,49.800000,0.000000,24,210,300,1900,5000,5000,5000,5100,5800,6000,6000,3961,0,24,994.573895273663,2.191519997722935,5975.0436180002,24.13481444079778
1774655387,200,,Aggregated,49.800000,0.000000,24,210,300,1900,5000,5000,5000,5100,5800,6000,6000,3961,0,24,994.573895273663,2.191519997722935,5975.0436180002,24.13481444079778
1774655388,200,,Aggregated,49.800000,0.000000,24,210,300,1900,5000,5000,5000,5100,5800,6000,6000,3961,0,24,994.573895273663,2.191519997722935,5975.0436180002,24.13481444079778
1774655389,200,,Aggregated,49.800000,0.000000,24,210,300,1900,5000,5000,5000,5100,5800,6000,6000,3961,0,24,994.573895273663,2.191519997722935,5975.0436180002,24.13481444079778
1774655390,200,,Aggregated,49.800000,0.000000,24,210,300,1900,5000,5000,5000,5100,5800,6000,6000,3961,0,24,994.573895273663,2.191519997722935,5975.0436180002,24.13481444079778
1774655391,200,,Aggregated,49.800000,0.000000,24,210,300,1900,5000,5000,5000,5100,5800,6000,6000,3961,0,24,994.573895273663,2.191519997722935,5975.0436180002,24.13481444079778
1774655392,200,,Aggregated,49.800000,0.000000,24,210,300,1900,5000,5000,5000,5100,5800,6000,6000,3961,0,24,994.573895273663,2.191519997722935,5975.0436180002,24.13481444079778
1774655393,200,,Aggregated,49.800000,0.000000,24,210,300,1900,5000,5000,5000,5100,5800,6000,6000,3961,0,24,994.573895273663,2.191519997722935,5975.0436180002,24.13481444079778
1774655394,200,,Aggregated,49.800000,0.000000,24,210,300,1900,5000,5000,5000,5100,5800,6000,6000,3961,0,24,994.573895273663,2.191519997722935,5975.0436180002,24.13481444079778
1774655395,200,,Aggregated,49.800000,0.000000,24,210,300,1900,5000,5000,5000,5100,5800,6000,6000,3961,0,24,994.573895273663,2.191519997722935,5975.0436180002,24.13481444079778
1774655396,200,,Aggregated,49.800000,0.000000,24,210,300,1900,5000,5000,5000,5100,5800,6000,6000,3961,0,24,994.573895273663,2.191519997722935,5975.0436180002,24.13481444079778
1774655397,200,,Aggregated,49.800000,0.000000,24,210,300,1900,5000,5000,5000,5100,5800,6000,6000,3961,0,24,994.573895273663,2.191519997722935,5975.0436180002,24.13481444079778
1774655398,200,,Aggregated,49.800000,0.000000,24,210,300,1900,5000,5000,5000,5100,5800,6000,6000,3961,0,24,994.573895273663,2.191519997722935,5975.0436180002,24.13481444079778
1774655399,200,,Aggregated,49.800000,0.000000,24,210,300,1900,5000,5000,5000,5100,5800,6000,6000,3961,0,24,994.573895273663,2.191519997722935,5975.0436180002,24.13481444079778
1774655400,200,,Aggregated,49.800000,0.000000,24,210,300,1900,5000,5000,5000,5100,5800,6000,6000,3961,0,24,994.573895273663,2.191519997722935,5975.0436180002,24.13481444079778
1774655401,200,,Aggregated,49.800000,0.000000,24,210,300,1900,5000,5000,5000,5100,5800,6000,6000,3961,0,24,994.573895273663,2.191519997722935,5975.0436180002,24.13481444079778
1774655402,200,,Aggregated,49.800000,0.000000,24,210,300,1900,5000,5000,5000,5100,5800,6000,6000,3961,0,24,994.573895273663,2.191519997722935,5975.0436180002,24.13481444079778
1774655403,200,,Aggregated,49.800000,0.000000,24,210,300,1900,5000,5000,5000,5100,5800,6000,6000,3961,0,24,994.573895273663,2.191519997722935,5975.0436180002,24.13481444079778
1774655404,200,,Aggregated,49.800000,0.000000,24,210,300,1900,5000,5000,5000,5100,5800,6000,6000,3961,0,24,994.573895273663,2.191519997722935,5975.0436180002,24.13481444079778
1774655405,200,,Aggregated,49.800000,0.000000,24,210,300,1900,5000,5000,5000,5100,5800,6000,6000,3961,0,24,994.573895273663,2.191519997722935,5975.0436180002,24.13481444079778
1774655406,200,,Aggregated,49.800000,0.000000,24,210,300,1900,5000,5000,5000,5100,5800,6000,6000,3961,0,24,994.573895273663,2.191519997722935,5975.0436180002,24.13481444079778
1774655407,200,,Aggregated,49.800000,0.000000,24,210,300,1900,5000,5000,5000,5100,5800,6000,6000,3961,0,24,994.573895273663,2.191519997722935,5975.0436180002,24.13481444079778
1774655408,200,,Aggregated,49.800000,0.000000,24,210,300,1900,5000,5000,5000,5100,5800,6000,6000,3961,0,24,994.573895273663,2.191519997722935,5975.0436180002,24.13481444079778
1774655409,200,,Aggregated,49.800000,0.000000,24,210,300,1900,5000,5000,5000,5100,5800,6000,6000,3961,0,24,994.573895273663,2.191519997722935,5975.0436180002,24.13481444079778
1774655410,200,,Aggregated,49.800000,0.000000,24,210,300,1900,5000,5000,5000,5100,5800,6000,6000,3961,0,24,994.573895273663,2.191519997722935,5975.0436180002,24.13481444079778
1774655411,200,,Aggregated,49.800000,0.000000,24,210,300,1900,5000,5000,5000,5100,5800,6000,6000,3961,0,24,994.573895273663,2.191519997722935,5975.0436180002,24.13481444079778
1774655412,200,,Aggregated,49.800000,0.000000,24,210,300,1900,5000,5000,5000,5100,5800,6000,6000,3961,0,24,994.573895273663,2.191519997722935,5975.0436180002,24.13481444079778
1774655413,200,,Aggregated,49.800000,0.000000,24,210,300,1900,5000,5000,5000,5100,5800,6000,6000,3961,0,24,994.573895273663,2.191519997722935,5975.0436180002,24.13481444079778
1774655414,200,,Aggregated,49.800000,0.000000,24,210,300,1900,5000,5000,5000,5100,5800,6000,6000,3961,0,24,994.573895273663,2.191519997722935,5975.0436180002,24.13481444079778
1774655415,200,,Aggregated,49.800000,0.000000,24,210,300,1900,5000,5000,5000,5100,5800,6000,6000,3961,0,24,994.573895273663,2.191519997722935,5975.0436180002,24.13481444079778
1774655416,200,,Aggregated,49.800000,0.000000,24,210,300,1900,5000,5000,5000,5100,5800,6000,6000,3961,0,24,994.573895273663,2.191519997722935,5975.0436180002,24.13481444079778
1774655417,200,,Aggregated,49.800000,0.000000,24,210,300,1900,5000,5000,5000,5100,5800,6000,6000,3961,0,24,994.573895273663,2.191519997722935,5975.0436180002,24.13481444079778
1774655418,200,,Aggregated,49.800000,0.000000,24,210,300,1900,5000,5000,5000,5100,5800,6000,6000,3961,0,24,994.573895273663,2.191519997722935,5975.0436180002,24.13481444079778
1774655419,200,,Aggregated,49.800000,0.000000,24,210,300,1900,5000,5000,5000,5100,5800,6000,6000,3961,0,24,994.573895273663,2.191519997722935,5975.0436180002,24.13481444079778
1774655420,200,,Aggregated,49.800000,0.000000,24,210,300,1900,5000,5000,5000,5100,5800,6000,6000,3961,0,24,994.573895273663,2.191519997722935,5975.0436180002,24.13481444079778
1774655421,200,,Aggregated,49.800000,0.000000,24,210,300,1900,5000,5000,5000,5100,5800,6000,6000,3961,0,24,994.573895273663,2.191519997722935,5975.0436180002,24.13481444079778
1774655422,200,,Aggregated,49.800000,0.000000,24,210,300,1900,5000,5000,5000,5100,5800,6000,6000,3961,0,24,994.573895273663,2.191519997722935,5975.0436180002,24.13481444079778
1774655423,200,,Aggregated,49.800000,0.000000,24,210,300,1900,5000,5000,5000,5100,5800,6000,6000,3961,0,24,994.573895273663,2.191519997722935,5975.0436180002,24.13481444079778
1774655424,200,,Aggregated,49.800000,0.000000,24,210,300,1900,5000,5000,5000,5100,5800,6000,6000,3961,0,24,994.573895273663,2.191519997722935,5975.0436180002,24.13481444079778
1774655425,200,,Aggregated,49.800000,0.000000,24,210,300,1900,5000,5000,5000,5100,5800,6000,6000,3961,0,24,994.573895273663,2.191519997722935,5975.0436180002,24.13481444079778
1774655426,200,,Aggregated,49.800000,0.000000,24,210,300,1900,5000,5000,5000,5100,5800,6000,6000,3961,0,24,994.573895273663,2.191519997722935,5975.0436180002,24.13481444079778
1774655427,200,,Aggregated,49.800000,0.000000,24,210,300,1900,5000,5000,5000,5100,5800,6000,6000,3961,0,24,994.573895273663,2.191519997722935,5975.0436180002,24.13481444079778
1774655428,200,,Aggregated,49.800000,0.000000,24,210,300,1900,5000,5000,5000,5100,5800,6000,6000,3961,0,24,994.573895273663,2.191519997722935,5975.0436180002,24.13481444079778
1774655429,200,,Aggregated,49.800000,0.000000,24,210,300,1900,5000,5000,5000,5100,5800,6000,6000,3961,0,24,994.573895273663,2.191519997722935,5975.0436180002,24.13481444079778
1774655430,200,,Aggregated,49.800000,0.000000,24,210,300,1900,5000,5000,5000,5100,5800,6000,6000,3961,0,24,994.573895273663,2.191519997722935,5975.0436180002,24.13481444079778
1774655431,200,,Aggregated,49.800000,0.000000,24,210,300,1900,5000,5000,5000,5100,5800,6000,6000,3961,0,24,994.573895273663,2.191519997722935,5975.0436180002,24.13481444079778
1774655432,200,,Aggregated,49.800000,0.000000,24,210,300,1900,5000,5000,5000,5100,5800,6000,6000,3961,0,24,994.573895273663,2.191519997722935,5975.0436180002,24.13481444079778
1774655433,200,,Aggregated,49.800000,0.000000,24,210,300,1900,5000,5000,5000,5100,5800,6000,6000,3961,0,24,994.573895273663,2.191519997722935,5975.0436180002,24.13481444079778
1774655434,200,,Aggregated,49.800000,0.000000,24,210,300,1900,5000,5000,5000,5100,5800,6000,6000,3961,0,24,994.573895273663,2.191519997722935,5975.0436180002,24.13481444079778
1774655435,200,,Aggregated,49.800000,0.000000,24,210,300,1900,5000,5000,5000,5100,5800,6000,6000,3961,0,24,994.573895273663,2.191519997722935,5975.0436180002,24.13481444079778
1774655436,200,,Aggregated,49.800000,0.000000,24,210,300,1900,5000,5000,5000,5100,5800,6000,6000,3961,0,24,994.573895273663,2.191519997722935,5975.0436180002,24.13481444079778
1774655438,200,,Aggregated,49.800000,0.000000,24,210,300,1900,5000,5000,5000,5100,5800,6000,6000,3961,0,24,994.573895273663,2.191519997722935,5975.0436180002,24.13481444079778
1774655439,200,,Aggregated,49.800000,0.000000,24,210,300,1900,5000,5000,5000,5100,5800,6000,6000,3961,0,24,994.573895273663,2.191519997722935,5975.0436180002,24.13481444079778
1774655440,200,,Aggregated,49.800000,0.000000,24,210,300,1900,5000,5000,5000,5100,5800,6000,6000,3961,0,24,994.573895273663,2.191519997722935,5975.0436180002,24.13481444079778
1774655441,200,,Aggregated,49.800000,0.000000,24,210,300,1900,5000,5000,5000,5100,5800,6000,6000,3961,0,24,994.573895273663,2.191519997722935,5975.0436180002,24.13481444079778
1774655442,200,,Aggregated,49.800000,0.000000,24,210,300,1900,5000,5000,5000,5100,5800,6000,6000,3961,0,24,994.573895273663,2.191519997722935,5975.0436180002,24.13481444079778
1774655443,200,,Aggregated,49.800000,0.000000,24,210,300,1900,5000,5000,5000,5100,5800,6000,6000,3961,0,24,994.573895273663,2.191519997722935,5975.0436180002,24.13481444079778
1774655444,200,,Aggregated,49.800000,0.000000,24,210,300,1900,5000,5000,5000,5100,5800,6000,6000,3961,0,24,994.573895273663,2.191519997722935,5975.0436180002,24.13481444079778
1774655445,200,,Aggregated,49.800000,0.000000,24,210,300,1900,5000,5000,5000,5100,5800,6000,6000,3961,0,24,994.573895273663,2.191519997722935,5975.0436180002,24.13481444079778
1774655446,200,,Aggregated,49.800000,0.000000,24,210,300,1900,5000,5000,5000,5100,5800,6000,6000,3961,0,24,994.573895273663,2.191519997722935,5975.0436180002,24.13481444079778
1774655447,200,,Aggregated,49.800000,0.000000,24,210,300,1900,5000,5000,5000,5100,5800,6000,6000,3961,0,24,994.573895273663,2.191519997722935,5975.0436180002,24.13481444079778
1774655448,200,,Aggregated,49.800000,0.000000,24,210,300,1900,5000,5000,5000,5100,5800,6000,6000,3961,0,24,994.573895273663,2.191519997722935,5975.0436180002,24.13481444079778
1774655449,200,,Aggregated,49.800000,0.000000,24,210,300,1900,5000,5000,5000,5100,5800,6000,6000,3961,0,24,994.573895273663,2.191519997722935,5975.0436180002,24.13481444079778
1774655450,200,,Aggregated,49.800000,0.000000,24,210,300,1900,5000,5000,5000,5100,5800,6000,6000,3961,0,24,994.573895273663,2.191519997722935,5975.0436180002,24.13481444079778
1774655451,200,,Aggregated,49.800000,0.000000,24,210,300,1900,5000,5000,5000,5100,5800,6000,6000,3961,0,24,994.573895273663,2.191519997722935,5975.0436180002,24.13481444079778
1774655452,200,,Aggregated,49.800000,0.000000,24,210,300,1900,5000,5000,5000,5100,5800,6000,6000,3961,0,24,994.573895273663,2.191519997722935,5975.0436180002,24.13481444079778
1774655453,200,,Aggregated,49.800000,0.000000,24,210,300,1900,5000,5000,5000,5100,5800,6000,6000,3961,0,24,994.573895273663,2.191519997722935,5975.0436180002,24.13481444079778
1774655454,200,,Aggregated,49.800000,0.000000,24,210,300,1900,5000,5000,5000,5100,5800,6000,6000,3961,0,24,994.573895273663,2.191519997722935,5975.0436180002,24.13481444079778
1774655455,200,,Aggregated,49.800000,0.000000,24,210,300,1900,5000,5000,5000,5100,5800,6000,6000,3961,0,24,994.573895273663,2.191519997722935,5975.0436180002,24.13481444079778
1774655456,200,,Aggregated,49.800000,0.000000,24,210,300,1900,5000,5000,5000,5100,5800,6000,6000,3961,0,24,994.573895273663,2.191519997722935,5975.0436180002,24.13481444079778
1774655457,200,,Aggregated,49.800000,0.000000,24,210,300,1900,5000,5000,5000,5100,5800,6000,6000,3961,0,24,994.573895273663,2.191519997722935,5975.0436180002,24.13481444079778
1774655458,200,,Aggregated,49.800000,0.000000,24,210,300,1900,5000,5000,5000,5100,5800,6000,6000,3961,0,24,994.573895273663,2.191519997722935,5975.0436180002,24.13481444079778
1774655459,200,,Aggregated,49.800000,0.000000,24,210,300,1900,5000,5000,5000,5100,5800,6000,6000,3961,0,24,994.573895273663,2.191519997722935,5975.0436180002,24.13481444079778
1774655460,200,,Aggregated,49.800000,0.000000,24,210,300,1900,5000,5000,5000,5100,5800,6000,6000,3961,0,24,994.573895273663,2.191519997722935,5975.0436180002,24.13481444079778
1774655461,200,,Aggregated,49.800000,0.000000,24,210,300,1900,5000,5000,5000,5100,5800,6000,6000,3961,0,24,994.573895273663,2.191519997722935,5975.0436180002,24.13481444079778
1774655462,200,,Aggregated,49.800000,0.000000,24,210,300,1900,5000,5000,5000,5100,5800,6000,6000,3961,0,24,994.573895273663,2.191519997722935,5975.0436180002,24.13481444079778
1774655463,200,,Aggregated,49.800000,0.000000,24,210,300,1900,5000,5000,5000,5100,5800,6000,6000,3961,0,24,994.573895273663,2.191519997722935,5975.0436180002,24.13481444079778
1774655464,200,,Aggregated,49.800000,0.000000,24,210,300,1900,5000,5000,5000,5100,5800,6000,6000,3961,0,24,994.573895273663,2.191519997722935,5975.0436180002,24.13481444079778
1774655465,200,,Aggregated,49.800000,0.000000,24,210,300,1900,5000,5000,5000,5100,5800,6000,6000,3961,0,24,994.573895273663,2.191519997722935,5975.0436180002,24.13481444079778
1774655466,200,,Aggregated,49.800000,0.000000,24,210,300,1900,5000,5000,5000,5100,5800,6000,6000,3961,0,24,994.573895273663,2.191519997722935,5975.0436180002,24.13481444079778
1774655467,200,,Aggregated,49.800000,0.000000,24,210,300,1900,5000,5000,5000,5100,5800,6000,6000,3961,0,24,994.573895273663,2.191519997722935,5975.0436180002,24.13481444079778
1774655468,200,,Aggregated,49.800000,0.000000,24,210,300,1900,5000,5000,5000,5100,5800,6000,6000,3961,0,24,994.573895273663,2.191519997722935,5975.0436180002,24.13481444079778
1774655469,200,,Aggregated,49.800000,0.000000,24,210,300,1900,5000,5000,5000,5100,5800,6000,6000,3961,0,24,994.573895273663,2.191519997722935,5975.0436180002,24.13481444079778
1774655470,200,,Aggregated,49.800000,0.000000,24,210,300,1900,5000,5000,5000,5100,5800,6000,6000,3961,0,24,994.573895273663,2.191519997722935,5975.0436180002,24.13481444079778
1774655471,200,,Aggregated,49.800000,0.000000,24,210,300,1900,5000,5000,5000,5100,5800,6000,6000,3961,0,24,994.573895273663,2.191519997722935,5975.0436180002,24.13481444079778
1774655472,200,,Aggregated,49.800000,0.000000,24,210,300,1900,5000,5000,5000,5100,5800,6000,6000,3961,0,24,994.573895273663,2.191519997722935,5975.0436180002,24.13481444079778
1774655473,200,,Aggregated,49.800000,0.000000,24,210,300,1900,5000,5000,5000,5100,5800,6000,6000,3961,0,24,994.573895273663,2.191519997722935,5975.0436180002,24.13481444079778
1774655474,200,,Aggregated,49.800000,0.000000,24,210,300,1900,5000,5000,5000,5100,5800,6000,6000,3961,0,24,994.573895273663,2.191519997722935,5975.0436180002,24.13481444079778
1774655475,200,,Aggregated,49.800000,0.000000,24,210,300,1900,5000,5000,5000,5100,5800,6000,6000,3961,0,24,994.573895273663,2.191519997722935,5975.0436180002,24.13481444079778
1774655476,200,,Aggregated,49.800000,0.000000,24,210,300,1900,5000,5000,5000,5100,5800,6000,6000,3961,0,24,994.573895273663,2.191519997722935,5975.0436180002,24.13481444079778
1774655477,200,,Aggregated,49.800000,0.000000,24,210,300,1900,5000,5000,5000,5100,5800,6000,6000,3961,0,24,994.573895273663,2.191519997722935,5975.0436180002,24.13481444079778
1774655478,200,,Aggregated,49.800000,0.000000,24,210,300,1900,5000,5000,5000,5100,5800,6000,6000,3961,0,24,994.573895273663,2.191519997722935,5975.0436180002,24.13481444079778
1774655479,200,,Aggregated,49.800000,0.000000,24,210,300,1900,5000,5000,5000,5100,5800,6000,6000,3961,0,24,994.573895273663,2.191519997722935,5975.0436180002,24.13481444079778
1774655480,200,,Aggregated,49.800000,0.000000,24,210,300,1900,5000,5000,5000,5100,5800,6000,6000,3961,0,24,994.573895273663,2.191519997722935,5975.0436180002,24.13481444079778
1774655481,200,,Aggregated,49.800000,0.000000,24,210,300,1900,5000,5000,5000,5100,5800,6000,6000,3961,0,24,994.573895273663,2.191519997722935,5975.0436180002,24.13481444079778
1774655482,200,,Aggregated,49.800000,0.000000,24,210,300,1900,5000,5000,5000,5100,5800,6000,6000,3961,0,24,994.573895273663,2.191519997722935,5975.0436180002,24.13481444079778
1774655483,200,,Aggregated,49.800000,0.000000,24,210,300,1900,5000,5000,5000,5100,5800,6000,6000,3961,0,24,994.573895273663,2.191519997722935,5975.0436180002,24.13481444079778
1774655484,200,,Aggregated,49.800000,0.000000,24,210,300,1900,5000,5000,5000,5100,5800,6000,6000,3961,0,24,994.573895273663,2.191519997722935,5975.0436180002,24.13481444079778
1774655485,200,,Aggregated,49.800000,0.000000,24,210,300,1900,5000,5000,5000,5100,5800,6000,6000,3961,0,24,994.573895273663,2.191519997722935,5975.0436180002,24.13481444079778
1774655486,200,,Aggregated,49.800000,0.000000,24,210,300,1900,5000,5000,5000,5100,5800,6000,6000,3961,0,24,994.573895273663,2.191519997722935,5975.0436180002,24.13481444079778
1774655487,200,,Aggregated,49.800000,0.000000,24,210,300,1900,5000,5000,5000,5100,5800,6000,6000,3961,0,24,994.573895273663,2.191519997722935,5975.0436180002,24.13481444079778
1774655488,200,,Aggregated,49.800000,0.000000,24,210,300,1900,5000,5000,5000,5100,5800,6000,6000,3961,0,24,994.573895273663,2.191519997722935,5975.0436180002,24.13481444079778
1774655489,200,,Aggregated,49.800000,0.000000,24,210,300,1900,5000,5000,5000,5100,5800,6000,6000,3961,0,24,994.573895273663,2.191519997722935,5975.0436180002,24.13481444079778
1774655490,200,,Aggregated,49.800000,0.000000,24,210,300,1900,5000,5000,5000,5100,5800,6000,6000,3961,0,24,994.573895273663,2.191519997722935,5975.0436180002,24.13481444079778
1774655491,200,,Aggregated,49.800000,0.000000,24,210,300,1900,5000,5000,5000,5100,5800,6000,6000,3961,0,24,994.573895273663,2.191519997722935,5975.0436180002,24.13481444079778
1774655492,200,,Aggregated,49.800000,0.000000,24,210,300,1900,5000,5000,5000,5100,5800,6000,6000,3961,0,24,994.573895273663,2.191519997722935,5975.0436180002,24.13481444079778
1774655493,200,,Aggregated,49.800000,0.000000,24,210,300,1900,5000,5000,5000,5100,5800,6000,6000,3961,0,24,994.573895273663,2.191519997722935,5975.0436180002,24.13481444079778
1774655494,200,,Aggregated,49.800000,0.000000,24,210,300,1900,5000,5000,5000,5100,5800,6000,6000,3961,0,24,994.573895273663,2.191519997722935,5975.0436180002,24.13481444079778
1774655495,200,,Aggregated,49.800000,0.000000,24,210,300,1900,5000,5000,5000,5100,5800,6000,6000,3961,0,24,994.573895273663,2.191519997722935,5975.0436180002,24.13481444079778
1774655496,200,,Aggregated,49.800000,0.000000,24,210,300,1900,5000,5000,5000,5100,5800,6000,6000,3961,0,24,994.573895273663,2.191519997722935,5975.0436180002,24.13481444079778
1774655497,200,,Aggregated,49.800000,0.000000,24,210,300,1900,5000,5000,5000,5100,5800,6000,6000,3961,0,24,994.573895273663,2.191519997722935,5975.0436180002,24.13481444079778
1774655498,200,,Aggregated,49.800000,0.000000,24,210,300,1900,5000,5000,5000,5100,5800,6000,6000,3961,0,24,994.573895273663,2.191519997722935,5975.0436180002,24.13481444079778
1774655499,200,,Aggregated,49.800000,0.000000,24,210,300,1900,5000,5000,5000,5100,5800,6000,6000,3961,0,24,994.573895273663,2.191519997722935,5975.0436180002,24.13481444079778
1774655500,200,,Aggregated,49.800000,0.000000,24,210,300,1900,5000,5000,5000,5100,5800,6000,6000,3961,0,24,994.573895273663,2.191519997722935,5975.0436180002,24.13481444079778
1774655501,200,,Aggregated,49.800000,0.000000,24,210,300,1900,5000,5000,5000,5100,5800,6000,6000,3961,0,24,994.573895273663,2.191519997722935,5975.0436180002,24.13481444079778
1774655502,200,,Aggregated,49.800000,0.000000,24,210,300,1900,5000,5000,5000,5100,5800,6000,6000,3961,0,24,994.573895273663,2.191519997722935,5975.0436180002,24.13481444079778
1774655503,200,,Aggregated,49.800000,0.000000,24,210,300,1900,5000,5000,5000,5100,5800,6000,6000,3961,0,24,994.573895273663,2.191519997722935,5975.0436180002,24.13481444079778
1774655504,200,,Aggregated,49.800000,0.000000,24,210,300,1900,5000,5000,5000,5100,5800,6000,6000,3961,0,24,994.573895273663,2.191519997722935,5975.0436180002,24.13481444079778
1774655505,200,,Aggregated,49.800000,0.000000,24,210,300,1900,5000,5000,5000,5100,5800,6000,6000,3961,0,24,994.573895273663,2.191519997722935,5975.0436180002,24.13481444079778
1774655506,200,,Aggregated,49.800000,0.000000,24,210,300,1900,5000,5000,5000,5100,5800,6000,6000,3961,0,24,994.573895273663,2.191519997722935,5975.0436180002,24.13481444079778
1774655507,200,,Aggregated,49.800000,0.000000,24,210,300,1900,5000,5000,5000,5100,5800,6000,6000,3961,0,24,994.573895273663,2.191519997722935,5975.0436180002,24.13481444079778
1774655508,200,,Aggregated,49.800000,0.000000,24,210,300,1900,5000,5000,5000,5100,5800,6000,6000,3961,0,24,994.573895273663,2.191519997722935,5975.0436180002,24.13481444079778
1774655509,200,,Aggregated,49.800000,0.000000,24,210,300,1900,5000,5000,5000,5100,5800,6000,6000,3961,0,24,994.573895273663,2.191519997722935,5975.0436180002,24.13481444079778
1774655510,200,,Aggregated,49.800000,0.000000,24,210,300,1900,5000,5000,5000,5100,5800,6000,6000,3961,0,24,994.573895273663,2.191519997722935,5975.0436180002,24.13481444079778
1774655511,200,,Aggregated,49.800000,0.000000,24,210,300,1900,5000,5000,5000,5100,5800,6000,6000,3961,0,24,994.573895273663,2.191519997722935,5975.0436180002,24.13481444079778
1774655512,200,,Aggregated,49.800000,0.000000,24,210,300,1900,5000,5000,5000,5100,5800,6000,6000,3961,0,24,994.573895273663,2.191519997722935,5975.0436180002,24.13481444079778
1774655513,200,,Aggregated,49.800000,0.000000,24,210,300,1900,5000,5000,5000,5100,5800,6000,6000,3961,0,24,994.573895273663,2.191519997722935,5975.0436180002,24.13481444079778
1774655514,200,,Aggregated,49.800000,0.000000,24,210,300,1900,5000,5000,5000,5100,5800,6000,6000,3961,0,24,994.573895273663,2.191519997722935,5975.0436180002,24.13481444079778
1774655515,200,,Aggregated,49.800000,0.000000,24,210,300,1900,5000,5000,5000,5100,5800,6000,6000,3961,0,24,994.573895273663,2.191519997722935,5975.0436180002,24.13481444079778
1774655516,200,,Aggregated,49.800000,0.000000,24,210,300,1900,5000,5000,5000,5100,5800,6000,6000,3961,0,24,994.573895273663,2.191519997722935,5975.0436180002,24.13481444079778
1774655517,200,,Aggregated,49.800000,0.000000,24,210,300,1900,5000,5000,5000,5100,5800,6000,6000,3961,0,24,994.573895273663,2.191519997722935,5975.0436180002,24.13481444079778
1774655518,200,,Aggregated,49.800000,0.000000,24,210,300,1900,5000,5000,5000,5100,5800,6000,6000,3961,0,24,994.573895273663,2.191519997722935,5975.0436180002,24.13481444079778
1774655519,200,,Aggregated,49.800000,0.000000,24,210,300,1900,5000,5000,5000,5100,5800,6000,6000,3961,0,24,994.573895273663,2.191519997722935,5975.0436180002,24.13481444079778
1774655520,200,,Aggregated,49.800000,0.000000,24,210,300,1900,5000,5000,5000,5100,5800,6000,6000,3961,0,24,994.573895273663,2.191519997722935,5975.0436180002,24.13481444079778
1774655521,200,,Aggregated,49.800000,0.000000,24,210,300,1900,5000,5000,5000,5100,5800,6000,6000,3961,0,24,994.573895273663,2.191519997722935,5975.0436180002,24.13481444079778
1774655522,200,,Aggregated,49.800000,0.000000,24,210,300,1900,5000,5000,5000,5100,5800,6000,6000,3961,0,24,994.573895273663,2.191519997722935,5975.0436180002,24.13481444079778
1774655523,200,,Aggregated,49.800000,0.000000,24,210,300,1900,5000,5000,5000,5100,5800,6000,6000,3961,0,24,994.573895273663,2.191519997722935,5975.0436180002,24.13481444079778
1774655524,200,,Aggregated,49.800000,0.000000,24,210,300,1900,5000,5000,5000,5100,5800,6000,6000,3961,0,24,994.573895273663,2.191519997722935,5975.0436180002,24.13481444079778
1774655525,200,,Aggregated,49.800000,0.000000,24,210,300,1900,5000,5000,5000,5100,5800,6000,6000,3961,0,24,994.573895273663,2.191519997722935,5975.0436180002,24.13481444079778
1774655526,200,,Aggregated,49.800000,0.000000,24,210,300,1900,5000,5000,5000,5100,5800,6000,6000,3961,0,24,994.573895273663,2.191519997722935,5975.0436180002,24.13481444079778
1774655527,200,,Aggregated,49.800000,0.000000,24,210,300,1900,5000,5000,5000,5100,5800,6000,6000,3961,0,24,994.573895273663,2.191519997722935,5975.0436180002,24.13481444079778
1774655528,200,,Aggregated,49.800000,0.000000,24,210,300,1900,5000,5000,5000,5100,5800,6000,6000,3961,0,24,994.573895273663,2.191519997722935,5975.0436180002,24.13481444079778
1774655529,200,,Aggregated,49.800000,0.000000,24,210,300,1900,5000,5000,5000,5100,5800,6000,6000,3961,0,24,994.573895273663,2.191519997722935,5975.0436180002,24.13481444079778
1774655530,200,,Aggregated,49.800000,0.000000,24,210,300,1900,5000,5000,5000,5100,5800,6000,6000,3961,0,24,994.573895273663,2.191519997722935,5975.0436180002,24.13481444079778
1774655531,200,,Aggregated,49.800000,0.000000,24,210,300,1900,5000,5000,5000,5100,5800,6000,6000,3961,0,24,994.573895273663,2.191519997722935,5975.0436180002,24.13481444079778
1774655532,200,,Aggregated,49.800000,0.000000,24,210,300,1900,5000,5000,5000,5100,5800,6000,6000,3961,0,24,994.573895273663,2.191519997722935,5975.0436180002,24.13481444079778
1774655533,200,,Aggregated,49.800000,0.000000,24,210,300,1900,5000,5000,5000,5100,5800,6000,6000,3961,0,24,994.573895273663,2.191519997722935,5975.0436180002,24.13481444079778
1774655534,200,,Aggregated,49.800000,0.000000,24,210,300,1900,5000,5000,5000,5100,5800,6000,6000,3961,0,24,994.573895273663,2.191519997722935,5975.0436180002,24.13481444079778
1774655535,200,,Aggregated,49.800000,0.000000,24,210,300,1900,5000,5000,5000,5100,5800,6000,6000,3961,0,24,994.573895273663,2.191519997722935,5975.0436180002,24.13481444079778
1774655536,200,,Aggregated,49.800000,0.000000,24,210,300,1900,5000,5000,5000,5100,5800,6000,6000,3961,0,24,994.573895273663,2.191519997722935,5975.0436180002,24.13481444079778
1774655537,200,,Aggregated,49.800000,0.000000,24,210,300,1900,5000,5000,5000,5100,5800,6000,6000,3961,0,24,994.573895273663,2.191519997722935,5975.0436180002,24.13481444079778
1774655538,200,,Aggregated,49.800000,0.000000,24,210,300,1900,5000,5000,5000,5100,5800,6000,6000,3961,0,24,994.573895273663,2.191519997722935,5975.0436180002,24.13481444079778
1774655539,200,,Aggregated,49.800000,0.000000,24,210,300,1900,5000,5000,5000,5100,5800,6000,6000,3961,0,24,994.573895273663,2.191519997722935,5975.0436180002,24.13481444079778
1774655540,200,,Aggregated,49.800000,0.000000,24,210,300,1900,5000,5000,5000,5100,5800,6000,6000,3961,0,24,994.573895273663,2.191519997722935,5975.0436180002,24.13481444079778
1774655541,200,,Aggregated,49.800000,0.000000,24,210,300,1900,5000,5000,5000,5100,5800,6000,6000,3961,0,24,994.573895273663,2.191519997722935,5975.0436180002,24.13481444079778
1774655542,200,,Aggregated,49.800000,0.000000,24,210,300,1900,5000,5000,5000,5100,5800,6000,6000,3961,0,24,994.573895273663,2.191519997722935,5975.0436180002,24.13481444079778
1774655543,200,,Aggregated,49.800000,0.000000,24,210,300,1900,5000,5000,5000,5100,5800,6000,6000,3961,0,24,994.573895273663,2.191519997722935,5975.0436180002,24.13481444079778
1774655544,200,,Aggregated,49.800000,0.000000,24,210,300,1900,5000,5000,5000,5100,5800,6000,6000,3961,0,24,994.573895273663,2.191519997722935,5975.0436180002,24.13481444079778
1774655545,200,,Aggregated,49.800000,0.000000,24,210,300,1900,5000,5000,5000,5100,5800,6000,6000,3961,0,24,994.573895273663,2.191519997722935,5975.0436180002,24.13481444079778
1774655546,200,,Aggregated,49.800000,0.000000,24,210,300,1900,5000,5000,5000,5100,5800,6000,6000,3961,0,24,994.573895273663,2.191519997722935,5975.0436180002,24.13481444079778
1774655547,200,,Aggregated,49.800000,0.000000,24,210,300,1900,5000,5000,5000,5100,5800,6000,6000,3961,0,24,994.573895273663,2.191519997722935,5975.0436180002,24.13481444079778
1774655548,200,,Aggregated,49.800000,0.000000,24,210,300,1900,5000,5000,5000,5100,5800,6000,6000,3961,0,24,994.573895273663,2.191519997722935,5975.0436180002,24.13481444079778
1774655549,200,,Aggregated,49.800000,0.000000,24,210,300,1900,5000,5000,5000,5100,5800,6000,6000,3961,0,24,994.573895273663,2.191519997722935,5975.0436180002,24.13481444079778
1774655550,200,,Aggregated,49.800000,0.000000,24,210,300,1900,5000,5000,5000,5100,5800,6000,6000,3961,0,24,994.573895273663,2.191519997722935,5975.0436180002,24.13481444079778
1774655551,200,,Aggregated,49.800000,0.000000,24,210,300,1900,5000,5000,5000,5100,5800,6000,6000,3961,0,24,994.573895273663,2.191519997722935,5975.0436180002,24.13481444079778
1774655552,200,,Aggregated,49.800000,0.000000,24,210,300,1900,5000,5000,5000,5100,5800,6000,6000,3961,0,24,994.573895273663,2.191519997722935,5975.0436180002,24.13481444079778
1774655553,200,,Aggregated,49.800000,0.000000,24,210,300,1900,5000,5000,5000,5100,5800,6000,6000,3961,0,24,994.573895273663,2.191519997722935,5975.0436180002,24.13481444079778
1774655554,200,,Aggregated,49.800000,0.000000,24,210,300,1900,5000,5000,5000,5100,5800,6000,6000,3961,0,24,994.573895273663,2.191519997722935,5975.0436180002,24.13481444079778
1774655555,200,,Aggregated,49.800000,0.000000,24,210,300,1900,5000,5000,5000,5100,5800,6000,6000,3961,0,24,994.573895273663,2.191519997722935,5975.0436180002,24.13481444079778
1774655556,200,,Aggregated,49.800000,0.000000,24,210,300,1900,5000,5000,5000,5100,5800,6000,6000,3961,0,24,994.573895273663,2.191519997722935,5975.0436180002,24.13481444079778
1774655557,200,,Aggregated,49.800000,0.000000,24,210,300,1900,5000,5000,5000,5100,5800,6000,6000,3961,0,24,994.573895273663,2.191519997722935,5975.0436180002,24.13481444079778
1774655558,200,,Aggregated,49.800000,0.000000,24,210,300,1900,5000,5000,5000,5100,5800,6000,6000,3961,0,24,994.573895273663,2.191519997722935,5975.0436180002,24.13481444079778
1774655559,200,,Aggregated,49.800000,0.000000,24,210,300,1900,5000,5000,5000,5100,5800,6000,6000,3961,0,24,994.573895273663,2.191519997722935,5975.0436180002,24.13481444079778
1774655560,200,,Aggregated,49.800000,0.000000,24,210,300,1900,5000,5000,5000,5100,5800,6000,6000,3961,0,24,994.573895273663,2.191519997722935,5975.0436180002,24.13481444079778
1774655561,200,,Aggregated,49.800000,0.000000,24,210,300,1900,5000,5000,5000,5100,5800,6000,6000,3961,0,24,994.573895273663,2.191519997722935,5975.0436180002,24.13481444079778
1774655562,200,,Aggregated,49.800000,0.000000,24,210,300,1900,5000,5000,5000,5100,5800,6000,6000,3961,0,24,994.573895273663,2.191519997722935,5975.0436180002,24.13481444079778
1774655563,200,,Aggregated,49.800000,0.000000,24,210,300,1900,5000,5000,5000,5100,5800,6000,6000,3961,0,24,994.573895273663,2.191519997722935,5975.0436180002,24.13481444079778
1774655564,200,,Aggregated,49.800000,0.000000,24,210,300,1900,5000,5000,5000,5100,5800,6000,6000,3961,0,24,994.573895273663,2.191519997722935,5975.0436180002,24.13481444079778
1774655565,200,,Aggregated,49.800000,0.000000,24,210,300,1900,5000,5000,5000,5100,5800,6000,6000,3961,0,24,994.573895273663,2.191519997722935,5975.0436180002,24.13481444079778
1774655566,200,,Aggregated,49.800000,0.000000,24,210,300,1900,5000,5000,5000,5100,5800,6000,6000,3961,0,24,994.573895273663,2.191519997722935,5975.0436180002,24.13481444079778
1774655567,200,,Aggregated,49.800000,0.000000,24,210,300,1900,5000,5000,5000,5100,5800,6000,6000,3961,0,24,994.573895273663,2.191519997722935,5975.0436180002,24.13481444079778
1774655568,200,,Aggregated,49.800000,0.000000,24,210,300,1900,5000,5000,5000,5100,5800,6000,6000,3961,0,24,994.573895273663,2.191519997722935,5975.0436180002,24.13481444079778
1774655569,200,,Aggregated,49.800000,0.000000,24,210,300,1900,5000,5000,5000,5100,5800,6000,6000,3961,0,24,994.573895273663,2.191519997722935,5975.0436180002,24.13481444079778
1774655570,200,,Aggregated,49.800000,0.000000,24,210,300,1900,5000,5000,5000,5100,5800,6000,6000,3961,0,24,994.573895273663,2.191519997722935,5975.0436180002,24.13481444079778
1774655571,200,,Aggregated,49.800000,0.000000,24,210,300,1900,5000,5000,5000,5100,5800,6000,6000,3961,0,24,994.573895273663,2.191519997722935,5975.0436180002,24.13481444079778
1774655572,200,,Aggregated,49.800000,0.000000,24,210,300,1900,5000,5000,5000,5100,5800,6000,6000,3961,0,24,994.573895273663,2.191519997722935,5975.0436180002,24.13481444079778
1774655573,200,,Aggregated,49.800000,0.000000,24,210,300,1900,5000,5000,5000,5100,5800,6000,6000,3961,0,24,994.573895273663,2.191519997722935,5975.0436180002,24.13481444079778
1774655574,200,,Aggregated,49.800000,0.000000,24,210,300,1900,5000,5000,5000,5100,5800,6000,6000,3961,0,24,994.573895273663,2.191519997722935,5975.0436180002,24.13481444079778
1774655575,200,,Aggregated,49.800000,0.000000,24,210,300,1900,5000,5000,5000,5100,5800,6000,6000,3961,0,24,994.573895273663,2.191519997722935,5975.0436180002,24.13481444079778
1774655576,200,,Aggregated,49.800000,0.000000,24,210,300,1900,5000,5000,5000,5100,5800,6000,6000,3961,0,24,994.573895273663,2.191519997722935,5975.0436180002,24.13481444079778
1774655577,200,,Aggregated,49.800000,0.000000,24,210,300,1900,5000,5000,5000,5100,5800,6000,6000,3961,0,24,994.573895273663,2.191519997722935,5975.0436180002,24.13481444079778
1774655578,200,,Aggregated,49.800000,0.000000,24,210,300,1900,5000,5000,5000,5100,5800,6000,6000,3961,0,24,994.573895273663,2.191519997722935,5975.0436180002,24.13481444079778
1774655579,200,,Aggregated,49.800000,0.000000,24,210,300,1900,5000,5000,5000,5100,5800,6000,6000,3961,0,24,994.573895273663,2.191519997722935,5975.0436180002,24.13481444079778
1774655580,200,,Aggregated,49.800000,0.000000,24,210,300,1900,5000,5000,5000,5100,5800,6000,6000,3961,0,24,994.573895273663,2.191519997722935,5975.0436180002,24.13481444079778
1774655581,200,,Aggregated,49.800000,0.000000,24,210,300,1900,5000,5000,5000,5100,5800,6000,6000,3961,0,24,994.573895273663,2.191519997722935,5975.0436180002,24.13481444079778
1774655582,200,,Aggregated,49.800000,0.000000,24,210,300,1900,5000,5000,5000,5100,5800,6000,6000,3961,0,24,994.573895273663,2.191519997722935,5975.0436180002,24.13481444079778
1774655583,200,,Aggregated,49.800000,0.000000,24,210,300,1900,5000,5000,5000,5100,5800,6000,6000,3961,0,24,994.573895273663,2.191519997722935,5975.0436180002,24.13481444079778
1774655584,200,,Aggregated,49.800000,0.000000,24,210,300,1900,5000,5000,5000,5100,5800,6000,6000,3961,0,24,994.573895273663,2.191519997722935,5975.0436180002,24.13481444079778
1774655585,200,,Aggregated,49.800000,0.000000,24,210,300,1900,5000,5000,5000,5100,5800,6000,6000,3961,0,24,994.573895273663,2.191519997722935,5975.0436180002,24.13481444079778
1774655586,200,,Aggregated,49.800000,0.000000,24,210,300,1900,5000,5000,5000,5100,5800,6000,6000,3961,0,24,994.573895273663,2.191519997722935,5975.0436180002,24.13481444079778
1774655587,200,,Aggregated,49.800000,0.000000,24,210,300,1900,5000,5000,5000,5100,5800,6000,6000,3961,0,24,994.573895273663,2.191519997722935,5975.0436180002,24.13481444079778
1774655588,200,,Aggregated,49.800000,0.000000,24,210,300,1900,5000,5000,5000,5100,5800,6000,6000,3961,0,24,994.573895273663,2.191519997722935,5975.0436180002,24.13481444079778
1774655589,200,,Aggregated,49.800000,0.000000,24,210,300,1900,5000,5000,5000,5100,5800,6000,6000,3961,0,24,994.573895273663,2.191519997722935,5975.0436180002,24.13481444079778
1774655590,200,,Aggregated,49.800000,0.000000,24,210,300,1900,5000,5000,5000,5100,5800,6000,6000,3961,0,24,994.573895273663,2.191519997722935,5975.0436180002,24.13481444079778
1774655591,200,,Aggregated,49.800000,0.000000,24,210,300,1900,5000,5000,5000,5100,5800,6000,6000,3961,0,24,994.573895273663,2.191519997722935,5975.0436180002,24.13481444079778
1774655592,200,,Aggregated,49.800000,0.000000,24,210,300,1900,5000,5000,5000,5100,5800,6000,6000,3961,0,24,994.573895273663,2.191519997722935,5975.0436180002,24.13481444079778
1774655593,200,,Aggregated,49.800000,0.000000,24,210,300,1900,5000,5000,5000,5100,5800,6000,6000,3961,0,24,994.573895273663,2.191519997722935,5975.0436180002,24.13481444079778
1774655594,200,,Aggregated,49.800000,0.000000,24,210,300,1900,5000,5000,5000,5100,5800,6000,6000,3961,0,24,994.573895273663,2.191519997722935,5975.0436180002,24.13481444079778
1774655595,200,,Aggregated,49.800000,0.000000,24,210,300,1900,5000,5000,5000,5100,5800,6000,6000,3961,0,24,994.573895273663,2.191519997722935,5975.0436180002,24.13481444079778
1774655596,200,,Aggregated,49.800000,0.000000,24,210,300,1900,5000,5000,5000,5100,5800,6000,6000,3961,0,24,994.573895273663,2.191519997722935,5975.0436180002,24.13481444079778
1774655597,200,,Aggregated,49.800000,0.000000,24,210,300,1900,5000,5000,5000,5100,5800,6000,6000,3961,0,24,994.573895273663,2.191519997722935,5975.0436180002,24.13481444079778
1774655598,200,,Aggregated,49.800000,0.000000,24,210,300,1900,5000,5000,5000,5100,5800,6000,6000,3961,0,24,994.573895273663,2.191519997722935,5975.0436180002,24.13481444079778
1774655599,200,,Aggregated,49.800000,0.000000,24,210,300,1900,5000,5000,5000,5100,5800,6000,6000,3961,0,24,994.573895273663,2.191519997722935,5975.0436180002,24.13481444079778
1774655600,200,,Aggregated,49.800000,0.000000,24,210,300,1900,5000,5000,5000,5100,5800,6000,6000,3961,0,24,994.573895273663,2.191519997722935,5975.0436180002,24.13481444079778
1774655601,200,,Aggregated,49.800000,0.000000,24,210,300,1900,5000,5000,5000,5100,5800,6000,6000,3961,0,24,994.573895273663,2.191519997722935,5975.0436180002,24.13481444079778
1774655602,200,,Aggregated,49.800000,0.000000,24,210,300,1900,5000,5000,5000,5100,5800,6000,6000,3961,0,24,994.573895273663,2.191519997722935,5975.0436180002,24.13481444079778
1774655603,200,,Aggregated,49.800000,0.000000,24,210,300,1900,5000,5000,5000,5100,5800,6000,6000,3961,0,24,994.573895273663,2.191519997722935,5975.0436180002,24.13481444079778
1774655604,200,,Aggregated,49.800000,0.000000,24,210,300,1900,5000,5000,5000,5100,5800,6000,6000,3961,0,24,994.573895273663,2.191519997722935,5975.0436180002,24.13481444079778
1774655605,200,,Aggregated,49.800000,0.000000,24,210,300,1900,5000,5000,5000,5100,5800,6000,6000,3961,0,24,994.573895273663,2.191519997722935,5975.0436180002,24.13481444079778
1774655606,200,,Aggregated,49.800000,0.000000,24,210,300,1900,5000,5000,5000,5100,5800,6000,6000,3961,0,24,994.573895273663,2.191519997722935,5975.0436180002,24.13481444079778
1774655607,200,,Aggregated,49.800000,0.000000,24,210,300,1900,5000,5000,5000,5100,5800,6000,6000,3961,0,24,994.573895273663,2.191519997722935,5975.0436180002,24.13481444079778
1774655608,200,,Aggregated,49.800000,0.000000,24,210,300,1900,5000,5000,5000,5100,5800,6000,6000,3961,0,24,994.573895273663,2.191519997722935,5975.0436180002,24.13481444079778
1774655609,200,,Aggregated,49.800000,0.000000,24,210,300,1900,5000,5000,5000,5100,5800,6000,6000,3961,0,24,994.573895273663,2.191519997722935,5975.0436180002,24.13481444079778
1774655610,200,,Aggregated,49.800000,0.000000,24,210,300,1900,5000,5000,5000,5100,5800,6000,6000,3961,0,24,994.573895273663,2.191519997722935,5975.0436180002,24.13481444079778
1774655611,200,,Aggregated,49.800000,0.000000,24,210,300,1900,5000,5000,5000,5100,5800,6000,6000,3961,0,24,994.573895273663,2.191519997722935,5975.0436180002,24.13481444079778
1774655612,200,,Aggregated,49.800000,0.000000,24,210,300,1900,5000,5000,5000,5100,5800,6000,6000,3961,0,24,994.573895273663,2.191519997722935,5975.0436180002,24.13481444079778
1774655613,200,,Aggregated,49.800000,0.000000,24,210,300,1900,5000,5000,5000,5100,5800,6000,6000,3961,0,24,994.573895273663,2.191519997722935,5975.0436180002,24.13481444079778
1774655614,200,,Aggregated,49.800000,0.000000,24,210,300,1900,5000,5000,5000,5100,5800,6000,6000,3961,0,24,994.573895273663,2.191519997722935,5975.0436180002,24.13481444079778
1774655615,200,,Aggregated,49.800000,0.000000,24,210,300,1900,5000,5000,5000,5100,5800,6000,6000,3961,0,24,994.573895273663,2.191519997722935,5975.0436180002,24.13481444079778
1774655616,200,,Aggregated,49.800000,0.000000,24,210,300,1900,5000,5000,5000,5100,5800,6000,6000,3961,0,24,994.573895273663,2.191519997722935,5975.0436180002,24.13481444079778
1774655617,200,,Aggregated,49.800000,0.000000,24,210,300,1900,5000,5000,5000,5100,5800,6000,6000,3961,0,24,994.573895273663,2.191519997722935,5975.0436180002,24.13481444079778
1774655618,200,,Aggregated,49.800000,0.000000,24,210,300,1900,5000,5000,5000,5100,5800,6000,6000,3961,0,24,994.573895273663,2.191519997722935,5975.0436180002,24.13481444079778
1774655619,200,,Aggregated,49.800000,0.000000,24,210,300,1900,5000,5000,5000,5100,5800,6000,6000,3961,0,24,994.573895273663,2.191519997722935,5975.0436180002,24.13481444079778
1774655620,200,,Aggregated,49.800000,0.000000,24,210,300,1900,5000,5000,5000,5100,5800,6000,6000,3961,0,24,994.573895273663,2.191519997722935,5975.0436180002,24.13481444079778
1774655621,200,,Aggregated,49.800000,0.000000,24,210,300,1900,5000,5000,5000,5100,5800,6000,6000,3961,0,24,994.573895273663,2.191519997722935,5975.0436180002,24.13481444079778
1774655622,200,,Aggregated,49.800000,0.000000,24,210,300,1900,5000,5000,5000,5100,5800,6000,6000,3961,0,24,994.573895273663,2.191519997722935,5975.0436180002,24.13481444079778
1774655623,200,,Aggregated,49.800000,0.000000,24,210,300,1900,5000,5000,5000,5100,5800,6000,6000,3961,0,24,994.573895273663,2.191519997722935,5975.0436180002,24.13481444079778
1774655624,200,,Aggregated,49.800000,0.000000,24,210,300,1900,5000,5000,5000,5100,5800,6000,6000,3961,0,24,994.573895273663,2.191519997722935,5975.0436180002,24.13481444079778
1774655626,200,,Aggregated,49.800000,0.000000,24,210,300,1900,5000,5000,5000,5100,5800,6000,6000,3961,0,24,994.573895273663,2.191519997722935,5975.0436180002,24.13481444079778
1774655627,200,,Aggregated,49.800000,0.000000,24,210,300,1900,5000,5000,5000,5100,5800,6000,6000,3961,0,24,994.573895273663,2.191519997722935,5975.0436180002,24.13481444079778
1774655628,200,,Aggregated,49.800000,0.000000,24,210,300,1900,5000,5000,5000,5100,5800,6000,6000,3961,0,24,994.573895273663,2.191519997722935,5975.0436180002,24.13481444079778
1774655629,200,,Aggregated,49.800000,0.000000,24,210,300,1900,5000,5000,5000,5100,5800,6000,6000,3961,0,24,994.573895273663,2.191519997722935,5975.0436180002,24.13481444079778
1774655630,200,,Aggregated,49.800000,0.000000,24,210,300,1900,5000,5000,5000,5100,5800,6000,6000,3961,0,24,994.573895273663,2.191519997722935,5975.0436180002,24.13481444079778
1774655631,200,,Aggregated,49.800000,0.000000,24,210,300,1900,5000,5000,5000,5100,5800,6000,6000,3961,0,24,994.573895273663,2.191519997722935,5975.0436180002,24.13481444079778
1774655632,200,,Aggregated,49.800000,0.000000,24,210,300,1900,5000,5000,5000,5100,5800,6000,6000,3961,0,24,994.573895273663,2.191519997722935,5975.0436180002,24.13481444079778
1774655633,200,,Aggregated,49.800000,0.000000,24,210,300,1900,5000,5000,5000,5100,5800,6000,6000,3961,0,24,994.573895273663,2.191519997722935,5975.0436180002,24.13481444079778
1774655634,200,,Aggregated,49.800000,0.000000,24,210,300,1900,5000,5000,5000,5100,5800,6000,6000,3961,0,24,994.573895273663,2.191519997722935,5975.0436180002,24.13481444079778
1774655635,200,,Aggregated,49.800000,0.000000,24,210,300,1900,5000,5000,5000,5100,5800,6000,6000,3961,0,24,994.573895273663,2.191519997722935,5975.0436180002,24.13481444079778
1774655636,200,,Aggregated,49.800000,0.000000,24,210,300,1900,5000,5000,5000,5100,5800,6000,6000,3961,0,24,994.573895273663,2.191519997722935,5975.0436180002,24.13481444079778
1774655637,200,,Aggregated,49.800000,0.000000,24,210,300,1900,5000,5000,5000,5100,5800,6000,6000,3961,0,24,994.573895273663,2.191519997722935,5975.0436180002,24.13481444079778
1774655638,200,,Aggregated,49.800000,0.000000,24,210,300,1900,5000,5000,5000,5100,5800,6000,6000,3961,0,24,994.573895273663,2.191519997722935,5975.0436180002,24.13481444079778
1774655639,200,,Aggregated,49.800000,0.000000,24,210,300,1900,5000,5000,5000,5100,5800,6000,6000,3961,0,24,994.573895273663,2.191519997722935,5975.0436180002,24.13481444079778
1774655640,200,,Aggregated,49.800000,0.000000,24,210,300,1900,5000,5000,5000,5100,5800,6000,6000,3961,0,24,994.573895273663,2.191519997722935,5975.0436180002,24.13481444079778
1774655641,200,,Aggregated,49.800000,0.000000,24,210,300,1900,5000,5000,5000,5100,5800,6000,6000,3961,0,24,994.573895273663,2.191519997722935,5975.0436180002,24.13481444079778
1774655642,200,,Aggregated,49.800000,0.000000,24,210,300,1900,5000,5000,5000,5100,5800,6000,6000,3961,0,24,994.573895273663,2.191519997722935,5975.0436180002,24.13481444079778
1774655643,200,,Aggregated,49.800000,0.000000,24,210,300,1900,5000,5000,5000,5100,5800,6000,6000,3961,0,24,994.573895273663,2.191519997722935,5975.0436180002,24.13481444079778
1774655644,200,,Aggregated,49.800000,0.000000,24,210,300,1900,5000,5000,5000,5100,5800,6000,6000,3961,0,24,994.573895273663,2.191519997722935,5975.0436180002,24.13481444079778
1774655645,200,,Aggregated,49.800000,0.000000,24,210,300,1900,5000,5000,5000,5100,5800,6000,6000,3961,0,24,994.573895273663,2.191519997722935,5975.0436180002,24.13481444079778
1774655646,200,,Aggregated,49.800000,0.000000,24,210,300,1900,5000,5000,5000,5100,5800,6000,6000,3961,0,24,994.573895273663,2.191519997722935,5975.0436180002,24.13481444079778
1774655647,200,,Aggregated,49.800000,0.000000,24,210,300,1900,5000,5000,5000,5100,5800,6000,6000,3961,0,24,994.573895273663,2.191519997722935,5975.0436180002,24.13481444079778
1774655648,200,,Aggregated,49.800000,0.000000,24,210,300,1900,5000,5000,5000,5100,5800,6000,6000,3961,0,24,994.573895273663,2.191519997722935,5975.0436180002,24.13481444079778
1774655649,200,,Aggregated,49.800000,0.000000,24,210,300,1900,5000,5000,5000,5100,5800,6000,6000,3961,0,24,994.573895273663,2.191519997722935,5975.0436180002,24.13481444079778
1774655650,200,,Aggregated,49.800000,0.000000,24,210,300,1900,5000,5000,5000,5100,5800,6000,6000,3961,0,24,994.573895273663,2.191519997722935,5975.0436180002,24.13481444079778
1774655651,200,,Aggregated,49.800000,0.000000,24,210,300,1900,5000,5000,5000,5100,5800,6000,6000,3961,0,24,994.573895273663,2.191519997722935,5975.0436180002,24.13481444079778
1774655652,200,,Aggregated,49.800000,0.000000,24,210,300,1900,5000,5000,5000,5100,5800,6000,6000,3961,0,24,994.573895273663,2.191519997722935,5975.0436180002,24.13481444079778
1774655653,200,,Aggregated,49.800000,0.000000,24,210,300,1900,5000,5000,5000,5100,5800,6000,6000,3961,0,24,994.573895273663,2.191519997722935,5975.0436180002,24.13481444079778
1774655654,200,,Aggregated,49.800000,0.000000,24,210,300,1900,5000,5000,5000,5100,5800,6000,6000,3961,0,24,994.573895273663,2.191519997722935,5975.0436180002,24.13481444079778
1774655655,200,,Aggregated,49.800000,0.000000,24,210,300,1900,5000,5000,5000,5100,5800,6000,6000,3961,0,24,994.573895273663,2.191519997722935,5975.0436180002,24.13481444079778
1774655656,200,,Aggregated,49.800000,0.000000,24,210,300,1900,5000,5000,5000,5100,5800,6000,6000,3961,0,24,994.573895273663,2.191519997722935,5975.0436180002,24.13481444079778
1774655657,200,,Aggregated,49.800000,0.000000,24,210,300,1900,5000,5000,5000,5100,5800,6000,6000,3961,0,24,994.573895273663,2.191519997722935,5975.0436180002,24.13481444079778
1774655658,200,,Aggregated,49.800000,0.000000,24,210,300,1900,5000,5000,5000,5100,5800,6000,6000,3961,0,24,994.573895273663,2.191519997722935,5975.0436180002,24.13481444079778
1774655659,200,,Aggregated,49.800000,0.000000,24,210,300,1900,5000,5000,5000,5100,5800,6000,6000,3961,0,24,994.573895273663,2.191519997722935,5975.0436180002,24.13481444079778
1774655660,200,,Aggregated,49.800000,0.000000,24,210,300,1900,5000,5000,5000,5100,5800,6000,6000,3961,0,24,994.573895273663,2.191519997722935,5975.0436180002,24.13481444079778
1774655661,200,,Aggregated,49.800000,0.000000,24,210,300,1900,5000,5000,5000,5100,5800,6000,6000,3961,0,24,994.573895273663,2.191519997722935,5975.0436180002,24.13481444079778
1774655662,200,,Aggregated,49.800000,0.000000,24,210,300,1900,5000,5000,5000,5100,5800,6000,6000,3961,0,24,994.573895273663,2.191519997722935,5975.0436180002,24.13481444079778
1774655663,200,,Aggregated,49.800000,0.000000,24,210,300,1900,5000,5000,5000,5100,5800,6000,6000,3961,0,24,994.573895273663,2.191519997722935,5975.0436180002,24.13481444079778
1774655664,200,,Aggregated,49.800000,0.000000,24,210,300,1900,5000,5000,5000,5100,5800,6000,6000,3961,0,24,994.573895273663,2.191519997722935,5975.0436180002,24.13481444079778
1774655665,200,,Aggregated,49.800000,0.000000,24,210,300,1900,5000,5000,5000,5100,5800,6000,6000,3961,0,24,994.573895273663,2.191519997722935,5975.0436180002,24.13481444079778
1774655666,200,,Aggregated,49.800000,0.000000,24,210,300,1900,5000,5000,5000,5100,5800,6000,6000,3961,0,24,994.573895273663,2.191519997722935,5975.0436180002,24.13481444079778
1774655667,200,,Aggregated,49.800000,0.000000,24,210,300,1900,5000,5000,5000,5100,5800,6000,6000,3961,0,24,994.573895273663,2.191519997722935,5975.0436180002,24.13481444079778
1774655668,200,,Aggregated,49.800000,0.000000,24,210,300,1900,5000,5000,5000,5100,5800,6000,6000,3961,0,24,994.573895273663,2.191519997722935,5975.0436180002,24.13481444079778
1774655669,200,,Aggregated,49.800000,0.000000,24,210,300,1900,5000,5000,5000,5100,5800,6000,6000,3961,0,24,994.573895273663,2.191519997722935,5975.0436180002,24.13481444079778
1774655670,200,,Aggregated,49.800000,0.000000,24,210,300,1900,5000,5000,5000,5100,5800,6000,6000,3961,0,24,994.573895273663,2.191519997722935,5975.0436180002,24.13481444079778
1774655671,200,,Aggregated,49.800000,0.000000,24,210,300,1900,5000,5000,5000,5100,5800,6000,6000,3961,0,24,994.573895273663,2.191519997722935,5975.0436180002,24.13481444079778
1774655672,200,,Aggregated,49.800000,0.000000,24,210,300,1900,5000,5000,5000,5100,5800,6000,6000,3961,0,24,994.573895273663,2.191519997722935,5975.0436180002,24.13481444079778
1774655673,200,,Aggregated,49.800000,0.000000,24,210,300,1900,5000,5000,5000,5100,5800,6000,6000,3961,0,24,994.573895273663,2.191519997722935,5975.0436180002,24.13481444079778
1774655674,200,,Aggregated,49.800000,0.000000,24,210,300,1900,5000,5000,5000,5100,5800,6000,6000,3961,0,24,994.573895273663,2.191519997722935,5975.0436180002,24.13481444079778
1774655675,200,,Aggregated,49.800000,0.000000,24,210,300,1900,5000,5000,5000,5100,5800,6000,6000,3961,0,24,994.573895273663,2.191519997722935,5975.0436180002,24.13481444079778
1774655676,200,,Aggregated,49.800000,0.000000,24,210,300,1900,5000,5000,5000,5100,5800,6000,6000,3961,0,24,994.573895273663,2.191519997722935,5975.0436180002,24.13481444079778
1774655677,200,,Aggregated,49.800000,0.000000,24,210,300,1900,5000,5000,5000,5100,5800,6000,6000,3961,0,24,994.573895273663,2.191519997722935,5975.0436180002,24.13481444079778
1774655678,200,,Aggregated,49.800000,0.000000,24,210,300,1900,5000,5000,5000,5100,5800,6000,6000,3961,0,24,994.573895273663,2.191519997722935,5975.0436180002,24.13481444079778
1774655679,200,,Aggregated,49.800000,0.000000,24,210,300,1900,5000,5000,5000,5100,5800,6000,6000,3961,0,24,994.573895273663,2.191519997722935,5975.0436180002,24.13481444079778
1774655680,200,,Aggregated,49.800000,0.000000,24,210,300,1900,5000,5000,5000,5100,5800,6000,6000,3961,0,24,994.573895273663,2.191519997722935,5975.0436180002,24.13481444079778
1774655681,200,,Aggregated,49.800000,0.000000,24,210,300,1900,5000,5000,5000,5100,5800,6000,6000,3961,0,24,994.573895273663,2.191519997722935,5975.0436180002,24.13481444079778
1774655682,200,,Aggregated,49.800000,0.000000,24,210,300,1900,5000,5000,5000,5100,5800,6000,6000,3961,0,24,994.573895273663,2.191519997722935,5975.0436180002,24.13481444079778
1774655683,200,,Aggregated,49.800000,0.000000,24,210,300,1900,5000,5000,5000,5100,5800,6000,6000,3961,0,24,994.573895273663,2.191519997722935,5975.0436180002,24.13481444079778
1774655684,200,,Aggregated,49.800000,0.000000,24,210,300,1900,5000,5000,5000,5100,5800,6000,6000,3961,0,24,994.573895273663,2.191519997722935,5975.0436180002,24.13481444079778
1774655685,200,,Aggregated,49.800000,0.000000,24,210,300,1900,5000,5000,5000,5100,5800,6000,6000,3961,0,24,994.573895273663,2.191519997722935,5975.0436180002,24.13481444079778
1774655686,200,,Aggregated,49.800000,0.000000,24,210,300,1900,5000,5000,5000,5100,5800,6000,6000,3961,0,24,994.573895273663,2.191519997722935,5975.0436180002,24.13481444079778
1774655687,200,,Aggregated,49.800000,0.000000,24,210,300,1900,5000,5000,5000,5100,5800,6000,6000,3961,0,24,994.573895273663,2.191519997722935,5975.0436180002,24.13481444079778
1774655688,200,,Aggregated,49.800000,0.000000,24,210,300,1900,5000,5000,5000,5100,5800,6000,6000,3961,0,24,994.573895273663,2.191519997722935,5975.0436180002,24.13481444079778
1774655689,200,,Aggregated,49.800000,0.000000,24,210,300,1900,5000,5000,5000,5100,5800,6000,6000,3961,0,24,994.573895273663,2.191519997722935,5975.0436180002,24.13481444079778
1774655690,200,,Aggregated,49.800000,0.000000,24,210,300,1900,5000,5000,5000,5100,5800,6000,6000,3961,0,24,994.573895273663,2.191519997722935,5975.0436180002,24.13481444079778
1774655691,200,,Aggregated,49.800000,0.000000,24,210,300,1900,5000,5000,5000,5100,5800,6000,6000,3961,0,24,994.573895273663,2.191519997722935,5975.0436180002,24.13481444079778
1774655692,200,,Aggregated,49.800000,0.000000,24,210,300,1900,5000,5000,5000,5100,5800,6000,6000,3961,0,24,994.573895273663,2.191519997722935,5975.0436180002,24.13481444079778
1774655693,200,,Aggregated,49.800000,0.000000,24,210,300,1900,5000,5000,5000,5100,5800,6000,6000,3961,0,24,994.573895273663,2.191519997722935,5975.0436180002,24.13481444079778
1774655694,200,,Aggregated,49.800000,0.000000,24,210,300,1900,5000,5000,5000,5100,5800,6000,6000,3961,0,24,994.573895273663,2.191519997722935,5975.0436180002,24.13481444079778
1774655695,200,,Aggregated,49.800000,0.000000,24,210,300,1900,5000,5000,5000,5100,5800,6000,6000,3961,0,24,994.573895273663,2.191519997722935,5975.0436180002,24.13481444079778
1774655696,200,,Aggregated,49.800000,0.000000,24,210,300,1900,5000,5000,5000,5100,5800,6000,6000,3961,0,24,994.573895273663,2.191519997722935,5975.0436180002,24.13481444079778
1774655697,200,,Aggregated,49.800000,0.000000,24,210,300,1900,5000,5000,5000,5100,5800,6000,6000,3961,0,24,994.573895273663,2.191519997722935,5975.0436180002,24.13481444079778
1774655698,200,,Aggregated,49.800000,0.000000,24,210,300,1900,5000,5000,5000,5100,5800,6000,6000,3961,0,24,994.573895273663,2.191519997722935,5975.0436180002,24.13481444079778
1774655699,200,,Aggregated,49.800000,0.000000,24,210,300,1900,5000,5000,5000,5100,5800,6000,6000,3961,0,24,994.573895273663,2.191519997722935,5975.0436180002,24.13481444079778
1774655700,200,,Aggregated,49.800000,0.000000,24,210,300,1900,5000,5000,5000,5100,5800,6000,6000,3961,0,24,994.573895273663,2.191519997722935,5975.0436180002,24.13481444079778
1774655701,200,,Aggregated,49.800000,0.000000,24,210,300,1900,5000,5000,5000,5100,5800,6000,6000,3961,0,24,994.573895273663,2.191519997722935,5975.0436180002,24.13481444079778
1774655702,200,,Aggregated,49.800000,0.000000,24,210,300,1900,5000,5000,5000,5100,5800,6000,6000,3961,0,24,994.573895273663,2.191519997722935,5975.0436180002,24.13481444079778
1774655703,200,,Aggregated,49.800000,0.000000,24,210,300,1900,5000,5000,5000,5100,5800,6000,6000,3961,0,24,994.573895273663,2.191519997722935,5975.0436180002,24.13481444079778
1774655704,200,,Aggregated,49.800000,0.000000,24,210,300,1900,5000,5000,5000,5100,5800,6000,6000,3961,0,24,994.573895273663,2.191519997722935,5975.0436180002,24.13481444079778
1774655705,200,,Aggregated,49.800000,0.000000,24,210,300,1900,5000,5000,5000,5100,5800,6000,6000,3961,0,24,994.573895273663,2.191519997722935,5975.0436180002,24.13481444079778
1774655706,200,,Aggregated,49.800000,0.000000,24,210,300,1900,5000,5000,5000,5100,5800,6000,6000,3961,0,24,994.573895273663,2.191519997722935,5975.0436180002,24.13481444079778
1774655707,200,,Aggregated,49.800000,0.000000,24,210,300,1900,5000,5000,5000,5100,5800,6000,6000,3961,0,24,994.573895273663,2.191519997722935,5975.0436180002,24.13481444079778
1774655708,200,,Aggregated,49.800000,0.000000,24,210,300,1900,5000,5000,5000,5100,5800,6000,6000,3961,0,24,994.573895273663,2.191519997722935,5975.0436180002,24.13481444079778
1774655709,200,,Aggregated,49.800000,0.000000,24,210,300,1900,5000,5000,5000,5100,5800,6000,6000,3961,0,24,994.573895273663,2.191519997722935,5975.0436180002,24.13481444079778
1774655710,200,,Aggregated,49.800000,0.000000,24,210,300,1900,5000,5000,5000,5100,5800,6000,6000,3961,0,24,994.573895273663,2.191519997722935,5975.0436180002,24.13481444079778
1774655711,200,,Aggregated,49.800000,0.000000,24,210,300,1900,5000,5000,5000,5100,5800,6000,6000,3961,0,24,994.573895273663,2.191519997722935,5975.0436180002,24.13481444079778
1774655712,200,,Aggregated,49.800000,0.000000,24,210,300,1900,5000,5000,5000,5100,5800,6000,6000,3961,0,24,994.573895273663,2.191519997722935,5975.0436180002,24.13481444079778
1774655713,200,,Aggregated,49.800000,0.000000,24,210,300,1900,5000,5000,5000,5100,5800,6000,6000,3961,0,24,994.573895273663,2.191519997722935,5975.0436180002,24.13481444079778
1774655714,200,,Aggregated,49.800000,0.000000,24,210,300,1900,5000,5000,5000,5100,5800,6000,6000,3961,0,24,994.573895273663,2.191519997722935,5975.0436180002,24.13481444079778
1774655715,200,,Aggregated,49.800000,0.000000,24,210,300,1900,5000,5000,5000,5100,5800,6000,6000,3961,0,24,994.573895273663,2.191519997722935,5975.0436180002,24.13481444079778
1774655716,200,,Aggregated,49.800000,0.000000,24,210,300,1900,5000,5000,5000,5100,5800,6000,6000,3961,0,24,994.573895273663,2.191519997722935,5975.0436180002,24.13481444079778
1774655717,200,,Aggregated,49.800000,0.000000,24,210,300,1900,5000,5000,5000,5100,5800,6000,6000,3961,0,24,994.573895273663,2.191519997722935,5975.0436180002,24.13481444079778
1774655718,200,,Aggregated,49.800000,0.000000,24,210,300,1900,5000,5000,5000,5100,5800,6000,6000,3961,0,24,994.573895273663,2.191519997722935,5975.0436180002,24.13481444079778
1774655719,200,,Aggregated,49.800000,0.000000,24,210,300,1900,5000,5000,5000,5100,5800,6000,6000,3961,0,24,994.573895273663,2.191519997722935,5975.0436180002,24.13481444079778
1774655720,200,,Aggregated,49.800000,0.000000,24,210,300,1900,5000,5000,5000,5100,5800,6000,6000,3961,0,24,994.573895273663,2.191519997722935,5975.0436180002,24.13481444079778
1774655721,200,,Aggregated,49.800000,0.000000,24,210,300,1900,5000,5000,5000,5100,5800,6000,6000,3961,0,24,994.573895273663,2.191519997722935,5975.0436180002,24.13481444079778
1774655722,200,,Aggregated,49.800000,0.000000,24,210,300,1900,5000,5000,5000,5100,5800,6000,6000,3961,0,24,994.573895273663,2.191519997722935,5975.0436180002,24.13481444079778
1774655723,200,,Aggregated,49.800000,0.000000,24,210,300,1900,5000,5000,5000,5100,5800,6000,6000,3961,0,24,994.573895273663,2.191519997722935,5975.0436180002,24.13481444079778
1774655724,200,,Aggregated,49.800000,0.000000,24,210,300,1900,5000,5000,5000,5100,5800,6000,6000,3961,0,24,994.573895273663,2.191519997722935,5975.0436180002,24.13481444079778
1774655725,200,,Aggregated,49.800000,0.000000,24,210,300,1900,5000,5000,5000,5100,5800,6000,6000,3961,0,24,994.573895273663,2.191519997722935,5975.0436180002,24.13481444079778
1774655726,200,,Aggregated,49.800000,0.000000,24,210,300,1900,5000,5000,5000,5100,5800,6000,6000,3961,0,24,994.573895273663,2.191519997722935,5975.0436180002,24.13481444079778
1774655727,200,,Aggregated,49.800000,0.000000,24,210,300,1900,5000,5000,5000,5100,5800,6000,6000,3961,0,24,994.573895273663,2.191519997722935,5975.0436180002,24.13481444079778
1774655728,200,,Aggregated,49.800000,0.000000,24,210,300,1900,5000,5000,5000,5100,5800,6000,6000,3961,0,24,994.573895273663,2.191519997722935,5975.0436180002,24.13481444079778
1774655729,200,,Aggregated,49.800000,0.000000,24,210,300,1900,5000,5000,5000,5100,5800,6000,6000,3961,0,24,994.573895273663,2.191519997722935,5975.0436180002,24.13481444079778
1774655730,200,,Aggregated,49.800000,0.000000,24,210,300,1900,5000,5000,5000,5100,5800,6000,6000,3961,0,24,994.573895273663,2.191519997722935,5975.0436180002,24.13481444079778
1774655731,200,,Aggregated,49.800000,0.000000,24,210,300,1900,5000,5000,5000,5100,5800,6000,6000,3961,0,24,994.573895273663,2.191519997722935,5975.0436180002,24.13481444079778
1774655732,200,,Aggregated,49.800000,0.000000,24,210,300,1900,5000,5000,5000,5100,5800,6000,6000,3961,0,24,994.573895273663,2.191519997722935,5975.0436180002,24.13481444079778
1774655733,200,,Aggregated,49.800000,0.000000,24,210,300,1900,5000,5000,5000,5100,5800,6000,6000,3961,0,24,994.573895273663,2.191519997722935,5975.0436180002,24.13481444079778
1774655734,200,,Aggregated,49.800000,0.000000,24,210,300,1900,5000,5000,5000,5100,5800,6000,6000,3961,0,24,994.573895273663,2.191519997722935,5975.0436180002,24.13481444079778
1774655735,200,,Aggregated,49.800000,0.000000,24,210,300,1900,5000,5000,5000,5100,5800,6000,6000,3961,0,24,994.573895273663,2.191519997722935,5975.0436180002,24.13481444079778
1774655736,200,,Aggregated,49.800000,0.000000,24,210,300,1900,5000,5000,5000,5100,5800,6000,6000,3961,0,24,994.573895273663,2.191519997722935,5975.0436180002,24.13481444079778
1774655737,200,,Aggregated,49.800000,0.000000,24,210,300,1900,5000,5000,5000,5100,5800,6000,6000,3961,0,24,994.573895273663,2.191519997722935,5975.0436180002,24.13481444079778
1774655738,200,,Aggregated,49.800000,0.000000,24,210,300,1900,5000,5000,5000,5100,5800,6000,6000,3961,0,24,994.573895273663,2.191519997722935,5975.0436180002,24.13481444079778
1774655739,200,,Aggregated,49.800000,0.000000,24,210,300,1900,5000,5000,5000,5100,5800,6000,6000,3961,0,24,994.573895273663,2.191519997722935,5975.0436180002,24.13481444079778
1774655740,200,,Aggregated,49.800000,0.000000,24,210,300,1900,5000,5000,5000,5100,5800,6000,6000,3961,0,24,994.573895273663,2.191519997722935,5975.0436180002,24.13481444079778
1774655741,200,,Aggregated,49.800000,0.000000,24,210,300,1900,5000,5000,5000,5100,5800,6000,6000,3961,0,24,994.573895273663,2.191519997722935,5975.0436180002,24.13481444079778
1774655742,200,,Aggregated,49.800000,0.000000,24,210,300,1900,5000,5000,5000,5100,5800,6000,6000,3961,0,24,994.573895273663,2.191519997722935,5975.0436180002,24.13481444079778
1774655743,200,,Aggregated,49.800000,0.000000,24,210,300,1900,5000,5000,5000,5100,5800,6000,6000,3961,0,24,994.573895273663,2.191519997722935,5975.0436180002,24.13481444079778
1774655744,200,,Aggregated,49.800000,0.000000,24,210,300,1900,5000,5000,5000,5100,5800,6000,6000,3961,0,24,994.573895273663,2.191519997722935,5975.0436180002,24.13481444079778
1774655745,200,,Aggregated,49.800000,0.000000,24,210,300,1900,5000,5000,5000,5100,5800,6000,6000,3961,0,24,994.573895273663,2.191519997722935,5975.0436180002,24.13481444079778
1774655746,200,,Aggregated,49.800000,0.000000,24,210,300,1900,5000,5000,5000,5100,5800,6000,6000,3961,0,24,994.573895273663,2.191519997722935,5975.0436180002,24.13481444079778
1774655747,200,,Aggregated,49.800000,0.000000,24,210,300,1900,5000,5000,5000,5100,5800,6000,6000,3961,0,24,994.573895273663,2.191519997722935,5975.0436180002,24.13481444079778
1774655748,200,,Aggregated,49.800000,0.000000,24,210,300,1900,5000,5000,5000,5100,5800,6000,6000,3961,0,24,994.573895273663,2.191519997722935,5975.0436180002,24.13481444079778
1774655749,200,,Aggregated,49.800000,0.000000,24,210,300,1900,5000,5000,5000,5100,5800,6000,6000,3961,0,24,994.573895273663,2.191519997722935,5975.0436180002,24.13481444079778
1774655750,200,,Aggregated,49.800000,0.000000,24,210,300,1900,5000,5000,5000,5100,5800,6000,6000,3961,0,24,994.573895273663,2.191519997722935,5975.0436180002,24.13481444079778
1774655751,200,,Aggregated,49.800000,0.000000,24,210,300,1900,5000,5000,5000,5100,5800,6000,6000,3961,0,24,994.573895273663,2.191519997722935,5975.0436180002,24.13481444079778
1774655752,200,,Aggregated,49.800000,0.000000,24,210,300,1900,5000,5000,5000,5100,5800,6000,6000,3961,0,24,994.573895273663,2.191519997722935,5975.0436180002,24.13481444079778
1774655753,200,,Aggregated,49.800000,0.000000,24,210,300,1900,5000,5000,5000,5100,5800,6000,6000,3961,0,24,994.573895273663,2.191519997722935,5975.0436180002,24.13481444079778
1774655754,200,,Aggregated,49.800000,0.000000,24,210,300,1900,5000,5000,5000,5100,5800,6000,6000,3961,0,24,994.573895273663,2.191519997722935,5975.0436180002,24.13481444079778
1774655755,200,,Aggregated,49.800000,0.000000,24,210,300,1900,5000,5000,5000,5100,5800,6000,6000,3961,0,24,994.573895273663,2.191519997722935,5975.0436180002,24.13481444079778
1774655756,200,,Aggregated,49.800000,0.000000,24,210,300,1900,5000,5000,5000,5100,5800,6000,6000,3961,0,24,994.573895273663,2.191519997722935,5975.0436180002,24.13481444079778
1774655757,200,,Aggregated,49.800000,0.000000,24,210,300,1900,5000,5000,5000,5100,5800,6000,6000,3961,0,24,994.573895273663,2.191519997722935,5975.0436180002,24.13481444079778
1774655758,200,,Aggregated,49.800000,0.000000,24,210,300,1900,5000,5000,5000,5100,5800,6000,6000,3961,0,24,994.573895273663,2.191519997722935,5975.0436180002,24.13481444079778
1774655759,200,,Aggregated,49.800000,0.000000,24,210,300,1900,5000,5000,5000,5100,5800,6000,6000,3961,0,24,994.573895273663,2.191519997722935,5975.0436180002,24.13481444079778
1774655760,200,,Aggregated,49.800000,0.000000,24,210,300,1900,5000,5000,5000,5100,5800,6000,6000,3961,0,24,994.573895273663,2.191519997722935,5975.0436180002,24.13481444079778
1774655761,200,,Aggregated,49.800000,0.000000,24,210,300,1900,5000,5000,5000,5100,5800,6000,6000,3961,0,24,994.573895273663,2.191519997722935,5975.0436180002,24.13481444079778
1774655762,200,,Aggregated,49.800000,0.000000,24,210,300,1900,5000,5000,5000,5100,5800,6000,6000,3961,0,24,994.573895273663,2.191519997722935,5975.0436180002,24.13481444079778
1774655763,200,,Aggregated,49.800000,0.000000,24,210,300,1900,5000,5000,5000,5100,5800,6000,6000,3961,0,24,994.573895273663,2.191519997722935,5975.0436180002,24.13481444079778
1774655764,200,,Aggregated,49.800000,0.000000,24,210,300,1900,5000,5000,5000,5100,5800,6000,6000,3961,0,24,994.573895273663,2.191519997722935,5975.0436180002,24.13481444079778
1774655765,200,,Aggregated,49.800000,0.000000,24,210,300,1900,5000,5000,5000,5100,5800,6000,6000,3961,0,24,994.573895273663,2.191519997722935,5975.0436180002,24.13481444079778
1774655766,200,,Aggregated,49.800000,0.000000,24,210,300,1900,5000,5000,5000,5100,5800,6000,6000,3961,0,24,994.573895273663,2.191519997722935,5975.0436180002,24.13481444079778
1774655767,200,,Aggregated,49.800000,0.000000,24,210,300,1900,5000,5000,5000,5100,5800,6000,6000,3961,0,24,994.573895273663,2.191519997722935,5975.0436180002,24.13481444079778
1774655768,200,,Aggregated,49.800000,0.000000,24,210,300,1900,5000,5000,5000,5100,5800,6000,6000,3961,0,24,994.573895273663,2.191519997722935,5975.0436180002,24.13481444079778
1774655769,200,,Aggregated,49.800000,0.000000,24,210,300,1900,5000,5000,5000,5100,5800,6000,6000,3961,0,24,994.573895273663,2.191519997722935,5975.0436180002,24.13481444079778
1774655770,200,,Aggregated,49.800000,0.000000,24,210,300,1900,5000,5000,5000,5100,5800,6000,6000,3961,0,24,994.573895273663,2.191519997722935,5975.0436180002,24.13481444079778
1774655771,200,,Aggregated,49.800000,0.000000,24,210,300,1900,5000,5000,5000,5100,5800,6000,6000,3961,0,24,994.573895273663,2.191519997722935,5975.0436180002,24.13481444079778
1774655772,200,,Aggregated,49.800000,0.000000,24,210,300,1900,5000,5000,5000,5100,5800,6000,6000,3961,0,24,994.573895273663,2.191519997722935,5975.0436180002,24.13481444079778
1774655773,200,,Aggregated,49.800000,0.000000,24,210,300,1900,5000,5000,5000,5100,5800,6000,6000,3961,0,24,994.573895273663,2.191519997722935,5975.0436180002,24.13481444079778
1774655774,200,,Aggregated,49.800000,0.000000,24,210,300,1900,5000,5000,5000,5100,5800,6000,6000,3961,0,24,994.573895273663,2.191519997722935,5975.0436180002,24.13481444079778
1774655775,200,,Aggregated,49.800000,0.000000,24,210,300,1900,5000,5000,5000,5100,5800,6000,6000,3961,0,24,994.573895273663,2.191519997722935,5975.0436180002,24.13481444079778
1774655776,200,,Aggregated,49.800000,0.000000,24,210,300,1900,5000,5000,5000,5100,5800,6000,6000,3961,0,24,994.573895273663,2.191519997722935,5975.0436180002,24.13481444079778
1774655777,200,,Aggregated,49.800000,0.000000,24,210,300,1900,5000,5000,5000,5100,5800,6000,6000,3961,0,24,994.573895273663,2.191519997722935,5975.0436180002,24.13481444079778
1774655778,200,,Aggregated,49.800000,0.000000,24,210,300,1900,5000,5000,5000,5100,5800,6000,6000,3961,0,24,994.573895273663,2.191519997722935,5975.0436180002,24.13481444079778
1774655779,200,,Aggregated,49.800000,0.000000,24,210,300,1900,5000,5000,5000,5100,5800,6000,6000,3961,0,24,994.573895273663,2.191519997722935,5975.0436180002,24.13481444079778
1774655780,200,,Aggregated,49.800000,0.000000,24,210,300,1900,5000,5000,5000,5100,5800,6000,6000,3961,0,24,994.573895273663,2.191519997722935,5975.0436180002,24.13481444079778
1774655781,200,,Aggregated,49.800000,0.000000,24,210,300,1900,5000,5000,5000,5100,5800,6000,6000,3961,0,24,994.573895273663,2.191519997722935,5975.0436180002,24.13481444079778
1774655782,200,,Aggregated,49.800000,0.000000,24,210,300,1900,5000,5000,5000,5100,5800,6000,6000,3961,0,24,994.573895273663,2.191519997722935,5975.0436180002,24.13481444079778
1774655783,200,,Aggregated,49.800000,0.000000,24,210,300,1900,5000,5000,5000,5100,5800,6000,6000,3961,0,24,994.573895273663,2.191519997722935,5975.0436180002,24.13481444079778
1774655784,200,,Aggregated,49.800000,0.000000,24,210,300,1900,5000,5000,5000,5100,5800,6000,6000,3961,0,24,994.573895273663,2.191519997722935,5975.0436180002,24.13481444079778
1774655785,200,,Aggregated,49.800000,0.000000,24,210,300,1900,5000,5000,5000,5100,5800,6000,6000,3961,0,24,994.573895273663,2.191519997722935,5975.0436180002,24.13481444079778
1774655786,200,,Aggregated,49.800000,0.000000,24,210,300,1900,5000,5000,5000,5100,5800,6000,6000,3961,0,24,994.573895273663,2.191519997722935,5975.0436180002,24.13481444079778
1774655787,200,,Aggregated,49.800000,0.000000,24,210,300,1900,5000,5000,5000,5100,5800,6000,6000,3961,0,24,994.573895273663,2.191519997722935,5975.0436180002,24.13481444079778
1774655788,200,,Aggregated,49.800000,0.000000,24,210,300,1900,5000,5000,5000,5100,5800,6000,6000,3961,0,24,994.573895273663,2.191519997722935,5975.0436180002,24.13481444079778
1774655789,200,,Aggregated,49.800000,0.000000,24,210,300,1900,5000,5000,5000,5100,5800,6000,6000,3961,0,24,994.573895273663,2.191519997722935,5975.0436180002,24.13481444079778
1774655790,200,,Aggregated,49.800000,0.000000,24,210,300,1900,5000,5000,5000,5100,5800,6000,6000,3961,0,24,994.573895273663,2.191519997722935,5975.0436180002,24.13481444079778
1774655791,200,,Aggregated,49.800000,0.000000,24,210,300,1900,5000,5000,5000,5100,5800,6000,6000,3961,0,24,994.573895273663,2.191519997722935,5975.0436180002,24.13481444079778
1774655792,200,,Aggregated,49.800000,0.000000,24,210,300,1900,5000,5000,5000,5100,5800,6000,6000,3961,0,24,994.573895273663,2.191519997722935,5975.0436180002,24.13481444079778
1774655793,200,,Aggregated,49.800000,0.000000,24,210,300,1900,5000,5000,5000,5100,5800,6000,6000,3961,0,24,994.573895273663,2.191519997722935,5975.0436180002,24.13481444079778
1774655794,200,,Aggregated,49.800000,0.000000,24,210,300,1900,5000,5000,5000,5100,5800,6000,6000,3961,0,24,994.573895273663,2.191519997722935,5975.0436180002,24.13481444079778
1774655795,200,,Aggregated,49.800000,0.000000,24,210,300,1900,5000,5000,5000,5100,5800,6000,6000,3961,0,24,994.573895273663,2.191519997722935,5975.0436180002,24.13481444079778
